mouse,probe_position,unitID,VL_pre,VL_stimOn,VL_post,angle_pre_ch15,angle_stimOn_ch15,angle_post_ch15,MMR_Pre,MMR_stimOn,MMR_Post,Nspikes_pre,Nspikes_StimOn,Nspikes_post,Fspikes_pre,Fspikes_StimOn,Fspikes_post,inst_amp_pre_peak_ch,inst_amp_StimOn_peak_ch,inst_amp_post_peak_ch,distance_peakch_stim_tip,error_waveform,universal_ID,waveform_halfwidth,waveform_duration,waveform_REP,cluster
mouse577578,close,310,0.0146027230983713,0.0087083572694518,0.0224911221770397,3.2820217443749087,0.2287687285483884,3.0081106447145025,0.1472293947739517,0.1066038767870984,0.1348247362406966,2047.0,1843.0,1896.0,20.47,18.43,18.96,11.44357920473302,59.921545525503426,12.04531829406296,0.7057797106746553,0.0185336272649391,mouse577578close310,0.17200720072007197,0.5149414941494149,0.3259225922592261,0
mouse577578,close,323,0.0714735952886624,0.019182996872988,0.048041336304473,3.7070543505726112,2.6884671234116886,3.1786094071887545,0.2007545457840183,0.1655987236383259,0.1720792404395174,1349.0,1321.0,1574.0,13.49,13.21,15.74,9.90872748140088,78.54192158576123,10.374331220021434,0.5448623679425842,0.0756853713385546,mouse577578close323,0.2279027902790279,1.0271827182718272,0.376687668766877,1
mouse577578,close,319,0.0257452967409567,0.0507498560358411,0.0355442707533462,3.0879798089184565,5.07832801938046,1.6412798407396347,0.1805578599684607,0.1905644653046327,0.1892394360263753,670.0,712.0,712.0,6.7,7.12,7.12,9.732789699756188,85.69062904662873,10.192122055714341,0.5165994579942956,0.0339429308083008,mouse577578close319,0.1936093609360936,0.6572457245724573,0.22196219621962196,0
mouse577578,close,328,0.1341546263123708,0.09875062387096999,0.1583589562770097,3.013822924092868,2.9925338890836395,2.842955573053601,0.3998801254577897,0.3298524196976715,0.3653679489714231,236.0,213.0,369.0,2.36,2.13,3.69,9.732789699756188,85.69062904662873,10.192122055714341,0.5165994579942956,0.0301711779767994,mouse577578close328,0.1107110711071107,0.2786678667866787,0.20900090009000896,0
mouse577578,close,330,0.0243618730307797,0.050372248976420994,0.0554894096484183,4.359469591903987,1.4274619587995012,5.407176680458343,0.2588384753275654,0.2623169093851532,0.3087925936501859,333.0,317.0,232.0,3.33,3.17,2.32,9.732789699756188,85.69062904662873,10.192122055714341,0.5165994579942956,0.0577523104311791,mouse577578close330,0.1252925292529252,0.6888388838883889,0.2651665166516652,0
mouse598181,close,512,0.0474494346471151,0.0461222905233091,0.0444844206650778,2.7342616362604257,5.161753550102106,0.5093733779063888,0.2242991015567868,0.1951617265815029,0.2280080954543472,467.0,846.0,719.0,4.67,8.46,7.19,9.763532122633237,54.066252427394225,9.37498492309394,0.6093028803476971,0.0819030872551137,mouse598181close512,0.6108010801080109,1.074977497749775,0.4317731773177318,2
mouse598181,close,517,0.0642735587318188,0.0655225280367808,0.0875506924990899,4.374718669552412,5.154561877938084,1.8134946591891783,0.3522856948078438,0.434709217485533,0.5061173299448593,157.0,81.0,94.0,1.57,0.81,0.9400000000000001,9.565881254358716,119.01267298928256,9.238517260461006,0.5640257086339239,0.0344736148961105,mouse598181close517,0.1101710171017101,0.2133213321332133,0.18901890189018897,0
mouse598183,close,137,0.0595775485601985,0.0129417407592861,0.0299796387521502,4.591716014015267,5.5216708346521015,2.19958222308271,0.2648258559394033,0.3263390554838118,0.2357051457392862,332.0,291.0,340.0,3.3200000000000003,2.91,3.4,16.303903916855983,60.47578879731272,16.827872146469222,0.9522998477370456,0.0806534225786423,mouse598183close137,0.3032403240324032,0.6561656165616563,0.3588658865886588,2
mouse598183,close,146,0.0140250669871505,0.0248808290790783,0.0122046841774271,3.8997454482080607,5.5840940552772125,4.7006170605618625,0.1385953760331172,0.1449580612417531,0.1332484450327708,1388.0,1630.0,1630.0,13.88,16.3,16.3,15.766510428890415,69.64606059914624,16.04580907067403,0.8522030274529655,0.0266297723394761,mouse598183close146,0.1693069306930693,0.5651665166516653,0.3648064806480648,0
mouse598183,close,145,0.0790086331306878,0.0440736552325895,0.08370205019241099,3.3613393625251407,2.104826160321036,0.6980420577392785,0.2966282913254401,0.2797387317713833,0.3122095991088579,271.0,221.0,246.0,2.71,2.21,2.46,15.794070890477247,73.02163988717675,16.210580836442087,0.8415016339853418,0.0213277233281758,mouse598183close145,0.1360936093609361,0.5127812781278129,0.41098109810981104,0
mouse598183,close,150,0.0282123107692937,0.0195526484977417,0.012709715660971,3.957546280581004,4.585993238597492,5.20379730659066,0.156873431520198,0.1631563271498713,0.1360852568012502,1605.0,1343.0,1653.0,16.05,13.43,16.53,16.483800619529426,75.97250183880892,16.88218128315137,0.7992183681572891,0.0057975230627529,mouse598183close150,0.1755175517551755,0.4857785778577858,0.3442844284428443,0
mouse598183,close,158,0.0453461381194904,0.0530942703138238,0.0853897542718173,1.1406236962527674,5.946928516189373,4.058958064180366,0.2762584023712578,0.2734558945535007,0.3320603327262549,375.0,246.0,194.0,3.75,2.46,1.94,15.825316956184787,79.75414502598763,16.114363796412924,0.7352720584926371,0.0963543138004619,mouse598183close158,0.7423042304230423,1.3117911791179122,0.0232223222322232,2
mouse598183,close,440,0.0360938772652739,0.0516814057685598,0.0554393214939518,0.5242727675890305,1.6837929641427676,1.8152206476326649,0.2483635230875599,0.3053489880750273,0.2759423229413468,330.0,382.0,351.0,3.3000000000000003,3.8200000000000003,3.5100000000000002,15.412034370414055,79.50910369001181,15.70860117523057,0.7352720584926371,0.0311397788045211,mouse598183close440,0.2792079207920792,0.6405040504050407,0.3523852385238523,1
mouse598183,close,166,0.031778278442232,0.0252894180731949,0.027532777048307006,3.564376921572686,4.262579780807432,2.271195097709597,0.1689244618325301,0.1070962000396221,0.1837267597826445,1167.0,1216.0,1139.0,11.67,12.16,11.39,15.145345276370582,82.79058575494638,15.62103550417764,0.7017834423809101,0.0432036854712789,mouse598183close166,0.3243024302430243,0.9002700270027003,0.3685868586858686,2
mouse598183,close,441,0.0629123010520342,0.0299268724349429,0.0596375949021249,2.358322738743294,1.6055064217851067,0.0097305992348247,0.2804095442063798,0.2532822998907305,0.2874837966113199,249.0,245.0,498.0,2.49,2.45,4.98,15.24860069524856,85.99107414755491,15.705230043940173,0.6773108592072034,0.0563896381494124,mouse598183close441,0.2014401440144014,0.7639063906390641,0.4720072007200723,1
mouse598183,close,171,0.0540312379026601,0.1138695321518665,0.1677698266810405,5.748856652434293,5.653398703357017,0.5653400172214308,0.2925326641372754,0.3777799231267821,0.3943024403041608,209.0,122.0,184.0,2.09,1.22,1.84,15.24860069524856,85.99107414755491,15.705230043940173,0.6773108592072034,0.0301021511050355,mouse598183close171,0.17308730873087302,0.716921692169217,0.4036903690369037,1
mouse598183,close,502,0.0777878751289141,0.0766674644340548,0.0541590972443704,5.934387342373088,1.3413710018544762,5.9463564051282445,0.3057160100843487,0.3164940884148303,0.2650818098248643,258.0,392.0,357.0,2.58,3.92,3.5700000000000003,15.146997684503102,88.34859985033987,15.671638006946225,0.653834841531101,0.046362098194056005,mouse598183close502,0.2117011701170117,0.6812781278127813,0.5508550855085511,1
mouse598183,close,180,0.0981225635334006,0.0828846322221428,0.0406134329966041,0.6812221537434258,6.195423461696992,6.1130286298416205,0.2553750767367379,0.2565941493283327,0.20846867005190398,467.0,555.0,436.0,4.67,5.55,4.36,15.676868154259074,88.64273932191584,16.37800769099833,0.653834841531101,0.0400036247558702,mouse598183close180,0.1512151215121512,0.7396039603960397,0.4687668766876688,1
mouse598183,close,181,0.0996825499855365,0.0436976543419249,0.0623782139032882,2.7735277151415367,1.8632401942775607,3.9524650424961285,0.2700936524235736,0.1753984706857482,0.1769498662600727,1454.0,1094.0,1613.0,14.540000000000001,10.94,16.13,15.320672604758732,92.13648023007194,16.007918591164643,0.653834841531101,0.0212958606699155,mouse598183close181,0.1039603960396039,0.2254725472547255,0.2565256525652566,0
mouse598183,close,196,0.0360739551545204,0.1780418028455745,0.0675251434813916,4.897903560711038,6.260826025256268,5.791882244543606,0.39469022688733896,0.5033378361918597,0.3524927341468276,75.0,104.0,111.0,0.75,1.04,1.11,15.944093096212644,94.88277046389,16.67440610422575,0.6269968101992227,0.0815479561184871,mouse598183close196,0.1239423942394238,0.7201620162016203,0.305130513051305,0
mouse598183,close,195,0.1129703667602922,0.0950810507619725,0.0837472838828941,4.2746864483801215,4.06584541449437,4.838547090095037,0.3062928803860092,0.3072690212865752,0.2855716983173907,454.0,205.0,464.0,4.54,2.05,4.64,15.944093096212644,94.88277046389,16.67440610422575,0.6269968101992227,0.0187991741800706,mouse598183close195,0.1201620162016201,0.2154815481548154,0.2165616561656167,0
mouse598183,close,201,0.0144242777054264,0.0348766536202532,0.0420396995450854,3.3278263862612243,3.4791684610386566,5.709138939560972,0.1969757506097428,0.1865659133347527,0.2013155068864672,767.0,801.0,618.0,7.67,8.01,6.18,17.23763687574575,92.77687736903543,17.87349712881456,0.6269968101992227,0.0305292443533696,mouse598183close201,0.20792079207920802,1.0217821782178218,0.9564356435643564,1
mouse598183,close,193,0.0678898132879592,0.0455947663703787,0.0379721710275996,2.082434187296625,1.5390763898903357,5.263942553222208,0.244782716868173,0.219788770131017,0.1843524405411176,801.0,757.0,775.0,8.01,7.57,7.75,17.23763687574575,92.77687736903543,17.87349712881456,0.6269968101992227,0.0288769083439386,mouse598183close193,0.1925292529252925,0.993699369936994,0.6321332133213318,1
mouse598183,close,449,0.0730917984076622,0.1006868015486234,0.0962231687388206,2.95633063567505,1.2140241331758403,5.697609692147593,0.4123122420969288,0.4271417352707054,0.4457951494773991,110.0,102.0,99.0,1.1,1.02,0.99,17.23763687574575,92.77687736903543,17.87349712881456,0.6269968101992227,0.059014576451279006,mouse598183close449,0.1414941494149415,0.6696669666966697,0.4123312331233123,1
mouse598183,close,205,0.0427412988228318,0.0204326914797775,0.0468240508845069,5.169628433997524,6.0394483224679085,5.302527114832387,0.1561660058215941,0.1779093153471908,0.1358484804814144,2739.0,2352.0,3073.0,27.39,23.52,30.73,16.53984578716645,93.93618517287287,17.0013723618501,0.6067330549755798,0.0261999685140196,mouse598183close205,0.0834383438343834,0.1684968496849685,0.1371737173717371,0
mouse598183,close,207,0.0751130516289966,0.0338932527498745,0.0308155080086399,5.6452851370045405,4.382964141203024,5.477114301092656,0.2560894098099816,0.2843935212134552,0.2236013046822767,502.0,288.0,695.0,5.0200000000000005,2.88,6.95,16.53984578716645,93.93618517287287,17.0013723618501,0.6067330549755798,0.0211242254807758,mouse598183close207,0.1585058505850585,0.2905490549054905,0.2956795679567958,0
mouse598183,close,209,0.0258205049218913,0.0102638579525962,0.0186738976769105,4.50920876694132,3.4390413991169906,5.621162452984592,0.176626662657338,0.1280821297511949,0.1322420534860564,1093.0,1520.0,1532.0,10.93,15.200000000000001,15.32,16.53984578716645,93.93618517287287,17.0013723618501,0.6067330549755798,0.0606998190381728,mouse598183close209,0.1752475247524753,0.637803780378038,0.5881188118811881,1
mouse598183,close,206,0.0249448532003072,0.0058292037905877,0.014562330093397,4.584304794280123,4.797100521766676,1.7761390165004554,0.1310946256142921,0.1528937752218325,0.1390762228465987,1381.0,1422.0,1524.0,13.81,14.22,15.24,16.53984578716645,93.93618517287287,17.0013723618501,0.6067330549755798,0.0447820662536701,mouse598183close206,0.3464446444644465,0.6810081008100811,0.1741674167416743,2
mouse598183,close,208,0.0616147711839567,0.018609205102031002,0.0933994717629524,2.639856001543075,5.507357349261636,5.073870211383662,0.3381880193994993,0.1961753340217882,0.2922925389027054,282.0,494.0,380.0,2.82,4.94,3.8000000000000003,16.466793886337108,96.41183565710848,17.190902567278776,0.6067330549755798,0.0289266668970218,mouse598183close208,0.1593159315931593,0.7177317731773178,0.4471647164716471,1
mouse598183,close,210,0.0725107774308871,0.1508215958409297,0.046231112795489,3.3866040104810406,0.3772542096043836,3.4029069604254163,0.3272998556002499,0.3688695278621594,0.3076420484174219,183.0,169.0,236.0,1.83,1.69,2.36,16.466793886337108,96.41183565710848,17.190902567278776,0.6067330549755798,0.0243122479643693,mouse598183close210,0.1614761476147614,1.0252925292529254,0.4695769576957698,1
mouse622179,close,453,0.1025177439141267,0.1015966378307463,0.0757460854123141,3.1082324124878618,5.9295367010384,1.9891951013048907,0.4483261216617294,0.3928850955129649,0.3941314667270616,151.0,147.0,124.0,1.51,1.47,1.24,17.15233463723947,26.773786592217924,14.817807888856738,1.3713588151902478,0.0421903962006502,mouse622179close453,0.3712871287128713,0.6108010801080108,0.0777677767776778,2
mouse622179,close,531,0.1019974918438442,0.0300718410073988,0.0738595757092962,3.212467393047407,2.2110102040023243,5.899255412598783,0.4739058731855622,0.4587295594014652,0.4066220201362013,113.0,122.0,106.0,1.1300000000000001,1.22,1.06,17.315771550870398,27.379777015969005,15.086650633844751,1.3409418331903886,0.0494978938127383,mouse622179close531,0.3626462646264627,0.7020702070207021,0.0402340234023403,2
mouse622179,close,125,0.0351133603296714,0.0481430025707891,0.1353618780185686,1.2953365446192135,3.6042958991212637,5.9260579311095345,0.3449474047176457,0.3828255148669775,0.3932708838964915,129.0,135.0,142.0,1.29,1.35,1.42,17.315771550870398,27.379777015969005,15.086650633844751,1.3409418331903886,0.0591984621189064,mouse622179close125,0.3564356435643564,0.5665166516651666,0.2268226822682268,2
mouse622179,close,127,0.0337543032858685,0.0045115063828037,0.0178573642001572,5.6482455958814315,3.820200680385317,2.9929949927664823,0.1416408337593249,0.1393705179936794,0.1425806751724248,1507.0,1508.0,1377.0,15.07,15.08,13.77,16.669570489289192,27.995680822092858,14.474474399695435,1.3409418331903886,0.0391143387900032,mouse622179close127,0.2216921692169218,0.6261926192619264,0.2875787578757875,0
mouse622179,close,456,0.0089081525161896,0.0303535346691758,0.0146389804801238,1.9342789633418824,5.822442922241268,0.7459146867778658,0.1493224132429856,0.1456162403582577,0.1503030008721474,1275.0,1184.0,1182.0,12.75,11.84,11.82,16.669570489289192,27.995680822092858,14.474474399695435,1.3409418331903886,0.0119664836076228,mouse622179close456,0.1960396039603961,0.5400540054005402,0.3448244824482449,0
mouse622179,close,129,0.0478603828025147,0.0413837322960041,0.0893403065309725,1.5825359019091239,2.78461417154516,1.4275802404229858,0.2191463919713513,0.2132251617068735,0.2718811610195889,424.0,432.0,430.0,4.24,4.32,4.3,16.711671169556567,27.132670734675663,14.417952370501693,1.332291259447423,0.0633977377748005,mouse622179close129,0.3091809180918092,0.7142214221422143,0.1641764176417643,2
mouse622179,close,139,0.06975299021515201,0.0315068866541514,0.0486739886342691,0.5953264401128461,2.2009023554946863,0.3478388173966465,0.2959356709337024,0.3085488249646698,0.2849891958146522,256.0,268.0,310.0,2.56,2.68,3.1,15.564805225719613,27.83969657302333,13.38859787733027,1.28086884574495,0.0641359415553888,mouse622179close139,0.2800180018001801,0.6758775877587759,0.4234023402340235,1
mouse622179,close,458,0.0578681760217439,0.148879180559328,0.0926494087137439,5.6711676447539965,6.223680204818939,1.2867600876678666,0.4312367844189275,0.4946598209174529,0.4257580912204694,65.0,65.0,103.0,0.65,0.65,1.03,15.564805225719613,27.83969657302333,13.38859787733027,1.28086884574495,0.0761373999628051,mouse622179close458,0.3043204320432043,0.677767776777678,0.3027002700270026,2
mouse622179,close,166,0.0759705614041396,0.0690357858075722,0.1538150637563366,0.7383677840255446,0.2502774154845686,0.3662348083727487,0.27015014348120897,0.2789159495626889,0.3153085352332165,608.0,476.0,424.0,6.08,4.76,4.24,15.162827891871242,28.898732655778552,13.2349787683816,1.182687617251487,0.0769611704195704,mouse622179close166,0.2157515751575158,1.0069306930693072,0.7568856885688571,1
mouse622179,close,467,0.1415373147072516,0.0989114243486793,0.1510602107111444,0.7802285293897102,1.589918441619084,1.8760019378172657,0.4474560340175685,0.4339267288028571,0.3452755283921521,95.0,166.0,211.0,0.9500000000000001,1.6600000000000001,2.11,15.624226392776198,30.701231935969624,13.856277873660533,1.147006974695446,0.0174724948645899,mouse622179close467,0.1782178217821782,0.677767776777678,0.4603960396039604,1
mouse622179,close,176,0.0157104125634229,0.0341162012367327,0.0297375742670921,4.000151256108624,6.260114877403806,5.397644109339373,0.2333053619621644,0.2050111689731033,0.2100785639537066,475.0,736.0,779.0,4.75,7.36,7.79,16.608047656957265,31.134793122539786,14.760700647945955,1.12527774349269,0.0235105879368056,mouse622179close176,0.1293429342934293,0.6837083708370837,0.4315031503150316,1
mouse622179,close,183,0.0150174396752398,0.0255099324044646,0.0237005574331436,4.869768762375031,5.694250485628053,4.678686696322063,0.1367961753864237,0.1377086078473318,0.1480147482404395,2163.0,2108.0,2350.0,21.63,21.080000000000002,23.5,16.884488380130108,30.80337764467765,14.814385733654365,1.0971554128745846,0.0126307690274839,mouse622179close183,0.1836183618361836,0.2891989198919892,0.2500450045004501,0
mouse622179,close,473,0.0248097955113978,0.061485271601749,0.0659141173107275,4.0994009834064356,0.6484973657539733,2.250168199209565,0.3276068198985713,0.3471592282795817,0.4411234675165552,137.0,131.0,93.0,1.37,1.31,0.93,16.915543383133453,31.200154898634896,15.054836004309962,1.0911576421397595,0.0642999527138624,mouse622179close473,0.1555355535553555,0.9915391539153916,0.4463546354635461,1
mouse622179,close,184,0.0547010729964588,0.0267646495425645,0.0298496633998777,5.683728862335707,5.106881573447518,4.734063398525674,0.3518330359166766,0.2608981424965233,0.2596330125498128,245.0,323.0,410.0,2.45,3.23,4.1,16.915543383133453,31.200154898634896,15.054836004309962,1.0911576421397595,0.0427893862027705,mouse622179close184,0.1504050405040504,1.0625562556255626,0.373717371737174,1
mouse622179,close,526,0.0885724280989135,0.0380094402408552,0.0765255037827732,6.263799174523548,4.80165546782312,1.123421316177479,0.3151125663503211,0.2646577612402152,0.3267408294403954,260.0,255.0,265.0,2.6,2.5500000000000003,2.65,17.48704915234212,31.55698147651511,15.459935723838687,1.0911576421397595,0.0412835608005073,mouse622179close526,0.1595859585958595,0.8468046804680469,0.3661566156615662,1
mouse622179,close,190,0.0331831788905425,0.0407306185771504,0.0472012723143619,5.074175050077886,5.902685890509227,5.276418101987512,0.1904457492599548,0.1940517543320796,0.1880727736888641,962.0,1036.0,1160.0,9.620000000000001,10.36,11.6,17.08879254411002,32.71099709581648,15.08769524562231,1.069462481810372,0.034900189429986,mouse622179close190,0.1212421242124212,0.1903690369036903,0.1444644464446445,0
mouse622179,close,193,0.06685768720694,0.1290923000565081,0.0286559445590208,0.7635037845045219,1.5721327131983531,5.359970674169325,0.3444128667393313,0.3129317701180533,0.3117957105434871,245.0,311.0,215.0,2.45,3.11,2.15,18.14052425288976,31.724112498418442,15.98774400653399,1.0638961415476609,0.0266351550853226,mouse622179close193,0.1522952295229523,0.8800180018001801,0.3626462646264626,1
mouse622179,close,203,0.0732744685983026,0.0453476633556925,0.101266295134125,4.99122689843258,5.109850618286053,5.235079073800351,0.1913001316816976,0.136007463216556,0.2144546014297124,2771.0,2365.0,2506.0,27.71,23.650000000000002,25.060000000000002,18.46922575422263,31.99648854457244,16.293390376384362,1.0638961415476609,0.0704865730608603,mouse622179close203,0.0899189918991899,1.2283528352835282,0.5546354635463548,1
mouse622179,close,202,0.0481000240377806,0.0261645112820953,0.0655514811116376,5.6575280689931375,1.9675746531665328,3.616925200443449,0.1771790250729701,0.2219995174948596,0.2188495352939094,1190.0,1060.0,971.0,11.9,10.6,9.71,18.46922575422263,31.99648854457244,16.293390376384362,1.0638961415476609,0.0476114924253363,mouse622179close202,0.3367236723672366,1.132493249324933,0.4957695769576955,1
mouse622179,close,204,0.0592600768207166,0.0371321423843173,0.0282712403489128,3.79088796997925,5.429023123793337,3.915403230439348,0.2579522618655462,0.2832134567572291,0.2794490294380088,351.0,300.0,287.0,3.5100000000000002,3.0,2.87,18.46922575422263,31.99648854457244,16.293390376384362,1.0638961415476609,0.0247779060744793,mouse622179close204,0.2168316831683169,0.6464446444644466,0.6440144014401442,1
mouse622179,close,217,0.0168258355695157,0.0335042421628364,0.1224183748060841,3.8517482717242286,4.29727611896341,3.0308975942025285,0.2682971644519229,0.3130169740745082,0.4099687539625577,248.0,212.0,107.0,2.48,2.12,1.07,19.6848106482614,33.504259225410145,17.8142562007442,1.0371234256345772,0.0378054643903868,mouse622179close217,0.1528352835283528,1.2548154815481551,0.3750675067506748,1
mouse622179,close,209,0.0176888205196335,0.0483314936372555,0.0456054814525286,4.0115699856980465,4.698728457341129,3.2815205508633256,0.2056423946202465,0.2243013663660177,0.206205112061922,871.0,692.0,750.0,8.71,6.92,7.5,18.746271886658693,31.27087303712654,16.300627295636474,1.0371234256345772,0.0231977522667771,mouse622179close209,0.1587758775877588,0.7649864986498651,0.5162916291629166,1
mouse622179,close,210,0.0622102048911179,0.0312058130436351,0.0327073090989159,4.786795562410142,0.5008910848286275,4.096447096260796,0.1997598661982678,0.1921884775782731,0.1843739997894391,758.0,770.0,783.0,7.58,7.7,7.83,18.746271886658693,31.27087303712654,16.300627295636474,1.0371234256345772,0.0340791457025545,mouse622179close210,0.1736273627362736,0.6785778577857787,0.2470747074707471,0
mouse622179,close,216,0.0332406347229964,0.0239791366295291,0.051169782945163,5.031939081481054,4.89702368777752,4.117921777636369,0.1897924809609579,0.1814890421647851,0.1840849878021395,854.0,769.0,750.0,8.540000000000001,7.69,7.5,18.319213591096002,32.062273400185994,16.00766957819055,1.0371234256345772,0.0391799363336963,mouse622179close216,0.1414941494149415,0.6855985598559856,0.6450945094509454,1
mouse622179,close,219,0.0597893004348973,0.0385768452952105,0.0820938945941283,6.014826849599568,5.5332883953780865,5.935375386825008,0.1929690584081131,0.1784607766385461,0.2201960245874934,987.0,944.0,1121.0,9.870000000000001,9.44,11.21,17.539938235528574,32.71247842017992,15.352371389271445,0.9993748045653345,0.0112358081711113,mouse622179close219,0.1595859585958595,0.3197119711971198,0.2837983798379839,0
mouse622179,close,481,0.0657706840444901,0.0985898503567076,0.1275824386409741,4.540008097839172,3.185309385206596,4.948212104243963,0.3116157338976515,0.5334772855587633,0.41864994790697796,265.0,104.0,128.0,2.65,1.04,1.28,16.454865639619406,31.099536465261945,14.097049003934874,0.9993748045653345,0.0784819641233816,mouse622179close481,0.3675067506750675,0.9853285328532856,0.5948694869486948,1
mouse622179,close,237,0.07355620769919799,0.0687784186013844,0.1028976056269199,5.730925580674813,5.689923445743247,5.446911756568557,0.2076311324106321,0.1745707867403956,0.2649782844714806,3130.0,2124.0,2293.0,31.3,21.240000000000002,22.93,14.883260475351358,32.219950523138536,12.701029608051815,0.9480242612929269,0.0234457804898491,mouse622179close237,0.1271827182718271,0.223042304230423,0.2087308730873088,0
mouse622180,far,35,0.0775866324776967,0.2063093074016676,0.04867034328066901,2.9583834547623122,3.8599284694555354,2.6668050909338072,0.3459677981772651,0.4041462321340451,0.2926361042979008,262.0,175.0,210.0,2.62,1.75,2.1,26.140182574681397,27.637927264859353,25.103615022130533,2.533155147242269,0.029457748133669,mouse622180far35,0.2084608460846085,0.5470747074707472,0.3712871287128714,0
mouse622180,far,38,0.0106310302752081,0.0070502527084874,0.0253829955371671,5.033177056778392,1.038714655695511,6.0042508726753425,0.1408422376132587,0.1205486007675882,0.1373848431585349,1955.0,1810.0,1820.0,19.55,18.1,18.2,23.708269769910604,25.37444099456225,22.714007405454154,2.5251237593432925,0.0138028553592687,mouse622180far38,0.1128712871287128,0.5427542754275427,0.4018001800180021,0
mouse622180,far,41,0.1122263097701587,0.1221264701158472,0.1231723121889787,3.3981178429867405,3.3773601473230275,3.459767384400004,0.2153432092515873,0.2404735638646896,0.2324177273997983,4027.0,3677.0,3759.0,40.27,36.77,37.59,20.67628342333007,22.778169723965977,19.81029224611382,2.517315037892556,0.0106296072123144,mouse622180far41,0.1244824482448244,0.3626462646264626,0.2805580558055807,0
mouse622180,far,44,0.0323409306273786,0.0324093640880883,0.0430104384095318,4.406638697128319,1.3044397987431064,1.1725548658954474,0.1908067219831818,0.2220036207427962,0.2253495664095205,632.0,680.0,725.0,6.32,6.8,7.25,17.062210089035972,19.7376668964121,16.289731843369793,2.5097310612892367,0.0472396281369859,mouse622180far44,0.2786678667866786,0.6378037803780379,0.4147614761476149,1
mouse622180,far,50,0.0673834425492805,0.013441591194281,0.0256362100871225,1.475576355462271,6.1230762226352455,2.758978989884324,0.2334720164079994,0.1888869232957907,0.1676178637437055,882.0,817.0,862.0,8.82,8.17,8.620000000000001,15.280413713349386,18.23369697976758,14.496144333788509,2.5023738729454483,0.0099454419428555,mouse622180far50,0.1657965796579659,0.4477047704770477,0.3599459945994601,0
mouse622180,far,51,0.027450488967197,0.0289041451733369,0.0260534792488458,2.4124822022090506,1.2957960037095213,2.48288622969553,0.1770941216441683,0.1626589757152644,0.213061683481751,1002.0,1036.0,880.0,10.02,10.36,8.8,15.280413713349386,18.23369697976758,14.496144333788509,2.5023738729454483,0.0231708588059863,mouse622180far51,0.2243924392439243,0.7728172817281729,0.3588658865886588,1
mouse622180,far,54,0.0363204158281993,0.0197499571724938,0.0447373282663287,1.831776691540548,2.3601665423393454,1.4913226812892624,0.189645453585629,0.1740664643630999,0.1818676346290198,1322.0,1367.0,1416.0,13.22,13.67,14.16,15.715061926120047,18.404522996987012,14.824596887235973,2.495245478905833,0.0180732275310517,mouse622180far54,0.2675967596759676,0.6882988298829884,0.5692169216921693,1
mouse622180,far,60,0.0271652847860143,0.0260132004149711,0.0215359940460895,2.2639158121706666,1.1400560371895534,2.450844724194271,0.1805000442548224,0.1570704065854558,0.1412507313515237,1274.0,1404.0,1439.0,12.74,14.040000000000001,14.39,16.288917274477548,19.047908568184468,15.390124331911284,2.495245478905833,0.0526860917604436,mouse622180far60,0.2627362736273628,0.7487848784878489,0.5778577857785782,1
mouse622180,far,57,0.0495093145963195,0.0191089772480168,0.040790455673667,1.1935130634372093,3.0471668261129965,1.6770961969599445,0.1878068359967818,0.1324836608315973,0.1723330407871476,1646.0,1707.0,1702.0,16.46,17.07,17.02,16.288917274477548,19.047908568184468,15.390124331911284,2.495245478905833,0.022092249279768,mouse622180far57,0.2557155715571557,0.7817281728172819,0.4387938793879388,1
mouse622180,far,59,0.057700498816960995,0.0275804533011383,0.0327111557627234,2.1949790115116232,1.3817375767637623,0.758084264961639,0.2363807739575534,0.207524595050332,0.2289049263035793,537.0,611.0,640.0,5.37,6.11,6.4,15.379551588274028,17.754221812825122,14.591935700030966,2.4883478454589105,0.0460082414957744,mouse622180far59,0.2762376237623762,0.7744374437443746,0.4628262826282626,1
mouse622180,far,64,0.0100410707285896,0.0202966635862594,0.0233344477632553,1.7744474932386956,2.3937649036783464,2.3421890947017157,0.1565662303567848,0.1508834651684548,0.1375230952105827,1516.0,1540.0,1558.0,15.16,15.4,15.58,16.360424240989293,18.536319504938103,15.386834909672325,2.4883478454589105,0.024392811195892,mouse622180far64,0.2135913591359136,0.7803780378037806,0.4493249324932494,1
mouse622180,far,63,0.0630247813241684,0.0347066147320097,0.0712985742271609,2.3180222311239334,1.217966162265696,1.1819943729460618,0.2434813151578564,0.2200486245517975,0.262827038819878,516.0,456.0,406.0,5.16,4.5600000000000005,4.0600000000000005,17.431340535614268,20.232671170486505,16.652785048596318,2.467412612434329,0.0616183488144274,mouse622180far63,0.2233123312331233,0.7620162016201621,0.4050405040504049,1
mouse622180,far,66,0.0163322018203831,0.0209903522498048,0.0225736406925439,1.9902943413876133,3.0575556289512327,3.0723411688443534,0.1451807711240391,0.1663707807640692,0.148523479957325,1396.0,1187.0,1276.0,13.96,11.870000000000001,12.76,17.431340535614268,20.232671170486505,16.652785048596318,2.467412612434329,0.0365046926977615,mouse622180far66,0.2303330333033304,0.8478847884788481,0.4169216921692168,1
mouse622180,far,67,0.0464041381089757,0.0389133101670259,0.0720278465894355,2.0348545969110576,5.3410552004733205,1.7153469970941817,0.2269769545266543,0.3369861983786631,0.2439241343243966,629.0,293.0,458.0,6.29,2.93,4.58,17.431340535614268,20.232671170486505,16.652785048596318,2.467412612434329,0.0707281357233036,mouse622180far67,0.19495949594959502,0.8341134113411341,0.3702070207020705,1
mouse622180,far,68,0.0132374965515966,0.0335455734393348,0.0494867112369907,1.4440874731092852,1.2557035128598482,1.2503317062463557,0.1558015767084952,0.1982017406685113,0.1861353157245847,1070.0,906.0,839.0,10.700000000000001,9.06,8.39,17.431340535614268,20.232671170486505,16.652785048596318,2.467412612434329,0.0114135915490878,mouse622180far68,0.2022502250225023,0.7655265526552657,0.3747974797479746,1
mouse622180,far,69,0.0514669052597204,0.012159415607298,0.0310244168738968,2.7267089892728253,2.341822295419142,3.8107657918948434,0.1509736201249895,0.1301818582498617,0.151418351007512,1685.0,1654.0,1696.0,16.85,16.54,16.96,17.431340535614268,20.232671170486505,16.652785048596318,2.467412612434329,0.0104232508113523,mouse622180far69,0.1236723672367237,0.2284428442844284,0.2540954095409542,0
mouse622180,far,70,0.0461995670604389,0.0303748229160884,0.0455843587994588,4.366316573005339,2.5965667379662065,1.1247295381857976,0.2717340804386625,0.2116521868279249,0.2370917177682781,479.0,496.0,605.0,4.79,4.96,6.05,17.431340535614268,20.232671170486505,16.652785048596318,2.467412612434329,0.0188429196520368,mouse622180far70,0.2316831683168316,0.7817281728172818,0.4298829882988298,1
mouse622180,far,61,0.0116985842406112,0.0395292469014991,0.0395751432825642,5.9555512050984785,5.001582010988853,3.505008850467989,0.1651892588871858,0.1785416367080495,0.1945456621030127,862.0,823.0,777.0,8.620000000000001,8.23,7.7700000000000005,17.431340535614268,20.232671170486505,16.652785048596318,2.467412612434329,0.0251765016172258,mouse622180far61,0.2451845184518452,0.6896489648964899,0.4396039603960396,1
mouse622180,far,75,0.078345203889493,0.0356898852092969,0.0468563129572618,1.4886005917304164,3.5429485747433174,0.6931334500854054,0.2946323061503561,0.2475278528060173,0.2279302281130518,423.0,458.0,487.0,4.23,4.58,4.87,19.707649586188072,21.729893572136532,18.666294837040624,2.4547148510570427,0.0636510309186206,mouse622180far75,0.1838883888388839,0.7911791179117913,0.4406840684068408,1
mouse622180,far,77,0.0357292805879625,0.058136520574931995,0.0228209459097499,1.7632945520602612,1.359896588625898,1.7734033238552185,0.1896434448004957,0.2044695760398202,0.2017375586592142,928.0,794.0,705.0,9.28,7.94,7.05,19.707649586188072,21.729893572136532,18.666294837040624,2.4547148510570427,0.0094816792233498,mouse622180far77,0.1401440144014402,0.8049504950495051,0.3861386138613859,1
mouse622180,far,86,0.0396095378487719,0.0285331388163467,0.0104366916902363,1.2804558609484498,0.3097364564387874,3.480835707522543,0.1918339291799773,0.1852789790170632,0.1731261613078186,1085.0,1034.0,1114.0,10.85,10.34,11.14,19.707649586188072,21.729893572136532,18.666294837040624,2.4547148510570427,0.0233981690336303,mouse622180far86,0.1695769576957696,0.7633663366336634,0.3793879387938795,1
mouse622180,far,89,0.0112718375315127,0.0232991124069388,0.0207873978449752,2.4225773089559692,1.8124362244459125,1.8421472228612048,0.1471700418313641,0.1544488827971043,0.1680826033415777,1381.0,1341.0,1295.0,13.81,13.41,12.950000000000001,18.873989617856868,20.61138218663564,18.038009559567865,2.4487241575971765,0.0192380157328871,mouse622180far89,0.2621962196219622,0.6926192619261927,0.4355535553555357,1
mouse622180,far,82,0.0313375730626826,0.0237530604239453,0.0534146855908705,4.387556152350998,3.730048051602821,4.306287584068985,0.1368119466417778,0.1423392753169712,0.1793075963716822,2362.0,2201.0,2306.0,23.62,22.01,23.06,18.873989617856868,20.61138218663564,18.038009559567865,2.4487241575971765,0.0085137240716105,mouse622180far82,0.1309630963096308,0.2216921692169217,0.1782178217821783,0
mouse622180,far,81,0.0098433493242096,0.030726909334077002,0.0194932932369085,2.2493535535832767,4.597425265619736,5.311990196574876,0.1590211832923351,0.1377097744239489,0.1572847144358714,1569.0,1416.0,1416.0,15.69,14.16,14.16,18.873989617856868,20.61138218663564,18.038009559567865,2.4487241575971765,0.0560690090934448,mouse622180far81,0.2054905490549055,0.8254725472547256,0.3912691269126914,1
mouse622180,far,90,0.0322995328823269,0.0228141653938733,0.0209377605237086,6.233535903459692,2.8987013832044917,1.6555364982410403,0.1533264763500005,0.1254556929054031,0.149006610632893,1450.0,1712.0,1811.0,14.5,17.12,18.11,18.67647315933809,20.393028111301412,17.72592422152987,2.4429746212353503,0.0286307188850323,mouse622180far90,0.2392439243924392,0.9386138613861388,0.4825382538253825,1
mouse622180,far,91,0.1033214446246397,0.0380633511945422,0.0709901509896545,5.107975489042762,1.6335203591543574,0.135844414398467,0.3750289141316477,0.3154562975546994,0.3145194087128676,233.0,231.0,304.0,2.33,2.31,3.04,18.67647315933809,20.393028111301412,17.72592422152987,2.4429746212353503,0.0358102603220893,mouse622180far91,0.1892889288928892,0.838973897389739,0.5009000900090009,1
mouse622180,far,92,0.0247504963848831,0.047125433298910994,0.0501991156025629,0.9943597797963212,1.4906956274978098,1.7072480948235984,0.1403846032941501,0.1495406658280708,0.1755186540032074,1880.0,1831.0,1730.0,18.8,18.31,17.3,20.560542990570916,22.281817963828427,19.549231689685076,2.4429746212353503,0.0060561367671973,mouse622180far92,0.1717371737173717,0.9869486948694872,0.4215121512151216,1
mouse622180,far,94,0.0339730838648341,0.0399011468401211,0.0496213574558652,5.152311989938088,5.4099711247409035,1.5600985803018492,0.1903334971351577,0.2022522220717418,0.1996806244494512,1001.0,976.0,952.0,10.01,9.76,9.52,20.560542990570916,22.281817963828427,19.549231689685076,2.4429746212353503,0.0294195383439557,mouse622180far94,0.2138613861386139,1.1646264626462648,0.2856885688568855,1
mouse622180,far,97,0.0474523557655363,0.0240872821453818,0.0312575216869219,0.7384328639784847,0.2491029362346346,6.0590552341887225,0.1669563417499877,0.1506710768420656,0.1456757343607808,1539.0,1606.0,1503.0,15.39,16.06,15.030000000000001,19.068470861145673,20.928203699766158,18.239575658343984,2.4374679485072206,0.0108293350022353,mouse622180far97,0.18901890189018897,0.9999099909990999,0.4579657965796579,1
mouse622180,far,109,0.0177631517797235,0.0267710030525942,0.0166461792074866,4.929458449699917,6.214460037778507,6.196437253169888,0.1073823414683167,0.1049991182154321,0.100874240890399,4174.0,3800.0,3892.0,41.74,38.0,38.92,19.068470861145673,20.928203699766158,18.239575658343984,2.4374679485072206,0.0151071697813864,mouse622180far109,0.17605760576057602,0.3610261026102611,0.2549054905490548,0
mouse622180,far,99,0.04837397802247401,0.0150796451405176,0.0260998958065178,5.138370626010378,5.442632811758231,5.790006923458247,0.1791906026950666,0.1714034673080959,0.1732882301586809,1024.0,994.0,836.0,10.24,9.94,8.36,20.949555315638,22.789756464018154,20.2937241430668,2.4374679485072206,0.0165142813740188,mouse622180far99,0.2216921692169217,0.9737173717371737,0.473897389738974,1
mouse622180,far,112,0.040823375991408,0.0393860683926014,0.0281977694551825,5.341071047552844,5.3170008316658555,5.483508777619356,0.1220187320615526,0.1270860052064907,0.1333372438121547,3081.0,2924.0,3187.0,30.810000000000002,29.240000000000002,31.87,20.949555315638,22.789756464018154,20.2937241430668,2.4374679485072206,0.0263016834696867,mouse622180far112,0.1803780378037803,0.2905490549054906,0.2346534653465346,0
mouse622180,close,531,0.0260305925239442,0.0281366604766103,0.044121728393644,5.913482707632058,0.3929103229913336,3.0837632283718377,0.2162128150685612,0.2068484012086561,0.2410359861339773,440.0,396.0,439.0,4.4,3.96,4.39,19.36314479748988,49.429609488452705,18.365578155282122,1.0108783309577865,0.0367860484790787,mouse622180close531,0.2492349234923493,0.7938793879387941,0.4784878487848784,1
mouse622180,close,258,0.01889239499335,0.018634775330211996,0.0307443923615203,5.524371618830737,4.695981370795232,5.0592456467803375,0.1670596147904493,0.1342604753926934,0.1590482950371509,1192.0,1177.0,1274.0,11.92,11.77,12.74,19.36314479748988,49.429609488452705,18.365578155282122,1.0108783309577865,0.0263034710417159,mouse622180close258,0.2454545454545454,0.7412241224122413,0.5635463546354637,1
mouse622180,close,261,0.0263762300761041,0.0379124413928551,0.0632095286862538,4.6122196886601365,5.3708600951492524,4.833054802972587,0.2137520244978854,0.1921747554703347,0.2277074231026993,640.0,617.0,499.0,6.4,6.17,4.99,19.619085294875926,50.828911946351646,18.460106322827922,1.000624804809475,0.0179225303767664,mouse622180close261,0.2357335733573357,0.6186318631863187,0.3469846984698471,0
mouse622180,close,265,0.0495867743683306,0.0268872582855564,0.0249935606381273,4.4427525458414365,4.919014909281156,5.427883422899458,0.1455333324856186,0.1605233167514167,0.1465254498947648,1444.0,1342.0,1252.0,14.44,13.42,12.52,19.619085294875926,50.828911946351646,18.460106322827922,1.000624804809475,0.015121376563302,mouse622180close265,0.3537353735373538,0.6845184518451847,0.3710171017101707,2
mouse622180,close,269,0.0229474739391941,0.0084451089593677,0.0315410139934049,4.834527692173396,3.9485295303284413,2.2305261775550185,0.2142965931073528,0.2437578874527391,0.2480061014638584,566.0,456.0,568.0,5.66,4.5600000000000005,5.68,16.445901583969224,51.01954465772965,15.312713639510012,0.9688911187538052,0.0943752915727876,mouse622180close269,0.31809180918091806,0.5584158415841586,0.3245724572457243,2
mouse631538,close,63,0.0528382212597797,0.0464091412607663,0.0220063823566305,6.022635838457504,5.99528235690034,0.9148100313070104,0.2452060422154671,0.2015414645372314,0.1767120619710636,521.0,588.0,1281.0,5.21,5.88,12.81,13.220669102144823,55.00591109338922,11.233919494501635,0.9981232388838566,0.0555355535877335,mouse631538close63,0.2373537353735374,1.12952295229523,0.5578757875787579,1
mouse631538,close,71,0.1054125759799076,0.0424237308847843,0.1176108795775588,0.3633801651013762,4.501492752860396,0.3776018953112211,0.4961774428282431,0.4223036677974603,0.4964630778216106,75.0,102.0,84.0,0.75,1.02,0.84,13.709388462745428,57.010022930742814,11.752553516908655,0.9676001240181814,0.0265476901742613,mouse631538close71,0.1811881188118812,0.8176417641764177,0.5465346534653467,1
mouse631538,close,70,0.0421799744722651,0.0156652472174737,0.1715591782876671,3.1687380790209385,3.4514937502739924,0.5584210698320073,0.3193480552954923,0.2890253294759122,0.4774082244865594,115.0,347.0,109.0,1.1500000000000001,3.47,1.09,13.709388462745428,57.010022930742814,11.752553516908655,0.9676001240181814,0.0562198972715295,mouse631538close70,0.1849684968496849,0.5087308730873087,0.4093609360936094,0
mouse631538,close,75,0.0109232441763083,0.0607063699255509,0.0569549200146769,3.501497472304997,0.0964836716681523,0.4762055091681975,0.2037044581640512,0.2151435527851798,0.2258615624294517,826.0,528.0,592.0,8.26,5.28,5.92,14.191383424492647,57.954897186041485,12.20397009864021,0.9374166629626338,0.0223432032242801,mouse631538close75,0.1355535553555356,0.5019801980198022,0.3210621062106209,0
mouse631538,close,69,0.0617167760350664,0.0527301032918498,0.099106516582902,5.385425807047301,1.0268068553201508,1.1852053055091043,0.2568793950973398,0.2575133873627109,0.2828483061799963,424.0,442.0,400.0,4.24,4.42,4.0,14.191383424492647,57.954897186041485,12.20397009864021,0.9374166629626338,0.0358062488431613,mouse631538close69,0.1849684968496849,1.2923492349234929,0.3326732673267325,1
mouse631538,close,82,0.1803821186175046,0.0495308325246187,0.1153431508964766,5.7026005704326,3.826286136679488,5.622880045338656,0.448607226751579,0.3308712515765166,0.3745924466571285,84.0,113.0,139.0,0.84,1.1300000000000001,1.3900000000000001,14.585861353239157,58.93051684403883,12.48195403894559,0.9076067430335674,0.0725233806846474,mouse631538close82,0.1536453645364536,0.8405940594059408,0.3232223222322231,1
mouse631538,close,83,0.0525393220284993,0.0562851557273676,0.0145853915458251,5.6023943331369805,5.3058087435901164,4.476580156225176,0.2264105217029648,0.1816360269342513,0.2150564430260698,764.0,624.0,691.0,7.640000000000001,6.24,6.91,14.585861353239157,58.93051684403883,12.48195403894559,0.9076067430335674,0.0187855426635325,mouse631538close83,0.1779477947794779,0.8273627362736274,0.5152115211521154,1
mouse631538,close,420,0.0540230617025887,0.0305366162568945,0.047422099058347995,4.021227467008161,2.436512176071658,2.8832241921529196,0.4299901431527592,0.2566699184964847,0.4695230710318985,60.0,130.0,103.0,0.6,1.3,1.03,14.585861353239157,58.93051684403883,12.48195403894559,0.9076067430335674,0.0344998807981079,mouse631538close420,0.1560756075607561,0.6596759675967597,0.2297929792979298,0
mouse631538,close,84,0.0201651350823595,0.052748128188076,0.0858190306255417,6.257769373971608,5.5757268437166365,0.0013287688241942,0.2186477647482327,0.2585626451484265,0.2818679753862343,462.0,456.0,416.0,4.62,4.5600000000000005,4.16,15.372249175590625,60.64109242826851,13.167164702706193,0.9076067430335674,0.0241457834073861,mouse631538close84,0.1571557155715572,0.8897389738973901,0.4819981998199819,1
mouse631538,close,99,0.0539426834314498,0.1711643926284369,0.1099708245459502,3.25944697102776,0.8160603285120881,0.1980327330400115,0.3702289211609083,0.4390681531397777,0.4030934713748486,137.0,72.0,139.0,1.37,0.72,1.3900000000000001,15.372249175590625,60.64109242826851,13.167164702706193,0.9076067430335674,0.0528288992503631,mouse631538close99,0.1282628262826283,0.8292529252925294,0.4112511251125114,1
mouse631538,close,89,0.06816226736948901,0.0432285264010504,0.0564656921977884,5.8619818892105915,0.2762141793241472,5.959350027959247,0.2443076195280363,0.2223547349537246,0.2242784985543788,694.0,713.0,701.0,6.94,7.13,7.01,14.67255331948472,61.012706517993564,12.523450585964616,0.9076067430335674,0.0250990668432583,mouse631538close89,0.1717371737173717,0.7757875787578759,0.6847884788478847,1
mouse631538,close,85,0.0311058345082403,0.0374338572043838,0.0249217245230023,4.278045139787109,5.067258814927968,4.575626006595973,0.1521792384876211,0.1813794133509665,0.1511869927177276,1389.0,1185.0,1163.0,13.89,11.85,11.63,16.096195922046626,61.47166779490486,13.654716259954126,0.8958236433584459,0.0412232799201359,mouse631538close85,0.2495049504950495,1.3396039603960401,0.6864086408640864,1
mouse631538,close,94,0.0210542306644109,0.0241833302093558,0.0372929872034411,5.239179373082175,5.340193083254246,2.0366010766912024,0.2875545635796465,0.2599003807758033,0.2730662368336888,276.0,249.0,342.0,2.7600000000000002,2.49,3.42,16.096195922046626,61.47166779490486,13.654716259954126,0.8958236433584459,0.0540510173060179,mouse631538close94,0.1366336633663366,0.9197119711971198,0.3315931593159317,1
mouse631538,close,421,0.0397078557382965,0.0913514260996077,0.0527660742811934,4.8795214838344565,4.424019509026674,1.1353403153989032,0.4389407047307688,0.347355186497927,0.3973157482198547,78.0,173.0,111.0,0.78,1.73,1.11,16.096195922046626,61.47166779490486,13.654716259954126,0.8958236433584459,0.0528364096417255,mouse631538close421,0.1747074707470748,0.768766876687669,0.3826282628262826,1
mouse631538,close,102,0.0262844364564781,0.0454233686121447,0.0211837697722737,4.215976516149263,0.8995104730294794,2.49511549009837,0.1732793879835825,0.2302721699525168,0.1673838659615335,1106.0,989.0,1039.0,11.06,9.89,10.39,15.983019429273634,63.066306440787784,13.740725490895965,0.8721381771256205,0.0309572398829467,mouse631538close102,0.4722772277227722,1.820792079207921,0.0,2
mouse631538,close,103,0.0361385092356681,0.044655093900617004,0.0225098437176525,3.4718309834524286,4.6275219279763755,2.8278882666754566,0.205123562390169,0.1632919253417754,0.1412951732315966,949.0,1291.0,1282.0,9.49,12.91,12.82,15.983019429273634,63.066306440787784,13.740725490895965,0.8721381771256205,0.0947807322949973,mouse631538close103,0.1558055805580559,1.301800180018002,0.6569756975697572,1
mouse631538,close,100,0.0347630153515971,0.0621568052355849,0.0234969315591367,3.594985697793485,1.3894181620063926,3.1285488585649164,0.2466681432553549,0.3650603325424394,0.2395942094523619,367.0,450.0,406.0,3.67,4.5,4.0600000000000005,15.983019429273634,63.066306440787784,13.740725490895965,0.8721381771256205,0.0184555928814563,mouse631538close100,0.1606660666066606,0.914851485148515,0.3399639963996402,1
mouse631538,close,105,0.0675188523107184,0.0282657988420217,0.0570699809812057,5.656555912937497,5.256432178694133,5.045302243102391,0.1571417295202821,0.16231407204195802,0.1655849163230686,3580.0,2282.0,2632.0,35.800000000000004,22.82,26.32,17.065489792875432,64.36550370351463,14.726283487207375,0.8721381771256205,0.0226044316548163,mouse631538close105,0.0896489648964896,0.1595859585958595,0.1126012601260126,0
mouse631538,close,104,0.0379252676423087,0.0048221019752436,0.0415874534034138,5.3967488314009895,3.2248280220207333,4.126135376377322,0.1534610374470379,0.1538150444965903,0.1844731746656123,1224.0,996.0,1129.0,12.24,9.96,11.290000000000001,17.065489792875432,64.36550370351463,14.726283487207375,0.8721381771256205,0.0654949246900099,mouse631538close104,0.2362736273627363,1.3774077407740777,0.3882988298829883,1
mouse631538,close,115,0.0236248058307918,0.0230714860757837,0.0382835796269243,3.7304285224128058,4.138199492723962,3.1814822012740933,0.2130669617887912,0.1700301151883755,0.2228629486246996,494.0,511.0,511.0,4.94,5.11,5.11,16.880804704467472,65.51350292575933,14.499873426990394,0.8667467911679858,0.0663971844203131,mouse631538close115,0.20603060306030602,0.8108910891089111,0.6072907290729072,1
mouse631538,close,129,0.05085207688258099,0.0155192550030086,0.0397266163740589,4.137703685892204,2.016390571373328,4.638738918889379,0.2017608058736275,0.1550332899210943,0.2639437884654792,785.0,999.0,786.0,7.8500000000000005,9.99,7.86,16.345911374241588,65.57542484518993,14.043118407168837,0.8429857650043684,0.0310359975704596,mouse631538close129,0.1965796579657966,0.7666066606660669,0.4782178217821783,1
mouse631538,close,147,0.1338501828859676,0.0244361155003193,0.0540952018704409,3.9365726758330686,0.5533661920373114,4.035387737350416,0.37669999755228994,0.2654375942258403,0.2899383619314601,207.0,252.0,244.0,2.07,2.52,2.44,13.154869684078335,68.17780960753332,11.177951090022605,0.8100925873009825,0.038632773325893995,mouse631538close147,0.4857785778577858,1.0261026102610258,0.0321332133213321,2
mouse631538,close,148,0.043771219229353994,0.0076145100840959,0.0422393951047488,4.015275699726711,4.052201650141192,4.239080304777081,0.2089259795426602,0.2027580371852491,0.1902250977905843,458.0,562.0,703.0,4.58,5.62,7.03,12.733672612217493,70.83617335791621,10.976289252144266,0.8100925873009825,0.0145572740350422,mouse631538close148,0.2227722772277227,0.9105310531053108,0.4185418541854185,1
mouse631538,close,156,0.0987755929315494,0.0577374983926055,0.0803356438255855,1.2079822578004489,0.4684475817814077,0.0312643201418253,0.24807753915986602,0.2285242204864537,0.2463240583487866,606.0,382.0,527.0,6.0600000000000005,3.8200000000000003,5.2700000000000005,10.698037110294852,77.3108086167023,8.881356037339328,0.7474958193863027,0.0298110140149449,mouse631538close156,0.2017101710171017,0.4736273627362737,0.3772277227722773,0
mouse634572,close,123,0.1078363691704714,0.0219966659046691,0.0778735560021856,3.3769979846381597,2.5114899938757724,3.835643497908237,0.4394834789472117,0.3328366185336566,0.3385458890636156,148.0,375.0,198.0,1.48,3.75,1.98,11.475772877588565,62.567252184813064,11.933638730594366,0.9867877177995276,0.0466131702238186,mouse634572close123,0.1301530153015302,0.2775877587758776,0.2135913591359136,0
mouse634572,close,135,0.0893441649027761,0.0614468450472219,0.020609512331511003,1.5372288224687312,5.7902457220453805,6.209500922756753,0.3067423306662653,0.318005871415748,0.2853768304089213,217.0,328.0,226.0,2.17,3.2800000000000002,2.2600000000000002,10.621283575857976,66.23972136364816,10.898122080486667,0.88670739254841,0.0789112342785574,mouse634572close135,0.2414041404140414,0.6345634563456347,0.4652565256525655,1
mouse634572,close,136,0.0362143604689881,0.0519176452488695,0.0389633823498644,0.8097070367324355,3.7838507353696986,1.3183229531503344,0.2107044705503257,0.23465329528824802,0.2211240169124276,677.0,630.0,538.0,6.7700000000000005,6.3,5.38,10.621283575857976,66.23972136364816,10.898122080486667,0.88670739254841,0.0337749065874267,mouse634572close136,0.2527452745274527,0.7649864986498652,0.4738973897389741,1
mouse634572,close,137,0.094691636835626,0.0929226085875241,0.0487931640267408,1.7717580868101437,5.939061008341339,0.7348690402519931,0.35787619155430705,0.4256476372438296,0.3656874727152717,141.0,129.0,128.0,1.41,1.29,1.28,10.465109002775986,68.25152199977086,10.735585047876539,0.8536685539481937,0.0268846797982613,mouse634572close137,0.2238523852385239,0.74986498649865,0.487128712871287,1
mouse634572,close,158,0.0631145152716351,0.014905793487873001,0.0751910270489324,2.1807959462249564,3.3638037941652406,2.0439501920721868,0.18638303772082002,0.1200528740549745,0.1894399023850239,1460.0,1463.0,1813.0,14.6,14.63,18.13,10.615391048508961,71.26603821507274,10.968117842382062,0.8208227579691002,0.0172392159527861,mouse634572close158,0.1171917191719171,0.2022502250225023,0.2505850585058505,0
mouse634572,close,162,0.0908348791762498,0.0463513339620402,0.0815035566009772,2.785197736695692,1.4552560257859082,2.382835899994916,0.2287579055064817,0.2009240019167182,0.23215501265222002,847.0,937.0,1134.0,8.47,9.370000000000001,11.34,11.002830202523059,74.42182972742937,11.41652549669607,0.8093207028119324,0.0393715969078063,mouse634572close162,0.1892889288928894,0.3045904590459046,0.2036003600360035,0
mouse634572,close,190,0.1206910930645161,0.0961155031357013,0.0790032066973386,1.0096857267836892,1.1110696704020766,0.598346986530737,0.3913125847216991,0.3598009145023177,0.3379159523324962,145.0,117.0,268.0,1.45,1.17,2.68,11.002830202523059,74.42182972742937,11.41652549669607,0.8093207028119324,0.0366638802392538,mouse634572close190,0.1963096309630964,0.7574257425742575,0.4315031503150314,1
mouse634572,close,281,0.0298625663874531,0.0285708909862203,0.0457348415286059,0.4750846349245528,2.0410886340034864,2.0147654770091696,0.1604590319690982,0.1561400121601976,0.1587273424069182,1317.0,1211.0,1106.0,13.17,12.11,11.06,10.60503242918671,72.38767542747351,11.033841371710363,0.8093207028119324,0.0373843751392749,mouse634572close281,0.2416741674167416,0.7671467146714672,0.5351935193519354,1
mouse634572,close,147,0.0299650357845722,0.0270475501982787,0.0411582591382533,0.4356575044546889,2.630091832991792,0.47785513153368103,0.1900770688929233,0.2342623566128188,0.2022074599001396,956.0,757.0,715.0,9.56,7.57,7.15,10.60503242918671,72.38767542747351,11.033841371710363,0.8093207028119324,0.0535884688669806,mouse634572close147,0.1747074707470747,1.2380738073807382,0.4836183618361835,1
mouse634572,close,148,0.0697630805544342,0.0490948328544422,0.0668902803023454,5.077919292155803,2.346169942824255,0.3299790992523026,0.4384620854202982,0.37051786865739705,0.3308176223814552,91.0,174.0,120.0,0.91,1.74,1.2,10.60503242918671,72.38767542747351,11.033841371710363,0.8093207028119324,0.0476424215529595,mouse634572close148,0.2173717371737173,0.7433843384338434,0.3993699369936992,1
mouse634572,close,179,0.0302309549177412,0.0053479625101837,0.0126318612592817,3.8777336497087527,4.4628368822259885,4.325855674991051,0.1501029946401711,0.1227423809933251,0.1162376886627597,1547.0,1659.0,1921.0,15.47,16.59,19.21,11.524314987034852,81.15462801066884,12.251260166783235,0.7770135133960028,0.0575568977013474,mouse634572close179,0.21494149414941502,0.9153915391539156,0.3534653465346536,1
mouse634572,close,182,0.1767843799944939,0.110777237102834,0.0528390746967831,4.687548201491528,0.929092652990264,4.163223227732496,0.3713853877900973,0.4735612332437044,0.3383061688686762,158.0,67.0,153.0,1.58,0.67,1.53,11.594390692134848,79.94634178820041,12.259488205910523,0.7770135133960028,0.0774981440015791,mouse634572close182,0.1990099009900989,1.0136813681368142,0.4585058505850581,1
mouse634572,close,183,0.0374355961689622,0.0260929413859726,0.034878558116188,1.6622889870074564,5.224801924397621,1.2556356641939566,0.16108965101980702,0.1163461280385387,0.1448683911241921,1700.0,1779.0,1779.0,17.0,17.79,17.79,11.594390692134848,79.94634178820041,12.259488205910523,0.7770135133960028,0.0284173184323537,mouse634572close183,0.2003600360036004,0.9545454545454548,0.4903690369036901,1
mouse634572,close,181,0.0481683603431823,0.0164010116091633,0.0761903375435833,4.221912936121936,4.788849989208922,3.5360859856597995,0.2667028991602759,0.2650272902890455,0.2933740967460372,424.0,395.0,486.0,4.24,3.95,4.86,11.594390692134848,79.94634178820041,12.259488205910523,0.7770135133960028,0.0181018103344346,mouse634572close181,0.1695769576957696,0.30999099909990996,0.21602160216021601,0
mouse634572,close,188,0.0364903805008503,0.0183529779095241,0.0552044599189427,1.9996448763040489,5.922705988562485,2.3254033385947204,0.2775436479832761,0.3374259179675671,0.254246530579124,352.0,308.0,451.0,3.52,3.08,4.51,11.594390692134848,79.94634178820041,12.259488205910523,0.7770135133960028,0.0279871990505061,mouse634572close188,0.2068406840684068,0.7612061206120613,0.6504950495049507,1
mouse634572,close,196,0.04400988716054,0.0267965618808353,0.0491591251784165,5.767045324457756,5.980660789618766,6.03443683315156,0.1609969399385126,0.1291022838787089,0.152115813995486,1587.0,1890.0,1707.0,15.870000000000001,18.900000000000002,17.07,9.646120327750118,84.78672847205613,10.139422716503644,0.744983221287567,0.041573684640723994,mouse634572close196,0.1147614761476147,0.2025202520252025,0.2052205220522053,0
mouse638329,far,199,0.0761423990716936,0.044348897347697,0.0417967428735774,2.0351838250612486,1.2749349811876722,3.3384315564010643,0.2460108158267846,0.2796846922703186,0.4054776385479733,477.0,323.0,163.0,4.7700000000000005,3.23,1.6300000000000001,14.440502689423473,25.93870284933518,12.977160332405331,1.9685019685029528,0.054420009881925004,mouse638329far199,0.2381638163816382,0.7571557155715574,0.5076507650765077,1
mouse638329,far,206,0.0412233548698485,0.0170571681060509,0.0291452009633969,4.109371355161022,4.296269093038099,4.308686428800662,0.1223572193051719,0.0907495315664145,0.105663684468608,4085.0,3890.0,3742.0,40.85,38.9,37.42,15.70551587223076,27.005460192600694,14.047650548801846,1.9597512597266007,0.0093163704072877,mouse638329far206,0.1668766876687669,0.3202520252025203,0.2095409540954095,0
mouse638329,far,196,0.036547769373084,0.0323171902442683,0.0453624358750169,3.0501794748493305,4.106927186949046,3.803840008699608,0.1438982713687276,0.1343167215438357,0.1679680098439531,2857.0,2627.0,2719.0,28.57,26.27,27.19,15.70551587223076,27.005460192600694,14.047650548801846,1.9597512597266007,0.0295199819581337,mouse638329far196,0.09099909990999099,0.2154815481548154,0.17200720072007197,0
mouse638329,far,213,0.0841938539323676,0.0728870849058346,0.0595846674107617,3.298155712499061,1.3025566111059417,3.468949387863501,0.2896788423245348,0.3069331398247822,0.314499296485178,239.0,258.0,277.0,2.39,2.58,2.77,15.70551587223076,27.005460192600694,14.047650548801846,1.9597512597266007,0.0236275936411268,mouse638329far213,0.1787578757875787,0.6575157515751577,0.3243024302430241,0
mouse638329,far,207,0.0302256049172003,0.0374452131704667,0.0236768944953286,1.081336677496436,5.547607334388875,0.9824725822366824,0.1628166942332384,0.1669157904279293,0.1774443310388941,1541.0,1359.0,1296.0,15.41,13.59,12.96,14.316021636188777,25.972984255229782,12.844463302369904,1.9512816301087856,0.0172583935217415,mouse638329far207,0.2122412241224123,0.7433843384338436,0.5095409540954096,1
mouse638329,far,464,0.0758586961567004,0.0288110047708728,0.1067135822082701,0.3949621725960459,3.40950240854352,5.909570615457477,0.3146767404611112,0.2916569762789285,0.3542822174250189,160.0,259.0,203.0,1.6,2.59,2.0300000000000002,15.023324652302582,27.188546615270315,13.522326961748098,1.9512816301087856,0.0910386111460163,mouse638329far464,0.193069306930693,0.6534653465346535,0.3064806480648064,0
mouse638329,far,465,0.0403756430168212,0.0347328223274013,0.0253632083246392,0.2793243660570261,4.785211512911976,2.771462265102945,0.1499982797600179,0.1846584315880112,0.16817578141679,1135.0,1102.0,1221.0,11.35,11.02,12.21,15.023324652302582,27.188546615270315,13.522326961748098,1.9512816301087856,0.0216525968471058,mouse638329far465,0.2095409540954095,0.5076507650765077,0.2827182718271828,0
mouse638329,far,216,0.0621004468315126,0.0424644740147712,0.0164400336380777,0.0422742565364887,6.175675776947143,0.8679979676331734,0.2632551700411485,0.2170766828199622,0.2365241850545946,337.0,456.0,457.0,3.37,4.5600000000000005,4.57,15.023324652302582,27.188546615270315,13.522326961748098,1.9512816301087856,0.0226848176256628,mouse638329far216,0.1765976597659766,0.6718271827182719,0.3313231323132314,0
mouse638329,far,220,0.0690540829847285,0.0606243278102972,0.0801024039311936,0.6569528666357509,0.3633641837393486,3.9889735006001388,0.47586728757068203,0.3987532254347082,0.5208117155037514,54.0,84.0,48.0,0.54,0.84,0.48,14.106892434442065,27.09672504578768,12.608443224731927,1.9430967551823048,0.0415143117808047,mouse638329far220,0.1458145814581458,0.6553555355535554,0.3432043204320433,0
mouse638329,far,222,0.0569331215889335,0.0237507077990596,0.0605259857424473,2.9433744391251926,4.431327710346335,4.079999390039186,0.2598711896278773,0.236463430281435,0.2658130878448065,351.0,351.0,423.0,3.5100000000000002,3.5100000000000002,4.23,14.106892434442065,27.09672504578768,12.608443224731927,1.9430967551823048,0.022468448317928,mouse638329far222,0.1409540954095409,0.8694869486948695,0.3089108910891092,1
mouse638329,far,227,0.0968662947698287,0.0529445529755185,0.0441790205882427,2.8635635523087872,5.214107264689009,5.262398222064678,0.3371106332533443,0.3173653171076193,0.3035218832403775,232.0,217.0,259.0,2.32,2.17,2.59,14.106892434442065,27.09672504578768,12.608443224731927,1.9430967551823048,0.0267983769319504,mouse638329far227,0.1684968496849685,0.8689468946894692,0.3329432943294329,1
mouse638329,far,546,0.0323440962191062,0.0354940809743966,0.0534988912821593,3.8000659560127206,5.259497953764572,3.8622701242260598,0.242187876645911,0.2028321251145001,0.22832727040120002,670.0,663.0,744.0,6.7,6.63,7.44,14.763747546211611,28.545889511843967,13.25230208274533,1.9352002480363628,0.0313126445467903,mouse638329far546,0.1641764176417642,0.6672367236723673,0.32889288928892896,0
mouse638329,far,228,0.0485874996315928,0.0260947475469959,0.0182232511333701,5.0699844306794715,5.299916627169713,1.0682347076504592,0.2327167086565048,0.1968923223187309,0.1658052343274192,806.0,684.0,811.0,8.06,6.84,8.11,14.763747546211611,28.545889511843967,13.25230208274533,1.9352002480363628,0.0290188536851696,mouse638329far228,0.1406840684068407,0.6297029702970298,0.33213321332133194,0
mouse638329,far,231,0.0913614221588805,0.0951486891430679,0.1235446470801001,3.2889708605003567,4.559696332168697,5.2510653704303145,0.3855469927642367,0.3335664149263383,0.4330847085149464,159.0,185.0,195.0,1.59,1.85,1.95,12.938966242945025,25.72766202516582,11.357236414811748,1.927595652620124,0.027453224734841,mouse638329far231,0.1444644464446445,0.6855985598559857,0.3712871287128713,0
mouse638329,far,232,0.0312828679778917,0.0449533086933217,0.0880445981304642,0.0544759230119547,0.3352314240697193,0.0459390727548054,0.2129733225357596,0.2141257880825872,0.2790743163779415,690.0,556.0,458.0,6.9,5.5600000000000005,4.58,12.938966242945025,25.72766202516582,11.357236414811748,1.927595652620124,0.0082442064403928,mouse638329far232,0.139063906390639,0.2470747074707471,0.2111611161116112,0
mouse638329,far,233,0.0324272129979167,0.023614733794614,0.0513392536015025,2.464463344637967,3.9123081276266234,0.1691430511867486,0.178431441394396,0.1750138672337517,0.1972368394301632,1126.0,1084.0,1079.0,11.26,10.84,10.790000000000001,12.938966242945025,25.72766202516582,11.357236414811748,1.927595652620124,0.0360610496332524,mouse638329far233,0.1325832583258326,0.9148514851485152,0.4471647164716469,1
mouse638329,far,235,0.08507423098647501,0.0624308014049454,0.1189134480337721,5.008272265304953,4.166775658982603,2.7004197892875133,0.4461881086654911,0.3627726396532464,0.4795501717425867,75.0,150.0,55.0,0.75,1.5,0.55,12.938966242945025,25.72766202516582,11.357236414811748,1.927595652620124,0.0399568927007283,mouse638329far235,0.1058505850585058,0.8378937893789379,0.3461746174617465,1
mouse638329,far,241,0.0174014586965201,0.0313845928899392,0.0469648460767493,3.3328947071054693,4.606846744673931,1.480093350000727,0.1484580307017556,0.1675979329869294,0.2173651611909229,1073.0,908.0,731.0,10.73,9.08,7.3100000000000005,12.938966242945025,25.72766202516582,11.357236414811748,1.927595652620124,0.0501471433555804,mouse638329far241,0.2087308730873087,0.8468046804680471,0.4560756075607557,1
mouse638329,far,238,0.0475878601000189,0.0467211339887428,0.0165866231662052,1.6997243406395,0.8206495298406079,3.0516607871080885,0.1640034640307788,0.2004069302184642,0.1537506470991071,1382.0,1340.0,1276.0,13.82,13.4,12.76,12.911012183613824,26.11879712249555,11.16716556894252,1.9202864369671517,0.0164621483373782,mouse638329far238,0.1339333933393339,0.9567056705670568,0.3645364536453646,1
mouse638329,far,239,0.0404321161196113,0.0347161367048644,0.0737739839706065,5.285947726773039,1.9946839021482656,4.496053670071927,0.2500969494125841,0.2232078047966194,0.2715941325227995,551.0,533.0,406.0,5.51,5.33,4.0600000000000005,12.911012183613824,26.11879712249555,11.16716556894252,1.9202864369671517,0.0173128110628002,mouse638329far239,0.1936093609360936,1.0439243924392438,0.4036903690369038,1
mouse638329,far,244,0.0185724058252714,0.0212226528893237,0.0398295060722021,4.882102523439748,4.16521560714706,2.3147837926357155,0.1477568681083571,0.1729278417740223,0.1828732802235459,1370.0,959.0,994.0,13.700000000000001,9.59,9.94,12.911012183613824,26.11879712249555,11.16716556894252,1.9202864369671517,0.03304201475468,mouse638329far244,0.2073807380738074,0.5603060306030604,0.4595859585958598,1
mouse638329,far,245,0.0410963571562158,0.0166144457522508,0.05316075296241599,3.9982253473117204,5.779821143046856,3.418668844351533,0.3488454892542772,0.26745810770677103,0.3103759525929555,172.0,360.0,199.0,1.72,3.6,1.99,12.845946407771692,26.951354336065478,11.047420983987104,1.8957188610128883,0.0511582731109779,mouse638329far245,0.1398739873987399,0.8311431143114312,0.3774977497749775,1
mouse638329,far,246,0.0687594548776582,0.0507457111310895,0.0756179514880837,5.749901419243987,5.758093027507447,5.714181717437729,0.1950515854531755,0.1629076676277442,0.1959902642191542,2073.0,2195.0,1947.0,20.73,21.95,19.47,12.845946407771692,26.951354336065478,11.047420983987104,1.8957188610128883,0.0046339876187413,mouse638329far246,0.0945094509450945,0.1590459045904591,0.1404140414041405,0
mouse638329,far,253,0.0238038193831917,0.0392057344278238,0.0241578808665735,3.4274184887781103,5.1673521143103445,3.559374436584456,0.1865848149688408,0.19225056424999698,0.2058587313374797,584.0,723.0,545.0,5.84,7.23,5.45,12.845946407771692,26.951354336065478,11.047420983987104,1.8957188610128883,0.02904995705846,mouse638329far253,0.3013501350135014,1.0298829882988298,0.4306930693069306,1
mouse638329,far,254,0.1205180075979943,0.0206319405097794,0.0898013289715201,0.9945460235695788,3.193733801829468,4.812436582590032,0.3702634370483424,0.2942026153508942,0.3977821047858956,197.0,205.0,167.0,1.97,2.05,1.67,12.845946407771692,26.951354336065478,11.047420983987104,1.8957188610128883,0.09478732963318301,mouse638329far254,0.1428442844284428,0.8424842484248425,0.2648964896489648,0
mouse638329,far,471,0.080830886270205,0.1134121376959236,0.0906502482003501,0.3241826467499032,4.172736333907735,4.812374162181916,0.4482780485939293,0.4125173840458354,0.3998250744990115,94.0,92.0,132.0,0.9400000000000001,0.92,1.32,12.845946407771692,26.951354336065478,11.047420983987104,1.8957188610128883,0.0295012176632609,mouse638329far471,0.1466246624662467,0.7493249324932494,0.3097209720972099,0
mouse638329,far,247,0.0698014852611269,0.0792547514798431,0.1213578919446323,4.519653281059693,6.237600982711967,4.910109339108394,0.34932812742178,0.3197518510244242,0.3726325860579505,271.0,220.0,193.0,2.71,2.2,1.93,12.845946407771692,26.951354336065478,11.047420983987104,1.8957188610128883,0.0139891695377886,mouse638329far247,0.1830783078307831,0.947794779477948,0.3801980198019802,1
mouse638329,far,250,0.0614218808701635,0.094965690286041,0.2043299130522088,1.1966503218127544,6.150217484582317,5.015448549713762,0.4069630297163157,0.560130654386288,0.5306319210080663,78.0,61.0,62.0,0.78,0.61,0.62,11.450330062000829,27.67839970990973,9.76162679718586,1.8957188610128883,0.0640287164431639,mouse638329far250,0.2797479747974798,0.8414041404140415,0.5921692169216922,1
mouse638329,far,260,0.033397803380948,0.0486519528254296,0.0277131250092995,5.173572119299992,5.3326138177215165,2.6076684557220706,0.3193121526188033,0.3446238371940499,0.3397480689058137,168.0,160.0,155.0,1.68,1.6,1.55,11.450330062000829,27.67839970990973,9.76162679718586,1.8957188610128883,0.0160044324854958,mouse638329far260,0.2216921692169217,0.7603960396039605,0.5516651665166518,1
mouse638329,far,472,0.0295590794440782,0.1213365329870003,0.0731119447221611,5.160151064619678,1.0966883792745974,1.2780488968448116,0.3483313999761619,0.3649185408509761,0.4067646795244583,146.0,122.0,87.0,1.46,1.22,0.87,12.061792155894713,26.48967304904881,10.17322589851874,1.8957188610128883,0.0330480874616898,mouse638329far472,0.1366336633663366,0.6672367236723672,0.3734473447344736,0
mouse638329,far,255,0.0579399113205399,0.04754956951209901,0.0517780949277371,4.444808911599098,3.8158241376750537,5.555776327643338,0.2479518127056526,0.2945981207851835,0.2542389725691366,496.0,301.0,327.0,4.96,3.0100000000000002,3.27,12.061792155894713,26.48967304904881,10.17322589851874,1.8957188610128883,0.0194447305204822,mouse638329far255,0.1636363636363637,0.7004500450045006,0.4036903690369039,1
mouse638329,far,261,0.0953212126447482,0.1766849284976488,0.1470031308597166,0.2573714895315486,0.4857279872035049,0.4722272624623966,0.3143297608764929,0.3781606373222603,0.3766567918183513,327.0,318.0,221.0,3.27,3.18,2.21,10.921537686030932,26.718129613435373,9.282976118972137,1.8889481199863591,0.0391602683802459,mouse638329far261,0.1371737173717372,0.2719171917191719,0.2303330333033304,0
mouse638329,far,262,0.0544136639614967,0.0199127064796102,0.0515878052541003,5.017342920734724,4.080133546334884,5.319468012202624,0.2656819239227871,0.2833622115259139,0.3854439608853204,344.0,263.0,137.0,3.44,2.63,1.37,10.939888960702095,26.87625523044209,9.282059627098,1.89917745353087,0.0355520479510024,mouse638329far262,0.2046804680468047,0.742844284428443,0.3612961296129614,1
mouse638329,far,263,0.1289854270104963,0.1276686505402117,0.1375998594344911,5.976693452330178,6.059961863666402,5.880575439120606,0.2625781434381185,0.2587310508282621,0.2702905726312092,1918.0,1938.0,1490.0,19.18,19.38,14.9,10.939888960702095,26.87625523044209,9.282059627098,1.89917745353087,0.0100478036566822,mouse638329far263,0.12097209720972098,0.2198019801980197,0.2603060306030603,0
mouse638329,far,267,0.0706349052919398,0.0554265390994166,0.0889694737484219,5.349340816806789,5.568764734465886,5.528742404691453,0.1511790140052795,0.1230078369366789,0.1719247893209199,5897.0,5662.0,4658.0,58.97,56.620000000000005,46.58,9.775258198315221,27.141954212029983,8.357488252020655,1.8930795017642548,0.014655441893753,mouse638329far267,0.18199819981998197,0.5119711971197121,0.253015301530153,0
mouse638329,far,268,0.0605595436279067,0.0498592958760668,0.0730590880307234,0.1138542016948458,0.6643722208422015,0.2205348009219854,0.1705447642703411,0.1735117260855853,0.2011853289781851,1838.0,1554.0,1470.0,18.38,15.540000000000001,14.700000000000001,9.414701465496597,28.778506016259303,8.066991837535808,1.8818209266558807,0.0374300601084107,mouse638329far268,0.223042304230423,0.554905490549055,0.7423042304230426,1
mouse638329,far,474,0.113144286232527,0.0709806741684692,0.1039390065864901,6.2200757910437465,6.2442469361260775,0.0742063984528699,0.2947623916636567,0.1738522171736143,0.2358681929625294,1567.0,1429.0,1314.0,15.67,14.290000000000001,13.14,9.045306182884957,28.516768671482037,7.692187740616513,1.854218164078866,0.0379496573365986,mouse638329far474,0.200900090009001,0.3780378037803781,0.3801980198019803,0
mouse638330,close,227,0.039697308823414004,0.0131674317995947,0.0451840417045495,4.661755582510982,5.406649898592319,4.164781749061627,0.1880974969341996,0.1683638683790206,0.1668733894723965,1242.0,1114.0,1089.0,12.42,11.14,10.89,12.448095202238472,17.047509425937747,12.65459292236318,1.0003124511871275,0.0179267268610036,mouse638330close227,0.1733573357335733,0.4004500450045004,0.3172817281728175,0
mouse638330,close,226,0.085782637632541,0.0521840667179814,0.0434158593965527,4.7117268154099925,4.5771887648688026,4.722280082876106,0.2387736823856885,0.1895774540924408,0.1752832308458344,1109.0,995.0,886.0,11.09,9.950000000000001,8.86,12.448095202238472,17.047509425937747,12.65459292236318,1.0003124511871275,0.0289556919420804,mouse638330close226,0.1161116111611161,0.4117911791179117,0.3172817281728173,0
mouse638330,close,234,0.0268355792382478,0.0148540968280602,0.0426274836290301,4.364775064024689,3.4682357063946663,5.601611254425032,0.161262874436534,0.1241642083783111,0.1796361623076659,1530.0,1580.0,1831.0,15.3,15.8,18.31,12.864473908966918,17.746684841824546,13.16684931646502,1.0003124511871275,0.0097794574786846,mouse638330close234,0.130963096309631,0.2778577857785779,0.2943294329432943,0
mouse638330,close,233,0.0635872302206799,0.056349719041708,0.0336596168984655,3.29575383476006,4.612673016642704,0.0068807972563316,0.3166653210858176,0.3590025220030243,0.2870854075361992,213.0,248.0,270.0,2.13,2.48,2.7,12.864473908966918,17.746684841824546,13.16684931646502,1.0003124511871275,0.0336955725295321,mouse638330close233,0.2289828982898289,0.6585958595859587,0.4514851485148515,1
mouse638330,close,242,0.1112295360292726,0.1239336735631524,0.14631057778718398,2.5902265090446823,3.5847737691550945,2.6198240223338245,0.4076492228961217,0.37902316066739,0.4241632939481179,164.0,153.0,159.0,1.6400000000000001,1.53,1.59,12.660680687822545,18.628813046332187,13.045583146750975,0.9113863066779092,0.037683923639349,mouse638330close242,0.3907290729072908,0.5403240324032403,0.2154815481548155,2
mouse638330,close,245,0.0741995606579888,0.0493243519357165,0.0968900562810598,3.370943485210786,3.7763848423872517,4.21654680950704,0.3452071667892811,0.2599956579990719,0.3478356827828488,337.0,291.0,352.0,3.37,2.91,3.52,12.644499312313368,18.916809331612264,12.927093517393374,0.8667467911679858,0.0196940458295956,mouse638330close245,0.1323132313231323,0.5281728172817284,0.3712871287128712,0
mouse638330,close,387,0.1779879999755764,0.1386877729828778,0.042478207219665005,2.6984214002350497,0.6156978632557722,3.045577731930924,0.4317224665611626,0.4792670022505154,0.4160020960530458,115.0,108.0,120.0,1.1500000000000001,1.08,1.2,12.467295976385214,19.5459521427302,12.329904629668489,0.7956915231419774,0.0526057172018405,mouse638330close387,0.2054905490549055,0.6521152115211523,0.32889288928892896,0
mouse638330,close,273,0.0160392679703371,0.0425098989591095,0.0311508946208104,2.205953034724764,2.46639563384494,2.7242893596714772,0.19812568929544003,0.1788845116607293,0.1880054005883558,740.0,725.0,596.0,7.4,7.25,5.96,12.968370888267573,20.439696839938577,12.770442629488382,0.7818247885555945,0.0894449287171898,mouse638330close273,0.2397839783978398,0.9988298829882991,0.6972097209720971,1
mouse638330,close,264,0.0535457448637683,0.0384752866318075,0.1716467880414315,3.5097345780103804,5.301964287672375,3.978412332194909,0.3678696347761848,0.3551235367536865,0.5044072043648229,172.0,197.0,63.0,1.72,1.97,0.63,13.247016472289387,20.90852111514987,12.931566880760482,0.7685213074469699,0.053300406864009005,mouse638330close264,0.1528352835283528,0.8011701170117012,0.30378037803780394,0
mouse638330,close,280,0.0458968468164273,0.0465419741194615,0.0557365066564372,3.6278012781906814,3.398265847866212,3.59648787101592,0.1433409012316728,0.1379070489529142,0.1717969318584524,3521.0,3423.0,3387.0,35.21,34.230000000000004,33.87,13.247016472289387,20.90852111514987,12.931566880760482,0.7685213074469699,0.0150941573274594,mouse638330close280,0.0926192619261926,0.1576957695769577,0.1288028802880287,0
mouse638330,close,282,0.0373816485229175,0.0127272924337748,0.0454354070348872,2.9924159655965745,4.8723528785525705,0.0131098333129722,0.382996199699067,0.2203202937110097,0.2925243639876554,119.0,507.0,347.0,1.19,5.07,3.47,13.247016472289387,20.90852111514987,12.931566880760482,0.7685213074469699,0.045181143074608,mouse638330close282,0.1239423942394238,0.6086408640864087,0.2403240324032403,0
mouse638330,close,277,0.0492166007378178,0.0444397995676673,0.0152388381452843,0.7545392821743402,5.038252156368918,4.514901470217166,0.222533248844219,0.2172282052874733,0.2048368755959529,541.0,519.0,598.0,5.41,5.19,5.98,13.846380020738671,21.950324194643997,13.275086700277646,0.7549834435270749,0.0340167366023952,mouse638330close277,0.1528352835283528,0.41584158415841604,0.3205220522052205,0
mouse638330,close,302,0.0521190707638325,0.0255230064259159,0.0425449004935442,6.005695026935188,3.6683889425538565,4.7977672546730075,0.2274766254776347,0.2027012129226403,0.1998430031041984,565.0,613.0,677.0,5.65,6.13,6.7700000000000005,13.846380020738671,21.950324194643997,13.275086700277646,0.7549834435270749,0.0788276334365489,mouse638330close302,0.2144014401440144,0.7344734473447347,0.4412241224122412,1
mouse638330,close,284,0.1016373267216401,0.0587982000597293,0.0515831186654322,0.7568086074906584,3.2374368138532112,2.8723452024036624,0.2993475335788398,0.3157524282699709,0.287626680740851,421.0,292.0,276.0,4.21,2.92,2.7600000000000002,13.846380020738671,21.950324194643997,13.275086700277646,0.7549834435270749,0.0205689276546229,mouse638330close284,0.1042304230423042,0.6383438343834384,0.3105310531053107,0
mouse638330,close,300,0.0997729959298214,0.0275439509205142,0.0843024627810336,5.961166256540976,5.385980832663122,2.6810870994844067,0.3219624397872405,0.2873903292904985,0.3006772227682704,357.0,281.0,312.0,3.5700000000000003,2.81,3.12,13.641532396888286,22.56551695479304,13.105156926539307,0.7420411039827916,0.0367219363850188,mouse638330close300,0.1630963096309631,0.5084608460846085,0.3318631863186321,0
mouse638330,close,299,0.0164725878547186,0.0247354130028948,0.0130719815926628,4.680454028445013,4.54487139335098,4.632668795127735,0.1752079269339127,0.2037285016941727,0.2170418039848997,766.0,694.0,809.0,7.66,6.94,8.09,13.641532396888286,22.56551695479304,13.105156926539307,0.7420411039827916,0.0183125659343186,mouse638330close299,0.1963096309630962,0.7833483348334835,0.5702970297029702,1
mouse638330,close,303,0.0361389607838251,0.0847666998467443,0.0306432671563217,6.228749830261468,0.6085746280671313,5.172285239632063,0.1763461675182872,0.2087646471913838,0.1772500477307834,922.0,905.0,895.0,9.22,9.05,8.950000000000001,12.301326324313795,22.177308007570886,11.901933245451891,0.7288689868556626,0.0235690095420831,mouse638330close303,0.1628262826282628,1.016651665166517,0.43636363636363595,1
mouse638330,close,392,0.0424167505298047,0.0537805366238433,0.0460339817117457,4.06762611608285,2.842792933610523,1.8866148023601088,0.2335114922269469,0.3317244026821416,0.2325162836686082,386.0,465.0,457.0,3.86,4.65,4.57,12.635159688798389,23.686785763619127,12.086435254485322,0.7288689868556626,0.0116887288870158,mouse638330close392,0.1582358235823582,0.8451845184518453,0.4061206120612061,1
mouse638330,close,307,0.1122736544356558,0.0778753614764704,0.0603478424274762,1.0514423268062054,6.222584568409838,5.239953716488458,0.4009215955514909,0.3779749502763049,0.3397541068677809,204.0,144.0,160.0,2.04,1.44,1.6,12.635159688798389,23.686785763619127,12.086435254485322,0.7288689868556626,0.0240738378862527,mouse638330close307,0.1323132313231323,0.8152115211521153,0.3977497749774979,1
mouse638330,close,310,0.0675399464747362,0.1175878918509224,0.0310975276637891,2.9776521177001407,1.7643196484811852,3.64387947215317,0.2834199996393594,0.3652086446054248,0.2601662325239784,345.0,336.0,370.0,3.45,3.36,3.7,11.18525190111325,21.60210030554344,10.833104404323297,0.7163274390947202,0.019112315386911,mouse638330close310,0.3016201620162019,0.8762376237623761,0.1344734473447344,2
mouse638330,close,315,0.0201671786845474,0.0268926508519887,0.0373877972241556,0.0275276574079267,5.73845952636813,6.177232942554089,0.1085070269287976,0.1111430706053234,0.1287336893564709,3484.0,3618.0,3379.0,34.84,36.18,33.79,11.429369568548546,22.96237975531047,10.980170514587105,0.7163274390947202,0.0229361303643668,mouse638330close315,0.1933393339333933,0.2684068406840685,0.2643564356435642,0
mouse638330,close,314,0.0580182506054534,0.0386379171016071,0.0469762187150913,1.9290740912728577,1.309212221997855,5.767856978826273,0.2287662725333725,0.2279168626034376,0.2334591624539144,494.0,555.0,513.0,4.94,5.55,5.13,11.429369568548546,22.96237975531047,10.980170514587105,0.7163274390947202,0.031397009082264005,mouse638330close314,0.135013501350135,1.0412241224122414,0.3936993699369937,1
mouse655957,close,179,0.0399024118475139,0.0270089376942717,0.024748528721199,5.913953777924202,5.16975554095491,0.3352104272361974,0.1559367328971667,0.1083419099032295,0.1077028399667992,4076.0,3423.0,3754.0,40.76,34.230000000000004,37.54,10.39430954325515,14.90817745177203,10.340337389936202,1.1898004034290794,0.0138991394040257,mouse655957close179,0.1682268226822681,0.3032403240324033,0.2665166516651666,0
mouse655957,close,191,0.0985241876590838,0.0837152771594499,0.0962496471463315,2.850806561508988,1.2873916509375312,1.4125759176460406,0.3841936176254302,0.3524193943117459,0.3316697692838405,134.0,165.0,164.0,1.34,1.6500000000000001,1.6400000000000001,14.026091710183884,19.523387508106804,13.892275678069065,0.9656603957913984,0.0345726879678544,mouse655957close191,0.4028802880288029,0.6999099909991001,0.0993699369936993,2
mouse655957,close,197,0.0784446043349508,0.0769231292174803,0.1317288828787992,2.7586602442734094,2.7224413950579804,2.2253573641146165,0.3186833356699541,0.26324089346699,0.3602604680218061,328.0,497.0,519.0,3.2800000000000002,4.97,5.19,13.563592729123185,20.4239386466846,13.545840123041065,0.9440603794249602,0.0288052362066985,mouse655957close197,0.2719171917191719,0.4644464446444646,0.4207020702070208,1
mouse655957,close,196,0.2184745757389913,0.0773592421022617,0.2155602646602458,2.288029932538326,2.339025526504642,2.4786840724213137,0.4472598871231923,0.3632092630655039,0.4903610408659934,110.0,104.0,109.0,1.1,1.04,1.09,13.563592729123185,20.4239386466846,13.545840123041065,0.9440603794249602,0.035904675806603,mouse655957close196,0.4320432043204321,0.7333933393339335,0.0342934293429342,2
mouse655957,close,209,0.0162497918755829,0.0879266789038273,0.0226445962391038,3.2297466594972577,3.17376103449026,4.587440917835171,0.1619716193788425,0.263519757955959,0.1541348862992041,1073.0,1005.0,1069.0,10.73,10.05,10.69,14.179776374389059,20.489389912128342,14.399497117340351,0.905883546599672,0.0099185530444822,mouse655957close209,0.1396039603960396,0.5948694869486949,0.3945094509450947,0
mouse655957,close,215,0.0180733832124981,0.0135671359022774,0.0264728640407639,3.8287587366757454,4.635253251191327,5.219989660086436,0.1495779503756267,0.1718002282001947,0.2008784942980321,1224.0,1019.0,1148.0,12.24,10.19,11.48,13.485046128659231,21.61265984700533,13.589235283426714,0.8692669325356855,0.0275525775895613,mouse655957close215,0.2022502250225022,0.6216021602160217,0.3869486948694871,1
mouse655957,close,220,0.0697855938602721,0.0405838787035608,0.0806324037728646,1.4508028886553912,2.6721790010834896,5.1545940801926795,0.3089612913058366,0.2654812083641362,0.3018756744046733,225.0,251.0,266.0,2.25,2.5100000000000002,2.66,12.760970472855757,21.737825259309357,12.830621353604036,0.8525696452489968,0.0255903914221661,mouse655957close220,0.2978397839783978,0.5883888388838885,0.311071107110711,2
mouse655957,close,221,0.0265455670629411,0.0141142754430977,0.0127619704447419,1.1374461356209256,3.4274292983007126,2.884777183012051,0.1673970226596714,0.1500064509592474,0.1555614279498353,928.0,910.0,1080.0,9.28,9.1,10.8,12.760970472855757,21.737825259309357,12.830621353604036,0.8525696452489968,0.0882790124983382,mouse655957close221,0.3780378037803781,0.8886588658865888,0.3018901890189016,2
mouse655957,close,222,0.0994739518202172,0.0844282478799401,0.06437462587710599,1.5487756408378155,2.2556446606496414,2.0361828875208428,0.4075583931922755,0.3751558816687996,0.34637021923657,182.0,188.0,207.0,1.82,1.8800000000000001,2.07,12.760970472855757,21.737825259309357,12.830621353604036,0.8525696452489968,0.0372155468779294,mouse655957close222,0.2384338433843384,0.5756975697569757,0.3683168316831684,0
mouse655957,close,224,0.0935237849999259,0.0311395780607757,0.0446260763810975,0.4110391035855953,1.9165110214773808,0.7994173247881077,0.4266870412005966,0.3197475586438497,0.3151397060460777,86.0,116.0,237.0,0.86,1.16,2.37,12.794609653002222,20.510215552317494,12.9249700727976,0.8525696452489968,0.0233535670833711,mouse655957close224,0.1617461746174617,0.6226822682268229,0.3764176417641763,0
mouse655957,close,526,0.0472154734410835,0.048831380527535995,0.0565493967669442,2.7088168397469405,3.3838258189689108,0.3050261940835995,0.3557020295401583,0.4527047444111718,0.4054361668153862,147.0,90.0,77.0,1.47,0.9,0.77,12.490216257081935,21.17871663019413,12.54588861652446,0.8525696452489968,0.0875166912824895,mouse655957close526,0.2179117911791179,0.691809180918092,0.3091809180918091,0
mouse655957,close,227,0.0691082577810029,0.0662446668746681,0.096064096454475,5.965788459086371,0.4166615257913765,5.072465625772175,0.3411624337992118,0.3579979211074267,0.382867855006921,193.0,177.0,141.0,1.93,1.77,1.41,12.181181787301009,20.45474716763423,12.348659238340971,0.8525696452489968,0.0232844074139319,mouse655957close227,0.1971197119711971,0.7323132313231324,0.3423942394239424,1
mouse655957,close,231,0.1311835586274825,0.1190357005244392,0.1646945033615803,3.5962469441580027,3.5341655288708687,3.46034631388212,0.2296740388970545,0.2592280330014943,0.2766565293773316,2440.0,1777.0,2437.0,24.400000000000002,17.77,24.37,12.157026400640063,19.872920127612847,12.405393070378105,0.8370334521391604,0.0234654031407316,mouse655957close231,0.1776777677767778,0.3126912691269127,0.2675967596759676,0
mouse655957,close,240,0.1363144695961267,0.0755878984160853,0.0684867940774723,1.0852274339665908,0.7416172921120531,1.4739707101483228,0.3815519023381171,0.2757340320428751,0.2823438519714009,228.0,283.0,354.0,2.2800000000000002,2.83,3.54,11.646029280984216,22.516346174661614,11.733296267797432,0.8097067370350823,0.0259112780614269,mouse655957close240,0.2125112511251126,0.7028802880288029,0.3612961296129614,1
mouse657902,close,467,0.0578982303408757,0.0885282803691627,0.1135892959922134,0.2953241185559754,5.808338020093035,2.507254787045124,0.3121208400576184,0.44380435586206707,0.5516874263946872,213.0,85.0,36.0,2.13,0.85,0.36,26.03435641742359,60.70945554807122,22.102230563270243,1.164313102219502,0.0415515968648305,mouse657902close467,0.0861386138613861,0.2532853285328533,0.1274527452745275,0
mouse657902,close,250,0.2065127648739878,0.0724252172934792,0.0890111224993767,0.4722798067515303,1.1868299129414546,4.111852451526012,0.4659510870254026,0.4272074233544766,0.4780494034084929,90.0,105.0,99.0,0.9,1.05,0.99,13.608434072719295,70.9396676826329,14.791038603652012,0.8937281465859739,0.0385674636429352,mouse657902close250,0.3186318631863186,0.584878487848785,0.3985598559855984,2
mouse657902,close,261,0.0997875554996471,0.0811088564925992,0.0437675792882268,5.355388022190813,0.3424203438959827,2.642977790036292,0.44249788203622403,0.3671552543696764,0.3689899834426403,90.0,92.0,108.0,0.9,0.92,1.08,13.728733985897055,74.68989214518389,14.942464071313518,0.8192984804086971,0.0448951749727583,mouse657902close261,0.2054905490549055,0.4255625562556256,0.2303330333033302,0
mouse657902,close,262,0.0328642778578989,0.1190118847483765,0.0603751892280849,1.6794449087976824,4.839745265340179,0.9749914234016464,0.2876887765365152,0.3594312237198449,0.2911518840098056,258.0,219.0,290.0,2.58,2.19,2.9,13.791319685220124,74.80757686637327,14.759608093975466,0.8192984804086971,0.0238866346087526,mouse657902close262,0.2108910891089108,0.5241224122412241,0.3043204320432044,0
mouse657902,close,264,0.0556886225039475,0.0856203439913906,0.0522985865051189,0.4386377012276537,1.8945788684540639,1.2305248779896962,0.2392366096510859,0.2403570397565197,0.2014304861930421,530.0,572.0,760.0,5.3,5.72,7.6000000000000005,13.84982433385098,76.70651574009041,14.935941870539049,0.8143248737451165,0.0161543597871773,mouse657902close264,0.1514851485148515,0.5478847884788479,0.3405040504050405,0
mouse657902,close,266,0.0880699993135945,0.0473816230750324,0.0465768181492824,0.9600629415721648,2.077961813052173,0.6981399220398978,0.3177273054942937,0.2927890908281195,0.3203159456026074,325.0,334.0,200.0,3.25,3.34,2.0,14.119111807609027,76.45796942114241,14.875566910376106,0.7897784499465658,0.0134233009031227,mouse657902close266,0.1981998199819982,0.6229522952295231,0.4520252025202519,1
mouse657902,close,267,0.0607628693449407,0.0783953635793157,0.034206674629247,5.7885287115302555,5.4579741114290545,2.8377162992381924,0.2728272410155409,0.2426153516509429,0.2522967503239494,373.0,382.0,360.0,3.73,3.8200000000000003,3.6,14.039336448752987,76.15035629537235,14.936697441696634,0.7897784499465658,0.033746291604194,mouse657902close267,0.2019801980198019,0.7090909090909091,0.5065706570657066,1
mouse657902,close,573,0.1182652325098222,0.0228765158016911,0.1029754665720787,1.064669081300409,6.242848943592002,0.0568485387088315,0.3649989040486204,0.2719601127117144,0.3195021137266763,324.0,263.0,298.0,3.24,2.63,2.98,15.367888461547654,76.78023776879797,15.63385282465795,0.7814249804043892,0.0665984676721315,mouse657902close573,0.1714671467146714,0.6672367236723674,0.4196219621962195,1
mouse657902,close,564,0.0435205967766407,0.0620830264329901,0.0380605165628834,1.1322423516484814,0.3629972081027049,1.5406024052455916,0.2846190745512469,0.2958609675760923,0.2896365569965201,266.0,288.0,255.0,2.66,2.88,2.5500000000000003,15.367888461547654,76.78023776879797,15.63385282465795,0.7814249804043892,0.0689428032219319,mouse657902close564,0.1288028802880287,0.4082808280828083,0.2446444644464447,0
mouse657902,close,475,0.1347044160404533,0.0709002536322596,0.19283000886025697,0.7036366742991608,3.344528888215793,0.5101920608940731,0.3394158313407698,0.2743310342800538,0.4086810628134992,259.0,198.0,202.0,2.59,1.98,2.02,15.397296756545545,77.77415559740463,15.652854253383547,0.7566372975210779,0.0167967678919186,mouse657902close475,0.1684968496849684,0.6334833483348336,0.4628262826282628,1
mouse657902,close,274,0.0774800944444409,0.1086394019041028,0.0717217217423029,4.668821406802913,3.5218399225800265,5.856083176537548,0.4693708467405355,0.4368229796615619,0.4530792523533051,84.0,74.0,58.0,0.84,0.74,0.58,16.295665631401157,76.33849585874381,16.330356199021253,0.7566372975210779,0.0687659459649208,mouse657902close274,0.1374437443744374,0.6251125112511252,0.2959495949594961,0
mouse657902,close,275,0.2003902375626899,0.0749411931725584,0.1875208046695054,1.1877009607127451,0.9954496595492334,0.1939709288245446,0.4292636724581299,0.4228957904151134,0.4794231932555723,160.0,133.0,87.0,1.6,1.33,0.87,16.295665631401157,76.33849585874381,16.330356199021253,0.7566372975210779,0.0406410430950194,mouse657902close275,0.1490549054905491,0.7047704770477049,0.4622862286228623,1
mouse657902,close,479,0.0810248618622793,0.0263426408570076,0.1104281651015355,0.6803975384417945,3.912164563271483,0.2696559390252217,0.3701407625916884,0.4063837984889874,0.3592821233982632,141.0,125.0,203.0,1.41,1.25,2.0300000000000002,17.97128113089398,76.89834953768585,18.097779646159275,0.7537406715840668,0.0774152014467575,mouse657902close479,0.1595859585958596,0.7331233123312333,0.4533753375337536,1
mouse657902,close,277,0.0874771493114655,0.0562244613121885,0.1011861057628502,0.6298264841070984,5.403281253236568,2.117354893121927,0.4033428036954301,0.347133916311207,0.35329847344307796,178.0,146.0,156.0,1.78,1.46,1.56,17.97128113089398,76.89834953768585,18.097779646159275,0.7537406715840668,0.0263455527349112,mouse657902close277,0.1825382538253824,0.7633663366336635,0.4971197119711973,1
mouse657902,close,282,0.0620394189166597,0.0302395605435438,0.0515172719588791,0.9367289046832779,4.823156921879897,5.0320337616724276,0.2791070870783209,0.259320958962894,0.2901779785623138,410.0,387.0,386.0,4.1,3.87,3.86,17.97128113089398,76.89834953768585,18.097779646159275,0.7537406715840668,0.0183613631820861,mouse657902close282,0.1339333933393339,0.6815481548154816,0.3102610261026103,0
mouse657902,close,278,0.1024605658728605,0.1066906372558919,0.1096791814450012,0.1246645157809581,1.390862282126342,0.7505788124569815,0.3689235822373055,0.29291261132795005,0.3309827770528021,238.0,390.0,331.0,2.38,3.9,3.31,17.877493209713947,78.70413678247567,17.575324817963118,0.7267220926874317,0.0353657715487407,mouse657902close278,0.1344734473447344,0.6585958595859588,0.4077407740774078,1
mouse657902,close,286,0.0272345851087384,0.0358993288246904,0.0620013784185754,1.2217332974744937,2.628380279489768,3.6745642396268012,0.1475777635595492,0.1983967469700452,0.2851272985695561,1479.0,921.0,378.0,14.790000000000001,9.21,3.7800000000000002,17.877493209713947,78.70413678247567,17.575324817963118,0.7267220926874317,0.0838959649198199,mouse657902close286,0.1304230423042304,1.7778577857785778,0.2746174617461747,1
mouse657902,close,288,0.036957130310165,0.0450764137852613,0.0608965941566301,4.694040104343712,3.206723938017313,5.0361592695984285,0.2075857172147751,0.1739652182844298,0.2391077137456766,658.0,495.0,283.0,6.58,4.95,2.83,18.36055639173919,79.08986811826347,17.778948292276816,0.7267220926874317,0.0154123207971722,mouse657902close288,0.3091809180918092,0.9253825382538255,0.6394239423942393,1
mouse657902,close,296,0.1441885565977063,0.08258937327627999,0.1435332391757522,0.2220912062662435,5.337342562846518,1.5339757104906433,0.3801223517275949,0.3702821212901194,0.4254859579414728,235.0,127.0,110.0,2.35,1.27,1.1,18.36055639173919,79.08986811826347,17.778948292276816,0.7267220926874317,0.0845280243774592,mouse657902close296,0.1466246624662467,0.6880288028802881,0.4601260126012604,1
mouse657902,close,289,0.0815143370582636,0.0602384953061613,0.0745906606548233,5.680014179263785,5.584515605260828,3.672229784063732,0.4721989210997576,0.4251386536653594,0.5663848859194034,72.0,57.0,25.0,0.72,0.5700000000000001,0.25,18.36055639173919,79.08986811826347,17.778948292276816,0.7267220926874317,0.0157414188369246,mouse657902close289,0.1517551755175518,0.4306930693069307,0.8281728172817283,1
mouse657902,close,487,0.0971181235709666,0.04416611732714,0.0823931702808613,2.4926280136308554,6.090021884031337,4.894516650404199,0.3891338516561078,0.3307710747212765,0.4500436335670034,128.0,108.0,71.0,1.28,1.08,0.71,16.80085630881117,74.66999746496965,17.269910731807553,0.7254309064273454,0.0531981957549182,mouse657902close487,0.2235823582358235,0.8875787578757878,0.5870387038703869,1
mouse657902,close,486,0.066168130120998,0.0537287555994918,0.0796927228062027,4.2966929671628415,5.541326140838292,0.4951819437982451,0.2963283044548314,0.2280342196369389,0.2977315703270917,406.0,376.0,356.0,4.0600000000000005,3.7600000000000002,3.56,16.80085630881117,74.66999746496965,17.269910731807553,0.7254309064273454,0.0294520367757731,mouse657902close486,0.2081908190819081,0.7892889288928894,0.5017101710171018,1
mouse657902,close,298,0.0457666480223603,0.0581705533351308,0.0370686137995805,4.4727851538843755,4.4087533563236905,5.0620423242188695,0.3322449596794937,0.3780375766294981,0.4144748970552141,180.0,109.0,111.0,1.8,1.09,1.11,17.773597534941217,76.52795218426505,17.878477373847822,0.7004462863060951,0.0173382919642494,mouse657902close298,0.1252925292529253,1.003150315031503,0.5627362736273627,1
mouse657902,close,301,0.0731065395107911,0.0374172468352248,0.05366553068129099,5.1633670457606975,3.184816609236814,5.4049289260716105,0.2793463183101808,0.2659869727825849,0.2775271456093496,425.0,337.0,363.0,4.25,3.37,3.63,17.29749576816846,78.3372540185707,17.55247635246527,0.7000000000000001,0.0142248956289339,mouse657902close301,0.1328532853285329,0.7339333933393339,0.4636363636363637,1
mouse657902,close,304,0.0366923814817146,0.0245234708996729,0.0543056545939877,5.402521708951707,6.1860661808192745,4.6019184022152855,0.1332968652513789,0.1176729362345098,0.1986219516260779,3065.0,2211.0,1502.0,30.650000000000002,22.11,15.02,17.29749576816846,78.3372540185707,17.55247635246527,0.7000000000000001,0.0291506984068036,mouse657902close304,0.12799279927992802,0.2405940594059407,0.2821782178217821,0
mouse657902,close,305,0.032801990101433004,0.0644705930805784,0.035906554629805,4.533213118488512,5.455536457665486,5.395475266206051,0.23623086287883,0.226561226526182,0.2503591667971499,455.0,429.0,457.0,4.55,4.29,4.57,17.29749576816846,78.3372540185707,17.55247635246527,0.7000000000000001,0.0185946251594589,mouse657902close305,0.2316831683168316,0.7930693069306931,0.5400540054005404,1
mouse657904,close,608,0.1090468427701617,0.0867289120602483,0.0827440412894404,0.7289341413890571,0.2438455233604123,5.364810801160928,0.4664679547833988,0.4804948988915459,0.4246759372038121,59.0,88.0,78.0,0.59,0.88,0.78,8.712692333507139,39.495145233294224,9.361622760400463,1.0191908555319755,0.0856131411234333,mouse657904close608,0.1892889288928894,0.8268226822682271,0.5284428442844283,1
mouse657904,close,383,0.0417532250049837,0.019299694288218996,0.0384831370023504,4.369834184093458,3.1163883407100963,5.2302618375800165,0.2219895561718572,0.2114939009523875,0.1651630951780425,681.0,649.0,1193.0,6.8100000000000005,6.49,11.93,8.730372555168731,41.34883435326075,9.31133539890331,0.9861541461658012,0.0968799309513469,mouse657904close383,0.2030603060306031,1.0846984698469848,0.470927092709271,1
mouse657904,close,384,0.0762144789955127,0.0153591592177577,0.0591667930181679,2.4563382668851306,4.1994912710661785,4.719094890500773,0.3135368407911533,0.1749740926274366,0.2384109217927385,268.0,747.0,395.0,2.68,7.47,3.95,8.730372555168731,41.34883435326075,9.31133539890331,0.9861541461658012,0.0411824012690161,mouse657904close384,0.1047704770477048,0.1803780378037804,0.2640864086408641,0
mouse657904,close,389,0.0811203643069993,0.0341909992489458,0.0303645673341615,2.945769393077569,5.602714819682824,4.800521736337991,0.4628790641092709,0.2252331053908221,0.2208757032007414,98.0,485.0,550.0,0.98,4.8500000000000005,5.5,8.653097651418317,41.93756158014274,9.552675098431564,0.9861541461658012,0.0909867721264886,mouse657904close389,0.1296129612961296,0.9693969396939696,0.4161116111611161,1
mouse657904,close,403,0.1163572087247371,0.0327063133083458,0.0795980002370658,0.073085388163599,5.115290547014972,5.7350240500225995,0.3107512261805477,0.1747222160334947,0.2432276299417612,689.0,1401.0,894.0,6.890000000000001,14.01,8.94,7.602508487616296,43.92755574514128,8.297658430447973,0.9532837982468808,0.0881848454982494,mouse657904close403,0.1398739873987399,0.3197119711971197,0.2260126012601261,0
mouse657905,close,284,0.0124548180817302,0.0215481401343104,0.0123532205672981,4.9775896927189605,5.477637281596777,4.5093857686472285,0.1330438126908544,0.1411006961557125,0.1257203238531798,2226.0,1392.0,2262.0,22.26,13.92,22.62,13.13008542263218,40.65112980005053,13.43754719496938,1.0179636535751166,0.0225928114427597,mouse657905close284,0.1736273627362736,0.5351935193519354,0.3993699369936994,0
mouse657905,close,296,0.0457880817817342,0.0780808195647497,0.0845189485337638,2.5498502109727075,1.7633982458477993,3.0206232487069813,0.2081531398843866,0.3750565709646341,0.277435991766251,633.0,270.0,337.0,6.33,2.7,3.37,12.460647895907913,42.227872381772364,12.770950702282805,0.9766012492312304,0.06828513933445599,mouse657905close296,0.1927992799279928,0.7309630963096311,0.4036903690369037,1
mouse657905,close,304,0.0312787284599463,0.0779356848245916,0.055665083567891994,1.657243645729237,3.0428334518837166,1.8729298840747608,0.2530118676213046,0.2733005692054012,0.2620090113677391,443.0,278.0,478.0,4.43,2.7800000000000002,4.78,12.469217970461896,42.481469434896546,12.871533718920238,0.9572094859538324,0.0397713358623802,mouse657905close304,0.2481548154815481,0.7603960396039604,0.4193519351935194,1
mouse657905,close,542,0.0633637520354507,0.05537500028565,0.0501520808368418,1.830436156004516,1.654426934485188,3.691439412701397,0.2677752109542544,0.3637215635667533,0.2619921600995939,353.0,131.0,394.0,3.5300000000000002,1.31,3.94,12.898183777106375,43.139855729195254,13.206761417675665,0.9620940702446928,0.0264167924885293,mouse657905close542,0.22007200720072,0.8449144914491451,0.4320432043204322,1
mouse657905,close,318,0.06443618777884,0.0254536424406341,0.0349492908153259,1.4254110124564188,1.4939501144753504,1.6161370589347728,0.1997186926111492,0.148895087637093,0.1403259155191705,1682.0,1599.0,2175.0,16.82,15.99,21.75,12.884721487923105,44.01314287625394,13.310369875037642,0.9387491677759292,0.0517518054910166,mouse657905close318,0.1825382538253825,0.8454545454545456,0.433933393339334,1
mouse657905,close,319,0.0655616117205998,0.0205175609808701,0.0443858801616212,1.3375032617158673,5.829402363011915,1.1915055681167128,0.3184916375466585,0.1869044730572332,0.2039320949589265,247.0,762.0,647.0,2.47,7.62,6.47,12.884721487923105,44.01314287625394,13.310369875037642,0.9387491677759292,0.0599737420001272,mouse657905close319,0.1987398739873987,0.8071107110711073,0.41827182718271794,1
mouse657905,close,310,0.0877189756182305,0.0563667008533959,0.0447063111126093,1.0818784772320535,1.0701282805306709,0.8979274644307452,0.2403221232468353,0.2074879007272987,0.2184598448882947,652.0,765.0,981.0,6.5200000000000005,7.65,9.81,12.884721487923105,44.01314287625394,13.310369875037642,0.9387491677759292,0.032640987682327004,mouse657905close310,0.2017101710171016,0.7506750675067508,0.3955895589558956,1
mouse657905,close,322,0.0389149424367765,0.0490072306431368,0.0470495565023471,4.059000958752672,2.8041013523125886,4.123561017588524,0.1593946830220374,0.1712939781642195,0.1727514627246084,2356.0,2138.0,2150.0,23.56,21.38,21.5,14.307267604556007,44.9728007231917,14.537255316833141,0.9387491677759292,0.021836929201593004,mouse657905close322,0.1369036903690369,0.36102610261026097,0.1922592259225923,0
mouse657905,close,324,0.0471461036512212,0.0186941595737874,0.0204995716948973,6.27325582981744,5.065941906903767,5.8392707125158845,0.1716501581926438,0.1749666845027388,0.1404450405131585,1577.0,1514.0,1618.0,15.77,15.14,16.18,14.307267604556007,44.9728007231917,14.537255316833141,0.9387491677759292,0.0386014550095692,mouse657905close324,0.1560756075607561,0.8781278127812784,0.4914491449144914,1
mouse657905,close,331,0.0243896467733703,0.0247705733089858,0.0464394509489165,1.9010966355585728,3.4700922501323515,0.0420996687143866,0.1758250692845696,0.2104027232472493,0.1969843567658058,835.0,756.0,875.0,8.35,7.5600000000000005,8.75,13.973416909229634,45.130231546378404,14.395248740492368,0.9443913383762051,0.0528372060023273,mouse657905close331,0.1595859585958596,0.8762376237623763,0.4990099009900989,1
mouse657905,close,330,0.0243799764369205,0.0488184842068619,0.0820126828097742,4.979555150871278,2.3289028980684483,1.309234874801591,0.2225118295127358,0.2427480759411479,0.21053156757804997,521.0,745.0,881.0,5.21,7.45,8.81,13.973416909229634,45.130231546378404,14.395248740492368,0.9443913383762051,0.0713194103072169,mouse657905close330,0.1371737173717372,0.8081908190819084,0.3847884788478849,1
