mouse,probe_position,unitID,VL_pre,VL_stimOn,VL_post,angle_pre_ch15,angle_stimOn_ch15,angle_post_ch15,MMR_Pre,MMR_stimOn,MMR_Post,Nspikes_pre,Nspikes_StimOn,Nspikes_post,Fspikes_pre,Fspikes_StimOn,Fspikes_post,inst_amp_pre_peak_ch,inst_amp_StimOn_peak_ch,inst_amp_post_peak_ch,distance_peakch_stim_tip,error_waveform,universal_ID,waveform_halfwidth,waveform_duration,waveform_REP,cluster
mouse577578,far,265,0.0749432904591996,0.045543556691131,0.0256452543957389,6.1552919245100215,3.4000250914242813,4.739230034131002,0.3026331982968229,0.2920627267732714,0.2665289254549227,196.0,210.0,275.0,1.96,2.1,2.75,21.098730976310133,163.45864152674258,22.40718879363296,2.6068419591528755,0.0341063571885298,mouse577578far265,0.2241224122412242,0.7506750675067508,0.4895589558955894,1
mouse577578,far,264,0.0555433567513408,0.0305414384986697,0.1131835789288576,1.3989569405363336,4.673964776410776,5.918873993650933,0.2798337958767353,0.2238979554923841,0.3210842632483786,354.0,385.0,269.0,3.54,3.85,2.69,21.098730976310133,163.45864152674258,22.40718879363296,2.6068419591528755,0.0244006628925016,mouse577578far264,0.1722772277227723,0.8117011701170118,0.4714671467146717,1
mouse577578,far,263,0.0509850067935453,0.0321109461441414,0.058750899029219004,3.1574759658858254,2.1738157262581743,1.542208685149012,0.4119782865732442,0.4346235200408983,0.2997629238369218,104.0,144.0,171.0,1.04,1.44,1.71,21.098730976310133,163.45864152674258,22.40718879363296,2.6068419591528755,0.0225699432069527,mouse577578far263,0.2435643564356435,0.751755175517552,0.6394239423942393,1
mouse577578,far,262,0.04695100490208999,0.0581618591801295,0.0594064590865958,1.9284786558953788,3.8371135001904406,5.7552202591191195,0.32198113079325,0.3560680098623585,0.34116083373230194,202.0,130.0,133.0,2.02,1.3,1.33,21.098730976310133,163.45864152674258,22.40718879363296,2.6068419591528755,0.0392769606614361,mouse577578far262,0.1606660666066606,0.4066606660666068,0.4898289828982898,0
mouse577578,far,271,0.0335479192231769,0.1117933151588463,0.0307229195088046,0.5260187185742775,1.876654204110548,2.4512779558802795,0.4113648512155983,0.417872239203312,0.4348357416467524,89.0,93.0,99.0,0.89,0.93,0.99,21.16423551808296,166.54808620835826,22.50524779968296,2.6068419591528755,0.0141514073387725,mouse577578far271,0.18901890189018897,0.8146714671467148,0.5616561656165616,1
mouse577578,far,269,0.0721206672958261,0.0649188282206009,0.0433682571924488,3.3251207935226432,0.1751341462905802,4.046350848727991,0.4643294783666484,0.3967685081394274,0.4142725102795227,133.0,122.0,101.0,1.33,1.22,1.01,21.16423551808296,166.54808620835826,22.50524779968296,2.6068419591528755,0.0823305134678247,mouse577578far269,0.2087308730873087,0.8200720072007202,0.5311431143114312,1
mouse577578,far,268,0.0289864322838004,0.0302161633487765,0.0468281568339186,4.655177401543674,0.4691349085183039,5.807343743517898,0.1501142331281058,0.13692991116619502,0.1865723818456305,1248.0,1255.0,1142.0,12.48,12.55,11.42,21.16423551808296,166.54808620835826,22.50524779968296,2.6068419591528755,0.0308611610135078,mouse577578far268,0.1976597659765977,0.6045904590459048,0.3518451845184518,1
mouse577578,far,523,0.0891068064277725,0.0678299526138823,0.0407641893127991,2.1505050846211464,2.0882615679516796,5.545806726874268,0.3531956002752981,0.3790394162469651,0.3723771327861317,180.0,189.0,201.0,1.8,1.8900000000000001,2.0100000000000002,21.16423551808296,166.54808620835826,22.50524779968296,2.6068419591528755,0.03478896824643,mouse577578far523,0.20603060306030602,0.7460846084608462,0.4844284428442845,1
mouse577578,far,266,0.0357522247964654,0.0300983184960942,0.061222833552771,6.270997441418323,1.4739709035594493,2.946508916885473,0.2871092782404678,0.2676220973465362,0.279151712948545,331.0,259.0,311.0,3.31,2.59,3.11,21.16423551808296,166.54808620835826,22.50524779968296,2.6068419591528755,0.0281170281114122,mouse577578far266,0.2225022502250225,0.8241224122412242,0.5281728172817285,1
mouse577578,far,267,0.1008910676900636,0.0958440006830021,0.0798573107897742,4.330759597194127,2.8540610508444377,3.8737309945754257,0.3719543886801499,0.4066848921747196,0.3846116300030907,115.0,166.0,156.0,1.1500000000000001,1.6600000000000001,1.56,21.16423551808296,166.54808620835826,22.50524779968296,2.6068419591528755,0.0127333546657433,mouse577578far267,0.1655265526552656,0.7377137713771379,0.4282628262826281,1
mouse577578,far,273,0.0369241686376667,0.0175241410431296,0.0332903683972684,2.409610921271458,3.7025052504829503,2.89337566855383,0.223673979896724,0.2265278724569572,0.2534900731050593,491.0,509.0,539.0,4.91,5.09,5.39,21.143548791223182,170.04995073095841,22.561700302313813,2.5938629493479413,0.0092568767744754,mouse577578far273,0.1882088208820882,0.8387038703870389,0.4466246624662465,1
mouse577578,far,275,0.0109353300671085,0.0569117840581006,0.064045195483841,5.579627304874197,4.8211127676204715,5.485746857937125,0.2595550106559361,0.221715608754385,0.2518922816915779,363.0,477.0,438.0,3.63,4.7700000000000005,4.38,21.38049283821684,172.87391998277909,22.787317468019122,2.5896428325157124,0.0300517976754077,mouse577578far275,0.18901890189018897,0.7790279027902791,0.6683168316831681,1
mouse577578,far,276,0.0718943095922733,0.0588102688615636,0.1193312888873631,2.741877809973805,5.441456501885044,0.5366949935013773,0.4205417024781329,0.4198761197602046,0.4337699911090082,108.0,96.0,63.0,1.08,0.96,0.63,21.38049283821684,172.87391998277909,22.787317468019122,2.5896428325157124,0.0291313772789935,mouse577578far276,0.1914491449144915,0.8333033303330334,0.4482448244824483,1
mouse577578,far,281,0.0343783512235885,0.0479395574243416,0.0339771027189387,3.371956024569901,2.6581308003533883,3.7501432031103907,0.2170415123920389,0.2522376176165329,0.2604295881913351,585.0,451.0,519.0,5.8500000000000005,4.51,5.19,20.702076386825485,173.03387455797727,22.461804159280213,2.5896428325157124,0.0233205609801487,mouse577578far281,0.1782178217821782,0.8287128712871289,0.4887488748874887,1
mouse577578,far,282,0.0835174596207959,0.0107725182043563,0.0611782769593885,3.5431944343705086,2.9597552205346735,5.972440454676202,0.3691704919747663,0.3114177217069196,0.2723330128980881,223.0,242.0,208.0,2.23,2.42,2.08,21.23287503926779,176.59604702731372,22.668667582217857,2.5813029655582858,0.0339478257976437,mouse577578far282,0.1882088208820882,0.8432943294329434,0.4528352835283528,1
mouse577578,far,283,0.1038305359938913,0.05179290841485701,0.0450928738997572,4.1922644614258395,4.782337389417932,5.326870775302148,0.34930850394005397,0.4716944304475453,0.2750041810032175,127.0,100.0,246.0,1.27,1.0,2.46,21.23287503926779,176.59604702731372,22.668667582217857,2.5813029655582858,0.0480325208339865,mouse577578far283,0.2673267326732673,0.8762376237623763,0.6361836183618361,1
mouse577578,far,284,0.0372717664536721,0.0569090136099882,0.0126697319921534,0.6224173894449618,4.99827603971537,0.7419247479019548,0.2535815263958278,0.2175368755629129,0.2393779987163682,519.0,553.0,567.0,5.19,5.53,5.67,21.23287503926779,176.59604702731372,22.668667582217857,2.5813029655582858,0.0128533896900999,mouse577578far284,0.2613861386138614,0.7598559855985599,0.7747074707470748,1
mouse577578,far,476,0.11857997906319302,0.0811270092717872,0.1150541345486017,1.1161334067452904,5.7266005435758265,3.0645672296504523,0.4758016950865424,0.3414089971611897,0.42417706384283,58.0,145.0,83.0,0.58,1.45,0.8300000000000001,21.11283511798088,176.58127398215174,22.426185300078807,2.577304793771974,0.0760067048933827,mouse577578far476,0.2349234923492349,0.841944194419442,0.5624662466246623,1
mouse577578,far,285,0.0645167667982308,0.0753273091420008,0.0835345140175549,3.1349685011890585,0.0419352174854215,3.875243290818947,0.3467493011928149,0.4021432160677051,0.3444919424558936,181.0,175.0,247.0,1.81,1.75,2.47,21.11283511798088,176.58127398215174,22.426185300078807,2.577304793771974,0.0308477676487007,mouse577578far285,0.2414041404140414,0.8686768676867688,0.5856885688568859,1
mouse577578,far,287,0.0798945705368572,0.0323050688982209,0.1073915186509556,4.5599099724522825,0.7504459013575618,4.5451568490748,0.3719614307141745,0.2955274889372765,0.3362302558521534,121.0,101.0,137.0,1.21,1.01,1.37,21.11283511798088,176.58127398215174,22.426185300078807,2.577304793771974,0.0718840536576501,mouse577578far287,0.2087308730873087,0.7228622862286229,0.3858685868586858,1
mouse577578,far,288,0.0173234513293696,0.0437549285508157,0.04586445139163099,1.996017807586864,5.161978070141071,3.915179030904708,0.2428475985025666,0.305543007853049,0.2673181347062377,384.0,453.0,343.0,3.84,4.53,3.43,21.11283511798088,176.58127398215174,22.426185300078807,2.577304793771974,0.0163108931942199,mouse577578far288,0.2111611161116111,0.7090909090909093,0.6340234023402339,1
mouse577578,far,291,0.0816878773836187,0.0829884550923853,0.0624574248775084,1.1302629490204863,2.294689084016128,3.9323582821609615,0.3992486580698178,0.28571085601678803,0.3536663845112883,118.0,161.0,170.0,1.18,1.61,1.7,21.04634566983407,180.64933448487687,22.467076531161567,2.577304793771974,0.0194996391201802,mouse577578far291,0.1763276327632763,0.7298829882988299,0.5192619261926191,1
mouse577578,far,293,0.0737229867643627,0.0626495764066937,0.114802735031872,5.6429380136524845,3.8435734595878137,5.875624115374162,0.3471270358344647,0.2494645492943637,0.4458352338953067,141.0,196.0,124.0,1.41,1.96,1.24,20.753758823873007,180.10542927780548,22.06822186500681,2.60060089210167,0.0142290228224266,mouse577578far293,0.116921692169217,1.0296129612961296,0.4639063906390639,1
mouse577578,far,299,0.0207013988213973,0.046875269269458,0.0461119047658624,4.526257100928151,4.793510942326137,0.7736296699763263,0.1660030372430174,0.1922493372229226,0.2314898275452313,682.0,594.0,669.0,6.82,5.94,6.69,20.9561317001648,184.6108401480226,22.275255600323764,2.5887979836209705,0.0458072537566318,mouse577578far299,0.2608460846084609,0.9037803780378041,0.4477047704770477,1
mouse577578,far,478,0.0472514999973926,0.1019427300095255,0.0234023327891581,2.347350217434129,5.675298093461268,1.067647389103131,0.2996336162471327,0.3726807406334709,0.3852649989510242,258.0,181.0,119.0,2.58,1.81,1.19,20.87677908619985,183.93572644016072,22.095818005027088,2.5887979836209705,0.056021253226306,mouse577578far478,0.2370837083708371,0.8473447344734475,0.588928892889289,1
mouse577578,far,302,0.0682172444749572,0.0507832871127839,0.0764268284746198,0.1407944133798057,0.7658935383840545,5.4878622773182695,0.4466831232481009,0.323127527578428,0.3409109466734589,154.0,313.0,270.0,1.54,3.13,2.7,20.87677908619985,183.93572644016072,22.095818005027088,2.5887979836209705,0.0280523766141681,mouse577578far302,0.1747074707470747,0.9048604860486048,0.4279927992799283,1
mouse577578,far,525,0.0890997919813259,0.0603457600808624,0.0220527834972206,1.6986617188129036,5.04765479755534,3.073359581054814,0.413552517511719,0.3385845223789402,0.4346133656190067,152.0,112.0,92.0,1.52,1.12,0.92,20.858118742439093,188.0153416734195,22.078770643883143,2.5887979836209705,0.0166694404327628,mouse577578far525,0.2054905490549055,0.8165616561656166,0.531143114311431,1
mouse577578,far,305,0.0372550223804774,0.0686290210616884,0.056027032288058,1.4574239584852269,1.1135802836391016,0.1105651040355337,0.2338566941880433,0.2449748312999702,0.2521220204925559,400.0,414.0,443.0,4.0,4.14,4.43,20.858118742439093,188.0153416734195,22.078770643883143,2.5887979836209705,0.0316255132729309,mouse577578far305,0.2443744374437444,0.6896489648964897,0.5489648964896491,1
mouse577578,far,315,0.0366780432132749,0.0182270304183127,0.0211537048758548,0.9715686142660956,5.367355835595382,0.2222053541029611,0.2566424861596723,0.297559672015222,0.3215600087720608,348.0,369.0,275.0,3.48,3.69,2.75,20.38687408894065,190.24076312211412,21.691382807176968,2.577426041615938,0.0272525372229009,mouse577578far315,0.1647164716471647,0.9126912691269128,0.4331233123312331,1
mouse577578,far,308,0.0842760238705391,0.0851041985843306,0.0324274040537672,3.7498372189663636,2.1017793628716315,3.7103689056775213,0.3765565337399217,0.4950066258044379,0.4025489501351403,102.0,110.0,103.0,1.02,1.1,1.03,20.279731812997717,197.10316166099273,21.469763798297734,2.577426041615938,0.0336560670555533,mouse577578far308,0.1903690369036903,0.8300630063006302,0.3923492349234924,1
mouse577578,far,321,0.0144928369886555,0.034416846472302,0.0387629007676815,4.962944512062381,5.8069546841644515,3.7709651759890863,0.1441626814434856,0.152475094280322,0.1704140658413123,1309.0,1511.0,1362.0,13.09,15.11,13.620000000000001,19.9457990198059,195.59918911228885,21.48700808671373,2.5741503452595773,0.021016424341915998,mouse577578far321,0.1425742574257426,0.4855085508550856,0.2586858685868587,0
mouse577578,far,322,0.0096021016482331,0.0237577379914943,0.0174488863788699,4.834311275162428,3.61517321409826,3.0043932083420684,0.2144592954299814,0.2318642864965253,0.2575526075838929,693.0,748.0,779.0,6.93,7.48,7.79,19.9457990198059,195.59918911228885,21.48700808671373,2.5741503452595773,0.043075143117331,mouse577578far322,0.3094509450945094,1.0042304230423045,0.7925292529252923,1
mouse577578,far,324,0.0546731132307508,0.0625954390725256,0.0499800780803093,5.980976233866043,4.289023308388831,5.981674749954909,0.3619944478136714,0.3350362140881482,0.2921819564875592,141.0,209.0,244.0,1.41,2.09,2.44,19.9457990198059,195.59918911228885,21.48700808671373,2.5741503452595773,0.0296311173344421,mouse577578far324,0.1825382538253825,0.8565256525652566,0.4174617461746174,1
mouse577578,far,314,0.0355840295775452,0.0393646269772666,0.0481382235503002,5.675002337872269,3.5272448635840954,5.887736820908271,0.2375766306782191,0.2834508653117499,0.2715726103354963,524.0,579.0,445.0,5.24,5.79,4.45,19.9457990198059,195.59918911228885,21.48700808671373,2.5741503452595773,0.0156000377490369,mouse577578far314,0.1706570657065707,0.7855085508550856,0.5662466246624663,1
mouse577578,far,326,0.1572147443905001,0.0786462901311262,0.0387040542366884,4.278240341979633,6.180550819385639,2.7761196409817797,0.4423690544440707,0.527662426197222,0.3047629873420827,108.0,132.0,202.0,1.08,1.32,2.02,20.193997005345352,200.94779242687923,21.249238329689785,2.5741503452595773,0.0323518905313894,mouse577578far326,0.1857785778577858,0.7998199819981999,0.43285328532853296,1
mouse577578,far,327,0.0448600997340604,0.083716147380367,0.0397971847900386,2.666967749078041,3.030874976963886,5.6352665809127975,0.2517754888171782,0.3529693730434716,0.2431527280754866,386.0,403.0,480.0,3.86,4.03,4.8,4.405954007822226,21.891752477933466,4.442036818455558,2.5664907948403006,0.0264314877219267,mouse577578far327,0.2357335733573358,0.9024302430243024,0.4779477947794778,1
mouse577578,far,484,0.0921402842930227,0.0598646364416373,0.0297413256612781,3.723855840494024,4.6201014798314635,2.6767379263380398,0.3725687009257438,0.3152670386323239,0.2872882602623382,137.0,289.0,238.0,1.37,2.89,2.38,4.405954007822226,21.891752477933466,4.442036818455558,2.5664907948403006,0.0390820420894071,mouse577578far484,0.21197119711971202,0.8724572457245726,0.5368136813681369,1
mouse577578,far,328,0.0496772848914595,0.0597071481472873,0.0175011376896261,3.8110976115271766,4.36518314691401,5.12671222984727,0.2641911997007617,0.3175106946398184,0.23159445195476,289.0,416.0,468.0,2.89,4.16,4.68,4.405954007822226,21.891752477933466,4.442036818455558,2.5664907948403006,0.024256592513536002,mouse577578far328,0.1647164716471647,0.5878487848784878,0.8505850585058509,1
mouse577578,far,332,0.0528431407246429,0.053350290535056,0.0113766099383888,4.236825969185961,4.592668318047688,6.095285068518254,0.2171250382853114,0.1869961266022888,0.1579057047023505,589.0,689.0,646.0,5.89,6.890000000000001,6.46,21.722646444596688,160.34240334626128,22.76049710598818,2.5871074581470332,0.0325162902578437,mouse577578far332,0.2735373537353736,0.8432943294329436,0.4412241224122414,1
mouse577578,far,331,0.0780382031467065,0.1295105251978805,0.0643506746122282,2.151639288644562,0.7438805655027352,3.8316385433752056,0.4694159418372005,0.4223863101798434,0.3042935321030697,83.0,137.0,211.0,0.8300000000000001,1.37,2.11,21.722646444596688,160.34240334626128,22.76049710598818,2.5871074581470332,0.0507148657072954,mouse577578far331,0.261926192619262,0.9137713771377138,0.5192619261926191,1
mouse577578,far,336,0.1364205197114245,0.0656104015665116,0.0650121750639568,4.812952181325759,2.9111962631556967,3.686832441414087,0.3233612336302167,0.3356461744324174,0.3695620719854399,206.0,126.0,188.0,2.06,1.26,1.8800000000000001,19.212069885675994,210.17951542240317,20.56830935514825,2.5871074581470332,0.0172958246086506,mouse577578far336,0.1612061206120612,0.8141314131413142,0.4396039603960399,1
mouse577578,far,341,0.0647276925126027,0.0763385054231636,0.0855010828197979,1.2847736704992332,2.1325552871148563,3.1349961547234897,0.4145564896376184,0.3974764499356586,0.3847107653017833,89.0,84.0,118.0,0.89,0.84,1.18,18.794554320683407,215.4077959272635,20.19124405362074,2.576941016011038,0.0259549711513144,mouse577578far341,0.1882088208820882,0.8195319531953196,0.4525652565256527,1
mouse577578,far,487,0.0747895568184799,0.0458386184864021,0.0255051884898368,4.787718841677346,6.0018179562306795,2.4437818785359378,0.3444401196016908,0.4305611428481037,0.3119884564222417,188.0,144.0,176.0,1.8800000000000001,1.44,1.76,18.794554320683407,215.4077959272635,20.19124405362074,2.576941016011038,0.0573439289928422,mouse577578far487,0.1644464446444644,0.794959495949595,0.4425742574257426,1
mouse577578,far,345,0.1202726156057239,0.0663036086571891,0.0880057293827789,4.877421716269668,4.560878105370236,5.080987936752137,0.4512767502401362,0.3804296227684936,0.4365676835047579,68.0,153.0,80.0,0.68,1.53,0.8,18.480539964770898,220.78951969868518,19.968375980263623,2.5743931323712004,0.0839422780005358,mouse577578far345,0.2532853285328533,0.7196219621962198,0.5462646264626464,1
mouse577578,far,348,0.0048782570322169995,0.0167994288790856,0.0153870616100881,4.806480015765875,0.5870888893257034,4.622108071154422,0.099049089847815,0.1441345994224124,0.1121375527822392,1880.0,2146.0,2028.0,18.8,21.46,20.28,18.36574529410955,220.28234346150924,19.726637955645334,2.5672212604292604,0.0060935081442820005,mouse577578far348,0.1493249324932494,0.2794779477947795,0.2295229522952295,0
mouse577578,far,347,0.0322399356773158,0.1465884791118013,0.1177382789180525,5.3475137570387785,1.7784917314299602,3.3003787451380187,0.4296081819519219,0.4879706712827715,0.367405580915828,64.0,89.0,178.0,0.64,0.89,1.78,18.36574529410955,220.28234346150924,19.726637955645334,2.5672212604292604,0.0675189238970184,mouse577578far347,0.1925292529252925,0.8195319531953197,0.5381638163816381,1
mouse577578,far,353,0.0146359365657723,0.0121720670393859,0.0257126015898911,5.573240704462087,0.6291723995992504,2.7667949128149916,0.1461113179602126,0.1384467209107898,0.1961024338800242,1349.0,1147.0,1079.0,13.49,11.47,10.790000000000001,17.99739500472842,225.13812965407746,19.4954538314756,2.5672212604292604,0.0313365026729807,mouse577578far353,0.2127812781278127,0.6110711071107112,0.3318631863186319,1
mouse577578,far,350,0.0278192023007443,0.0155778141962718,0.0311848657174943,4.818134176547773,4.278129964822067,4.299747952375148,0.2002188381264825,0.2049638447512186,0.21909937678955899,628.0,850.0,894.0,6.28,8.5,8.94,17.99739500472842,225.13812965407746,19.4954538314756,2.5672212604292604,0.0221007741944633,mouse577578far350,0.1428442844284428,0.36507650765076505,0.2405940594059408,0
mouse577578,far,359,0.0361099125726848,0.0070707084925936,0.1030283232963777,4.4011305865303045,2.8219272969260536,5.41258232057484,0.2409808223049985,0.1869442232922765,0.2616385172250106,747.0,641.0,532.0,7.47,6.41,5.32,17.640149222612727,231.1860708617619,19.026751446465326,2.5649074057361214,0.04789016874850199,mouse577578far359,0.1277227722772278,0.9070207020702072,0.4080108010801081,1
mouse577578,far,365,0.0599277448372081,0.0743418053300701,0.0211721367892187,2.8500941390994234,4.092525451104608,5.728814788728474,0.2686757834657362,0.2839378007123149,0.1971778796606208,404.0,437.0,420.0,4.04,4.37,4.2,17.640149222612727,231.1860708617619,19.026751446465326,2.5649074057361214,0.0465735512433556,mouse577578far365,0.1725472547254726,0.7792979297929795,0.4093609360936093,1
mouse577578,far,489,0.0124140731886382,0.0293524761788943,0.0322462218047464,2.5483647231698683,0.3500828394068237,4.768564059122651,0.2307871096185779,0.1766798858106172,0.2556374101926881,545.0,568.0,421.0,5.45,5.68,4.21,17.782635314558327,233.26425239761002,19.064053957371346,2.5579532833888896,0.0414727316256951,mouse577578far489,0.2173717371737173,0.7377137713771378,0.6324032403240324,1
mouse577578,far,363,0.0403641684293622,0.0584651883318901,0.0709679591927692,5.5678409998371325,3.5360205627291315,4.2267617650435225,0.2630208439474555,0.3851239600762374,0.286145838918832,234.0,247.0,292.0,2.34,2.47,2.92,17.782635314558327,233.26425239761002,19.064053957371346,2.5579532833888896,0.0290509317471284,mouse577578far363,0.1944194419441944,0.8073807380738075,0.4714671467146715,1
mouse577578,far,370,0.0420289807199343,0.0623304402702381,0.0233576642454799,4.062576560233868,5.551876738190519,1.2577798868534915,0.1571027107152252,0.22200527042173102,0.1690344787563732,1193.0,1089.0,958.0,11.93,10.89,9.58,17.431352120396063,238.93155990468586,18.766849430486207,2.581908209057789,0.0275479914498032,mouse577578far370,0.1957695769576958,0.5198019801980198,0.3070207020702071,0
mouse577578,far,368,0.0573327449930062,0.024245876154875997,0.0551944529878783,5.850484114840118,4.842994785774165,5.4400463576352145,0.1762079058608566,0.1453229100272906,0.1971144440181166,860.0,904.0,836.0,8.6,9.040000000000001,8.36,17.431352120396063,238.93155990468586,18.766849430486207,2.581908209057789,0.0386476064015227,mouse577578far368,0.1622862286228622,0.5470747074707472,0.3207920792079208,0
mouse577578,far,490,0.0547456836266129,0.0414573008507376,0.063360536918186,2.3874124877361558,4.450438571566312,3.084863246190477,0.2948589221172378,0.2215280338760769,0.2566237402710018,303.0,352.0,305.0,3.0300000000000002,3.52,3.0500000000000003,17.431352120396063,238.93155990468586,18.766849430486207,2.581908209057789,0.074289914393302,mouse577578far490,0.2797479747974798,0.6961296129612963,0.3920792079207923,1
mouse577578,far,366,0.0717168656918038,0.060834489283391,0.0505865366305996,3.9022046437710385,5.118254353456235,4.872594708700299,0.3002771653521311,0.2269580383409452,0.3818600106276507,300.0,309.0,171.0,3.0,3.09,1.71,17.431352120396063,238.93155990468586,18.766849430486207,2.581908209057789,0.0429894662826874,mouse577578far366,0.1733573357335733,0.5495049504950497,0.6110711071107112,1
mouse577578,far,374,0.0680868690613431,0.0742208660780918,0.0526626520876036,0.6352196467881303,3.9375814786338585,0.8474783968687112,0.3798932666230232,0.3254047628474502,0.3243125959904224,156.0,239.0,257.0,1.56,2.39,2.57,17.113675246682256,245.3640280374645,18.23314470978816,2.5798498018295564,0.0376299355306601,mouse577578far374,0.1736273627362736,0.8457245724572461,0.2948694869486946,1
mouse577578,far,375,0.19583942430393,0.0555448282908802,0.0798948966513728,0.4223916444488511,5.15262485475119,0.1174656602247053,0.4718673332225525,0.4360353515338169,0.35010148953519105,85.0,170.0,160.0,0.85,1.7,1.6,17.113675246682256,245.3640280374645,18.23314470978816,2.5798498018295564,0.05537643501013901,mouse577578far375,0.1522952295229522,0.8786678667866789,0.3675067506750676,1
mouse577578,far,309,0.032262490378739,0.0634160318502791,0.1354446968487704,1.101825461214733,3.0921767422936792,3.0291229738373096,0.3060196405958268,0.4032639763441159,0.453125620757235,234.0,84.0,63.0,2.34,0.84,0.63,20.62278202362868,187.77242359589616,21.81199130287508,2.5887979836209705,0.0432964995703497,mouse577578far309,0.2292529252925292,0.7938793879387941,0.6002700270026999,1
mouse577578,far,311,0.0300789682890897,0.0165431953909431,0.053831746908695,5.043731867325498,3.7951777803698397,3.6202256605820415,0.3434191730530453,0.3044170127885025,0.3013163886125394,192.0,272.0,242.0,1.92,2.72,2.42,20.6419306390022,191.1636508978576,21.783608197594447,2.577426041615938,0.0254414264572124,mouse577578far311,0.1895589558955895,0.8189918991899191,0.5495049504950494,1
mouse577578,far,286,0.0690261048695279,0.0404863658576849,0.0929108175472003,3.7575348141275198,4.52851132338967,5.7696050634967495,0.3580700086190996,0.2898952532015458,0.3152845515947081,214.0,256.0,197.0,2.14,2.56,1.97,21.11283511798088,176.58127398215174,22.426185300078807,2.577304793771974,0.031775064383867,mouse577578far286,0.2133213321332133,0.8457245724572459,0.5265526552655267,1
mouse577578,far,323,0.0537392239694492,0.0247558613096464,0.0345192101389801,4.1397011103922665,4.539990300229931,5.4113562673765045,0.3350021181885626,0.3423151796670718,0.3254400922196364,147.0,150.0,217.0,1.47,1.5,2.17,19.9457990198059,195.59918911228885,21.48700808671373,2.5741503452595773,0.0094185009908948,mouse577578far323,0.1436543654365436,0.4798379837983799,0.7377137713771379,1
mouse577578,far,360,0.012803125193598,0.0775198381102091,0.1242507466855316,4.653502115068882,4.590854138614977,0.0738604629238697,0.3250176367049003,0.401142843059395,0.515113547250586,226.0,173.0,73.0,2.2600000000000002,1.73,0.73,17.640149222612727,231.1860708617619,19.026751446465326,2.5649074057361214,0.0329525623353295,mouse577578far360,0.1387938793879388,0.8206120612061207,0.3901890189018905,1
mouse577578,far,380,0.0889044651178879,0.0431109208888169,0.0393456393878963,5.6964278190943975,0.39128025101049296,3.2648016499846584,0.2965456316819214,0.3026975825214584,0.272690918954882,394.0,259.0,179.0,3.94,2.59,1.79,16.93722773285268,248.44198513438786,18.097203567681127,2.573178967736213,0.0439057347954316,mouse577578far380,0.1900990099009901,0.8073807380738076,0.4344734473447343,1
mouse598180,far,2,0.0591355033074632,0.0888118364365228,0.0768467765457438,5.1348068948937815,1.1670604653555032,4.5184587143251775,0.2277212183179135,0.279682553511743,0.2077199818302677,693.0,656.0,762.0,6.93,6.5600000000000005,7.62,12.003468451651196,200.07435342072026,12.187788082555384,1.8201991649267395,0.0133207290989135,mouse598180far2,0.2225022502250225,0.6637263726372639,0.4161116111611164,1
mouse598180,far,3,0.019425975554041002,0.016093642237874,0.1142695289539283,0.786899729892951,4.471968353619734,5.324749327377206,0.4106759231839318,0.3327584454552924,0.3583100795882482,136.0,138.0,176.0,1.36,1.3800000000000001,1.76,12.003468451651196,200.07435342072026,12.187788082555384,1.8201991649267395,0.0515036051321003,mouse598180far3,0.1792979297929793,0.7579657965796581,0.3926192619261924,1
mouse598180,far,4,0.0266874966279842,0.0400656427700061,0.0079327104692433,4.1716197725149335,1.8195771122267788,1.1902641204473579,0.157440091264225,0.2062605826015395,0.1205273330052753,1245.0,1096.0,1309.0,12.450000000000001,10.96,13.09,12.003468451651196,200.07435342072026,12.187788082555384,1.8201991649267395,0.0244871365604058,mouse598180far4,0.2427542754275428,0.7876687668766877,0.3885688568856887,1
mouse598180,far,8,0.0627873062967136,0.0825700612293001,0.0380663647098026,3.347012353976388,1.0636224089811932,4.039058103201446,0.2849345844243869,0.2842708740617975,0.2328588752540624,538.0,507.0,557.0,5.38,5.07,5.57,12.287976852095563,229.75687123588372,12.668027320113941,1.8148691412881537,0.0345418727654693,mouse598180far8,0.2030603060306031,0.7034203420342036,0.38505850585058504,1
mouse598180,far,88,0.1133754392112852,0.0651905512040865,0.0812042610309696,4.530643302902608,2.123171719529032,4.9580508905364296,0.3804865664221262,0.4049890212848029,0.3274338170917623,141.0,144.0,123.0,1.41,1.44,1.23,12.287976852095563,229.75687123588372,12.668027320113941,1.8148691412881537,0.0186835805722877,mouse598180far88,0.19387938793879397,0.6783078307830784,0.4234023402340233,1
mouse598180,far,5,0.0462677813088637,0.0690853775306343,0.0959891575400644,3.6335376522552174,0.2941572260856656,4.721484288892318,0.2867652789793938,0.2851598847290837,0.3203286380376131,276.0,206.0,298.0,2.7600000000000002,2.06,2.98,12.287976852095563,229.75687123588372,12.668027320113941,1.8148691412881537,0.0178730076370195,mouse598180far5,0.1590459045904589,0.6515751575157517,0.3464446444644463,0
mouse598180,far,6,0.1381247836432666,0.0947268365523721,0.0764286560729707,5.083639591431025,1.816589780257383,4.7977494472991795,0.4700046238509276,0.5839186526722467,0.3860467747558745,60.0,82.0,114.0,0.6,0.8200000000000001,1.1400000000000001,12.287976852095563,229.75687123588372,12.668027320113941,1.8148691412881537,0.0142312338133056,mouse598180far6,0.1828082808280827,0.6140414041404142,0.3936993699369938,1
mouse598180,far,10,0.0163161961828155,0.1253043934443655,0.0944872296105318,5.791784913982536,1.003196099369015,3.3696853057011165,0.2559424528441076,0.336925224832599,0.2643183458030499,342.0,227.0,363.0,3.42,2.27,3.63,12.519878654746783,227.00664866613155,12.816811294195045,1.8148691412881537,0.0619051163365116,mouse598180far10,0.2835283528352836,0.7936093609360938,0.3796579657965798,1
mouse598180,far,90,0.0297706146843286,0.0458290028116605,0.039245676420274,5.821383198596712,0.7928497490834329,5.1689799349265995,0.2651833218416634,0.3119712853450366,0.382140631006808,284.0,130.0,179.0,2.84,1.3,1.79,12.519878654746783,227.00664866613155,12.816811294195045,1.8148691412881537,0.0354836823072379,mouse598180far90,0.1930693069306931,0.7655265526552656,0.493609360936094,1
mouse598180,far,11,0.0616279335833827,0.0301317388549707,0.1001957329139089,5.297207979746737,1.2989324273258032,4.779302627254576,0.3361299671915879,0.3797184593306424,0.474853287482505,153.0,91.0,95.0,1.53,0.91,0.9500000000000001,12.44447382281086,228.29048018456416,12.86837669600467,1.8093507122722232,0.019686328631173,mouse598180far11,0.2368136813681368,0.7401440144014402,0.5702970297029705,1
mouse598180,far,12,0.0441285051366127,0.035478818226362,0.0683072803825416,4.589169447232139,1.8413098479150736,4.063214542598682,0.228483994086578,0.3238652777711815,0.2383058711795333,753.0,587.0,669.0,7.53,5.87,6.69,12.44447382281086,228.29048018456416,12.86837669600467,1.8093507122722232,0.0400244968438765,mouse598180far12,0.317011701170117,0.7420342034203421,0.413951395139514,1
mouse598180,far,92,0.06311419177308901,0.1111344599812516,0.0264077369357122,3.4547424438583954,2.1922484192594656,1.62451287325378,0.308967395784214,0.2913105150805821,0.20726458035069398,430.0,376.0,401.0,4.3,3.7600000000000002,4.01,12.44447382281086,228.29048018456416,12.86837669600467,1.8093507122722232,0.0437542018446721,mouse598180far92,0.2095409540954096,0.6855985598559857,0.4288028802880287,1
mouse598180,far,91,0.0927960199855348,0.0177048487341119,0.0210289739890539,3.1932304587132307,2.625388730747111,0.839743719373741,0.4320999903954117,0.3813710245421545,0.3606973044628301,122.0,169.0,109.0,1.22,1.69,1.09,12.44447382281086,228.29048018456416,12.86837669600467,1.8093507122722232,0.0138450402333576,mouse598180far91,0.2233123312331233,0.8168316831683169,0.4458145814581459,1
mouse598180,far,15,0.0642521460506145,0.0556414489212141,0.0533217165290941,4.50078242471086,1.8925274275030053,3.1859421291837418,0.2981474318222624,0.2304752263177388,0.3124236612383771,230.0,300.0,296.0,2.3000000000000003,3.0,2.96,12.21178998895262,224.95198150026152,12.426967403007119,1.8093507122722232,0.0202782874401272,mouse598180far15,0.2362736273627362,0.6828982898289829,0.43879387938793896,1
mouse598180,far,16,0.0545220505108158,0.039638195364348,0.0205325544841748,3.9928055943734866,4.579963363578525,3.217601400933599,0.2254644595313043,0.2321816927341909,0.1709563514053195,559.0,492.0,555.0,5.59,4.92,5.55,12.21178998895262,224.95198150026152,12.426967403007119,1.8093507122722232,0.0221263132153084,mouse598180far16,0.2268226822682268,0.7301530153015302,0.4544554455445545,1
mouse598180,far,18,0.0658281530303561,0.032394634544658,0.046020775874293,3.4003498275404316,1.0441914266398735,3.43569663595352,0.2976243875925587,0.266122028699522,0.2566452301006169,283.0,369.0,339.0,2.83,3.69,3.39,12.346533044398265,224.58155081655644,12.467186262303278,1.8292758129926718,0.0217093932151762,mouse598180far18,0.1882088208820882,0.7323132313231323,0.3909990999099914,1
mouse598180,far,23,0.0581438721475478,0.0225603483437959,0.0374675981080669,1.8279015905463576,0.6730303181628456,1.0896430923452838,0.306156656375847,0.3345028289129085,0.3686102335514167,205.0,138.0,132.0,2.05,1.3800000000000001,1.32,12.581466400470305,223.8226266633544,12.725864245497368,1.829104972384035,0.0298830235250025,mouse598180far23,0.253015301530153,0.7522952295229524,0.4290729072907292,1
mouse598180,far,22,0.2434956562384709,0.1099225977983089,0.1090797188209508,6.246880305713807,6.012782241387511,4.616657711864468,0.5832191295598309,0.5205422143082323,0.4796950208437698,52.0,55.0,52.0,0.52,0.55,0.52,12.581466400470305,223.8226266633544,12.725864245497368,1.829104972384035,0.0342522755467978,mouse598180far22,0.18604860486048602,0.7328532853285329,0.4126012601260126,1
mouse598180,far,28,0.04061829496916299,0.0428526171697143,0.0320698988926251,3.4051284527058705,3.3741973063889916,5.246019401978211,0.28211803113732,0.2808126522814312,0.252295517129702,221.0,260.0,332.0,2.21,2.6,3.3200000000000003,12.097464948414625,219.81493123918807,12.376264855857901,1.829104972384035,0.0521607173725992,mouse598180far28,0.1722772277227723,0.6804680468046806,0.4782178217821781,1
mouse598180,far,29,0.070711900755204,0.1786402449011809,0.0360205945377753,2.6556066282037007,3.102450733427736,1.1870255692430802,0.3296221110726564,0.47193435045341603,0.3215035811850639,195.0,106.0,201.0,1.95,1.06,2.0100000000000002,12.097464948414625,219.81493123918807,12.376264855857901,1.829104972384035,0.0682900043926956,mouse598180far29,0.332943294329433,0.8009000900090011,0.4301530153015304,1
mouse598180,far,26,0.1281530044365529,0.0973691547285759,0.1483201548022083,3.7707170164876764,3.876527850823648,3.934924145546801,0.4557314415402386,0.401486810706361,0.3952235334899677,122.0,181.0,234.0,1.22,1.81,2.34,12.097464948414625,219.81493123918807,12.376264855857901,1.829104972384035,0.03098988977647,mouse598180far26,0.1247524752475247,0.2611161116111612,0.2073807380738074,0
mouse598180,far,27,0.1287944252543611,0.0720167222582218,0.0336842240143376,4.3203541937367715,3.76946909263404,3.4818925054129033,0.3572139776542491,0.3299275320271153,0.3996279167938849,172.0,140.0,134.0,1.72,1.4000000000000001,1.34,12.097464948414625,219.81493123918807,12.376264855857901,1.829104972384035,0.021010189403590996,mouse598180far27,0.16903690369036903,0.655895589558956,0.3450945094509453,1
mouse598180,far,32,0.0427164689515399,0.0281738508353249,0.0400655048828663,5.524214665599544,4.395976304590141,5.003213376522361,0.1612928796626912,0.1462639844750891,0.131335087830241,2147.0,2307.0,2021.0,21.47,23.07,20.21,12.491324162156467,219.08171567849428,12.762305823612607,1.8248287590894658,0.0309896873661173,mouse598180far32,0.1960396039603961,0.7363636363636364,0.4074707470747075,1
mouse598180,far,36,0.0555131610448107,0.35296845112356295,0.0452162050206559,4.24672403618624,3.478414652938038,0.1716971283980592,0.2597203861299569,0.6765306043184134,0.2412716488687531,410.0,834.0,420.0,4.1,8.34,4.2,12.361281710958776,217.4390573972088,12.723678825646513,1.8496621313093915,0.0451791779854033,mouse598180far36,0.1833483348334834,0.5729972997299732,0.2829882988298831,0
mouse598180,far,34,0.0832483876071011,0.1247158005853745,0.0484910406546944,5.738337107684106,0.5710225948409755,5.628343687827793,0.3876087150024264,0.3754567791020809,0.3149027968076428,125.0,125.0,146.0,1.25,1.25,1.46,12.361281710958776,217.4390573972088,12.723678825646513,1.8496621313093915,0.0441880513704188,mouse598180far34,0.1825382538253825,0.6423942394239426,0.6035103510351035,1
mouse598180,far,49,0.1166575196316234,0.0532616297250942,0.0648348943370617,4.502862449699574,3.0507471033492504,4.3406291920867455,0.273919815365948,0.2923464987726419,0.25114458476926504,657.0,571.0,598.0,6.57,5.71,5.98,12.248334275242588,215.13267864921625,12.584378968099305,1.8457721961282223,0.0328303718858454,mouse598180far49,0.1765976597659766,0.3094509450945094,0.2392439243924393,0
mouse598180,far,40,0.08180829078311701,0.0428292911676648,0.0447121130698608,4.1855530146448015,1.7850480729175815,4.608915966815012,0.2280512216132195,0.1237710084071401,0.1826329798000596,990.0,1020.0,1095.0,9.9,10.200000000000001,10.950000000000001,12.248334275242588,215.13267864921625,12.584378968099305,1.8457721961282223,0.0118028578375582,mouse598180far40,0.1477047704770476,0.3264626462646265,0.2306030603060307,0
mouse598180,far,96,0.0617228581839111,0.0137737964303245,0.0295985185550438,3.6208290075939535,5.460586856550436,4.027570576357761,0.2999803012395369,0.3039113656647284,0.2740292717390767,137.0,107.0,185.0,1.37,1.07,1.85,12.248334275242588,215.13267864921625,12.584378968099305,1.8457721961282223,0.0535183311643621,mouse598180far96,0.2044104410441044,0.7549954995499549,0.3769576957695769,1
mouse598180,far,39,0.0726628338865355,0.0733032503647897,0.0466312121494344,3.4445581436058332,3.7428934584346,4.8830182394005925,0.2881104957559987,0.2208885307498843,0.2778238835380318,393.0,500.0,353.0,3.93,5.0,3.5300000000000002,12.248334275242588,215.13267864921625,12.584378968099305,1.8457721961282223,0.016965793363088,mouse598180far39,0.2824482448244825,0.7209720972097209,0.4412241224122414,1
mouse598180,far,44,0.1313566483372436,0.0823711715509873,0.0685361812605404,2.912876633326764,4.102696831970059,4.106965598081437,0.3405329495519942,0.276169923907261,0.2666431786519916,380.0,300.0,322.0,3.8000000000000003,3.0,3.22,12.221613150958257,213.75444361425124,12.49814584660892,1.8462800437636755,0.0217573834314709,mouse598180far44,0.2284428442844284,0.7074707470747077,0.4317731773177317,1
mouse598180,far,46,0.0998463901305375,0.0447820168593165,0.0350506588368003,4.712407433362778,4.869459880209208,3.5186068332818885,0.4005433111915624,0.33689512155572304,0.3545904678353279,160.0,153.0,151.0,1.6,1.53,1.51,12.347173073019473,211.03343961799118,12.630428533360885,1.8462800437636755,0.0236206574714885,mouse598180far46,0.1838883888388839,0.8570657065706573,0.4552655265526552,1
mouse598180,far,47,0.0550120237830716,0.1121209809669346,0.1170714262384881,0.2287246227669317,3.4889582652209747,3.836022870275965,0.3921957813090614,0.3379359643738794,0.3265529376601132,103.0,226.0,167.0,1.03,2.2600000000000002,1.67,12.347173073019473,211.03343961799118,12.630428533360885,1.8462800437636755,0.0752261422420497,mouse598180far47,0.2605760576057606,0.8346534653465348,0.5030603060306029,1
mouse598180,far,50,0.0587632615749793,0.1542633268851321,0.0986087583082074,3.0370858273738843,1.7175167747744562,4.060854666101451,0.4203572281365985,0.4296707657147798,0.4648792129839325,118.0,157.0,101.0,1.18,1.57,1.01,12.154278875802607,207.1981331872848,12.485438212072015,1.8427221711370383,0.0218265507811066,mouse598180far50,0.1768676867686769,0.662916291629163,0.55004500450045,1
mouse598180,far,51,0.0362707994677363,0.0549881984961193,0.0375125478782567,2.226622932385129,5.990900926243134,2.9956804362974725,0.3631240910227376,0.4306922760109751,0.3928895150162,109.0,75.0,135.0,1.09,0.75,1.35,12.154278875802607,207.1981331872848,12.485438212072015,1.8427221711370383,0.0298921194287049,mouse598180far51,0.1741674167416741,0.8684068406840685,0.4957695769576961,1
mouse598180,far,53,0.0391904893394197,0.0867799687501345,0.0733360612799585,3.4665978448594053,2.9122052568588974,4.5368204766186615,0.3621361014058594,0.3103230381314154,0.3558710988113623,188.0,174.0,221.0,1.8800000000000001,1.74,2.21,12.325980429780312,205.76575457034232,12.704497605586948,1.8651407453594488,0.036137569206055,mouse598180far53,0.1698469846984698,0.7860486048604861,0.3561656165616563,1
mouse598180,far,54,0.0662169968663972,0.1251611610533668,0.0616941315176624,3.9458205173837615,1.1478867831682842,4.569841817930838,0.3684895288192623,0.2757307263980759,0.4402318037084448,203.0,134.0,81.0,2.0300000000000002,1.34,0.81,12.325980429780312,205.76575457034232,12.704497605586948,1.8651407453594488,0.0071630289660553,mouse598180far54,0.1736273627362736,0.6564356435643565,0.7390639063906391,1
mouse598180,far,56,0.0856856316182791,0.0819314784826373,0.10415305676422099,2.901840550884617,3.4890079307237745,0.4795019960782946,0.4382835116098113,0.5398371194904407,0.4880172426309302,96.0,94.0,55.0,0.96,0.9400000000000001,0.55,11.945521118166981,201.34354903074345,12.24978691841407,1.8651407453594488,0.0420101389237084,mouse598180far56,0.1571557155715571,0.8422142214221424,0.4088208820882087,1
mouse598180,far,59,0.0978308285777718,0.0662673046337012,0.0673391856523342,3.420211522400552,4.757949222848167,3.9960982620761616,0.3890620021874192,0.2515172905827327,0.337083231726648,159.0,230.0,290.0,1.59,2.3000000000000003,2.9,8.846182461947759,144.16604413280038,9.310757380468747,1.8634645153584224,0.0266242763617562,mouse598180far59,0.1698469846984699,0.9432043204320434,0.4266426642664266,1
mouse598180,far,60,0.0703344761443438,0.034502542365402004,0.0537708992652587,2.370147524740508,4.5603900479626205,4.9508942122568085,0.2927143399986622,0.2957135021480462,0.2796565475791644,396.0,429.0,398.0,3.96,4.29,3.98,8.77521358504975,139.76563471788106,9.273696778709944,1.888286260078169,0.0321847473311793,mouse598180far60,0.1339333933393339,0.7355535553555357,0.3226822682268225,0
mouse598180,far,64,0.0826882892663361,0.0345113405655739,0.0380795893515254,4.463503380393406,0.8628728503864352,4.315500863547173,0.3486490604410255,0.3212069165689251,0.3111981694942266,163.0,159.0,187.0,1.6300000000000001,1.59,1.87,11.772742937605624,199.06541115408558,12.099444713703411,1.888286260078169,0.0494300625471955,mouse598180far64,0.1879387938793879,0.8484248424842485,0.4911791179117913,1
mouse598180,far,62,0.0949609769593692,0.0470843321522876,0.0886788349220422,3.790129659044342,6.127613726184328,3.0008595178878816,0.3676939281493888,0.2894301018362473,0.2824558914349422,218.0,457.0,363.0,2.18,4.57,3.63,11.814730137732813,196.34298840789202,12.0316383663586,1.8872930350107269,0.0341198287482826,mouse598180far62,0.2144014401440144,0.9054005400540056,0.4979297929792979,1
mouse598180,far,69,0.06972618981600501,0.0502828566772574,0.0516730502422987,5.867452023145118,2.9608138373744586,2.8689687666314514,0.4484714040413214,0.3569777237781817,0.3895987006501663,70.0,111.0,105.0,0.7000000000000001,1.11,1.05,11.69478954997037,196.44679494382896,11.923887395885787,1.8872930350107269,0.0646112283182285,mouse598180far69,0.1541854185418542,0.7512151215121512,0.3504950495049505,1
mouse598180,far,71,0.095087734027012,0.0564290956559748,0.0415760847126036,3.7228525306944213,1.8923069075860173,1.9343165578726464,0.3839627118636858,0.3633192818986842,0.3740325700592022,142.0,156.0,143.0,1.42,1.56,1.43,11.662215359737505,195.02294744323203,12.006968456735606,1.8872930350107269,0.0491203280042692,mouse598180far71,0.15391539153915398,0.7393339333933394,0.38991899189919005,1
mouse598180,far,73,0.0568005915328162,0.0231783799845951,0.0509599467717886,3.6457347145071046,3.0314548534581425,4.745330635470406,0.2963466975496338,0.2282263247533444,0.2933172575726134,436.0,527.0,475.0,4.36,5.2700000000000005,4.75,11.305365408996439,190.43413547653043,11.658298655055633,1.8872930350107269,0.0192941905879505,mouse598180far73,0.1590459045904591,0.8462646264626466,0.5846084608460843,1
mouse598180,far,101,0.0709175708402744,0.0215075530128516,0.0597439540252763,4.662330578785737,2.3001582387828208,4.6871826838410255,0.1766554519581448,0.1789572689855144,0.1583196375667679,2046.0,1988.0,2184.0,20.46,19.88,21.84,9.71810202919467,163.44192439447315,9.928729066577699,1.939555361416632,0.0108721935415173,mouse598180far101,0.1236723672367237,0.2611161116111611,0.1663366336633663,0
mouse598180,far,48,0.0514473515275511,0.1017604855642946,0.0773708864927812,3.54362782179919,3.931805561256122,5.7523943453359205,0.4274252947124855,0.4422211196489503,0.5349705305166197,100.0,81.0,61.0,1.0,0.81,0.61,12.347173073019473,211.03343961799118,12.630428533360885,1.8462800437636755,0.022625674846505,mouse598180far48,0.1865886588658866,0.8189918991899191,0.5897389738973898,1
mouse598180,far,82,0.1261638943362165,0.2494334214827645,0.0802033208522138,4.2360897053277835,3.726048976414582,4.3383026975932335,0.3933497716278007,0.5295311535211937,0.3579027658642383,145.0,355.0,201.0,1.45,3.5500000000000003,2.0100000000000002,10.495717214868005,178.01581064129434,10.83317411056586,1.9106608804285496,0.0287501694022019,mouse598180far82,0.1090909090909091,0.3945094509450946,0.2446444644464445,0
mouse598180,far,74,0.223257249567699,0.0536283716281706,0.0733107916641534,4.161832057939602,0.2032216889499231,4.132408343702517,0.5969369303871375,0.4327451864883908,0.5287656982197009,69.0,54.0,68.0,0.6900000000000001,0.54,0.68,11.305365408996439,190.43413547653043,11.658298655055633,1.8872930350107269,0.0172063144584965,mouse598180far74,0.1509450945094509,0.8216921692169219,0.3237623762376237,1
mouse622179,far,53,0.0590593102965785,0.0449197752038526,0.0165876607807901,0.7283173576801529,5.438863424259387,5.66367573477682,0.1937466083081077,0.2216884289393744,0.1686244826768855,967.0,1054.0,1059.0,9.67,10.540000000000001,10.59,21.13250234096736,105.30895627526381,22.12020965571561,2.4204854884919267,0.0382306656212804,mouse622179far53,0.19495949594959502,0.3453645364536454,0.2481548154815481,0
mouse622179,far,61,0.0435004311396872,0.0324750134724918,0.015101821672604999,3.3658734948121443,2.647879426445229,2.7552116124477903,0.1912951770545637,0.2548291969817221,0.2476057845673276,684.0,853.0,872.0,6.84,8.53,8.72,20.29736939600964,163.97550446535948,21.267379549409746,2.411042305725887,0.0339039311434385,mouse622179far61,0.2006300630063007,0.6567056705670569,0.4787578757875789,1
mouse622179,far,62,0.0097789849123185,0.0396722646012018,0.0238415342558096,1.8915517003073965,3.1924703667532564,0.1234920550707716,0.1057434650540401,0.1417124741201002,0.2013227832091825,1628.0,1614.0,1988.0,16.28,16.14,19.88,20.29736939600964,163.97550446535948,21.267379549409746,2.411042305725887,0.06949238040138,mouse622179far62,0.1682268226822681,0.3861386138613861,0.2414041404140414,0
mouse622179,far,131,0.0386494682820329,0.0187909407004966,0.0267548768161197,4.400878695020434,3.0210757808207838,4.815568038576451,0.1810045243318236,0.1540085644825792,0.1780358899358614,736.0,708.0,742.0,7.36,7.08,7.42,20.53623494708641,213.43271950063087,21.441110788927734,2.4193232524819828,0.0380196391063638,mouse622179far131,0.1733573357335733,0.6194419441944197,0.2927092709270926,0
mouse622179,far,66,0.0858383091571863,0.0233632983622947,0.0193789921719718,2.64996943836235,0.9317872990684818,1.5509310242398158,0.2390804782567376,0.2782327456468494,0.1805970712718782,611.0,587.0,643.0,6.11,5.87,6.43,20.53623494708641,213.43271950063087,21.441110788927734,2.4193232524819828,0.0459722092475681,mouse622179far66,0.1693069306930693,0.5643564356435644,0.7385238523852385,1
mouse622179,far,68,0.0381792549247677,0.1883473367339265,0.0315055616541017,6.259504236292713,4.8938932099691685,0.56262014818075,0.1276709638595843,0.6370212936787919,0.1929426544890871,1487.0,1844.0,1564.0,14.870000000000001,18.44,15.64,20.09854445457953,224.7900538113768,21.164598110646857,2.4220342689565735,0.0416209920665222,mouse622179far68,0.2000900090009001,0.3224122412241225,0.2594959495949596,0
mouse622179,far,71,0.0144498718930602,0.0564724405370149,0.0526460090765195,5.437938602876795,1.2535090676424256,4.033526668225509,0.1827480247548757,0.2346690015335603,0.1834597987433797,647.0,462.0,637.0,6.47,4.62,6.37,19.930911249284232,228.65332743063942,20.79642336370313,2.4041630560342617,0.027118730183077002,mouse622179far71,0.1981998199819983,0.6572457245724572,0.3785778577857789,1
mouse622179,far,69,0.1298762218546565,0.0869437643793474,0.0643865698471389,3.9871101032296585,0.3058740500035871,3.9482532443116005,0.4119141339270762,0.3965417879052553,0.3186426418492548,216.0,277.0,262.0,2.16,2.77,2.62,19.86371259859002,242.5265476180601,21.02524182725564,2.4074104344710316,0.0530156527008343,mouse622179far69,0.1806480648064806,0.7204320432043205,0.3075607560756076,1
mouse622179,far,74,0.0317252588035923,0.01389420060025,0.028879096712150002,4.141632617819487,1.314419389324721,3.483046840767382,0.215273597884309,0.3351669805407012,0.2657162585670268,776.0,554.0,700.0,7.76,5.54,7.0,19.491924612911752,249.08299317057146,20.547980765176405,2.4109126902482387,0.0521116490804233,mouse622179far74,0.1698469846984698,0.5989198919891991,0.3094509450945093,0
mouse622179,far,115,0.0482978856940166,0.069358937008582,0.08882600808357699,4.083083699874884,2.1717562068821983,3.7756582259062235,0.3594486400289164,0.3088263213296039,0.3305945244929165,257.0,138.0,126.0,2.57,1.3800000000000001,1.26,19.889755865411647,267.91914851753313,20.820444853092734,2.4109126902482387,0.0421103368139984,mouse622179far115,0.1782178217821782,0.5972997299729974,0.3507650765076509,0
mouse622179,far,75,0.0219091445624679,0.1343484611335107,0.008674219919358,0.2575269976745956,5.014883310321986,5.310795981041785,0.1286346877496804,0.5084166624579737,0.1353555597423906,1594.0,1671.0,1876.0,15.94,16.71,18.76,19.889755865411647,267.91914851753313,20.820444853092734,2.4109126902482387,0.066245897536359,mouse622179far75,0.2441044104410441,0.4323132313231324,0.2905490549054905,0
mouse622179,far,73,0.0283602811569002,0.037834935642612,0.0206270932962941,2.0514852552254497,1.0461265412952052,0.5936198973228477,0.2531868877774804,0.3469096806996095,0.200728515169171,567.0,338.0,561.0,5.67,3.38,5.61,19.889755865411647,267.91914851753313,20.820444853092734,2.4109126902482387,0.0411051840650985,mouse622179far73,0.21899189918991896,0.7325832583258327,0.3448244824482448,1
mouse622179,far,77,0.1360655279386787,0.1100113939958383,0.0867071305245415,5.7363002218212085,3.2159786854785186,3.1289916025984783,0.525017903909799,0.5356276393849849,0.4813660247607558,56.0,58.0,112.0,0.56,0.58,1.12,19.538344493695075,274.698430469473,20.29114621714552,2.405332617331749,0.0648925511581441,mouse622179far77,0.1954995499549955,0.6896489648964899,0.395049504950495,1
mouse622179,far,80,0.0173556712164446,0.0747145352998222,0.0322280116550905,2.465343336802309,0.8614494568440341,2.367968321340898,0.17088718610004,0.2064297574106887,0.175717611471534,1070.0,943.0,1266.0,10.700000000000001,9.43,12.66,19.8275259971314,298.8812400360852,20.48568674006465,2.405332617331749,0.0229890219498704,mouse622179far80,0.2349234923492349,0.7579657965796581,0.3553555355535552,1
mouse622179,far,79,0.0332386433151278,0.0426257785341557,0.0419627744370666,0.531753716367225,0.3651911237535133,1.1241311614122185,0.1455526237969341,0.2177435506261811,0.1631318299502393,1153.0,1058.0,1154.0,11.53,10.58,11.540000000000001,19.8275259971314,298.8812400360852,20.48568674006465,2.405332617331749,0.0562113988044874,mouse622179far79,0.2897389738973898,0.3545454545454546,0.2667866786678667,0
mouse622179,far,81,0.0154793729138668,0.0572665266950354,0.0073170028999239,5.870438418928959,0.269173614028551,5.644223629854262,0.1338298630209781,0.2275242597409773,0.16748534933722198,1283.0,1152.0,1215.0,12.83,11.52,12.15,19.504043057913478,329.7381910731977,20.333849309522527,2.414150989478496,0.0310024614503482,mouse622179far81,0.2327632763276328,0.6953195319531954,0.3685868586858686,1
mouse622179,far,116,0.0709993773516222,0.0736395945601526,0.0824692664139744,2.8060395385150434,5.55304809931651,1.831656009368568,0.3818658641869771,0.384658210783418,0.4059517887693005,219.0,168.0,150.0,2.19,1.68,1.5,19.504043057913478,329.7381910731977,20.333849309522527,2.414150989478496,0.0431071439527391,mouse622179far116,0.2624662466246625,0.7144914491449146,0.38991899189919005,1
mouse622179,far,117,0.0383607443038056,0.0718785195068148,0.031852900140276,4.833533937345216,2.063973204986356,5.594288419420341,0.2239280605626813,0.3089069292293253,0.234342048105685,577.0,413.0,429.0,5.7700000000000005,4.13,4.29,19.241575165144692,322.9661627604189,20.02554115160121,2.418935716384377,0.0435980358055048,mouse622179far117,0.258955895589559,0.7377137713771379,0.3553555355535555,1
mouse622179,far,118,0.0251797563844555,0.1069707834587601,0.026403108672828,5.595517924758714,1.9738714753963889,6.086546815262591,0.1862631677166775,0.3549345683997126,0.2124306268858352,798.0,458.0,641.0,7.98,4.58,6.41,19.69455005937396,344.7189771108627,20.491296384134692,2.418935716384377,0.0227454126425947,mouse622179far118,0.2206120612061206,0.7223222322232223,0.3442844284428444,1
mouse622179,far,119,0.0335301818200074,0.010134207380660998,0.0491470510539985,5.515116621116868,1.015772997591903,1.7212050715513407,0.2181825644002767,0.2973145004009589,0.2001540349596521,743.0,729.0,713.0,7.43,7.29,7.13,19.058200076436144,333.0177847608698,19.85709953519481,2.4239688529352024,0.0195043169512886,mouse622179far119,0.2162916291629163,0.6453645364536454,0.396129612961296,1
mouse622179,far,85,0.0261107027243761,0.029296053263435002,0.0443702648787561,3.4085420725195514,0.4947733808834602,3.6785296140889883,0.2276951295267213,0.1996352772639976,0.2550593580095798,383.0,484.0,399.0,3.83,4.84,3.99,19.17620210163386,354.6525460485771,19.90468387134541,2.4239688529352024,0.0361990718643267,mouse622179far85,0.2117011701170117,0.6950495049504951,0.3764176417641766,1
mouse622179,far,83,0.0588287008543001,0.05601398912065401,0.0656802454469156,1.5651389977355823,3.8960980800474236,3.695843602562562,0.2835611844037744,0.2907699190938603,0.3513402196137737,277.0,392.0,287.0,2.77,3.92,2.87,19.17620210163386,354.6525460485771,19.90468387134541,2.4239688529352024,0.0453768952545112,mouse622179far83,0.1587758775877588,0.7023402340234025,0.3272727272727272,1
mouse622179,far,86,0.0719519756321341,0.0453953307496183,0.0467693037455073,4.540805948946327,2.9545140021461065,2.8613578284318626,0.2605073455661831,0.1919017061272982,0.2387202681712092,516.0,586.0,537.0,5.16,5.86,5.37,18.9968965007602,377.96104077161436,19.550599117674345,2.434774116833017,0.0290592692884931,mouse622179far86,0.1911791179117912,0.6966696669666967,0.3415841584158415,1
mouse622179,far,88,0.0323952561514333,0.0582341915575426,0.0202001510168206,5.866606812835177,4.563057873853712,3.01008963792009,0.2310332582745668,0.2284426137799215,0.1531081062975755,824.0,893.0,943.0,8.24,8.93,9.43,19.128590408964705,403.581857558141,19.674148284239962,2.4217762076624667,0.0390032371121517,mouse622179far88,0.18199819981998197,0.3124212421242124,0.2381638163816382,0
mouse622179,far,122,0.2371833152954363,0.0362329258731027,0.0195334028213765,1.144680273745519,2.3823203745188635,0.6888900314593418,0.5766285347318391,0.5578722228745536,0.3103517670407252,79.0,68.0,127.0,0.79,0.68,1.27,18.7950458895062,394.08855775701835,19.83111916749872,2.4275759514379773,0.0589666519554163,mouse622179far122,0.2071107110711071,0.7120612061206121,0.3799279927992799,1
mouse622179,far,120,0.0530528252582621,0.0296866050659556,0.0694247931449021,2.021493083515682,6.176868578701041,1.1454800368383613,0.2849567290724335,0.3314234140134327,0.3979608165120749,163.0,198.0,145.0,1.6300000000000001,1.98,1.45,19.128590408964705,403.581857558141,19.674148284239962,2.4217762076624667,0.0456310042373844,mouse622179far120,0.1728172817281729,0.8044104410441045,0.3891089108910891,1
mouse622179,far,121,0.0622426069027382,0.1191159352086151,0.2890435165626657,3.9373236301482235,3.4919422135466633,6.253330041054975,0.4436571462482365,0.5602730021490654,0.635304325546026,125.0,59.0,22.0,1.25,0.59,0.22,18.75426128657241,430.81570218024336,19.587557190705322,2.4275759514379773,0.0464595905560445,mouse622179far121,0.1863186318631863,0.7266426642664269,0.3774977497749775,1
mouse634572,far,313,0.0288111591745485,0.030537209888441004,0.0881677610543574,2.0771302323401106,1.0849638983379726,2.507339094102074,0.2773442188842156,0.2856326151804842,0.41724185451229207,305.0,145.0,152.0,3.0500000000000003,1.45,1.52,19.20750909274405,37.70434334270665,19.87232279179669,2.351329411205499,0.0487343280626233,mouse634572far313,0.1790279027902791,0.7585058505850586,0.4714671467146717,1
mouse634572,far,151,0.030741845759163996,0.051006614728934994,0.0598592991735907,0.1273918004368095,1.18053377535222,5.9152416362788784,0.2184556688847539,0.2835333843042519,0.2645728560400884,790.0,701.0,725.0,7.9,7.01,7.25,20.591990379582708,59.71747002511128,21.062868383610272,2.371840003035618,0.0172227003405347,mouse634572far151,0.1714671467146715,0.2832583258325833,0.223042304230423,0
mouse634572,far,152,0.0533662507058515,0.0347178926699511,0.1329926665121757,5.843091367014514,3.981629245003409,0.9447190665897042,0.3986437694759981,0.3313208761276287,0.4185486348931121,122.0,132.0,121.0,1.22,1.32,1.21,20.591990379582708,59.71747002511128,21.062868383610272,2.371840003035618,0.0162114791641274,mouse634572far152,0.1228622862286228,0.6413141314131414,0.2581458145814581,0
mouse634572,far,163,0.0382953514140054,0.0170854625112773,0.1670137130570112,2.0492484277955265,3.697943103026092,1.9647261843442088,0.2984480384578338,0.2360750993663249,0.4836018260591265,327.0,358.0,96.0,3.27,3.58,0.96,19.98777302876536,51.6489779163684,20.328527968693386,2.3738154940938445,0.0648555476676514,mouse634572far163,0.1441944194419442,0.5837983798379839,0.2921692169216923,0
mouse634572,far,166,0.2135788216697096,0.1254751188697131,0.0775912873743827,5.004346781052828,4.84674778876509,1.3806478292433528,0.49878232110166104,0.3555741382325045,0.3940426085958077,71.0,87.0,96.0,0.71,0.87,0.96,20.527203419376892,52.50585005167114,20.775540781539885,2.3738154940938445,0.0454495780539682,mouse634572far166,0.2203420342034203,0.7814581458145815,0.4190819081908193,1
mouse634572,far,164,0.0865319008482785,0.1074733408012114,0.0805771102612509,0.117447762978188,6.185073880346664,2.1674126167506182,0.4075840417677492,0.4613394011364627,0.3998010681249296,106.0,118.0,95.0,1.06,1.18,0.9500000000000001,20.527203419376892,52.50585005167114,20.775540781539885,2.3738154940938445,0.0452413419224214,mouse634572far164,0.1639063906390638,0.7846984698469849,0.3726372637263725,1
mouse634572,far,165,0.0541185448795201,0.0326741832733368,0.0377467539021047,2.9940449472477035,2.7651493670347547,4.360310564705378,0.2049534882526809,0.1909566848215774,0.2129023471604199,634.0,372.0,464.0,6.34,3.72,4.64,20.489330852866555,49.971907730585386,20.7063797233946,2.375,0.0699684344283752,mouse634572far165,0.2125112511251125,0.8362736273627365,0.4895589558955898,1
mouse634572,far,169,0.0370147797652722,0.0230823277060058,0.05604851318788599,5.067659513219294,5.135355482156464,5.8780499673752855,0.1917227465952359,0.176949880045328,0.1761829444426271,952.0,1058.0,974.0,9.52,10.58,9.74,20.00789192607133,47.22617765891056,20.126104694440397,2.376446927663229,0.0228786031819826,mouse634572far169,0.21602160216021601,0.6461746174617463,0.3864086408640862,1
mouse634572,far,175,0.0193407474213018,0.0091914598375786,0.0313936012167716,4.918183712422689,0.6737329583260945,0.1660307585697408,0.1519305613089179,0.1257301635416264,0.1459772589652714,1635.0,1685.0,1778.0,16.35,16.85,17.78,19.768961447595604,44.62465836764058,20.104321786489532,2.376446927663229,0.0177756025521835,mouse634572far175,0.1801080108010802,0.2927092709270927,0.2384338433843386,0
mouse634572,far,177,0.0528841912080979,0.0357251625139591,0.0519877827678248,0.5155152139532359,3.064776234890416,0.9792994435722332,0.1703530074244746,0.1754691104161697,0.1897483367629602,1110.0,1212.0,1387.0,11.1,12.120000000000001,13.870000000000001,19.768961447595604,44.62465836764058,20.104321786489532,2.376446927663229,0.0236166451475082,mouse634572far177,0.1528352835283528,0.2513951395139514,0.2003600360036003,0
mouse634572,far,178,0.0344587321033636,0.022646372325823998,0.0143360332204188,2.899633227993016,3.8996266206400167,4.378971078280463,0.2196173411264997,0.1453301079313052,0.1340347550664422,1291.0,1298.0,1519.0,12.91,12.98,15.19,20.21538763718121,45.55111469506114,20.671690776699176,2.378155798092295,0.0189798088525507,mouse634572far178,0.1522952295229522,0.2486948694869487,0.197929792979298,0
mouse634572,far,188,0.1227431641771352,0.0805120334046223,0.0976575145961718,5.393251352086352,4.884481019414352,3.4839698611354657,0.4884043087724627,0.4370096715082165,0.4385834811017335,58.0,90.0,99.0,0.58,0.9,0.99,20.172036783440312,41.456740438607135,20.73631379719892,2.368279966558008,0.0204627243562473,mouse634572far188,0.1844284428442844,0.7736273627362737,0.3934293429342933,1
mouse634572,far,189,0.0151354364538375,0.0228507382328933,0.0140019360115385,2.0151807238260213,5.9137826100546285,0.8881359284862809,0.1820173162923309,0.1408243528442464,0.1714892383992848,914.0,965.0,1135.0,9.14,9.65,11.35,17.173898153575866,62.91702567482279,17.78006371989989,2.368279966558008,0.0254885729007604,mouse634572far189,0.1266426642664265,0.7158415841584159,0.3302430243024302,0
mouse634572,far,199,0.07618228921571901,0.0816735132543969,0.0633851302100415,0.603843001580723,6.135670232729197,3.8947188313150765,0.3523326253731252,0.2594343913211163,0.3557449820316339,185.0,237.0,207.0,1.85,2.37,2.07,17.325606543826574,63.0020133281803,18.01250008191364,2.391390808713624,0.0603781922910609,mouse634572far199,0.2227722772277227,0.6294329432943296,0.3785778577857787,1
mouse634572,far,190,0.0195177547603416,0.0494796259531898,0.0178889317508936,3.350513274694296,0.5115162692054214,1.7800047025248549,0.1611257842289321,0.1872136059503502,0.1967082995201728,652.0,771.0,744.0,6.5200000000000005,7.71,7.44,17.325606543826574,63.0020133281803,18.01250008191364,2.391390808713624,0.0472348286339708,mouse634572far190,0.1706570657065707,0.6386138613861386,0.2613861386138616,0
mouse634572,far,193,0.0556319723408932,0.0475784579640986,0.0398411036056612,3.2996098040608883,2.1989761821291443,1.8010787860025563,0.3208929784777022,0.3416876755340518,0.2303774643251216,353.0,350.0,412.0,3.5300000000000002,3.5,4.12,16.98368419308779,68.79692216164526,17.56687312708765,2.391390808713624,0.0349264473294632,mouse634572far193,0.1833483348334833,0.7655265526552656,0.3353735373537355,1
mouse634572,far,194,0.0246498108415553,0.0334241112741827,0.0177349335826171,3.4932096111768725,1.2034570675045977,5.6253080016868315,0.2005287789157404,0.2685838446684999,0.1856494006418222,827.0,773.0,892.0,8.27,7.73,8.92,16.98368419308779,68.79692216164526,17.56687312708765,2.391390808713624,0.0154561337354839,mouse634572far194,0.1954995499549955,0.7684968496849686,0.3818181818181819,1
mouse634572,far,196,0.0271160012360746,0.0090337943666079,0.0343787394400285,5.9548958615255145,0.31637436206742,5.813463874131435,0.1065144309640379,0.0718312311466638,0.0916620116290629,4826.0,4884.0,4718.0,48.26,48.84,47.18,17.30099819432431,69.15511387649855,17.61617405527004,2.394133454926855,0.0242641506215094,mouse634572far196,0.1458145814581458,0.2840684068406841,0.2395139513951394,0
mouse634572,far,182,0.0195515723521439,0.0384588056956388,0.0253856085605092,4.588212025852616,0.4596988495506123,2.5766116120721323,0.1614338866607248,0.1448855169301599,0.1298783693994814,1363.0,1435.0,1459.0,13.63,14.35,14.59,17.30099819432431,69.15511387649855,17.61617405527004,2.394133454926855,0.0343786545702238,mouse634572far182,0.2427542754275428,0.7728172817281729,0.4579657965796578,1
mouse634572,far,198,0.0403215242875626,0.0356834862523711,0.0509082387179441,3.701291381327715,5.134751427584813,4.393581789710532,0.2351316986270761,0.1845356549986409,0.1846985792943435,607.0,742.0,678.0,6.07,7.42,6.78,17.30099819432431,69.15511387649855,17.61617405527004,2.394133454926855,0.0306735793802849,mouse634572far198,0.2540954095409541,0.7490549054905492,0.3391539153915389,1
mouse634572,far,197,0.0178272478648099,0.0268280643444244,0.0313193564426029,0.5345729481324705,0.7940803745227809,0.6437358972503483,0.1508853710165441,0.1349725588234778,0.141979593762869,1996.0,1879.0,1745.0,19.96,18.79,17.45,16.88067690684668,74.70489620238489,17.33801405959963,2.394133454926855,0.0748427971336013,mouse634572far197,0.1728172817281729,0.3839783978397841,0.8662466246624664,1
mouse634572,far,204,0.1009410922942968,0.0364064787703872,0.0205916794583113,6.138456984018532,3.9851187876657765,0.8474764676162221,0.3760285831363966,0.3374913810074485,0.2282059843531836,157.0,279.0,368.0,1.57,2.79,3.68,19.12075804045425,36.95748499140434,19.69338247737162,2.397133705073624,0.0398813105931793,mouse634572far204,0.1693069306930693,0.6024302430243026,0.3197119711971197,0
mouse634572,far,205,0.0205779843629332,0.0682337959614061,0.0306779354833075,5.5467019169877885,4.091394062216109,3.9206645203646966,0.2342182472123375,0.2433672552254296,0.2331704551711658,433.0,461.0,492.0,4.33,4.61,4.92,19.12075804045425,36.95748499140434,19.69338247737162,2.397133705073624,0.0120544806139417,mouse634572far205,0.2252025202520252,0.6845184518451848,0.3772277227722772,1
mouse634572,far,207,0.1263463646164561,0.0262877541973723,0.0441931173354122,0.7498768621051244,5.7472792289990755,4.706896577029903,0.3763408763131159,0.4259084480095506,0.3814561875280018,200.0,150.0,124.0,2.0,1.5,1.24,19.12075804045425,36.95748499140434,19.69338247737162,2.397133705073624,0.0212366245264313,mouse634572far207,0.1814581458145815,0.7544554455445546,0.3364536453645365,1
mouse634572,far,209,0.04460044475516001,0.0528684124468719,0.0477608273640314,3.697688975538795,5.039059900266689,4.629727980347539,0.3032346130683441,0.3711992572179466,0.3224672915198533,207.0,223.0,153.0,2.07,2.23,1.53,19.22527348734398,36.853385747466724,19.799750619528147,2.4003905932160294,0.0468001410185874,mouse634572far209,0.1531053105310531,0.8208820882088209,0.2589558955895591,1
mouse634572,far,212,0.0120045720701259,0.048940908175046,0.0383907998432976,5.645512834925902,6.10683939954709,5.542590752841135,0.2423150830095935,0.2838888047837015,0.2388184628017142,436.0,482.0,510.0,4.36,4.82,5.1000000000000005,18.91953864197829,37.80035379809999,19.49603759218203,2.4003905932160294,0.008412672332701,mouse634572far212,0.1544554455445544,0.655895589558956,0.30405040504050396,0
mouse634572,far,326,0.083643415058196,0.0384826601372549,0.0309563409142573,3.41140899336631,4.404617618655998,3.2078583089687682,0.3487510806586256,0.2227779910929467,0.2940543292449092,287.0,225.0,378.0,2.87,2.25,3.7800000000000002,18.91953864197829,37.80035379809999,19.49603759218203,2.4003905932160294,0.0569293040038795,mouse634572far326,0.2265526552655266,0.6545454545454547,0.4166516651665167,1
mouse634572,far,213,0.0103161695318421,0.0349087137629998,0.0493223456242667,5.801411479594697,3.754753592488576,0.8269350652879587,0.1682915790454795,0.1978679135619173,0.1754959109895009,1011.0,1050.0,1041.0,10.11,10.5,10.41,18.94357350888629,37.543384246601256,19.669648536316306,2.403903076249124,0.0193096698286785,mouse634572far213,0.1903690369036904,0.5954095409540955,0.3639963996399641,1
mouse634572,far,329,0.0189073459475965,0.0245394423490821,0.03063593759447,5.9592817273237575,5.306650952809719,0.076808237470678,0.1604626576406439,0.1636945040677214,0.152206862587578,1247.0,1149.0,1088.0,12.47,11.49,10.88,18.771168517452146,38.73472846721582,19.33017193762744,2.403903076249124,0.0117403691526332,mouse634572far329,0.2486948694869487,0.6893789378937895,0.4379837983798381,1
mouse634572,far,215,0.0147558275108078,0.0260170260502485,0.0350997250034121,4.073090704104622,3.8824138271967343,0.1641561641252088,0.1634264810955147,0.2375094614545098,0.1795682853166886,845.0,671.0,853.0,8.45,6.71,8.53,18.771168517452146,38.73472846721582,19.33017193762744,2.403903076249124,0.0178594390868448,mouse634572far215,0.1992799279927992,0.6396939693969399,0.3475247524752475,1
mouse634572,far,216,0.0153519841317115,0.0339635422089458,0.0262779360250224,0.3612800314298081,5.359414620673441,5.681451052149876,0.213796008012442,0.1541074327348655,0.17423181586515699,636.0,807.0,803.0,6.36,8.07,8.03,18.771168517452146,38.73472846721582,19.33017193762744,2.403903076249124,0.0307622516561335,mouse634572far216,0.1371737173717372,0.2732673267326733,0.2176417641764176,0
mouse634572,far,221,0.0462362445305058,0.0201524243073447,0.0189466769504983,0.5097791866579545,2.438139254255568,3.945708680106395,0.1557591114084549,0.1351560938350466,0.1605271396358318,1219.0,1191.0,1221.0,12.19,11.91,12.21,18.56638018147819,40.528319003155254,19.062654892023605,2.403903076249124,0.0188135093263194,mouse634572far221,0.2357335733573357,0.6826282628262828,0.3928892889288927,1
mouse634572,far,223,0.0278652666472488,0.0596953132068119,0.0285414532498577,3.3282597998255468,5.7430426727906845,0.8944418565872065,0.2282407420456228,0.2543479449599399,0.232483442021362,590.0,623.0,654.0,5.9,6.23,6.54,18.73045812911327,40.22620351399962,19.212937201200663,2.4076700355322784,0.0106034245537403,mouse634572far223,0.1936093609360936,0.6383438343834386,0.3445544554455445,1
mouse634572,far,224,0.1775533534827009,0.1091510075108928,0.1087361310753398,1.2912805967504328,6.043292619837728,1.9196939947722342,0.4902510503547471,0.5053020750155613,0.4324116973570042,67.0,77.0,93.0,0.67,0.77,0.93,18.73045812911327,40.22620351399962,19.212937201200663,2.4076700355322784,0.0227001693200808,mouse634572far224,0.1560756075607561,0.7117911791179118,0.2932493249324933,0
mouse634572,far,332,0.0239136789729614,0.0242901644415762,0.0372837220342682,3.2174702226099483,5.229800634240852,3.543096009011373,0.1905581361789057,0.1555301986856391,0.1966719230438231,659.0,700.0,770.0,6.59,7.0,7.7,18.73045812911327,40.22620351399962,19.212937201200663,2.4076700355322784,0.0216507180930026,mouse634572far332,0.2162916291629163,0.831953195319532,0.3675067506750676,1
mouse634572,far,334,0.0358437034860649,0.0235322982319249,0.0256342397013724,1.6859185097367917,6.149993054577293,1.4039095395769552,0.2481488762714636,0.2267616518366423,0.2076252270147512,509.0,464.0,418.0,5.09,4.64,4.18,18.73045812911327,40.22620351399962,19.212937201200663,2.4076700355322784,0.0153551920361776,mouse634572far334,0.2009000900090009,0.6704770477047706,0.40396039603960404,1
mouse634572,far,228,0.0310398258316568,0.0174400739220301,0.0364732354175058,2.2458146629476032,4.250953755040916,2.210141253836602,0.3867691002955787,0.3952590236982896,0.298467994867334,145.0,119.0,259.0,1.45,1.19,2.59,18.630615486939945,42.48632882864057,19.11879363814621,2.4076700355322784,0.0262305609707177,mouse634572far228,0.2492349234923492,0.6685868586858688,0.3969396939693969,1
mouse634572,far,231,0.0376287694786773,0.0182802308040572,0.0309718154952657,1.137600433401324,3.60173031446488,5.730919534838472,0.1510703913181791,0.1286709298503749,0.1162691306774824,1699.0,1766.0,2020.0,16.990000000000002,17.66,20.2,18.229661520729962,42.47810163895586,18.836408676549183,2.4116902786220296,0.0205972530898083,mouse634572far231,0.1498649864986498,0.3097209720972097,0.2684068406840685,0
mouse634572,far,226,0.0432147746527306,0.0431005334953303,0.0262442533019307,4.625037293860076,3.5492355352982754,5.788602043720107,0.2208178882204716,0.1822606658343729,0.2198345635290123,606.0,721.0,669.0,6.0600000000000005,7.21,6.69,18.229661520729962,42.47810163895586,18.836408676549183,2.4116902786220296,0.018711277342421,mouse634572far226,0.2459945994599459,0.723942394239424,0.3939693969396943,1
mouse634572,far,233,0.0133253269993737,0.0474744322141144,0.0256555364803247,5.602097967350232,1.055308021595828,5.537710138396506,0.1859161287383069,0.2532749576853256,0.1887667860750745,663.0,592.0,581.0,6.63,5.92,5.8100000000000005,18.036938619790828,46.40759572084453,18.68670587155277,2.4116902786220296,0.0260518343446245,mouse634572far233,0.1633663366336634,0.8621962196219624,0.3153915391539156,1
mouse634572,far,236,0.09403578276768199,0.0905801075788792,0.0532534785010281,5.3446831814151885,2.2609261815729345,5.947194077544668,0.3878775338565013,0.3395282336985696,0.3637570048916805,116.0,124.0,154.0,1.16,1.24,1.54,18.036938619790828,46.40759572084453,18.68670587155277,2.4116902786220296,0.0322871344326402,mouse634572far236,0.1806480648064806,0.7725472547254728,0.4147614761476149,1
mouse634572,far,234,0.0711904432939866,0.012682580053421,0.0454529102801986,5.334913790667793,0.629335150182625,5.745798489103692,0.2113753374030021,0.1931236248570326,0.1800140110519393,680.0,685.0,766.0,6.8,6.8500000000000005,7.66,18.036938619790828,46.40759572084453,18.68670587155277,2.4116902786220296,0.0069977183903298,mouse634572far234,0.1439243924392439,0.6928892889288929,0.3440144014401441,0
mouse634572,far,238,0.0186172140701097,0.0253681073762284,0.0498772470691195,4.272011595836112,2.0438822230562046,5.171270043208158,0.2752352016650645,0.2589272452073035,0.2483195174057037,330.0,230.0,277.0,3.3000000000000003,2.3000000000000003,2.77,18.042153760333786,45.314914430462544,18.811629953229932,2.415962541100338,0.0225089717915915,mouse634572far238,0.1698469846984699,0.7279927992799281,0.4347434743474346,1
mouse634572,far,237,0.1584044838808436,0.1957704888397095,0.1002402383315145,1.7562018927119023,2.8959817221347293,5.493514671789051,0.5053823930550734,0.6039544908448697,0.4489899175720048,55.0,66.0,76.0,0.55,0.66,0.76,18.042153760333786,45.314914430462544,18.811629953229932,2.415962541100338,0.0364943231744054,mouse634572far237,0.1625562556255626,0.7506750675067508,0.3407740774077407,1
mouse634572,far,338,0.0370932359096891,0.0427020966262094,0.0247718102346006,5.826420616804772,1.8902909764640248,0.0343490808158792,0.1918483064495769,0.17774442916376798,0.181116100376644,640.0,761.0,772.0,6.4,7.61,7.72,17.963279931872894,48.8826490062051,18.59602488799964,2.415962541100338,0.0177546772999324,mouse634572far338,0.2478847884788479,0.6918091809180918,0.4174617461746174,1
mouse634572,far,230,0.0163751742679346,0.0286691365488772,0.0433198086632631,2.417180452307088,0.3215275251855122,3.9715140580105,0.2720783592047482,0.1910035954007889,0.25610174301031,483.0,445.0,434.0,4.83,4.45,4.34,17.963279931872894,48.8826490062051,18.59602488799964,2.415962541100338,0.0407997385821468,mouse634572far230,0.2084608460846084,0.7163816381638164,0.3966696669666968,1
mouse634572,far,241,0.0203812237983538,0.0197501929395049,0.0256185408121527,6.048245950156107,0.720727001206327,4.494809318354148,0.1395274184093554,0.1361573204540552,0.1871991469399097,1265.0,1338.0,1322.0,12.65,13.38,13.22,17.963279931872894,48.8826490062051,18.59602488799964,2.415962541100338,0.0191797357385891,mouse634572far241,0.20306030603060302,0.6523852385238526,0.3891089108910893,1
mouse634572,far,242,0.0353956901014194,0.0402577815549388,0.0566861846378902,5.354055880417709,5.807721864481876,5.7674590425521215,0.2130173024771547,0.1629856735774899,0.2391210766134467,730.0,739.0,724.0,7.3,7.390000000000001,7.24,17.963279931872894,48.8826490062051,18.59602488799964,2.415962541100338,0.0174143932155585,mouse634572far242,0.1744374437443744,0.6553555355535555,0.3440144014401441,1
mouse634572,far,243,0.0421457483518907,0.0137663124447915,0.0398719781610221,0.5301546679200044,3.564553692544568,4.204023720313566,0.1902992205726136,0.1695832188733363,0.2491743155810356,700.0,655.0,527.0,7.0,6.55,5.2700000000000005,17.963279931872894,48.8826490062051,18.59602488799964,2.415962541100338,0.0310128900216544,mouse634572far243,0.2673267326732674,0.7633663366336634,0.4153015301530153,1
mouse634572,far,343,0.0702307110864599,0.0642124557149628,0.0147961453361116,1.0724915192434097,5.220477259265453,2.228848660721395,0.3341590190804053,0.3472081386203508,0.3779578105617248,173.0,210.0,169.0,1.73,2.1,1.69,17.736675745394017,49.09914996793273,18.57188199440235,2.415962541100338,0.0293688722606973,mouse634572far343,0.2270927092709271,0.7312331233123313,0.3675067506750674,1
mouse634572,far,244,0.0791032789418362,0.1177142759177651,0.0677543836462439,1.5349748306509599,4.661003927083139,5.9624620492752,0.4271548126320255,0.4546280945826589,0.5887531375222448,69.0,68.0,41.0,0.6900000000000001,0.68,0.41000000000000003,17.736675745394017,49.09914996793273,18.57188199440235,2.415962541100338,0.0796480348279359,mouse634572far244,0.1933393339333933,0.7234023402340236,0.49981998199820005,1
mouse634572,far,245,0.0301879169032151,0.0479184839467382,0.0415832593591781,3.708999728112504,5.8747095778491865,3.9098655059316414,0.2790779549363222,0.2250756471041635,0.2957420471344362,372.0,380.0,321.0,3.72,3.8000000000000003,3.21,17.664214972401332,52.7090080839987,18.29212098384948,2.4204854884919267,0.0094982238655335,mouse634572far245,0.1990099009900989,0.6839783978397841,0.4558055805580557,1
mouse634572,far,248,0.0432708747040824,0.038353416235446,0.0389425312410054,3.9380230032115335,2.804725083350919,5.049404446546296,0.19207817377171396,0.1777914553807529,0.1994351864841915,759.0,778.0,835.0,7.59,7.78,8.35,17.690297370218754,52.64001568869266,18.327645613003412,2.4204854884919267,0.0212590125416298,mouse634572far248,0.1965796579657965,0.6345634563456347,0.3434743474347436,1
mouse634572,far,247,0.0601944019865032,0.0307710826123909,0.0459732827026032,5.953619754762838,0.0651238052633586,0.3776744133043659,0.1856059647948572,0.1420883672294978,0.1699542560724551,2183.0,2262.0,2377.0,21.830000000000002,22.62,23.77,17.690297370218754,52.64001568869266,18.327645613003412,2.4204854884919267,0.0212788213749248,mouse634572far247,0.1879387938793879,0.3037803780378039,0.2438343834383438,0
mouse634572,far,250,0.0265293622320536,0.0234580173093912,0.0153807606214573,3.3990718337589176,2.3915010289321192,3.9123252306258194,0.2547621294160959,0.2966199265045107,0.2543471524897025,439.0,325.0,410.0,4.39,3.25,4.1,17.489167185714766,56.73570223026193,18.14382717504993,2.4252577182641852,0.0355791078728664,mouse634572far250,0.233033303330333,0.7863186318631863,0.5003600360036004,1
mouse634572,far,249,0.0505591053938851,0.0391371942957597,0.0514188124360346,4.889946033822044,2.4342390851057742,4.192480627313038,0.3053723486516704,0.2866060367613787,0.3267980536342985,139.0,136.0,230.0,1.3900000000000001,1.36,2.3000000000000003,17.489167185714766,56.73570223026193,18.14382717504993,2.4252577182641852,0.019938623493491,mouse634572far249,0.2041404140414041,0.6688568856885689,0.3934293429342933,1
mouse634572,far,345,0.0447556084790953,0.050836608300797996,0.0620300653967144,3.154189544879772,6.10883393349991,0.9650705045938036,0.2186041360644666,0.2320564589406338,0.2234078473954251,601.0,569.0,591.0,6.01,5.69,5.91,17.489167185714766,56.73570223026193,18.14382717504993,2.4252577182641852,0.0483601984975394,mouse634572far345,0.1846984698469846,0.7099009900990101,0.4620162016201622,1
mouse634572,far,350,0.1544943029230978,0.0449699269220101,0.1357093552770498,4.560395936409635,2.783573501946,3.724778086871174,0.47433238542899603,0.4530883388440345,0.4432984216768033,69.0,75.0,119.0,0.6900000000000001,0.75,1.19,17.702746220411942,57.888330126865775,18.173082126967284,2.4252577182641852,0.034532179166469,mouse634572far350,0.1981998199819982,0.7107110711071108,0.3982898289828985,1
mouse634572,far,347,0.0669872644931024,0.0432706731320709,0.0247544397370687,3.925164545627576,1.7353064213861835,2.8953353285178123,0.2842692862252933,0.2863804771976099,0.2496521563411047,266.0,313.0,351.0,2.66,3.13,3.5100000000000002,17.702746220411942,57.888330126865775,18.173082126967284,2.4252577182641852,0.0165433453301935,mouse634572far347,0.1301530153015301,0.8422142214221422,0.33186318631863204,1
mouse634572,far,349,0.0618744252303344,0.0550402024054494,0.0437945716406716,5.600085653787586,0.3520256895407009,4.397264988972453,0.3313251231433491,0.3769941931330032,0.3621962266245295,206.0,199.0,146.0,2.06,1.99,1.46,17.702746220411942,57.888330126865775,18.173082126967284,2.4252577182641852,0.0399464052684773,mouse634572far349,0.17605760576057602,0.688838883888389,0.3788478847884787,1
mouse634572,far,255,0.06268709193288201,0.02399988248384,0.0601538159264376,5.888185824768535,0.4481906960863159,1.0584841006261232,0.2388522694283419,0.2231018138430782,0.2449868454982843,578.0,534.0,528.0,5.78,5.34,5.28,15.950885538681321,166.4128161181334,16.549946165087132,2.4302777619029485,0.0167800875270575,mouse634572far255,0.197929792979298,0.6726372637263727,0.3469846984698469,1
mouse634572,far,258,0.0322925132805092,0.0284836750529027,0.0421470591480685,4.5850440152565834,0.2306034295283826,5.4066664045814035,0.1808452264301457,0.1379184987225781,0.1654302759654168,1404.0,1412.0,1395.0,14.040000000000001,14.120000000000001,13.950000000000001,15.581408057912276,179.81196579585819,16.252129759949387,2.4302777619029485,0.0157409282774406,mouse634572far258,0.1636363636363637,0.3453645364536455,0.2643564356435643,0
mouse634572,far,261,0.1025571721232693,0.1284348028969621,0.0446645443279326,6.228420302492472,1.4010189399964583,6.030973797892215,0.38047826816525104,0.3733545829069886,0.3668097087201255,104.0,105.0,165.0,1.04,1.05,1.6500000000000001,15.867243913129652,179.82599391831022,16.522136274805437,2.435544087057346,0.0599046044369503,mouse634572far261,0.1317731773177318,0.8473447344734476,0.3456345634563454,1
mouse634572,far,260,0.08843690460899399,0.1295242416835548,0.0582887725198502,4.774758482920455,1.1485055245168063,3.9989548123095378,0.3759073385406981,0.4565284753742327,0.3948208453284477,94.0,89.0,103.0,0.9400000000000001,0.89,1.03,15.867243913129652,179.82599391831022,16.522136274805437,2.435544087057346,0.0331482762091367,mouse634572far260,0.1269126912691269,0.8916291629162919,0.3483348334833483,1
mouse634572,far,385,0.1634787203885582,0.1195257718365722,0.0691658459398594,3.3408525850318016,5.372470716125827,2.8576353363805,0.4309831663921977,0.4203416049640341,0.4487093725889762,145.0,122.0,86.0,1.45,1.22,0.86,15.299305878984173,193.39556209025304,15.881120255923605,2.435544087057346,0.0406586806403631,mouse634572far385,0.1698469846984699,0.7660666066606661,0.37290729072907297,1
mouse634572,far,269,0.0508513935251512,0.10073210020845899,0.0739472127373862,3.994849982866469,1.5684353940882942,0.1770838361553496,0.31310103659103805,0.4057539313519536,0.3087489240669203,248.0,164.0,229.0,2.48,1.6400000000000001,2.29,16.569042270232607,80.71081387931827,16.9798914765394,2.441055099746829,0.0201513084721228,mouse634572far269,0.1531053105310531,0.8006300630063008,0.3653465346534651,1
mouse634572,far,268,0.123094321265007,0.1198398782569178,0.0499699603916444,0.5969974551815019,6.154267303429514,5.020404634099218,0.4440896858016035,0.36564288219845503,0.3237623949850609,195.0,214.0,287.0,1.95,2.14,2.87,16.569042270232607,80.71081387931827,16.9798914765394,2.441055099746829,0.0489047357856786,mouse634572far268,0.2152115211521151,0.3685868586858686,0.3985598559855987,0
mouse634572,far,386,0.0404710319883983,0.0354936604597936,0.0541551443719763,6.179086930861832,0.8790153041893252,2.0125277282499217,0.2661928285815473,0.290675678655415,0.2557686299943783,364.0,305.0,297.0,3.64,3.0500000000000003,2.97,16.569042270232607,80.71081387931827,16.9798914765394,2.441055099746829,0.0254687691047433,mouse634572far386,0.1633663366336634,0.5060306030603061,0.6145814581458148,1
mouse634572,far,273,0.0321290790480989,0.0113728075359162,0.0299744259601232,5.014100825031397,1.298096846075293,0.5211318489886404,0.1550241068298838,0.1512347382402212,0.1434474658403457,2422.0,1692.0,1015.0,24.22,16.92,10.15,16.51053984897208,80.64081791925959,16.927758671595512,2.4333618719787653,0.0473144349393172,mouse634572far273,0.1811881188118811,0.3386138613861387,0.2775877587758776,0
mouse634572,far,275,0.0335931868058115,0.0239107189557573,0.0513560079833993,5.8092491336376675,1.6969531920646894,2.0378068769006097,0.2101253656276268,0.1952090936258182,0.2219759218912161,612.0,647.0,666.0,6.12,6.47,6.66,16.34508164760873,87.97579097196072,16.79645189077321,2.4333618719787653,0.0253014765432239,mouse634572far275,0.1676867686768677,0.302970297029703,0.2932493249324933,0
mouse634572,far,274,0.059101223320795995,0.0602181836672813,0.0489191946019256,5.097268876642649,0.6139995866594463,3.5498272618706714,0.3184160057138755,0.4017297719629908,0.2808237106062263,164.0,118.0,202.0,1.6400000000000001,1.18,2.02,16.34508164760873,87.97579097196072,16.79645189077321,2.4333618719787653,0.0405600574920946,mouse634572far274,0.1606660666066607,0.8451845184518453,0.3018901890189019,1
mouse634572,far,276,0.04690393514895099,0.0864415922545504,0.0271176841965998,4.774590260599892,3.882342702347042,4.0986682747755125,0.5114946280126442,0.4038475409440742,0.3800165411045049,94.0,86.0,114.0,0.9400000000000001,0.86,1.1400000000000001,16.270128124813162,93.78010677946457,16.69072808470359,2.459674775249769,0.0180847674018288,mouse634572far276,0.1981998199819983,0.7093609360936095,0.5905490549054905,1
mouse634572,far,277,0.0280150141432568,0.0301230991713228,0.0709077577378052,5.118345466919418,1.6187249648906907,2.361045831403707,0.275569577683149,0.2136321795581556,0.273514371470093,493.0,444.0,458.0,4.93,4.44,4.58,16.270128124813162,93.78010677946457,16.69072808470359,2.459674775249769,0.02609324638102,mouse634572far277,0.1271827182718272,0.6062106210621063,0.3407740774077408,0
mouse634572,far,363,0.0732811259137971,0.0481605930765635,0.0983266134040418,0.8924048340694241,1.4921585371372703,3.2695681789773925,0.3495550113379125,0.3075873676562474,0.3634119078541463,247.0,270.0,277.0,2.47,2.7,2.77,16.270128124813162,93.78010677946457,16.69072808470359,2.459674775249769,0.018677521457301005,mouse634572far363,0.1598559855985599,0.6056705670567057,0.2546354635463546,0
mouse634572,far,361,0.0591204986183344,0.106381425951068,0.1569333829634254,2.6444960757783296,0.9689498138515388,2.285905735404018,0.4490266488956131,0.4559925767994356,0.4428605644936372,56.0,77.0,57.0,0.56,0.77,0.5700000000000001,16.270128124813162,93.78010677946457,16.69072808470359,2.459674775249769,0.0430686267247888,mouse634572far361,0.1363636363636363,0.8689468946894691,0.308100810081008,1
mouse634572,far,282,0.0441278925005825,0.04684415525945201,0.0260675068656773,0.279814897209338,4.713958220062406,5.1858717531181915,0.1742282973519814,0.1771055853672828,0.1522246595447344,1149.0,1181.0,1238.0,11.49,11.81,12.38,16.275338736234595,103.19640094422644,16.83099384612829,2.46589233341604,0.0289611946565758,mouse634572far282,0.19387938793879397,0.3394239423942394,0.3083708370837085,0
mouse634572,far,281,0.0938282777545178,0.0659756993754793,0.0322845256257606,1.0578182803316585,3.357629757974576,1.2243570962859478,0.3297453426336875,0.3209314735421905,0.3291740696979573,163.0,148.0,185.0,1.6300000000000001,1.48,1.85,16.275338736234595,103.19640094422644,16.83099384612829,2.46589233341604,0.0191698909947504,mouse634572far281,0.1498649864986498,0.5954095409540956,0.2762376237623762,0
mouse634572,far,280,0.0313535203106504,0.024061944397898997,0.0958449362507813,1.890092368168126,5.591374716692988,6.160038593158985,0.29000399448456204,0.2480010971859267,0.2913506028288192,304.0,308.0,310.0,3.04,3.08,3.1,16.275338736234595,103.19640094422644,16.83099384612829,2.46589233341604,0.0227842957847561,mouse634572far280,0.3777677767776778,0.5141314131413142,0.0631863186318633,1
mouse634572,far,219,0.09734339107570801,0.1051433197519177,0.1418870509893345,0.3436692933065968,4.583294496427507,5.2345434873029255,0.3535372147330727,0.4108147551737525,0.4142250703886649,94.0,143.0,91.0,0.9400000000000001,1.43,0.91,18.759889863452987,38.399363287368324,19.4317778569972,2.3834061760430183,0.0776919693451852,mouse634572far219,0.4412241224122414,0.8238523852385241,0.3202520252025205,1
mouse638330,far,13,0.0268972911840803,0.0125033512504634,0.0044331549081148,3.3116168655580824,1.2072052399949311,3.944244278557485,0.2414584905079201,0.1635835526214056,0.3582550513086105,524.0,925.0,696.0,5.24,9.25,6.96,20.600088780110763,87.32092017053282,20.382752379267327,1.854218164078866,0.0179308271436928,mouse638330far13,0.2025202520252026,0.9245724572457248,0.4406840684068408,1
mouse638330,far,19,0.0129602605708997,0.0726355031139743,0.0228343875543276,1.0790922417736883,1.339513277012437,1.87498604086356,0.2556190946232301,0.3831732186482311,0.3302722951240716,381.0,471.0,343.0,3.81,4.71,3.43,20.307886018006986,86.82264790843277,20.051512514749238,1.8420437019788647,0.0215478943938964,mouse638330far19,0.21899189918991896,0.6756075607560758,0.4047704770477046,1
mouse638330,far,200,0.0522645514992835,0.0618013026090121,0.1504115893227749,4.467147384079405,1.180867962844711,0.254615666647238,0.3310786451787114,0.4523290268776166,0.5403002719799846,141.0,122.0,58.0,1.41,1.22,0.58,20.307886018006986,86.82264790843277,20.051512514749238,1.8420437019788647,0.021911138428766998,mouse638330far200,0.1536453645364536,0.6,0.5794779477947797,1
mouse638330,far,18,0.0133446431452073,0.016370649739528,0.0383807650457734,4.011627074945293,2.0715259661932,5.524092141048541,0.1852162865673067,0.2033640984174838,0.2200398202678434,584.0,462.0,472.0,5.84,4.62,4.72,20.307886018006986,86.82264790843277,20.051512514749238,1.8420437019788647,0.0406013602790727,mouse638330far18,0.1676867686768677,0.7517551755175518,0.3540054005400542,1
mouse638330,far,21,0.0342153911719561,0.0801666559256471,0.0111719774641193,0.6664399864608429,6.120558679862706,1.7507039647496636,0.2499578542156016,0.3221612463235736,0.2045958767335083,332.0,348.0,351.0,3.3200000000000003,3.48,3.5100000000000002,20.721225058670168,91.0758559735406,20.58165025093425,1.8420437019788647,0.0511724995626316,mouse638330far21,0.1706570657065707,0.8832583258325835,0.4917191719171917,1
mouse638330,far,20,0.0321376666288945,0.0508503269697225,0.0221255659585277,3.7844661726505815,6.2440570385021825,4.689278012095622,0.1880936836947433,0.3121075619579174,0.2348343146817565,717.0,549.0,536.0,7.17,5.49,5.36,20.27416249414789,88.47175497021246,19.88298327667663,1.8360964026978541,0.034241569304218,mouse638330far20,0.2357335733573358,0.7298829882988299,0.3237623762376239,1
mouse638330,far,201,0.0838954157703705,0.0381353966341359,0.0334303818493449,4.087021602135239,0.8074872467019599,4.506797802755915,0.2718153400655262,0.3583965231601365,0.2787086058044102,339.0,363.0,369.0,3.39,3.63,3.69,20.27416249414789,88.47175497021246,19.88298327667663,1.8360964026978541,0.0209604473106588,mouse638330far201,0.1892889288928892,0.6891089108910892,0.5362736273627365,1
mouse638330,far,25,0.0688938029083487,0.051219788838407006,0.0208133823673033,5.177042083241857,3.726206890644669,2.581122775795401,0.2876576103292041,0.4124081406831991,0.2657447011005895,212.0,162.0,292.0,2.12,1.62,2.92,20.811386614588294,90.92583911554512,20.613407270206377,1.8360964026978541,0.0242620056223989,mouse638330far25,0.1992799279927992,0.6799279927992801,0.5308730873087307,1
mouse638330,far,27,0.0197360705405806,0.0130936523276896,0.0356643966418704,2.250524574745777,4.660614669474882,0.3767332068584252,0.2323609199228193,0.2555620825699094,0.2434874917548868,387.0,444.0,485.0,3.87,4.44,4.8500000000000005,20.17451243041483,86.48681917650711,19.63981707061459,1.8360964026978541,0.0303209916301723,mouse638330far27,0.1555355535553556,0.7444644464446446,0.3170117011701169,1
mouse638330,far,26,0.0236017569854271,0.0335439869113817,0.0131265387797217,5.276382459206023,6.228177085963857,2.7106932219938926,0.15065349258010502,0.25227578656190197,0.1182311240867562,1745.0,1693.0,1640.0,17.45,16.93,16.4,20.17451243041483,86.48681917650711,19.63981707061459,1.8360964026978541,0.0167279142675219,mouse638330far26,0.1336633663366336,0.26300630063006303,0.2403240324032404,0
mouse638330,far,29,0.0384872774572388,0.0451863627491163,0.0290035265918983,2.1770438551834133,5.497772149261714,5.477722683780633,0.2225769976147113,0.1864752685482028,0.1706632640962414,506.0,775.0,961.0,5.0600000000000005,7.75,9.61,20.51168336150848,90.85367159066791,20.22971283890724,1.8251712248443983,0.0192091417032662,mouse638330far29,0.2081908190819081,0.7725472547254726,0.4868586858685869,1
mouse638330,far,30,0.0207488123400551,0.0072971884668032,0.0480710847625698,1.705368327913824,0.1335110190698958,4.872618938041617,0.2259046262625849,0.2050168070188162,0.1960394801222628,669.0,726.0,603.0,6.69,7.26,6.03,20.51168336150848,90.85367159066791,20.22971283890724,1.8251712248443983,0.016277279796823998,mouse638330far30,0.20900090009000896,0.7034203420342037,0.4382538253825382,1
mouse638330,far,34,0.0330740799146894,0.1164286935665405,0.3326389150339742,2.3981240527677126,3.7933369199216167,5.541001225968243,0.4592117979886215,0.4815227075439711,0.6757251986166938,56.0,59.0,11.0,0.56,0.59,0.11,19.94341070188151,85.84352607776688,19.509353937943906,1.8084869366406824,0.0268637818290364,mouse638330far34,0.1579657965796579,0.5697569756975699,0.3753375337533753,0
mouse638330,far,203,0.0955818782107364,0.1476674256711368,0.0638793790009586,1.6895170796939836,4.647003551192082,0.1090245838664326,0.4265692106847309,0.5215711323359088,0.4379068868519477,72.0,96.0,61.0,0.72,0.96,0.61,20.348269336240648,90.50887585747287,20.06929897785754,1.8034688796871432,0.0592031878358052,mouse638330far203,0.21494149414941502,0.7085508550855086,0.3502250225022502,1
mouse638330,far,38,0.1097349433385572,0.0185437301906278,0.0942891225032428,4.21004499717554,3.3874856773738258,0.3129545726771565,0.4602402976274805,0.3245445620651875,0.4835697703271338,72.0,84.0,62.0,0.72,0.84,0.62,19.661085259902066,85.38551786565709,19.330159400212366,1.8169342310606624,0.0342019099230801,mouse638330far38,0.21899189918991896,0.6326732673267327,0.311071107110711,1
mouse638330,far,41,0.0431551036633323,0.0662570404540478,0.0318321830340364,5.309887063301766,1.73316523509564,0.19244672685938702,0.1671225309076383,0.2562278473664493,0.1719074866210346,1546.0,991.0,953.0,15.46,9.91,9.53,19.901443917552328,87.82332840838045,19.547011962401395,1.8126293057324216,0.0238188682276013,mouse638330far41,0.2273627362736274,0.5557155715571558,0.3464446444644464,1
mouse638330,far,42,0.1793451340302939,0.0525282062239373,0.1192165076454856,4.6334296310685055,3.2846601508519213,2.1048125108677693,0.4166303383679571,0.3485196280281372,0.3392694851381073,162.0,202.0,181.0,1.62,2.02,1.81,19.66143422148052,89.3512522159692,19.61586946936756,1.8126293057324216,0.0267201018486908,mouse638330far42,0.1682268226822683,0.6604860486048606,0.3280828082808281,0
mouse638330,far,48,0.018443337349772,0.0370331307382534,0.0235944338298983,5.407117531815479,1.3106494045583177,5.607766680702894,0.1576365874537252,0.1760948700369626,0.1437373298879612,783.0,798.0,862.0,7.83,7.98,8.620000000000001,19.62160679662234,84.6120372576464,19.466999489289208,1.7822036920621618,0.024741498046002,mouse638330far48,0.1630963096309631,0.7363636363636366,0.3218721872187219,1
mouse638330,far,50,0.0885403975913589,0.0516258109857482,0.0346595203022151,0.4816554285098095,2.511346098570104,4.772459179594191,0.3465177903420749,0.2806791472902099,0.2344505415683346,345.0,421.0,428.0,3.45,4.21,4.28,19.36289591403897,85.9724644595311,19.11264197024206,1.7795715776557008,0.0400920951494485,mouse638330far50,0.1722772277227723,0.7009900990099011,0.3256525652565259,1
mouse638330,far,55,0.0057716244334033,0.0191890052063915,0.0104063240182061,0.6205208852334226,0.9576017567437359,1.2242595276522965,0.1152388071748751,0.1293757425809419,0.0750635501099789,3421.0,3770.0,4178.0,34.21,37.7,41.78,19.571923899742693,85.26214353286841,19.306285956710838,1.7795715776557008,0.0374802877705344,mouse638330far55,0.1239423942394239,0.2022502250225022,0.1774077407740775,0
mouse638330,far,52,0.0167947081721386,0.0258008414899626,0.0370923144386365,1.7787663435414967,4.331846307086137,1.2697615115462342,0.164286267196511,0.129174026250785,0.154426116321797,1165.0,1357.0,1228.0,11.65,13.57,12.280000000000001,19.571923899742693,85.26214353286841,19.306285956710838,1.7795715776557008,0.0223581601837977,mouse638330far52,0.1801080108010802,0.5670567056705671,0.3369936993699371,0
mouse638330,far,57,0.0238280687385716,0.03914331878900901,0.0166303571816404,5.086966461862064,1.342414618686552,0.9410163969625859,0.1513146101028719,0.2359903959045882,0.1400536259105188,862.0,1155.0,1205.0,8.620000000000001,11.55,12.05,19.51542508025269,85.30863156604009,19.38035483857903,1.7778146697561028,0.049199056349152004,mouse638330far57,0.1836183618361836,0.2567956795679569,0.2168316831683169,0
mouse638330,far,56,0.2169520602098074,0.1655316423290069,0.0790107090900759,0.5884619024288524,0.8775713838536873,3.7851118079781316,0.5622956714621501,0.376642813299748,0.3119335449045044,69.0,167.0,153.0,0.6900000000000001,1.67,1.53,19.51542508025269,85.30863156604009,19.38035483857903,1.7778146697561028,0.0319916145397981,mouse638330far56,0.1698469846984699,0.6518451845184519,0.3610261026102611,1
mouse638330,far,59,0.159807539415288,0.1668855435065856,0.4260385012377289,5.024247659692704,3.0698354115084334,5.301008711974844,0.5491159833466102,0.4972056516389649,0.6408573031980791,57.0,128.0,29.0,0.5700000000000001,1.28,0.29,18.974246666562077,83.70748789439355,19.1354568771332,1.7762319668331612,0.0510565146768327,mouse638330far59,0.1412241224122412,0.6459045904590459,0.2991899189918994,0
mouse638330,far,63,0.0833958574661205,0.1548184892176596,0.0880495368455199,1.5809570375881443,0.5581212484645751,5.810006216669192,0.2963288134841409,0.5700234773377095,0.514262268909743,185.0,73.0,68.0,1.85,0.73,0.68,18.96238395502538,84.3529711591108,18.987007912081033,1.775,0.0339541703782086,mouse638330far63,0.1644464446444644,0.6523852385238524,0.3291629162916292,0
mouse638330,far,66,0.1124241736686152,0.091974805849085,0.04416021785171499,4.53001652912744,2.8459699078003964,4.374130943280671,0.3664512459282638,0.4418359484803105,0.3201856569192109,243.0,291.0,269.0,2.43,2.91,2.69,19.192355459237465,80.28066376061892,19.069672641248733,1.775,0.0492646521572044,mouse638330far66,0.1355535553555356,0.4828082808280828,0.4555355535553558,0
mouse638330,far,71,0.0727090279561142,0.046434548867047,0.0361743573235495,5.9776385411769954,5.683713329968008,0.5564129520705858,0.2346989432003345,0.169590067997031,0.2443370861479593,1294.0,1162.0,891.0,12.94,11.620000000000001,8.91,18.50432514025902,75.41033107228435,18.553063169158488,1.7574839970821927,0.0131710664011358,mouse638330far71,0.1595859585958595,0.7803780378037805,0.3909990999099909,1
mouse638330,far,213,0.1175447061988235,0.047985756551677,0.0220902903214364,6.234355860167644,0.4311067898513279,1.4266390733871563,0.3602495921868798,0.2011206229161741,0.2187853100787387,557.0,787.0,951.0,5.57,7.87,9.51,18.50432514025902,75.41033107228435,18.553063169158488,1.7574839970821927,0.0376940202533159,mouse638330far213,0.1398739873987398,0.2767776777677768,0.1946894689468946,0
mouse638330,far,76,0.1376085253563295,0.0631493064559725,0.0626134603053037,4.857146784113398,4.0329780676305,2.9957928149253887,0.5216851547108046,0.2410792113884534,0.3321287804357473,89.0,351.0,147.0,0.89,3.5100000000000002,1.47,18.916485048630644,80.46400156696612,19.19209602285517,1.7573061770789975,0.0936674482123322,mouse638330far76,0.1965796579657965,0.6121512151215122,0.3513051305130513,1
mouse638330,far,81,0.0832639118249386,0.0196906000141201,0.0402755647777302,2.985465493955192,0.4329597351979893,3.5392157978773526,0.2773650730303455,0.2955091394323834,0.2242431881106178,646.0,527.0,592.0,6.46,5.2700000000000005,5.92,18.859092316970557,77.83345344200491,18.996412393351065,1.7767596911231411,0.0217936579610875,mouse638330far81,0.2006300630063006,0.7417641764176419,0.3383438343834383,1
mouse638330,far,84,0.1128027101272797,0.0258996830337481,0.0169468166504568,4.903314445237483,1.0804688749583848,1.0388012510001017,0.3028108087763937,0.2165997604328051,0.2457964636116531,448.0,454.0,471.0,4.48,4.54,4.71,18.477119094895087,70.08640356581873,18.43010534663982,1.7624556732014567,0.0470327705119519,mouse638330far84,0.0977497749774978,0.2068406840684068,0.1587758775877588,0
mouse638330,far,86,0.1080748226920026,0.0632387426396661,0.0810658670875818,5.020388501644299,4.331450874718866,2.5349326679947914,0.2879385630899723,0.2839849954976877,0.3176471407499673,824.0,571.0,395.0,8.24,5.71,3.95,19.06430647869933,74.73111197764425,19.06742235719154,1.7624556732014567,0.0144003162865096,mouse638330far86,0.1676867686768677,0.6270027002700272,0.2918991899189918,0
mouse638330,far,88,0.0620632779999757,0.0246887648487525,0.0087914478562747,2.4876073677195194,5.035559397648622,3.9118819201423913,0.1737695956851572,0.1643565884087898,0.2394599248330283,1306.0,935.0,861.0,13.06,9.35,8.61,19.06430647869933,74.73111197764425,19.06742235719154,1.7624556732014567,0.0205933240741097,mouse638330far88,0.1906390639063906,0.7352835283528353,0.3594059405940594,1
mouse638330,far,90,0.0646075970379149,0.0764469988286602,0.0600556668570887,1.3456689722036657,4.277905321946991,0.5144188314935336,0.405063611411409,0.3576358168631437,0.3799369310761781,145.0,219.0,147.0,1.45,2.19,1.47,18.83255366519388,73.43409252912663,19.12662996641241,1.7636964024457271,0.04127190645255,mouse638330far90,0.1811881188118812,0.6483348334833484,0.3140414041404139,1
mouse638330,far,89,0.0352942241071535,0.0473760802315158,0.0845306523009805,1.2388601127466274,4.754843983176532,0.5314236800887706,0.2909747091761004,0.2059363475775851,0.2732948343884314,280.0,505.0,342.0,2.8000000000000003,5.05,3.42,18.83255366519388,73.43409252912663,19.12662996641241,1.7636964024457271,0.0528356798330545,mouse638330far89,0.1936093609360937,0.6866786678667868,0.3945094509450947,1
mouse638330,far,94,0.0294848104824472,0.0695333939443987,0.0242386225223384,0.0791594041524227,4.343071207807698,0.854608324216263,0.1848885827773919,0.1911374095625585,0.1805101025669613,1070.0,1013.0,881.0,10.700000000000001,10.13,8.81,18.40635459884876,66.20449710072747,18.29268812524512,1.7636964024457271,0.009166534928685,mouse638330far94,0.1633663366336633,0.6186318631863188,0.325112511251125,0
mouse638330,far,103,0.0306807787055663,0.0259199118844237,0.0568106303708678,3.492474785329277,6.015540291565901,5.33229483863538,0.1747578605618986,0.2020777153475329,0.1861475286732568,1126.0,880.0,1109.0,11.26,8.8,11.09,19.16733226097308,70.59303045769855,19.396171139074486,1.7652903443909729,0.0173190989217171,mouse638330far103,0.2054905490549056,0.6172817281728173,0.3483348334833486,1
mouse638330,far,101,0.0053106807725238,0.0159448499682215,0.0232430631453814,0.2576020759748577,3.861514203451613,5.437887126013684,0.1710523543325939,0.11326508855902198,0.1347341809156331,1604.0,1657.0,1568.0,16.04,16.57,15.68,19.16733226097308,70.59303045769855,19.396171139074486,1.7652903443909729,0.0287123231036233,mouse638330far101,0.1614761476147614,0.700720072007201,0.3812781278127811,1
mouse638330,far,105,0.021921205036416,0.0088172898834299,0.0125588266440078,0.7209437860463771,3.134942388248703,0.214887243711982,0.1187078515414957,0.1495223773241671,0.1082664181811843,2567.0,2518.0,2620.0,25.67,25.18,26.2,18.510227624376625,62.45009838938514,18.488219984584717,1.7672365433070922,0.0200979612869574,mouse638330far105,0.2365436543654365,0.6315931593159316,0.3969396939693969,1
mouse638330,far,104,0.0421794117187458,0.0211794584441858,0.015519386549588001,4.224345553923952,2.003688498614341,4.719680693962721,0.2782458440890144,0.2601237207678555,0.16793442853998497,760.0,639.0,752.0,7.6000000000000005,6.390000000000001,7.5200000000000005,18.510227624376625,62.45009838938514,18.488219984584717,1.7672365433070922,0.0172245402773159,mouse638330far104,0.1587758775877588,0.5449144914491449,0.2881188118811882,0
mouse638330,far,98,0.0253928088675335,0.0212904399725709,0.0194429957997437,4.741342986211087,2.2296388056752643,3.8056518767918996,0.2644520395313842,0.2349166150409972,0.1621564758316615,846.0,696.0,844.0,8.46,6.96,8.44,18.510227624376625,62.45009838938514,18.488219984584717,1.7672365433070922,0.0516161152526599,mouse638330far98,0.17308730873087302,0.5403240324032403,0.2886588658865887,0
mouse638330,far,111,0.0538809742662052,0.0579784081258007,0.0103891981012867,1.4944338292565158,2.167890660362373,0.7076115471076941,0.1895733538928888,0.2188484699412765,0.1218606579466775,1457.0,1643.0,1582.0,14.57,16.43,15.82,17.994560489526485,58.3348360941152,18.332392530445432,1.7737671775066763,0.0268487461323575,mouse638330far111,0.1312331233123312,0.2308730873087309,0.200900090009001,0
mouse638330,far,113,0.0265985987748202,0.0015815198380273,0.0461753939267457,3.601402992605672,3.530214958817494,3.9765288502882297,0.1290338138881165,0.1299521565551057,0.1421550294779451,1355.0,1257.0,1467.0,13.55,12.57,14.67,18.689933388264013,60.83177842777025,18.96661465213777,1.7793959649274247,0.0150137225832459,mouse638330far113,0.2076507650765077,0.5578757875787579,0.4147614761476147,1
mouse638330,far,114,0.032938920254594,0.0304795385149979,0.0253621003719033,0.2525321101785409,4.9955034516643515,2.1785067854906965,0.1610656114906865,0.1428433277727672,0.1347555260278307,1298.0,1380.0,1237.0,12.98,13.8,12.370000000000001,18.689933388264013,60.83177842777025,18.96661465213777,1.7793959649274247,0.0132993462219262,mouse638330far114,0.197929792979298,0.6418541854185419,0.4042304230423043,1
mouse638330,far,239,0.0275747564500569,0.2043204290994156,0.1994700786821932,5.55580570849882,3.97206561563644,2.6817000473897226,0.3086632645123462,0.4531900893038498,0.5385076182988399,174.0,74.0,96.0,1.74,0.74,0.96,18.12029035287557,54.00228692871142,18.689361328916558,1.7827296486007067,0.0433720632782982,mouse638330far239,0.1722772277227723,0.6118811881188121,0.3756075607560757,1
mouse638330,far,120,0.0329621472602798,0.0120342453148223,0.0183545596930104,5.708242629458012,3.6800928380977287,1.2429438364936392,0.1353194837465294,0.1273003103460067,0.1624430069070531,1232.0,1204.0,1258.0,12.32,12.040000000000001,12.58,18.12029035287557,54.00228692871142,18.689361328916558,1.7827296486007067,0.0411236906445708,mouse638330far120,0.1423042304230423,0.2986498649864987,0.2603060306030602,0
mouse638330,far,122,0.0542899190925054,0.0366979354198326,0.1247447326366055,3.099404993883548,2.7964086781749176,4.719395499728554,0.3661903836837537,0.318202560774558,0.4319232580954659,85.0,159.0,80.0,0.85,1.59,0.8,18.262439389073727,56.572010826683815,18.95503224720838,1.7827296486007067,0.0228604801679316,mouse638330far122,0.2192619261926193,0.5967596759675967,0.3637263726372638,1
mouse638330,far,121,0.1340162046431251,0.0956863445888602,0.0532103568184133,4.135962331927641,5.959758096423478,2.8612208673425337,0.4652574187582679,0.44865833207728795,0.4079846555057406,75.0,57.0,69.0,0.75,0.5700000000000001,0.6900000000000001,18.262439389073727,56.572010826683815,18.95503224720838,1.7827296486007067,0.0511338995991438,mouse638330far121,0.2616561656165617,0.6364536453645365,0.3685868586858688,1
mouse638330,far,142,0.0232373687059267,0.0681043837846882,0.0212767540909803,5.269691921793976,3.2083613223730723,3.5535984592852503,0.1652236879933705,0.1949396667916486,0.2146904342889188,841.0,878.0,893.0,8.41,8.78,8.93,18.110448369791804,51.022267792284815,18.89863907413533,1.7755280904564703,0.0246798803269209,mouse638330far142,0.2173717371737173,0.5608460846084611,0.3372637263726372,1
mouse638330,far,125,0.0251807096574459,0.0363499572232934,0.0237752540319729,2.3572706677046993,2.9252349169566365,1.654726246366872,0.274821165063462,0.1931868167768113,0.2217947741998384,291.0,858.0,583.0,2.91,8.58,5.83,17.820218183708647,44.422840484103844,18.49065083861659,1.7755280904564703,0.0202850256154014,mouse638330far125,0.2065706570657065,0.6383438343834384,0.360756075607561,1
mouse638330,far,227,0.0347719496164229,0.08366234036467798,0.0185735306608399,4.559838468782527,4.9786518705152405,3.1841366519988297,0.2505166471915976,0.378717637773835,0.3009737813435524,282.0,129.0,241.0,2.82,1.29,2.41,17.820218183708647,44.422840484103844,18.49065083861659,1.7755280904564703,0.0280275602310491,mouse638330far227,0.1652565256525653,0.5805580558055807,0.4217821782178218,1
mouse638330,far,140,0.0585168327030164,0.0584318903289675,0.0546767086565979,1.417845185773288,5.720778046084303,1.9208792224351376,0.2287836264816199,0.1882231459129961,0.3046653311834736,587.0,501.0,504.0,5.87,5.01,5.04,18.314400175784108,48.507300900830224,19.138036101930762,1.7799227511327562,0.0248366746271324,mouse638330far140,0.1671467146714672,0.5878487848784879,0.2867686768676867,0
mouse638330,far,139,0.0686796764452284,0.0541385214727309,0.0863110905163241,2.827435117380544,4.65955381211865,0.1024791757251876,0.4275959314009194,0.4461837666521461,0.3469391786084503,97.0,96.0,222.0,0.97,0.96,2.22,18.117332360556286,43.79629864750436,18.76396165464128,1.7799227511327562,0.0232612145433225,mouse638330far139,0.1838883888388839,0.5851485148514853,0.3407740774077408,0
mouse638330,far,224,0.2278663486112276,0.0825258584790131,0.1141011295736382,5.908538838905917,2.823548724583061,3.8098301910802914,0.5228006471996991,0.4009057739958417,0.5364301301403226,64.0,58.0,54.0,0.64,0.58,0.54,18.117332360556286,43.79629864750436,18.76396165464128,1.7799227511327562,0.0547018099702601,mouse638330far224,0.1614761476147614,0.3923492349234924,0.3421242124212422,0
mouse638330,far,228,0.041835506284166005,0.0375138125309684,0.0357700436004783,3.42180204606929,2.466222629994844,2.648351755322115,0.2056889631704691,0.1794739376144127,0.2149052900797458,637.0,623.0,662.0,6.37,6.23,6.62,17.847462842297922,41.79015157610566,18.773792100785613,1.804335057576613,0.0215236406641422,mouse638330far228,0.2292529252925292,0.6515751575157517,0.393159315931593,1
mouse638330,far,147,0.0558825111194844,0.0056759525191625,0.0486847289232054,4.7604879909905495,3.706272199623053,0.4113930298210639,0.2348268509085375,0.2116275261882738,0.2368566772072312,450.0,717.0,697.0,4.5,7.17,6.97,17.717455877052977,37.89598847336696,18.66186980684493,1.7949582167838896,0.0445054553959793,mouse638330far147,0.1717371737173717,0.6739873987398741,0.3207920792079207,1
mouse638330,far,150,0.0206742071691942,0.0755470044971001,0.0205466909749612,1.78294543358277,3.9912948231388814,5.100024447034379,0.1770452351143211,0.2007088673939009,0.1601459745896341,783.0,948.0,936.0,7.83,9.48,9.36,17.990850833691944,40.358963860253134,18.839846319856328,1.7949582167838896,0.0200447000405271,mouse638330far150,0.1954995499549955,0.5789378937893791,0.3175517551755176,0
mouse638330,far,151,0.055750152614095994,0.021683882850991005,0.0150368684273204,4.7820948158493035,4.945988372440965,4.876259169898102,0.2454966427261864,0.2483729743466037,0.2614518935160016,457.0,350.0,380.0,4.57,3.5,3.8000000000000003,17.990850833691944,40.358963860253134,18.839846319856328,1.7949582167838896,0.0250762944250434,mouse638330far151,0.1830783078307831,0.6556255625562558,0.3839783978397838,1
mouse638330,far,127,0.0341075206761574,0.0211573441225894,0.0266991517520935,5.857289831817858,2.8432645703947514,5.8395431780322244,0.1771196667169356,0.2161041897340665,0.1598122180269617,981.0,1073.0,1034.0,9.81,10.73,10.34,17.675159198675864,33.935939994395106,18.60530915880437,1.8003471887388836,0.0274831217713485,mouse638330far127,0.1652565256525653,0.2505850585058505,0.3666966696669667,0
mouse638330,far,155,0.0267237682261274,0.025045981014509996,0.008505763492983001,0.6789577283558934,0.7768590969687034,5.738353140522009,0.1651767259666604,0.1636500762791734,0.1581685116834998,959.0,954.0,961.0,9.59,9.540000000000001,9.61,17.675159198675864,33.935939994395106,18.60530915880437,1.8003471887388836,0.0112748291503618,mouse638330far155,0.1695769576957696,0.6253825382538255,0.3788478847884787,1
mouse638330,far,153,0.0641974077586576,0.0612690366018756,0.09519329111552902,4.260481511522326,2.9531406452840803,5.3023697258059705,0.3340185001906089,0.2688298179628831,0.3179572720930094,163.0,304.0,301.0,1.6300000000000001,3.04,3.0100000000000002,17.870999069119524,36.36316634084324,18.692816143351077,1.8003471887388836,0.0251866241086242,mouse638330far153,0.2014401440144014,0.6091809180918094,0.3658865886588657,1
mouse638330,far,157,0.0672380237781785,0.0826213876604107,0.048536718468405994,1.2679749590237084,0.3045294667929989,0.4415370282705281,0.2752038266121092,0.3899547155858991,0.3044397433178398,281.0,84.0,299.0,2.81,0.84,2.99,17.83267104113837,33.011658493262985,18.65597933035475,1.8060661671157008,0.0397669587443003,mouse638330far157,0.164986498649865,0.6891089108910892,0.4255625562556254,1
mouse638330,far,159,0.0268482799057647,0.0155111432204249,0.024086824616512997,0.6878589734495805,1.4254893121910108,6.057256565854575,0.1530721487196039,0.1871636645497312,0.15980486900670499,1043.0,1101.0,1305.0,10.43,11.01,13.05,17.83267104113837,33.011658493262985,18.65597933035475,1.8060661671157008,0.0417762517634616,mouse638330far159,0.1423042304230423,0.3113411341134113,0.2543654365436545,0
mouse638330,far,165,0.0705837044024158,0.0113501119398389,0.0602519657395282,1.0228384149118306,4.237200214790995,0.5529482240498332,0.3081823748935644,0.3004207158958366,0.2490698631747029,174.0,253.0,358.0,1.74,2.5300000000000002,3.58,17.83267104113837,33.011658493262985,18.65597933035475,1.8060661671157008,0.022624967489253,mouse638330far165,0.1898289828982898,0.3348334833483349,0.2603060306030602,0
mouse638330,far,160,0.0216394519711159,0.0245591489701355,0.0302863585724271,1.5599666838035429,2.1317096851017707,1.726661094897339,0.1404036989045445,0.1856315718090739,0.1591625310237548,2325.0,1906.0,1923.0,23.25,19.06,19.23,17.88412919674989,34.55919499109411,18.74633731546077,1.8060661671157008,0.04761805963518401,mouse638330far160,0.2476147614761477,0.6197119711971201,0.4666066606660667,1
mouse638330,far,51,0.0427784388586346,0.1091038929528,0.0531375971526275,2.8377990395092088,0.1447463100919658,4.52585675604846,0.3026948809159503,0.2625132768246548,0.3076500138197058,155.0,201.0,188.0,1.55,2.0100000000000002,1.8800000000000001,19.571923899742693,85.26214353286841,19.306285956710838,1.7795715776557008,0.019679331759076,mouse638330far51,0.1169216921692168,0.6810081008100811,0.288118811881188,0
mouse638330,far,61,0.0850021868256411,0.0121118315850607,0.0249887936382005,1.6122505830445444,1.2877335530111975,5.532182084694343,0.3119645832155005,0.23488973100182298,0.2431605462128444,615.0,571.0,537.0,6.15,5.71,5.37,18.96238395502538,84.3529711591108,18.987007912081033,1.775,0.0156429631611177,mouse638330far61,0.1487848784878488,0.7868586858685871,0.3483348334833481,1
mouse638330,far,118,0.1557935302549777,0.042782015160765,0.033556890217323,1.8851480935364533,0.12288512652872,5.960759786403843,0.4084936434758994,0.368643898111767,0.3459435468549854,74.0,55.0,139.0,0.74,0.55,1.3900000000000001,18.254703665195038,54.974425779390366,18.717144104612665,1.7793959649274247,0.08123648690431301,mouse638330far118,0.1390639063906391,0.5041404140414043,0.2338433843384337,0
mouse657905,far,41,0.0350272704992127,0.0497305737495427,0.0158804520543445,5.727218632417082,0.4434874976411022,1.8652210157976399,0.2397346778400438,0.3651094629478224,0.3068659330826178,233.0,255.0,228.0,2.33,2.5500000000000003,2.2800000000000002,14.691525570040806,38.98464956029257,15.290066881082444,2.645042532739313,0.025487995617097,mouse657905far41,0.2427542754275428,0.7420342034203422,0.6594059405940594,1
mouse657905,far,42,0.0515983219270568,0.0410042438261935,0.0218262118280701,3.7072895397948495,5.60550677146558,3.1524032438843452,0.1758079191900472,0.2135076147828894,0.1760073438743555,873.0,968.0,986.0,8.73,9.68,9.86,15.056579259566455,37.66104016276308,15.552190333195073,2.6463418146566027,0.037282853521199,mouse657905far42,0.27893789378937894,0.9256525652565256,0.4860486048604863,1
mouse657905,far,207,0.0617871731253763,0.0574250174504545,0.0358865868937513,2.6443591131041937,4.143572288496895,4.448868091105062,0.2989892657608868,0.2697012292327573,0.3540833698746016,240.0,261.0,203.0,2.4,2.61,2.0300000000000002,15.155183798432686,38.9156742761985,15.735850405831616,2.6463418146566027,0.0409208042741331,mouse657905far207,0.21899189918991896,0.7444644464446446,0.5727272727272729,1
mouse657905,far,206,0.0125942481644057,0.0661744941940714,0.0942856524986056,2.7569682113419347,4.097050758464996,5.619203214669068,0.2318943904178516,0.3218893401777447,0.2675537274009059,388.0,330.0,340.0,3.88,3.3000000000000003,3.4,15.214245671760647,36.915790902261904,15.742026031660547,2.6478765076944204,0.0598523707163138,mouse657905far206,0.1963096309630964,0.8370837083708372,0.5168316831683167,1
mouse657905,far,50,0.0489292485837506,0.0306706523791407,0.0243935546966367,2.950892780411746,3.4969398959338966,3.5998783119450763,0.2214887558551406,0.1702973538183579,0.2228842036562612,378.0,664.0,725.0,3.7800000000000002,6.640000000000001,7.25,15.452359005974483,36.707379635376746,15.907123783360472,2.649646202797649,0.0592891119266279,mouse657905far50,0.2397839783978398,0.8092709270927094,0.4088208820882087,1
mouse657905,far,56,0.0386632853550738,0.0473162420490689,0.03448505957145,5.9086004326933255,6.125540811374616,6.280638313928376,0.1736734108944974,0.2563668806774404,0.1705517741300884,1089.0,1038.0,1059.0,10.89,10.38,10.59,15.772902918478641,35.839440095032685,16.021572969369654,2.6516504294495533,0.0182894413969686,mouse657905far56,0.160936093609361,0.2862286228622862,0.2465346534653466,0
mouse657905,far,64,0.0447499205489429,0.0048610699520634,0.0439872095912388,5.2465031440750245,4.321980511445117,6.178544419770002,0.2179973296611702,0.1817675808810469,0.194021244070739,646.0,728.0,581.0,6.46,7.28,5.8100000000000005,15.448501718931176,38.328745459750024,15.917932611545849,2.6423237878806605,0.0223977333820588,mouse657905far64,0.1882088208820882,0.7396039603960396,0.3124212421242124,1
mouse657905,far,63,0.1469471328398851,0.112669721136779,0.0508013254331047,1.3578677904815102,0.4391613429066115,5.9397730855310895,0.4311991205372835,0.2987897175121194,0.2565275902715143,150.0,539.0,227.0,1.5,5.39,2.27,15.448501718931176,38.328745459750024,15.917932611545849,2.6423237878806605,0.0571948052400564,mouse657905far63,0.1617461746174617,0.3178217821782179,0.2338433843384338,0
mouse657905,far,213,0.0278991675533889,0.0866549456970535,0.0920459155384115,5.945114701510942,0.1256418332035628,2.4770962566485766,0.4266769766428961,0.33437787673347397,0.6001587221966218,85.0,142.0,20.0,0.85,1.42,0.2,15.752139819189171,38.34888160185775,16.242633701029085,2.6479945241635225,0.0672014442213845,mouse657905far213,0.2195319531953196,0.7528352835283529,0.3596759675967599,1
mouse657905,far,72,0.0280592786473427,0.0095702671030146,0.0244240071435432,0.0658603065866549,0.543566742566355,1.713485547143691,0.1811793719171154,0.2472672876359752,0.213207961801913,657.0,747.0,622.0,6.57,7.47,6.22,15.806897073827061,46.38520720737205,16.208170795921163,2.658241900203968,0.0484126367220163,mouse657905far72,0.1209720972097209,0.8524752475247526,0.4485148514851486,1
mouse657905,far,73,0.0598678389269568,0.0456100167963558,0.0276928252864449,4.048441741447833,1.9367367361578127,0.7351203272157713,0.1947969809338235,0.1640977644373759,0.1745421504718204,970.0,953.0,1096.0,9.700000000000001,9.53,10.96,15.972404401348625,44.802475595643905,16.709569085132408,2.6444517390188844,0.0257379592659258,mouse657905far73,0.1663366336633663,0.5368136813681369,0.4892889288928895,1
mouse657905,far,74,0.049968904935041,0.0224444852801239,0.162256897656332,3.7437700991863214,3.7487189154688783,5.974252121797603,0.4287856603372392,0.3261836490898153,0.4291125921554729,116.0,185.0,95.0,1.16,1.85,0.9500000000000001,15.738937036223355,49.56881084720715,16.405657158052144,2.6444517390188844,0.0432041169327832,mouse657905far74,0.1671467146714672,0.7026102610261027,0.3483348334833483,1
mouse657905,far,77,0.0761580723009972,0.0629124899878564,0.0102192068476893,2.8748684498543446,4.568246736938743,1.0229478834164862,0.285203987268971,0.2711115496328208,0.1730359399096298,767.0,526.0,691.0,7.67,5.26,6.91,15.803786639173882,47.50068789003857,16.34619510904435,2.6483485420163264,0.0525233200305704,mouse657905far77,0.2724572457245725,0.8017101710171017,0.4760576057605762,1
mouse657905,far,78,0.018896632591743,0.101819860451149,0.0124948832216885,1.0067299924440931,4.124638198058642,6.019345680664357,0.2433141251814166,0.3576243746126669,0.1886024097985747,691.0,806.0,719.0,6.91,8.06,7.19,16.00932405216409,51.41946087254307,16.531760817829777,2.6483485420163264,0.0445175058256069,mouse657905far78,0.1765976597659766,0.7747074707470748,0.3313231323132312,1
mouse657905,far,81,0.03983947584517201,0.0253333893907413,0.0498027805435799,5.525350099735592,1.815220986453968,0.027811813422147003,0.3042478964418894,0.2393490584105423,0.2551174223047124,181.0,726.0,477.0,1.81,7.26,4.7700000000000005,15.655959130722227,55.549343125598135,16.21139158893101,2.656830818851664,0.0333098244354599,mouse657905far81,0.1898289828982898,0.6939693969396941,0.3243024302430243,1
mouse657905,far,86,0.0267394963694182,0.0483694031438318,0.0931955879627554,3.0986628406596033,6.118644602758713,4.9284174931459805,0.2859053664926875,0.3099556895930674,0.3777697994691656,153.0,278.0,128.0,1.53,2.7800000000000002,1.28,15.823075646074575,65.19764105318669,16.29981056346856,2.678269030549396,0.0322287412665628,mouse657905far86,0.2030603060306031,0.7090909090909091,0.3075607560756078,1
mouse657905,far,88,0.0114657697996401,0.0184875421389122,0.0210254261497832,0.3521439447140777,2.4943065784084264,1.1042706950859165,0.1828483093021326,0.1445331024771149,0.1940747534929915,765.0,862.0,765.0,7.65,8.620000000000001,7.65,16.141198551590836,63.10395137223682,16.60759087098048,2.683514486638744,0.0746367703527872,mouse657905far88,0.1884788478847884,0.7369036903690369,0.3178217821782177,1
mouse657905,far,91,0.0262411246861328,0.0498161031307421,0.0057427045849604,0.7871426880070562,4.410263583627795,0.0564592597399729,0.1329769623676903,0.1720044912671022,0.1114502535827544,2237.0,2256.0,2260.0,22.37,22.56,22.6,16.271864215356395,72.00017568596924,16.531956837754965,2.683514486638744,0.0500725014533203,mouse657905far91,0.1366336633663366,0.3548154815481548,0.2179117911791179,0
mouse657905,far,95,0.0804472703738983,0.1054750338566631,0.0482420217981559,5.6527974978552225,5.4836556573703215,5.566207040466645,0.284147335578336,0.3853972084007583,0.3154915552417427,329.0,464.0,333.0,3.29,4.64,3.33,16.46007554351307,85.33908629421492,16.500287461872166,2.6936267373190375,0.0685814471830649,mouse657905far95,0.2200720072007201,0.7252925292529255,0.3513051305130512,1
mouse657905,far,99,0.0181871886976971,0.0193105709229852,0.0212270523732612,5.548134098068337,5.5816466217008935,5.746884657703593,0.0994360043313952,0.1076724328117118,0.1256425440157393,3650.0,3781.0,3451.0,36.5,37.81,34.51,16.46007554351307,85.33908629421492,16.500287461872166,2.6936267373190375,0.050284247291877,mouse657905far99,0.1822682268226823,0.2900090009000899,0.2411341134113412,0
mouse657905,far,103,0.022475211278816,0.0368601233881074,0.0280315540617551,0.3803186035539705,5.317250680457924,6.251857033574481,0.1119439690557312,0.1131777004720903,0.11908843521157801,2792.0,3048.0,2784.0,27.92,30.48,27.84,16.657645080962567,93.3423942236295,16.807447772905626,2.687122066449532,0.0358499976760927,mouse657905far103,0.1441944194419442,0.2673267326732673,0.2346534653465346,0
mouse657905,far,104,0.0121594640851814,0.0145732895943869,0.0088723767678048,1.9839182209089512,1.6361029215423772,5.935153596422043,0.1172107455247361,0.1661255525531438,0.1614267317578687,1254.0,1092.0,1294.0,12.540000000000001,10.92,12.94,16.657645080962567,93.3423942236295,16.807447772905626,2.687122066449532,0.0287353487327453,mouse657905far104,0.1833483348334833,0.4582358235823582,0.3116111611161116,0
mouse657905,far,214,0.0556944236216857,0.0735700180553162,0.0162006134044599,3.5210815869004928,6.078817127274102,0.2675653202495783,0.4220795681311614,0.4353117733500006,0.4069737560852021,182.0,72.0,187.0,1.82,0.72,1.87,16.657645080962567,93.3423942236295,16.807447772905626,2.687122066449532,0.0432564761915298,mouse657905far214,0.2011701170117011,0.6928892889288929,0.4042304230423043,1
mouse657905,far,105,0.07823413685005401,0.0233650892115173,0.0808889130884237,5.889910250378,1.651332160298662,2.632515224954392,0.2993071994548891,0.2292720781358786,0.2814359600749671,228.0,518.0,261.0,2.2800000000000002,5.18,2.61,16.657645080962567,93.3423942236295,16.807447772905626,2.687122066449532,0.0658532777358615,mouse657905far105,0.1806480648064806,0.4952295229522953,0.3175517551755176,0
mouse657905,far,106,0.0355207728911588,0.0298761170639978,0.0655200421586617,5.707609452707826,3.6331605222122687,5.105635017650672,0.2943602049066108,0.1983147516134901,0.3094335360409118,349.0,726.0,370.0,3.49,7.26,3.7,16.373035197702198,89.04979936377062,16.708910850674904,2.687122066449532,0.0611931022813599,mouse657905far106,0.1298829882988298,0.2430243024302429,0.2292529252925293,0
mouse657905,far,108,0.0265499354995117,0.0563110714573563,0.0414500782551342,1.747167857389296,4.698328397749194,2.2353312893534123,0.1753739610743127,0.2843333485371475,0.2003606398803876,744.0,571.0,737.0,7.44,5.71,7.37,16.54651014568505,94.77048127346958,16.796504589538785,2.693742749410196,0.0408637522220908,mouse657905far108,0.2095409540954096,0.8665166516651668,0.3756075607560757,1
mouse657905,far,115,0.0195889455153495,0.0208181304071333,0.0418643508369488,1.9519174425959869,0.9849358611994936,0.8809339520667379,0.1434435768993118,0.1320750172487469,0.1413932547167556,2370.0,3611.0,2533.0,23.7,36.11,25.330000000000002,16.350256232926455,95.02228289693072,16.663244636093893,2.7005786416988493,0.0671034185735423,mouse657905far115,0.1687668766876687,0.3364536453645365,0.2605760576057606,0
mouse657905,far,125,0.0517122499377583,0.0297429883243227,0.070477200689727,3.9211989042664817,1.434961107877626,5.26358044405625,0.2805761696101933,0.2026995932442336,0.2217447482768199,353.0,1217.0,489.0,3.5300000000000002,12.17,4.89,16.472073510094955,98.10921847549221,16.743829842872795,2.727980021920982,0.0744259614551888,mouse657905far125,0.2106210621062106,0.6421242124212422,0.3294329432943295,1
mouse657905,far,119,0.0130746349983287,0.0123999521208648,0.0181062357829935,0.19792035398271401,1.4694794283100827,4.244562017500968,0.1528511802769518,0.1699221739182535,0.1431978539340901,1329.0,1003.0,1253.0,13.290000000000001,10.03,12.530000000000001,16.472073510094955,98.10921847549221,16.743829842872795,2.727980021920982,0.0528122206500339,mouse657905far119,0.1803780378037803,0.6353735373537355,0.3102610261026102,0
mouse657905,far,117,0.0622701638766697,0.0867308802318889,0.0187167325630181,1.2869477492349637,0.18524631776939002,0.8899314853208848,0.3014052629164544,0.3780061784035202,0.1813000617332971,305.0,1260.0,594.0,3.0500000000000003,12.6,5.94,16.472073510094955,98.10921847549221,16.743829842872795,2.727980021920982,0.0623435713174928,mouse657905far117,0.1304230423042305,0.2395139513951395,0.18901890189018897,0
mouse657905,far,128,0.0636350752968264,0.0334054129904501,0.0509913425807179,5.5648263680277195,2.732930474719689,5.955936986257102,0.2857034809544394,0.3073811750376342,0.250753998965447,272.0,468.0,522.0,2.72,4.68,5.22,16.30968658788223,108.11539827148708,16.317558641532678,2.7227054559757287,0.0936114657255445,mouse657905far128,0.1968496849684968,0.7015301530153017,0.3280828082808279,1
mouse657905,far,126,0.0715736671474252,0.0971954218879331,0.0645495847453262,4.873145022581001,5.935720740237839,3.9922448617587936,0.2313867714103049,0.3518595188736148,0.3256990739001872,605.0,161.0,241.0,6.05,1.61,2.41,16.628664707747184,106.12691023982065,16.682133840563058,2.7301556732171885,0.0869284844269544,mouse657905far126,0.2324932493249325,0.6882988298829884,0.3707470747074707,1
mouse657905,far,132,0.0345048239603952,0.0216737338456859,0.0316123097594322,0.7649342885792285,1.3277920156542142,5.919950078939603,0.1943841416010012,0.1798913424916146,0.1782298215641883,746.0,830.0,834.0,7.46,8.3,8.34,17.052941105041636,113.41530791541142,16.837110384212384,2.7378139089426807,0.060566586437118,mouse657905far132,0.2594959495949595,0.6623762376237624,0.3475247524752475,1
mouse657905,far,135,0.0575870440522356,0.0434957312673427,0.0456441136264525,1.1349395728681166,5.5184915480213625,4.2701562404332885,0.2363037537504858,0.1812751344182843,0.182767052767631,473.0,821.0,497.0,4.73,8.21,4.97,17.213603544324535,125.71176703447456,16.697669460439027,2.7415780127510505,0.0772026993451157,mouse657905far135,0.2000900090009001,0.6275427542754276,0.3685868586858688,1
mouse657905,far,224,0.024919080147399,0.0269607477814913,0.0522795036489825,4.270861801882283,6.214411328851456,3.7259476938450913,0.1610408142921097,0.2332037353491108,0.2161402799187243,863.0,685.0,831.0,8.63,6.8500000000000005,8.31,17.464375216588152,122.80956329002508,17.04023998363991,2.7415780127510505,0.0276771817101615,mouse657905far224,0.2505850585058506,0.7371737173717372,0.3769576957695769,1
mouse657905,far,225,0.0663639347375954,0.0300284792323377,0.0380918774079299,5.3513588427155065,4.391556053375841,4.110461105473863,0.2266352078323716,0.3575827490604981,0.2250948306416186,599.0,146.0,525.0,5.99,1.46,5.25,17.082900721171516,131.29521598951376,16.482378484227432,2.749886361288408,0.0359572533410919,mouse657905far225,0.20792079207920802,0.5108910891089111,0.4317731773177319,1
mouse657905,far,141,0.0158171762384855,0.0193039574158294,0.0502042598893071,1.2326566393041751,3.461494172864754,4.055927813296963,0.1567422653091709,0.1599359414222774,0.1946098848049847,1136.0,1534.0,1298.0,11.36,15.34,12.98,17.082900721171516,131.29521598951376,16.482378484227432,2.749886361288408,0.0612689871700051,mouse657905far141,0.2017101710171017,0.6345634563456346,0.3351035103510352,1
mouse657905,far,138,0.0431669498927438,0.0621462545068531,0.0450255376118832,1.1471312594268157,4.440478964246133,3.209625042207042,0.2837260673994582,0.3104481537663083,0.3235610686488846,305.0,357.0,279.0,3.0500000000000003,3.5700000000000003,2.79,17.497796560725774,128.12759398658548,16.746623636118905,2.749886361288408,0.0555966321621084,mouse657905far138,0.2454545454545454,0.6869486948694872,0.395049504950495,1
mouse657905,far,227,0.077919134510496,0.1098536249413523,0.0850618813767193,5.15752998755225,4.149107197649608,3.3935216301000284,0.3100203598637934,0.4455097398294372,0.3335757002041282,263.0,129.0,293.0,2.63,1.29,2.93,17.497796560725774,128.12759398658548,16.746623636118905,2.749886361288408,0.0504166558201726,mouse657905far227,0.1884788478847885,0.632943294329433,0.3388838883888391,1
mouse657905,far,152,0.023083543487994997,0.0341314857430207,0.0237965196258692,5.933849020229819,1.4540118063757383,4.934826809940409,0.1608765877652779,0.1767619274744959,0.1494339820641896,1163.0,1446.0,1207.0,11.63,14.46,12.07,17.559179066473,129.54685985112798,16.91350331504345,2.7583962731993386,0.0572169437343424,mouse657905far152,0.2584158415841584,0.6758775877587759,0.3453645364536454,1
mouse657905,far,150,0.0384037774074481,0.0818793919936238,0.057111853115354,3.3720737723763485,0.6815815285299796,5.9278662806396865,0.3829704072786752,0.2330799653396897,0.2907057921888701,98.0,426.0,215.0,0.98,4.26,2.15,17.559179066473,129.54685985112798,16.91350331504345,2.7583962731993386,0.050090858387433004,mouse657905far150,0.1927992799279928,0.6602160216021603,0.3318631863186317,1
mouse657905,far,149,0.0531998067089704,0.0415440862614708,0.0481262204834809,4.7899986063112765,3.256780528281092,4.666995336099653,0.2848581020254181,0.2164087392732857,0.2252513117744103,425.0,610.0,313.0,4.25,6.1000000000000005,3.13,17.559179066473,129.54685985112798,16.91350331504345,2.7583962731993386,0.0673846640505705,mouse657905far149,0.1485148514851485,0.6772277227722774,0.3272727272727272,0
mouse657905,far,51,0.0544852364561687,0.0858553910178637,0.0495072789840054,4.14925610832866,0.9593775717549208,0.3265687673473044,0.2321932009555151,0.2885428338147673,0.2491085286526024,467.0,233.0,272.0,4.67,2.33,2.72,15.064835279752055,35.67783647166036,15.510829748292641,2.649646202797649,0.098813625630622,mouse657905far51,0.2152115211521152,0.6801980198019802,0.3969396939693971,1
mouse657905,far,101,0.014172581644837,0.0212849952245759,0.009153266988463,5.6410649902051375,4.911126244705781,1.5360100927632514,0.0854954688165374,0.1085913749205605,0.09124727149194099,3490.0,3069.0,3053.0,34.9,30.69,30.53,16.357088401138125,82.71213176904583,16.95756162549081,2.7,0.0818854418573056,mouse657905far101,0.2875787578757877,0.3818181818181819,0.3,0
mouse657905,far,118,0.0273035942358526,0.0263826309850568,0.0566150266577768,0.207891729839288,2.7166469336076253,4.398121414997034,0.4301453589995694,0.1904425543774932,0.349682200933842,80.0,731.0,212.0,0.8,7.3100000000000005,2.12,16.472073510094955,98.10921847549221,16.743829842872795,2.727980021920982,0.0902183497321647,mouse657905far118,0.2003600360036003,0.6531953195319533,0.4252925292529251,1
mouse657905,far,147,0.0986791020903927,0.0498665867949331,0.0467115762512961,3.3611822042034665,1.2500236683223531,3.5434036896334886,0.4307952434030344,0.1813001237848326,0.3572144894362695,142.0,696.0,109.0,1.42,6.96,1.09,17.464375216588152,122.80956329002508,17.04023998363991,2.7415780127510505,0.0646991229158288,mouse657905far147,0.1795679567956796,0.6094509450945096,0.3297029702970298,0
