mouse,probe_position,unitID,VL_pre,VL_stimOn,VL_post,angle_pre_ch15,angle_stimOn_ch15,angle_post_ch15,MMR_Pre,MMR_stimOn,MMR_Post,Nspikes_pre,Nspikes_StimOn,Nspikes_post,Fspikes_pre,Fspikes_StimOn,Fspikes_post,inst_amp_pre_peak_ch,inst_amp_StimOn_peak_ch,inst_amp_post_peak_ch,distance_peakch_stim_tip,error_waveform,universal_ID,waveform_halfwidth,waveform_duration,waveform_REP,cluster
mouse577578,far,265,0.0675529718486881,0.0748257534485907,0.0316031208534989,4.181977303779659,1.9152551601711656,5.389952552570883,0.3229751978558623,0.3049084249386669,0.3343733308969091,220.0,251.0,215.0,2.2,2.5100000000000002,2.15,36.653387853087466,52.59266877166677,31.442953102781768,2.6068419591528755,0.0196874172948533,mouse577578far265,0.2241224122412242,0.7506750675067508,0.4895589558955894,1
mouse577578,far,264,0.034493524878319,0.0727445548058225,0.0497287006101298,3.786776818519439,4.7017356389592875,5.4062641023242195,0.2499672843678246,0.2811389682688796,0.32974137944762105,327.0,277.0,283.0,3.27,2.77,2.83,36.653387853087466,52.59266877166677,31.442953102781768,2.6068419591528755,0.0079385294195905,mouse577578far264,0.1722772277227723,0.8117011701170118,0.4714671467146717,1
mouse577578,far,263,0.0686896867569279,0.1031495081561705,0.0267886898723559,5.318782719501359,1.855363407472665,5.647347742015147,0.2870034422556968,0.3507630600754887,0.3367587200831095,206.0,194.0,190.0,2.06,1.94,1.9000000000000001,36.653387853087466,52.59266877166677,31.442953102781768,2.6068419591528755,0.0289805160126709,mouse577578far263,0.2435643564356435,0.751755175517552,0.6394239423942393,1
mouse577578,far,262,0.0286273071091185,0.054980054939885996,0.0429227349756443,4.29598156563019,0.6078011571725493,0.354239360883447,0.3088267372817498,0.3118977443128209,0.3796289465557754,132.0,177.0,140.0,1.32,1.77,1.4000000000000001,36.653387853087466,52.59266877166677,31.442953102781768,2.6068419591528755,0.0257992442717465,mouse577578far262,0.1606660666066606,0.4066606660666068,0.4898289828982898,0
mouse577578,far,271,0.0494066039695278,0.0594259776533522,0.0576855917715023,3.005157051601333,4.7145243725287065,2.3324852756966243,0.3959395353285196,0.3459100467804185,0.2835968566147772,198.0,160.0,236.0,1.98,1.6,2.36,37.17586576195567,53.31415622214695,31.808419032581092,2.6068419591528755,0.034057398967872,mouse577578far271,0.18901890189018897,0.8146714671467148,0.5616561656165616,1
mouse577578,far,269,0.062914030169561,0.0577479980490313,0.0132302629553914,0.4567933726507031,4.238551139286304,2.2139274731973257,0.304899299392413,0.38248076238086604,0.3284447263702499,211.0,254.0,208.0,2.11,2.54,2.08,37.17586576195567,53.31415622214695,31.808419032581092,2.6068419591528755,0.0402870720049708,mouse577578far269,0.2087308730873087,0.8200720072007202,0.5311431143114312,1
mouse577578,far,268,0.0455321581229619,0.0272718470360231,0.0082475908482715,2.701683601154763,4.695979985663267,3.0687104887898933,0.2466358633997637,0.2138535926108272,0.160214526255238,1059.0,1122.0,1134.0,10.59,11.22,11.34,37.17586576195567,53.31415622214695,31.808419032581092,2.6068419591528755,0.0230937396419577,mouse577578far268,0.1976597659765977,0.6045904590459048,0.3518451845184518,1
mouse577578,far,523,0.1315518229303932,0.0780485589057818,0.0312049253081541,3.5186949297266867,0.3061948303736715,1.8369531282365563,0.4762615403311416,0.3150752538929983,0.3622155627190085,155.0,169.0,136.0,1.55,1.69,1.36,37.17586576195567,53.31415622214695,31.808419032581092,2.6068419591528755,0.0175274199026281,mouse577578far523,0.20603060306030602,0.7460846084608462,0.4844284428442845,1
mouse577578,far,266,0.0476428090726566,0.0741970969961168,0.0181746132088221,5.338800063490479,5.989224723943131,4.9366990716368715,0.3110258919153455,0.350356078991391,0.2920438054291793,154.0,151.0,256.0,1.54,1.51,2.56,37.17586576195567,53.31415622214695,31.808419032581092,2.6068419591528755,0.0312877555352379,mouse577578far266,0.2225022502250225,0.8241224122412242,0.5281728172817285,1
mouse577578,far,267,0.10712929151460901,0.1048896694316465,0.0325440928607357,2.2585841704011242,5.23190770849963,1.6677304732861449,0.3148309341890034,0.3499648448446996,0.3255521295514018,197.0,234.0,217.0,1.97,2.34,2.17,37.17586576195567,53.31415622214695,31.808419032581092,2.6068419591528755,0.0238455212084589,mouse577578far267,0.1655265526552656,0.7377137713771379,0.4282628262826281,1
mouse577578,far,273,0.0767094413223543,0.0370640391740989,0.0278002907312418,3.9876178080857314,6.108654209218606,1.9444916619506656,0.2845783389274965,0.2407389450776998,0.3022528062977248,326.0,300.0,243.0,3.2600000000000002,3.0,2.43,36.85029276245989,54.38857397866783,31.97224338168112,2.5938629493479413,0.0131761183161915,mouse577578far273,0.1882088208820882,0.8387038703870389,0.4466246624662465,1
mouse577578,far,275,0.0250938259605447,0.0337646115417021,0.0672050563827692,4.371817465572252,1.6923630714725422,5.566695632893758,0.2067545143504441,0.2977853097532527,0.2975644815101299,301.0,220.0,216.0,3.0100000000000002,2.2,2.16,37.16809633636574,55.51083409992565,32.39695279868556,2.5896428325157124,0.0251429701930587,mouse577578far275,0.18901890189018897,0.7790279027902791,0.6683168316831681,1
mouse577578,far,276,0.0557201571916349,0.0592083792537239,0.0984102581993782,5.170747584322043,3.5239692680762817,5.4370322553729915,0.3260625599162138,0.2788143244428835,0.3973049792646205,146.0,210.0,228.0,1.46,2.1,2.2800000000000002,37.16809633636574,55.51083409992565,32.39695279868556,2.5896428325157124,0.0361308825281515,mouse577578far276,0.1914491449144915,0.8333033303330334,0.4482448244824483,1
mouse577578,far,281,0.0643918297478127,0.0282967119305091,0.0143731327740055,3.9391988913350287,3.8387389020605984,5.6177467518623745,0.2742659347575261,0.2344995342351367,0.2997104502356618,415.0,319.0,210.0,4.15,3.19,2.1,36.35686446424969,55.42599646036413,32.04455556103098,2.5896428325157124,0.0311437455970784,mouse577578far281,0.1782178217821782,0.8287128712871289,0.4887488748874887,1
mouse577578,far,282,0.0187612555296387,0.0350394592617055,0.0815829084560293,0.7223330943864681,1.3188601833472575,4.860621544877744,0.2889509140537588,0.3339151179219392,0.3184855396598063,166.0,235.0,277.0,1.6600000000000001,2.35,2.77,37.21763482198494,57.178977364726585,32.77013993865041,2.5813029655582858,0.0193247762608744,mouse577578far282,0.1882088208820882,0.8432943294329434,0.4528352835283528,1
mouse577578,far,283,0.0194904694851505,0.0379698831010627,0.0210175097391257,3.841020448269603,5.835493613242116,2.3026809565248683,0.200214471723739,0.2189349688074225,0.1959587167726212,327.0,415.0,547.0,3.27,4.15,5.47,37.21763482198494,57.178977364726585,32.77013993865041,2.5813029655582858,0.0378823390803231,mouse577578far283,0.2673267326732673,0.8762376237623763,0.6361836183618361,1
mouse577578,far,284,0.0232831921985938,0.0140535791089785,0.0357195889281736,4.3776856669300175,0.1130355890887142,2.7307344450293005,0.2071003787681438,0.3001413525391685,0.2099538181338265,617.0,537.0,619.0,6.17,5.37,6.19,37.21763482198494,57.178977364726585,32.77013993865041,2.5813029655582858,0.0194613169782551,mouse577578far284,0.2613861386138614,0.7598559855985599,0.7747074707470748,1
mouse577578,far,476,0.1401498076482275,0.0941195893102277,0.0886211531701132,4.452636363227311,0.1796905739068581,5.234849278541021,0.4854282565758829,0.3707155778493016,0.3599538981123976,119.0,170.0,117.0,1.19,1.7,1.17,36.192141744321816,56.41800344757085,32.518868380892634,2.577304793771974,0.0265678675768595,mouse577578far476,0.2349234923492349,0.841944194419442,0.5624662466246623,1
mouse577578,far,285,0.0245900395301195,0.1042307662205041,0.097004415561377,4.1703198678548175,5.872260445146557,5.0376361676488965,0.346850853344414,0.3820460910856734,0.34002152697647803,221.0,165.0,204.0,2.21,1.6500000000000001,2.04,36.192141744321816,56.41800344757085,32.518868380892634,2.577304793771974,0.0473011202880408,mouse577578far285,0.2414041404140414,0.8686768676867688,0.5856885688568859,1
mouse577578,far,287,0.0765593287767805,0.0858403708639087,0.162476015805944,4.130079731156212,1.1092920203728385,5.017687158389408,0.4368376075535817,0.3996616358781649,0.3580142306058935,121.0,98.0,134.0,1.21,0.98,1.34,36.192141744321816,56.41800344757085,32.518868380892634,2.577304793771974,0.0466846851007563,mouse577578far287,0.2087308730873087,0.7228622862286229,0.3858685868586858,1
mouse577578,far,288,0.0614948790579138,0.0359447475228286,0.0585490496998043,4.7723167267941085,5.707022913233751,4.150553574700797,0.2761008657131464,0.2653168826420874,0.2757611223483296,339.0,306.0,260.0,3.39,3.06,2.6,36.192141744321816,56.41800344757085,32.518868380892634,2.577304793771974,0.033733474091433,mouse577578far288,0.2111611161116111,0.7090909090909093,0.6340234023402339,1
mouse577578,far,291,0.019653739778259998,0.0459027836030191,0.1000685856173279,5.138503454504324,4.864311813232743,5.047165714287992,0.3229845090821131,0.3847778193528545,0.3385903474400766,237.0,115.0,220.0,2.37,1.1500000000000001,2.2,36.86200286225145,57.919673313306255,32.90065542687859,2.577304793771974,0.0511436833686969,mouse577578far291,0.1763276327632763,0.7298829882988299,0.5192619261926191,1
mouse577578,far,293,0.0984342942592844,0.0483974822109712,0.0705161545950088,2.2896702920152494,0.8352887705280841,5.729571852115022,0.4123362668111852,0.3125194206358002,0.3855524194786612,97.0,100.0,115.0,0.97,1.0,1.1500000000000001,36.161633885349325,57.90165075650186,32.469703135932534,2.60060089210167,0.037577630002529,mouse577578far293,0.116921692169217,1.0296129612961296,0.4639063906390639,1
mouse577578,far,478,0.1133216935169598,0.0545364482606366,0.05837052716133499,0.3939849141412335,4.24313079825538,0.8154537575198566,0.42369847561864293,0.4145260860207703,0.3247525681593834,134.0,114.0,147.0,1.34,1.1400000000000001,1.47,36.34926924957161,58.99432585458062,32.421511124076474,2.5887979836209705,0.0703236196378735,mouse577578far478,0.2370837083708371,0.8473447344734475,0.588928892889289,1
mouse577578,far,302,0.0159517780229496,0.0532792905011458,0.0390306364083542,2.037701119282393,1.5658858040949462,0.8389127016632844,0.2165984969052447,0.2393306124845171,0.2143739871049586,341.0,307.0,429.0,3.41,3.0700000000000003,4.29,36.34926924957161,58.99432585458062,32.421511124076474,2.5887979836209705,0.0305679348572916,mouse577578far302,0.1747074707470747,0.9048604860486048,0.4279927992799283,1
mouse577578,far,479,0.0403842453766067,0.05803201520172901,0.0535171799414396,2.3636931029046178,2.423870076774695,3.286806733952108,0.3056161281617898,0.2724963553774361,0.2804031306829441,240.0,210.0,377.0,2.4,2.1,3.77,36.34926924957161,58.99432585458062,32.421511124076474,2.5887979836209705,0.0303237288229751,mouse577578far479,0.2819081908190819,0.827902790279028,0.6969396939693969,1
mouse577578,far,525,0.0368474450543793,0.0900058741389319,0.13636268824446102,0.1012000315954752,4.1464434435532125,0.7404728241591069,0.2327494692748243,0.3603861093724167,0.4250000917206922,293.0,182.0,153.0,2.93,1.82,1.53,36.18955863421485,60.35989869828314,33.00054072956557,2.5887979836209705,0.0140795315735318,mouse577578far525,0.2054905490549055,0.8165616561656166,0.531143114311431,1
mouse577578,far,305,0.0308416901954243,0.0525697438354426,0.0273745230763557,1.6902978487829126,4.602434451673582,2.836580173661384,0.205663452711395,0.2138705030546105,0.1741161455558122,770.0,766.0,836.0,7.7,7.66,8.36,36.18955863421485,60.35989869828314,33.00054072956557,2.5887979836209705,0.0134068494014149,mouse577578far305,0.2443744374437444,0.6896489648964897,0.5489648964896491,1
mouse577578,far,315,0.0875493025674543,0.0743011372315354,0.144443938347499,5.501123662875829,4.8435317124134585,0.2039607185099036,0.3765239646574913,0.3191654361752608,0.5217741672192532,128.0,248.0,109.0,1.28,2.48,1.09,35.611507648697106,61.080948261431075,32.212693999347195,2.577426041615938,0.0420547879810429,mouse577578far315,0.1647164716471647,0.9126912691269128,0.4331233123312331,1
mouse577578,far,308,0.0495856414281522,0.0710891576989922,0.0824342364585644,3.2881075931069668,5.6723821299997645,2.7281983278479456,0.3800381879814674,0.3774388492459505,0.3498428826903358,181.0,123.0,143.0,1.81,1.23,1.43,35.92567812268087,62.48684916319239,32.62329795340909,2.577426041615938,0.0309387204059162,mouse577578far308,0.1903690369036903,0.8300630063006302,0.3923492349234924,1
mouse577578,far,321,0.0494246102168775,0.0217695063727114,0.0254279614012922,4.9986897110648245,5.3116032799415365,5.581318515733041,0.1543628274203961,0.1343678479718585,0.1379902928258737,1560.0,1627.0,1647.0,15.6,16.27,16.47,35.625681862125354,62.43372791667275,31.92519792543772,2.5741503452595773,0.0102896789124615,mouse577578far321,0.1425742574257426,0.4855085508550856,0.2586858685868587,0
mouse577578,far,322,0.0312401297690513,0.0065112953832053,0.0206023157698178,5.474025827683118,0.6031191435326436,6.174486868566473,0.22888085024438395,0.1994695386049591,0.2012063295034163,777.0,827.0,757.0,7.7700000000000005,8.27,7.57,35.625681862125354,62.43372791667275,31.92519792543772,2.5741503452595773,0.03498252315492,mouse577578far322,0.3094509450945094,1.0042304230423045,0.7925292529252923,1
mouse577578,far,324,0.06507582421055999,0.0589217296916277,0.0361305563103762,6.0567233152331506,4.52241043899167,0.4912027565532321,0.3353712581627363,0.2857125211733831,0.3330647309039084,202.0,185.0,129.0,2.02,1.85,1.29,35.625681862125354,62.43372791667275,31.92519792543772,2.5741503452595773,0.0210154468533636,mouse577578far324,0.1825382538253825,0.8565256525652566,0.4174617461746174,1
mouse577578,far,314,0.0483468588205086,0.0530171798781638,0.0213359997082526,5.186170695214744,5.050907581917336,5.364370376408068,0.2834984483528835,0.2661423704557766,0.2642123497329667,345.0,433.0,494.0,3.45,4.33,4.94,35.625681862125354,62.43372791667275,31.92519792543772,2.5741503452595773,0.0116341451186823,mouse577578far314,0.1706570657065707,0.7855085508550856,0.5662466246624663,1
mouse577578,far,325,0.0837462620831156,0.0368568833513151,0.0766699172429909,0.1685252674743325,0.3736925664644827,5.9580790144961675,0.337844288673687,0.3020225256562715,0.3429199386483408,217.0,229.0,226.0,2.17,2.29,2.2600000000000002,35.89941212787711,63.22012152867529,32.498866431858765,2.5741503452595773,0.0366023880228987,mouse577578far325,0.22196219621962196,0.6942394239423944,0.6216021602160219,1
mouse577578,far,326,0.0247361479220981,0.0878391095699547,0.076963031487998,1.3660360886026386,1.6369724801200034,2.577016318409778,0.3634821049032589,0.370311375157349,0.4812307456630176,123.0,121.0,74.0,1.23,1.21,0.74,35.89941212787711,63.22012152867529,32.498866431858765,2.5741503452595773,0.0321412728852079,mouse577578far326,0.1857785778577858,0.7998199819981999,0.43285328532853296,1
mouse577578,far,327,0.1176803681892952,0.1132541262003903,0.1060727607868467,2.8632498599520413,3.885635036204115,3.2400441655205965,0.4859808040867429,0.44597247359790204,0.4116781661920355,87.0,123.0,101.0,0.87,1.23,1.01,3.30689728367953,4.244567329421079,2.9912089602818726,2.5664907948403006,0.0719358494647596,mouse577578far327,0.2357335733573358,0.9024302430243024,0.4779477947794778,1
mouse577578,far,484,0.035258311775988996,0.0295805164705384,0.0405909023307188,3.2299999203660863,2.782433008339608,4.9982424421608584,0.1653882788563888,0.2395634716149509,0.1890375233289761,643.0,655.0,661.0,6.43,6.55,6.61,3.30689728367953,4.244567329421079,2.9912089602818726,2.5664907948403006,0.019241455962361997,mouse577578far484,0.21197119711971202,0.8724572457245726,0.5368136813681369,1
mouse577578,far,483,0.0772602684701707,0.1474024578382997,0.1052219398708071,4.878740930302071,4.8366535196159255,5.844035575973826,0.351873892746149,0.3725733205992355,0.3618744668927302,169.0,122.0,115.0,1.69,1.22,1.1500000000000001,3.30689728367953,4.244567329421079,2.9912089602818726,2.5664907948403006,0.0238876022361408,mouse577578far483,0.1720072007200721,0.8195319531953196,0.4082808280828084,1
mouse577578,far,328,0.0305647300253576,0.0112126769869009,0.022589749355156,5.955059441430639,0.4851405326195015,1.2567278535301878,0.1721115199430568,0.1399058466671409,0.1729881105397736,858.0,752.0,773.0,8.58,7.5200000000000005,7.73,3.30689728367953,4.244567329421079,2.9912089602818726,2.5664907948403006,0.0091271171698085,mouse577578far328,0.1647164716471647,0.5878487848784878,0.8505850585058509,1
mouse577578,far,332,0.02119504483107,0.0225895933872597,0.0349142084593661,3.8305101318937527,3.6392350481418134,5.080403967255551,0.1754844662191704,0.1901981023182097,0.1911601901946522,893.0,955.0,934.0,8.93,9.55,9.34,37.37846962577578,52.10324667244795,31.954490886545855,2.5871074581470332,0.0143803339296846,mouse577578far332,0.2735373537353736,0.8432943294329436,0.4412241224122414,1
mouse577578,far,331,0.2004605136212851,0.094021984770517,0.0493650499799137,5.427380744537535,3.0247228186201403,1.1604637895717158,0.4955138521317359,0.3368283354191679,0.4440543745907339,82.0,118.0,71.0,0.8200000000000001,1.18,0.71,37.37846962577578,52.10324667244795,31.954490886545855,2.5871074581470332,0.0310993900579391,mouse577578far331,0.261926192619262,0.9137713771377138,0.5192619261926191,1
mouse577578,far,337,0.1134202575400388,0.0692260983291728,0.0464823010810697,4.997423455847844,3.8042631341429596,4.752640940024834,0.2998381146751349,0.2774549559486549,0.2392220945637298,212.0,264.0,329.0,2.12,2.64,3.29,35.50308236228761,66.6391522985711,31.53346129362,2.576941016011038,0.0386850709688484,mouse577578far337,0.2173717371737173,0.8119711971197121,0.4501350135013501,1
mouse577578,far,513,0.1342378795291465,0.0230426048117788,0.049704534490377,1.1279132655822506,3.443217736838461,3.8854990750288825,0.4229921339006762,0.1984304955677847,0.3308246151839412,138.0,282.0,287.0,1.3800000000000001,2.82,2.87,35.50308236228761,66.6391522985711,31.53346129362,2.576941016011038,0.032395037934721004,mouse577578far513,0.2324932493249325,0.8821782178217824,0.476057605760576,1
mouse577578,far,486,0.0130532439293764,0.0467469467418008,0.0822871527559975,0.8658681194435527,4.250357591510895,0.0396311274965517,0.3679394043062276,0.3793666783128868,0.3584707973170313,119.0,181.0,146.0,1.19,1.81,1.46,35.50308236228761,66.6391522985711,31.53346129362,2.576941016011038,0.0359477889759324,mouse577578far486,0.2295229522952295,0.8370837083708372,0.5351935193519352,1
mouse577578,far,339,0.0525907341899812,0.0898755868590291,0.1475990559435896,2.5626232638929043,0.5381666178790239,1.5709649503183332,0.4342366784972317,0.3440247248068561,0.4163460553937128,81.0,119.0,72.0,0.81,1.19,0.72,35.39747891388064,67.80633045735411,31.74876850877454,2.576941016011038,0.0567827070682351,mouse577578far339,0.2157515751575157,0.7933393339333935,0.4984698469846985,1
mouse577578,far,341,0.2313947136793215,0.0264278596316267,0.2872847069391698,4.950959948444852,4.1034016004822345,5.573499908770504,0.4071573256070881,0.3108702499474181,0.446095896504296,221.0,185.0,128.0,2.21,1.85,1.28,35.39747891388064,67.80633045735411,31.74876850877454,2.576941016011038,0.0160311667856406,mouse577578far341,0.1882088208820882,0.8195319531953196,0.4525652565256527,1
mouse577578,far,487,0.08962365272209698,0.0250013657188849,0.0869701280416407,5.301194195422848,2.634817179211841,6.202398211397608,0.4338866866638717,0.2798544380805646,0.3286587126610441,176.0,219.0,257.0,1.76,2.19,2.57,35.39747891388064,67.80633045735411,31.74876850877454,2.576941016011038,0.0213096902553197,mouse577578far487,0.1644464446444644,0.794959495949595,0.4425742574257426,1
mouse577578,far,345,0.1350477261958321,0.0672675462887996,0.06919557305006001,5.1317860827067285,1.6894275667910938,5.608560601093607,0.378762953219509,0.3015749697535065,0.3127408057410536,178.0,203.0,205.0,1.78,2.0300000000000002,2.05,35.18610855435769,68.91495049066232,31.50901224154282,2.5743931323712004,0.0325934066471435,mouse577578far345,0.2532853285328533,0.7196219621962198,0.5462646264626464,1
mouse577578,far,348,0.0491643781775322,0.0277693907103828,0.0399354281685153,5.2264515222265135,4.616230023360677,5.46727831097236,0.1741575878277561,0.1446277872488948,0.1089205694599758,1742.0,1758.0,1698.0,17.42,17.580000000000002,16.98,34.58206797323557,69.37627367471403,30.85958824335033,2.5672212604292604,0.0238549961396638,mouse577578far348,0.1493249324932494,0.2794779477947795,0.2295229522952295,0
mouse577578,far,346,0.0507801616515027,0.0340947011686319,0.0381419151306717,4.357227762228088,5.3628305939299725,0.4089365516691685,0.2693106927765073,0.2488005187551079,0.2444639816293507,363.0,401.0,409.0,3.63,4.01,4.09,34.58206797323557,69.37627367471403,30.85958824335033,2.5672212604292604,0.0168316024942218,mouse577578far346,0.1682268226822683,0.7987398739873991,0.6151215121512151,1
mouse577578,far,347,0.0432958594728251,0.0751161122152592,0.0487557733997441,4.34920303784363,5.7364151264495336,5.2255827415606975,0.2637177339910347,0.2772497670936882,0.3170260526361192,192.0,251.0,126.0,1.92,2.5100000000000002,1.26,34.58206797323557,69.37627367471403,30.85958824335033,2.5672212604292604,0.0381767861982415,mouse577578far347,0.1925292529252925,0.8195319531953197,0.5381638163816381,1
mouse577578,far,353,0.0291155079311162,0.0336759862501929,0.0436961664133344,0.1267970735151624,3.0601668818609333,4.8953389444140365,0.1890680744964983,0.2017747463863446,0.2352219198920311,546.0,530.0,547.0,5.46,5.3,5.47,34.46811144413525,70.52685185780909,31.02211084178684,2.5672212604292604,0.0325517055021312,mouse577578far353,0.2127812781278127,0.6110711071107112,0.3318631863186319,1
mouse577578,far,350,0.0558899335074615,0.0454996017375413,0.0374832597560498,5.632266819639628,5.990996888126456,5.033945505539906,0.1409359717541329,0.1468287947291721,0.1820386489874041,1461.0,1272.0,1237.0,14.61,12.72,12.370000000000001,34.46811144413525,70.52685185780909,31.02211084178684,2.5672212604292604,0.0300873268554102,mouse577578far350,0.1428442844284428,0.36507650765076505,0.2405940594059408,0
mouse577578,far,356,0.0463899217435281,0.0385204682689203,0.0355418421039769,5.354088535769092,6.1097781832698255,4.6452814502081035,0.1947921303693398,0.1896443388044851,0.1812556742305068,1166.0,1132.0,1117.0,11.66,11.32,11.17,34.493744863787306,71.43130822393249,31.038189416937062,2.5672212604292604,0.0187953390380392,mouse577578far356,0.2306030603060306,0.7074707470747076,0.3918091809180921,1
mouse577578,far,359,0.1572888931133331,0.0997670397057302,0.0790592755283077,4.441529060482779,4.630414126264542,5.172574422335666,0.3182707595500865,0.2940645515566268,0.2807327184953988,238.0,291.0,297.0,2.38,2.91,2.97,34.1098203476582,71.8164672624782,30.687627711807423,2.5649074057361214,0.0342154161046774,mouse577578far359,0.1277227722772278,0.9070207020702072,0.4080108010801081,1
mouse577578,far,365,0.0726299996738905,0.0706862579259169,0.0646786990915511,5.8277268199905095,5.5956449168705245,5.711247743949665,0.448058199775026,0.3470681810783874,0.3151276128463111,240.0,240.0,212.0,2.4,2.4,2.12,34.1098203476582,71.8164672624782,30.687627711807423,2.5649074057361214,0.0437351035800789,mouse577578far365,0.1725472547254726,0.7792979297929795,0.4093609360936093,1
mouse577578,far,489,0.1025282440744602,0.065613590052737,0.0827933244183617,0.6793016991473043,3.037591776025981,6.179986901389881,0.2732062963774019,0.2307651655970978,0.3067418667633961,312.0,535.0,330.0,3.12,5.3500000000000005,3.3000000000000003,33.910804643872446,73.16708002178619,30.73712381706233,2.5579532833888896,0.0697567895501086,mouse577578far489,0.2173717371737173,0.7377137713771378,0.6324032403240324,1
mouse577578,far,362,0.1225347774047304,0.0770886931877289,0.0524032985524036,4.990452221490905,5.799409906714374,4.422096096585735,0.2522074556685827,0.3549973087256671,0.1896630212269108,580.0,627.0,939.0,5.8,6.2700000000000005,9.39,33.910804643872446,73.16708002178619,30.73712381706233,2.5579532833888896,0.0529394769978348,mouse577578far362,0.2365436543654365,0.6928892889288929,0.8403240324032403,1
mouse577578,far,363,0.0805663726501249,0.1706286709324369,0.0511849721595383,5.076623589409313,0.1482193369619553,0.1960272735112773,0.3178892049223237,0.3440071228422609,0.2894387920754157,134.0,194.0,222.0,1.34,1.94,2.22,33.910804643872446,73.16708002178619,30.73712381706233,2.5579532833888896,0.0346463450934472,mouse577578far363,0.1944194419441944,0.8073807380738075,0.4714671467146715,1
mouse577578,far,370,0.0491225234792873,0.0279929828993851,0.034071191661538,4.265178534522675,4.024846192286259,3.774248049386387,0.1825001860569811,0.1944087397410721,0.1987679040192078,646.0,637.0,664.0,6.46,6.37,6.640000000000001,33.59175026055972,75.00320444585056,30.621613770268713,2.581908209057789,0.0266671110429662,mouse577578far370,0.1957695769576958,0.5198019801980198,0.3070207020702071,0
mouse577578,far,368,0.0575133100418858,0.0264749441578592,0.0531218039289712,5.207879225438228,5.677463765738548,5.827955711233133,0.1967785329730525,0.1514441814803054,0.2344055922716062,889.0,962.0,859.0,8.89,9.620000000000001,8.59,33.59175026055972,75.00320444585056,30.621613770268713,2.581908209057789,0.0201213262274025,mouse577578far368,0.1622862286228622,0.5470747074707472,0.3207920792079208,0
mouse577578,far,490,0.0823829032744859,0.0425261201887593,0.1249190452832727,3.3098251871027986,0.2638601109522363,4.910924341189924,0.3567681151641808,0.281301178016868,0.4587380682739327,155.0,160.0,176.0,1.55,1.6,1.76,33.59175026055972,75.00320444585056,30.621613770268713,2.581908209057789,0.060240727978969004,mouse577578far490,0.2797479747974798,0.6961296129612963,0.3920792079207923,1
mouse577578,far,366,0.0573197514866441,0.0456591222682929,0.0552747976771443,6.142283948500017,5.31174964650674,5.309921246369152,0.2521638843572283,0.2619549846368474,0.2843275382245513,416.0,470.0,428.0,4.16,4.7,4.28,33.59175026055972,75.00320444585056,30.621613770268713,2.581908209057789,0.0269877641463465,mouse577578far366,0.1733573357335733,0.5495049504950497,0.6110711071107112,1
mouse577578,far,374,0.0730547731612293,0.063039132859334,0.072290558075287,5.872788582861008,4.928144277180078,0.7421833866653412,0.3163704955415709,0.2868482886173146,0.3144801886367466,324.0,365.0,298.0,3.24,3.65,2.98,33.25194915348034,76.70098641728893,30.1027357495415,2.5798498018295564,0.0559376888263477,mouse577578far374,0.1736273627362736,0.8457245724572461,0.2948694869486946,1
mouse577578,far,375,0.1305731179958433,0.1071052518216831,0.0739800063382778,1.3694149413665426,1.8777275063196184,0.7528785164373991,0.3484896815990615,0.2732456738558806,0.3414878941869851,273.0,217.0,167.0,2.73,2.17,1.67,33.25194915348034,76.70098641728893,30.1027357495415,2.5798498018295564,0.0298457444123111,mouse577578far375,0.1522952295229522,0.8786678667866789,0.3675067506750676,1
mouse577578,far,386,0.0535932695283166,0.0190650249486451,0.0237582703765956,5.179798169004253,4.601919177478469,5.1148001994175445,0.15405054210119198,0.0843882302653886,0.134275020791989,2388.0,2156.0,2062.0,23.88,21.56,20.62,32.65145111123102,81.82230662439574,29.858094637449604,2.571356645819479,0.0221094148855255,mouse577578far386,0.1139513951395139,0.2465346534653465,0.0912691269126912,0
mouse577578,far,311,0.1910481525420274,0.1896205274503404,0.1595246167588658,0.1164625726681144,5.799653235069159,3.864591051990582,0.4738880322558456,0.4129832332323085,0.5926271628888727,108.0,64.0,31.0,1.08,0.64,0.31,36.105077701960404,60.47774032238787,32.85534717827965,2.577426041615938,0.0237822934136717,mouse577578far311,0.1895589558955895,0.8189918991899191,0.5495049504950494,1
mouse577578,far,286,0.0465319982982248,0.0407842108289123,0.0246821831412556,0.0108443581159838,2.090245072132048,1.7187549058180165,0.2683568825734962,0.2510797860502801,0.3099734699205588,351.0,319.0,278.0,3.5100000000000002,3.19,2.7800000000000002,36.192141744321816,56.41800344757085,32.518868380892634,2.577304793771974,0.0229187263637514,mouse577578far286,0.2133213321332133,0.8457245724572459,0.5265526552655267,1
mouse577578,far,300,0.1269825180513153,0.0868933564537728,0.0802328160399946,5.175879607362305,1.9461422801863937,5.9399755000427525,0.4801540482507104,0.4123367608426999,0.3875305022603317,63.0,58.0,87.0,0.63,0.58,0.87,36.34926924957161,58.99432585458062,32.421511124076474,2.5887979836209705,0.0565692966206635,mouse577578far300,0.1798379837983797,0.8538253825382539,0.3450945094509449,1
mouse577578,far,481,0.0525570291273825,0.0226610739098171,0.0258165797694956,6.2544142341419615,0.3884809935586668,4.5154201748221565,0.3103955454077265,0.37659802096635797,0.3238632597226077,277.0,257.0,316.0,2.77,2.57,3.16,35.625681862125354,62.43372791667275,31.92519792543772,2.5741503452595773,0.0464688283152049,mouse577578far481,0.26003600360035994,0.8886588658865887,0.5073807380738075,1
mouse577578,far,329,0.0524951521075414,0.1011112174396828,0.1569585063792091,0.0059870003001382,4.640672013246906,3.8702452059172017,0.3148183454530668,0.3840391972312508,0.4630132296288752,134.0,154.0,92.0,1.34,1.54,0.92,3.30689728367953,4.244567329421079,2.9912089602818726,2.5664907948403006,0.0401510825228756,mouse577578far329,0.2365436543654365,0.8119711971197121,0.5522052205220521,1
mouse577578,far,364,0.1373586346406644,0.0385518353703102,0.1113706591991829,5.649403935988689,5.385500998675709,0.0287852667455617,0.4045330600885943,0.3126254573694839,0.3063012319542522,101.0,167.0,179.0,1.01,1.67,1.79,33.910804643872446,73.16708002178619,30.73712381706233,2.5579532833888896,0.0447721130389686,mouse577578far364,0.1973897389738974,0.8972997299729976,0.5759675967596757,1
mouse577578,far,289,0.1016672933692157,0.0753318268115083,0.1845975106759455,1.4792362548445357,5.676913524720229,0.1548665851672077,0.46204408552847703,0.44340329508433707,0.4886511980564273,80.0,125.0,92.0,0.8,1.25,0.92,36.161633885349325,57.90165075650186,32.469703135932534,2.60060089210167,0.0402597697106605,mouse577578far289,0.1622862286228623,0.8441044104410442,0.3567056705670569,1
mouse598180,far,2,0.024404328039058,0.0129818795640169,0.0122278550737633,2.1264443866426266,5.606472995658288,4.510903339634972,0.1220512711211759,0.1229338080372077,0.1086560036070994,1982.0,1941.0,1944.0,19.82,19.41,19.44,20.9369973113956,32.11135042094564,27.508478129948177,1.8201991649267395,0.0462397827617095,mouse598180far2,0.2225022502250225,0.6637263726372639,0.4161116111611164,1
mouse598180,far,3,0.0304701008854607,0.0221815349647985,0.073640213985013,3.9491873815463023,5.364433104899732,4.9655302701245425,0.30242008645745,0.2714998123660377,0.2196244318172681,221.0,344.0,554.0,2.21,3.44,5.54,20.9369973113956,32.11135042094564,27.508478129948177,1.8201991649267395,0.0225396060201024,mouse598180far3,0.1792979297929793,0.7579657965796581,0.3926192619261924,1
mouse598180,far,4,0.0184389494817344,0.023672072346601,0.0495060714937197,5.931367133692433,0.4746232395914065,4.421103997893708,0.1805809139288593,0.1415837449554811,0.1966078141680097,853.0,983.0,1013.0,8.53,9.83,10.13,20.9369973113956,32.11135042094564,27.508478129948177,1.8201991649267395,0.048223291991991,mouse598180far4,0.2427542754275428,0.7876687668766877,0.3885688568856887,1
mouse598180,far,8,0.0591960787709576,0.0874703048012024,0.0142864707019759,4.285860079388522,4.045718574902954,2.9440357346755386,0.3209074260054471,0.2735164746924879,0.3245873531325839,465.0,361.0,292.0,4.65,3.61,2.92,21.08788444979669,35.83426658517711,26.65078014759377,1.8148691412881537,0.0259065084969165,mouse598180far8,0.2030603060306031,0.7034203420342036,0.38505850585058504,1
mouse598180,far,88,0.0773351576168996,0.0218447257071745,0.0992077221479413,5.73506462477828,0.7485040794578116,1.7820612174974917,0.3500072602405949,0.372678740154153,0.3449183374094204,135.0,147.0,211.0,1.35,1.47,2.11,21.08788444979669,35.83426658517711,26.65078014759377,1.8148691412881537,0.033999938862139,mouse598180far88,0.19387938793879397,0.6783078307830784,0.4234023402340233,1
mouse598180,far,5,0.0776295673829411,0.0458955627856574,0.0191991788431821,1.7457746696859016,0.1166133681243222,0.3955681595296206,0.2501074352205691,0.1640690324877792,0.1878359849474539,401.0,759.0,656.0,4.01,7.59,6.5600000000000005,21.08788444979669,35.83426658517711,26.65078014759377,1.8148691412881537,0.0285189976134744,mouse598180far5,0.1590459045904589,0.6515751575157517,0.3464446444644463,0
mouse598180,far,6,0.0549123440370868,0.0239195450821166,0.0638801243505156,1.6634756367027974,3.837363218223468,4.5626597586333695,0.3116061040117597,0.2375005137422356,0.2453815278146609,223.0,361.0,602.0,2.23,3.61,6.0200000000000005,21.08788444979669,35.83426658517711,26.65078014759377,1.8148691412881537,0.0396174972347472,mouse598180far6,0.1828082808280827,0.6140414041404142,0.3936993699369938,1
mouse598180,far,10,0.0393237003753012,0.0626993790570029,0.0895882398070522,0.1299981004093887,1.1586617664573555,1.6716555486368214,0.2735091668701706,0.25197903602384103,0.3137876407513734,504.0,538.0,628.0,5.04,5.38,6.28,21.6305267757977,36.020886018789646,27.155193033765677,1.8148691412881537,0.0347294308014579,mouse598180far10,0.2835283528352836,0.7936093609360938,0.3796579657965798,1
mouse598180,far,90,0.1729011960867061,0.1778327490273618,0.1704063765841958,1.1398031478737871,4.8351482535881365,0.3276937162999841,0.4755246339819176,0.4758227055377249,0.5183207125660355,59.0,61.0,86.0,0.59,0.61,0.86,21.6305267757977,36.020886018789646,27.155193033765677,1.8148691412881537,0.0699797830727449,mouse598180far90,0.1930693069306931,0.7655265526552656,0.493609360936094,1
mouse598180,far,11,0.0461372488351501,0.0416864412759916,0.0423025431092903,5.321429163108023,5.067610661189752,2.054908378349859,0.3824984698031728,0.3195019748163166,0.3417042336821145,126.0,174.0,213.0,1.26,1.74,2.13,21.597301241169962,36.36661597601189,27.230485897441703,1.8093507122722232,0.049141802462395995,mouse598180far11,0.2368136813681368,0.7401440144014402,0.5702970297029705,1
mouse598180,far,12,0.046722407953719,0.0463045842399187,0.0520827535401919,3.8152349484799135,3.157888755015594,4.219324345853806,0.2100743606259374,0.1909421641013604,0.2066585663551309,645.0,888.0,755.0,6.45,8.88,7.55,21.597301241169962,36.36661597601189,27.230485897441703,1.8093507122722232,0.0387437302328006,mouse598180far12,0.317011701170117,0.7420342034203421,0.413951395139514,1
mouse598180,far,92,0.08295667483158299,0.0371810995484456,0.0158722361694963,0.4948720617470482,6.0685544352855025,0.2699099943061683,0.2972867068042152,0.2759681251417464,0.2798580287567286,462.0,373.0,415.0,4.62,3.73,4.15,21.597301241169962,36.36661597601189,27.230485897441703,1.8093507122722232,0.0422365370355528,mouse598180far92,0.2095409540954096,0.6855985598559857,0.4288028802880287,1
mouse598180,far,91,0.1256890071963212,0.0313850739337487,0.0192483845993727,3.1547711859177854,3.6831946048820603,4.019423137656763,0.3428258600806909,0.2843089059558077,0.2327049448967511,178.0,327.0,380.0,1.78,3.27,3.8000000000000003,21.597301241169962,36.36661597601189,27.230485897441703,1.8093507122722232,0.0230051099030033,mouse598180far91,0.2233123312331233,0.8168316831683169,0.4458145814581459,1
mouse598180,far,15,0.0660780852726523,0.0207913253299041,0.0335547892569121,3.92591259207233,2.4721114842990866,5.743604750989425,0.2381018174996323,0.1400448979296932,0.2006323148317321,604.0,924.0,697.0,6.04,9.24,6.97,20.71161752900184,34.810506927660114,26.78488674405254,1.8093507122722232,0.0481756927888931,mouse598180far15,0.2362736273627362,0.6828982898289829,0.43879387938793896,1
mouse598180,far,16,0.0278263488684121,0.0832818670652746,0.0120924077303619,2.071440890753946,1.9043906126084251,2.5405147587964807,0.2333320660126765,0.2666434545367558,0.1791635588040578,433.0,469.0,468.0,4.33,4.69,4.68,20.71161752900184,34.810506927660114,26.78488674405254,1.8093507122722232,0.0959740753914365,mouse598180far16,0.2268226822682268,0.7301530153015302,0.4544554455445545,1
mouse598180,far,93,0.1167738130671168,0.1259431021335479,0.0920689354314585,3.261136300376792,5.681273666875808,2.349161737367711,0.3577470737957471,0.43575573873895007,0.3304443372260974,83.0,56.0,118.0,0.8300000000000001,0.56,1.18,20.71161752900184,34.810506927660114,26.78488674405254,1.8093507122722232,0.0723119837498686,mouse598180far93,0.1744374437443744,0.6945094509450945,0.4182718271827185,1
mouse598180,far,18,0.0306113916368222,0.0675772290330002,0.0315095152235998,1.5629502784220042,2.3623512269293565,6.267874285259478,0.3016388878509019,0.2999670880648079,0.3226257623574609,126.0,211.0,183.0,1.26,2.11,1.83,21.225456224649697,34.70054859524431,27.397319018080868,1.8292758129926718,0.0668827992760954,mouse598180far18,0.1882088208820882,0.7323132313231323,0.3909990999099914,1
mouse598180,far,22,0.2559083567304736,0.0479036228125532,0.0575452476910633,5.388366515898662,3.358659283766728,0.0817537952877102,0.5866474379171887,0.4197897926885945,0.3246184228211319,56.0,54.0,155.0,0.56,0.54,1.55,21.47628656140053,35.64088754530656,27.23851794012576,1.829104972384035,0.0898625903860052,mouse598180far22,0.18604860486048602,0.7328532853285329,0.4126012601260126,1
mouse598180,far,28,0.0274004587899099,0.0406013521909729,0.0643788702192157,5.7279680986893835,0.6411154372755322,4.018212025417016,0.2122686001194591,0.2912672687233312,0.2807704592874431,385.0,323.0,397.0,3.85,3.23,3.97,20.852064232810434,33.97960999067261,26.8133827383857,1.829104972384035,0.0430273937253712,mouse598180far28,0.1722772277227723,0.6804680468046806,0.4782178217821781,1
mouse598180,far,29,0.0273949255725994,0.0299014844260665,0.0378529815256893,1.3695034392647834,4.95493305295641,1.0912785905690754,0.3904005979140769,0.4179586557332558,0.4481811309816225,82.0,96.0,78.0,0.8200000000000001,0.96,0.78,20.852064232810434,33.97960999067261,26.8133827383857,1.829104972384035,0.0925393330697575,mouse598180far29,0.332943294329433,0.8009000900090011,0.4301530153015304,1
mouse598180,far,26,0.0400798890888237,0.0483257897098537,0.0598826472336867,3.2006194136769417,3.2675212588239892,3.860674388111688,0.2363551092783591,0.2545494509216983,0.2636372399930836,390.0,695.0,705.0,3.9,6.95,7.05,20.852064232810434,33.97960999067261,26.8133827383857,1.829104972384035,0.0658564500822291,mouse598180far26,0.1247524752475247,0.2611161116111612,0.2073807380738074,0
mouse598180,far,27,0.0727000629324795,0.0200617989178841,0.1017033042337687,5.78188668934361,5.294148455399358,3.1162268253014918,0.3980550160141796,0.2247457414408272,0.3052429798026873,129.0,374.0,191.0,1.29,3.74,1.9100000000000001,20.852064232810434,33.97960999067261,26.8133827383857,1.829104972384035,0.032440078011612,mouse598180far27,0.16903690369036903,0.655895589558956,0.3450945094509453,1
mouse598180,far,25,0.0386757206267445,0.0448059321927873,0.0927384018448555,5.7880288600306695,1.34951705657417,4.522966885997697,0.2519340435066836,0.3442092534392431,0.3286045009076155,505.0,325.0,162.0,5.05,3.25,1.62,20.852064232810434,33.97960999067261,26.8133827383857,1.829104972384035,0.0755356187825876,mouse598180far25,0.1782178217821782,0.723942394239424,0.3831683168316834,1
mouse598180,far,32,0.0818851835098494,0.029498942634806,0.0182500075492702,2.1120883547854916,2.577993381590792,3.0489041430085697,0.2131064631907424,0.1435009688805686,0.1553725254689923,1235.0,2216.0,2359.0,12.35,22.16,23.59,21.43665042176831,35.14451430209519,27.5115928738906,1.8248287590894658,0.0158841068894847,mouse598180far32,0.1960396039603961,0.7363636363636364,0.4074707470747075,1
mouse598180,far,36,0.0504834336279245,0.0403861293660084,0.0483318172690702,1.3558779913036516,2.7053732544559046,2.3763395947090005,0.1853629399312069,0.2372777619143765,0.198844671297912,683.0,795.0,760.0,6.83,7.95,7.6000000000000005,21.050340272128192,34.026499079561965,27.573425488787212,1.8496621313093915,0.0499817403329944,mouse598180far36,0.1833483348334834,0.5729972997299732,0.2829882988298831,0
mouse598180,far,34,0.1419019621767194,0.058388709324095,0.0573639637529212,3.3512827256980113,4.7178198134312055,0.8729438834073364,0.4456681736114719,0.3525089218218868,0.3353661901582697,123.0,107.0,157.0,1.23,1.07,1.57,21.050340272128192,34.026499079561965,27.573425488787212,1.8496621313093915,0.0513596215425054,mouse598180far34,0.1825382538253825,0.6423942394239426,0.6035103510351035,1
mouse598180,far,49,0.04912271743181299,0.0482549082001135,0.0679173442383387,3.5687181199327815,3.887936103305037,3.4787605117842,0.2231399399699737,0.2057384151838148,0.1884917985871798,697.0,872.0,936.0,6.97,8.72,9.36,20.851597035207853,33.62482854931356,26.56527304955741,1.8457721961282223,0.0440721767503045,mouse598180far49,0.1765976597659766,0.3094509450945094,0.2392439243924393,0
mouse598180,far,40,0.0780365704475326,0.0313337938571364,0.0481800108891912,4.24669120895939,3.1453264243949626,3.5269683110255885,0.1904220468982451,0.1807006165769051,0.2091260842566494,854.0,963.0,1121.0,8.540000000000001,9.63,11.21,20.851597035207853,33.62482854931356,26.56527304955741,1.8457721961282223,0.0307330991836122,mouse598180far40,0.1477047704770476,0.3264626462646265,0.2306030603060307,0
mouse598180,far,96,0.1097056466374397,0.0319117526516287,0.0707098529674182,2.773662138764957,5.828913500180764,0.7396993618666909,0.3360440166395992,0.2560228323940591,0.3042199661960145,213.0,376.0,454.0,2.13,3.7600000000000002,4.54,20.851597035207853,33.62482854931356,26.56527304955741,1.8457721961282223,0.033095446534221,mouse598180far96,0.2044104410441044,0.7549954995499549,0.3769576957695769,1
mouse598180,far,39,0.0256154499594883,0.0153006947807476,0.0656465772076091,1.3503832011391643,4.812293634264148,1.2258156672860772,0.2413873524782989,0.1770780378036606,0.2342473974592613,284.0,474.0,540.0,2.84,4.74,5.4,20.851597035207853,33.62482854931356,26.56527304955741,1.8457721961282223,0.0458527685653218,mouse598180far39,0.2824482448244825,0.7209720972097209,0.4412241224122414,1
mouse598180,far,46,0.0863853197697759,0.0358862512557075,0.0307603488869518,0.5065095415892287,1.1486025494476646,5.831807826726674,0.4132500997128357,0.3261058878728178,0.3033958956898163,100.0,182.0,224.0,1.0,1.82,2.24,21.206995138538282,33.05412667298362,27.582527359545583,1.8462800437636755,0.0592418833246586,mouse598180far46,0.1838883888388839,0.8570657065706573,0.4552655265526552,1
mouse598180,far,50,0.1297887655646021,0.0561909298273297,0.0173974726908328,5.057016839986519,5.359280898027832,6.161933632362682,0.4635692044353093,0.29495862922653304,0.2418308069100376,81.0,348.0,311.0,0.81,3.48,3.11,20.882000812056386,32.622605741835535,26.92582123533042,1.8427221711370383,0.0514669973342962,mouse598180far50,0.1768676867686769,0.662916291629163,0.55004500450045,1
mouse598180,far,51,0.080589146819057,0.0392882822459602,0.0292351747847088,1.3680772126057787,3.2207863104624246,0.8732659064312092,0.2905059864251731,0.3445983228559223,0.2266500789777646,240.0,258.0,248.0,2.4,2.58,2.48,20.882000812056386,32.622605741835535,26.92582123533042,1.8427221711370383,0.0496692873035752,mouse598180far51,0.1741674167416741,0.8684068406840685,0.4957695769576961,1
mouse598180,far,53,0.0199048247746996,0.0204327377350468,0.0336911339446293,2.6613525324704748,3.3194513149686995,2.2039575508259306,0.2650440594126753,0.2057891949921644,0.2379261476541742,249.0,532.0,402.0,2.49,5.32,4.0200000000000005,21.332628304632145,33.15559678988946,27.831122641532605,1.8651407453594488,0.0612220436937065,mouse598180far53,0.1698469846984698,0.7860486048604861,0.3561656165616563,1
mouse598180,far,56,0.0339061868827242,0.020573410291741,0.0323020106246623,1.2187937376221856,2.877590246543228,0.9888143891103138,0.2744522410651387,0.21170171451344602,0.2331239456223138,250.0,522.0,320.0,2.5,5.22,3.2,20.570098709442735,31.607853602819272,27.123267262645978,1.8651407453594488,0.0280868163262787,mouse598180far56,0.1571557155715571,0.8422142214221424,0.4088208820882087,1
mouse598180,far,59,0.0317098114107402,0.0105868196456499,0.0515306610242136,4.944776157983171,3.2872482996086387,4.509099707287745,0.3228730149721215,0.1979508528553842,0.24699651480120302,129.0,533.0,390.0,1.29,5.33,3.9,21.11807350118232,26.71832988945514,26.486957657537765,1.8634645153584224,0.0508489627538768,mouse598180far59,0.1698469846984699,0.9432043204320434,0.4266426642664266,1
mouse598180,far,60,0.0616297471317964,0.0376901143643558,0.0224849371083116,3.018336367659692,1.6709794580351385,2.5032486114513746,0.2105018094368054,0.1927668218773944,0.138002497134344,587.0,774.0,940.0,5.87,7.74,9.4,20.955360506017076,26.877123878736306,27.24382115093293,1.888286260078169,0.0319948834058253,mouse598180far60,0.1339333933393339,0.7355535553555357,0.3226822682268225,0
mouse598180,far,62,0.0317962064876496,0.0421849949914772,0.0233029849595409,4.15172013784456,0.5989863176094731,0.9155249223423344,0.2779723132606475,0.3014451589185853,0.2980302434218788,241.0,253.0,230.0,2.41,2.5300000000000002,2.3000000000000003,21.67497430258429,31.167366201397535,28.185766943407675,1.8872930350107269,0.0528284664790141,mouse598180far62,0.2144014401440144,0.9054005400540056,0.4979297929792979,1
mouse598180,far,69,0.0948906524607347,0.1743204600246002,0.0180533210425606,5.1542903573155066,3.5662281262710644,3.3635528562009096,0.4889928018700171,0.4195173841368961,0.3267272976299381,106.0,163.0,115.0,1.06,1.6300000000000001,1.1500000000000001,21.357336180648712,31.129962395193097,27.756899554953762,1.8872930350107269,0.0679178743841289,mouse598180far69,0.1541854185418542,0.7512151215121512,0.3504950495049505,1
mouse598180,far,73,0.0281421344744027,0.0382945418085833,0.012751652139327,5.7436489663952335,5.36644602483001,4.58947405542224,0.2264058607936689,0.18041038117208702,0.1798727906346804,447.0,811.0,867.0,4.47,8.11,8.67,21.33031774822744,30.23914844090073,27.725567630637258,1.8872930350107269,0.0325627847727086,mouse598180far73,0.1590459045904591,0.8462646264626466,0.5846084608460843,1
mouse598180,far,76,0.1941448982366817,0.0814234227306823,0.0406787193405336,3.7478854228034133,4.674379090551613,2.9746793435404717,0.5374328206006544,0.3653649074055468,0.3327564655201535,58.0,155.0,171.0,0.58,1.55,1.71,21.622870963271442,30.474422758842014,28.131882825634104,1.8869618438113689,0.045535231222967,mouse598180far76,0.1460846084608461,0.8233123312331233,0.3342934293429344,1
mouse598180,far,101,0.0522040741809898,0.0279781032770229,0.0258455548403626,4.510503784107513,5.175093799404624,4.552690146721741,0.1802278252541887,0.1783106579850125,0.1776880963924841,820.0,1088.0,1453.0,8.2,10.88,14.530000000000001,21.3006534726438,28.25996206162789,27.491546470944282,1.939555361416632,0.0074954904154681,mouse598180far101,0.1236723672367237,0.2611161116111611,0.1663366336633663,0
mouse598180,far,38,0.0411173390447022,0.0140590679137917,0.0311366307627258,0.0098791512145843,3.3090764816873133,3.115614975371738,0.1747255914223337,0.1530335813147059,0.173628264861099,784.0,1040.0,779.0,7.84,10.4,7.79,20.851597035207853,33.62482854931356,26.56527304955741,1.8457721961282223,0.0483457535159478,mouse598180far38,0.2481548154815481,0.7072007200720073,0.4944194419441944,1
mouse598180,far,82,0.0702305516267155,0.030246079405992,0.0372351461233803,1.6287129306444248,0.2930557780674914,2.2930378959621014,0.3080958762272612,0.2237479448905874,0.2242521986326015,350.0,627.0,523.0,3.5,6.2700000000000005,5.23,21.25032505282406,29.120471381838822,27.62336975439141,1.9106608804285496,0.043051425738368995,mouse598180far82,0.1090909090909091,0.3945094509450946,0.2446444644464445,0
mouse598180,far,17,0.0447715442555996,0.0499681078186231,0.0937458697153858,1.6498549539551868,1.3980561851243505,6.067534007745057,0.2795267307883647,0.28572133715428,0.2906838591520094,264.0,332.0,261.0,2.64,3.3200000000000003,2.61,20.71161752900184,34.810506927660114,26.78488674405254,1.8093507122722232,0.0736736009059129,mouse598180far17,0.1495949594959496,0.5767776777677769,0.3226822682268226,0
mouse598180,far,33,0.1147707643630631,0.0980848015228908,0.1154042052157759,1.3866546620811695,0.5032846249079129,4.408472107305942,0.3595021218155659,0.4488336239473767,0.3548147042679642,85.0,53.0,81.0,0.85,0.53,0.81,20.770051612179667,34.06017061413708,26.44811021264524,1.825,0.0806351969252194,mouse598180far33,0.1852385238523852,0.7123312331233125,0.4990099009900989,1
mouse598180,far,35,0.0559349906148437,0.0330845835516401,0.0587518920799492,3.5264454137584336,5.3490817506489154,2.5406508123400005,0.3741082931440597,0.3731095393854802,0.397808116899851,87.0,93.0,62.0,0.87,0.93,0.62,21.050340272128192,34.026499079561965,27.573425488787212,1.8496621313093915,0.0370835717611387,mouse598180far35,0.1973897389738974,0.7531053105310533,0.4271827182718272,1
mouse598180,far,9,0.1945219241173696,0.1005837847211805,0.1356661738613441,0.4790500354500292,2.04126786685922,5.718925988876912,0.5373086475672542,0.4299204166658225,0.4828664486552089,53.0,76.0,155.0,0.53,0.76,1.55,21.6305267757977,36.020886018789646,27.155193033765677,1.8148691412881537,0.0564955937944037,mouse598180far9,0.20603060306030602,0.7417641764176418,0.4247524752475251,1
mouse598180,far,102,0.0865720614713554,0.0280347545671323,0.06930241746425901,3.8155270890797066,3.5557790467077406,2.8157408081190436,0.3899243090650757,0.3129800734866967,0.28232853058958696,134.0,254.0,223.0,1.34,2.54,2.23,21.18824471732369,27.47295204397883,27.241835814321995,1.9387495970341293,0.0367974323371375,mouse598180far102,0.1134113411341134,0.2476147614761475,0.1682268226822681,0
mouse598180,far,106,0.0834946761862321,0.0828479365471454,0.1671694170872579,1.429820234654236,2.7195431746767955,2.5676277802506022,0.3905189255587382,0.4261099193389669,0.5259000862798526,84.0,80.0,37.0,0.84,0.8,0.37,21.18824471732369,27.47295204397883,27.241835814321995,1.9387495970341293,0.0205717621860103,mouse598180far106,0.0464446444644465,0.1153015301530153,0.4666066606660666,0
mouse622179,far,53,0.0100781778294782,0.0316001180816838,0.0272664219567207,4.327665574669789,5.633759722834923,4.934565279934199,0.1228472943949668,0.1559805082524942,0.1046498439204886,1594.0,1796.0,1632.0,15.94,17.96,16.32,47.26586638382871,47.30892133626914,47.15214161199338,2.4204854884919267,0.0127936989494456,mouse622179far53,0.19495949594959502,0.3453645364536454,0.2481548154815481,0
mouse622179,far,61,0.0409571993711246,0.0518341784999311,0.0734658844070644,4.11041843318589,3.6760843042563778,3.4730690025333413,0.1515484878468969,0.1905043501597805,0.29801371809689803,1570.0,1595.0,840.0,15.700000000000001,15.950000000000001,8.4,46.35884963112638,47.983193970471056,45.321679067684315,2.411042305725887,0.0076293924506983,mouse622179far61,0.2006300630063007,0.6567056705670569,0.4787578757875789,1
mouse622179,far,62,0.0056310058899855,0.0123001376988765,0.029694455293587003,6.150931566420788,2.6627592112240377,3.07823495958996,0.0900481515197393,0.1089764016937901,0.1298010587161615,2168.0,2226.0,2472.0,21.68,22.26,24.72,46.35884963112638,47.983193970471056,45.321679067684315,2.411042305725887,0.0091556569647855,mouse622179far62,0.1682268226822681,0.3861386138613861,0.2414041404140414,0
mouse622179,far,131,0.028381493782367994,0.0214449340843739,0.0217820411019673,0.6287382214646088,0.1298725662985193,0.3932326692284562,0.2305370655697916,0.1594550275983581,0.1838804173935222,725.0,813.0,766.0,7.25,8.13,7.66,47.93160497147648,51.684911428094466,45.97016432630544,2.4193232524819828,0.0179263136109578,mouse622179far131,0.1733573357335733,0.6194419441944197,0.2927092709270926,0
mouse622179,far,66,0.0732163703693637,0.0189601707157942,0.0824757462945051,3.438424925449574,4.539801660780269,2.659737046256528,0.2637591755908361,0.1698605672139813,0.3076875531968735,501.0,602.0,339.0,5.01,6.0200000000000005,3.39,47.93160497147648,51.684911428094466,45.97016432630544,2.4193232524819828,0.0200577722868777,mouse622179far66,0.1693069306930693,0.5643564356435644,0.7385238523852385,1
mouse622179,far,68,0.0392963078090169,0.0159500578734637,0.0416322371526753,3.3101475487507286,2.397898589806272,3.156979199336219,0.1039001423735074,0.1214315775802621,0.1076822610786672,2299.0,2335.0,2071.0,22.990000000000002,23.35,20.71,47.56398455773763,52.0563224430195,45.669269288321246,2.4220342689565735,0.0104196918437227,mouse622179far68,0.2000900090009001,0.3224122412241225,0.2594959495949596,0
mouse622179,far,71,0.0651510571215694,0.0818413302926414,0.0640760500678773,2.8780755275485737,0.3339152195399223,2.901946534072715,0.2663440153332473,0.2936064554400046,0.2319312960900258,489.0,437.0,476.0,4.89,4.37,4.76,46.944611698594244,52.128203153805856,44.95387832386164,2.4041630560342617,0.0414089035299564,mouse622179far71,0.1981998199819983,0.6572457245724572,0.3785778577857789,1
mouse622179,far,69,0.0763832473097762,0.0296953746634463,0.082135043799322,1.2096169518073034,3.031087079477585,3.4512711826196782,0.2959848038458373,0.1598564425194417,0.2350532419957242,515.0,558.0,421.0,5.15,5.58,4.21,48.267539000034326,53.159771748634995,45.11331309000453,2.4074104344710316,0.0191400928679664,mouse622179far69,0.1806480648064806,0.7204320432043205,0.3075607560756076,1
mouse622179,far,74,0.0608820198024699,0.0463625350877866,0.0546820391529887,3.816699694956073,1.8565326479208009,3.690372255067438,0.2449896693271577,0.265262705788616,0.2550853754911561,492.0,435.0,497.0,4.92,4.3500000000000005,4.97,46.495473076212214,53.21325696632113,44.50808110606551,2.4109126902482387,0.0364414477584329,mouse622179far74,0.1698469846984698,0.5989198919891991,0.3094509450945093,0
mouse622179,far,115,0.0108540673739481,0.0578907439661142,0.1359451432220781,4.492559496802468,5.781766865446798,4.125231951434539,0.2454943121507586,0.3150094981588885,0.3626325839735294,405.0,163.0,72.0,4.05,1.6300000000000001,0.72,47.87408996623821,55.21616566704627,44.96758702645329,2.4109126902482387,0.032601652485865,mouse622179far115,0.1782178217821782,0.5972997299729974,0.3507650765076509,0
mouse622179,far,75,0.0282192268230007,0.0225271031616091,0.0262144871112264,2.9084789882683126,1.6493266131960054,3.506231098145069,0.1165998827361865,0.1247834528831776,0.1357891296193747,2515.0,2746.0,2530.0,25.150000000000002,27.46,25.3,47.87408996623821,55.21616566704627,44.96758702645329,2.4109126902482387,0.0123689704922994,mouse622179far75,0.2441044104410441,0.4323132313231324,0.2905490549054905,0
mouse622179,far,73,0.1287346874515827,0.1147903917651539,0.0632687302279566,2.666231496539372,4.014879505022671,3.0922289610645546,0.3647839905039144,0.3618579016722575,0.2480451518713967,442.0,310.0,554.0,4.42,3.1,5.54,47.87408996623821,55.21616566704627,44.96758702645329,2.4109126902482387,0.0273650149525537,mouse622179far73,0.21899189918991896,0.7325832583258327,0.3448244824482448,1
mouse622179,far,77,0.0818756882365184,0.0796435912528593,0.0630072759062723,4.170211936981802,3.4856077896617936,4.398975274183305,0.3129059085905551,0.3540576775897287,0.2795516652865071,131.0,161.0,217.0,1.31,1.61,2.17,46.770287780243336,55.5663996511261,44.63029640597095,2.405332617331749,0.0361980635316023,mouse622179far77,0.1954995499549955,0.6896489648964899,0.395049504950495,1
mouse622179,far,80,0.0599394741009299,0.0685526550958114,0.0634951405293163,3.4065828280952855,5.714885489989796,4.439562900798309,0.2883986781517805,0.3013065242803253,0.2230428342100334,652.0,548.0,657.0,6.5200000000000005,5.48,6.57,47.39198575319498,57.45314041726504,45.108975271151685,2.405332617331749,0.012604403623008999,mouse622179far80,0.2349234923492349,0.7579657965796581,0.3553555355535552,1
mouse622179,far,79,0.0170866982488637,0.0279865793265901,0.0372423822495884,5.453520498056991,5.250184102052909,1.8863358799420011,0.1386398782953656,0.1760565886809971,0.1615533183424825,1320.0,1286.0,1341.0,13.200000000000001,12.86,13.41,47.39198575319498,57.45314041726504,45.108975271151685,2.405332617331749,0.0506167395341797,mouse622179far79,0.2897389738973898,0.3545454545454546,0.2667866786678667,0
mouse622179,far,81,0.0277220496513194,0.0243037981319343,0.0333075550330411,2.3304600926796315,0.5268168945281233,1.7264956171646142,0.1763115956778334,0.1131190686606378,0.1906782369025616,1580.0,1496.0,1472.0,15.8,14.96,14.72,47.068306163439615,60.04538411513532,44.92545355130546,2.414150989478496,0.0175611151782725,mouse622179far81,0.2327632763276328,0.6953195319531954,0.3685868586858686,1
mouse622179,far,116,0.0568910466913607,0.037666672303158996,0.0801964806533415,5.799630461164439,5.731072244387287,1.2300703392384995,0.3921066083029297,0.2841657419193384,0.2554409726508361,228.0,260.0,248.0,2.2800000000000002,2.6,2.48,47.068306163439615,60.04538411513532,44.92545355130546,2.414150989478496,0.0344043296488389,mouse622179far116,0.2624662466246625,0.7144914491449146,0.38991899189919005,1
mouse622179,far,117,0.026562774568778,0.0675586072045077,0.007505129433218001,3.53133838889982,0.9743407042949762,3.650906528585353,0.1992661742221678,0.2313399566584977,0.2177362615271791,476.0,618.0,628.0,4.76,6.18,6.28,46.53527663223521,59.911218044472506,44.534860466544494,2.418935716384377,0.0262771337814914,mouse622179far117,0.258955895589559,0.7377137713771379,0.3553555355535555,1
mouse622179,far,118,0.0186262009002545,0.0230283061592714,0.0183404087924402,3.8668870060829,1.6461803610973795,2.9345785802710243,0.1804414025698985,0.2203170776888195,0.1986841335865762,705.0,657.0,476.0,7.05,6.57,4.76,47.574246345362255,61.95445154447497,45.71971171389682,2.418935716384377,0.0261370816197206,mouse622179far118,0.2206120612061206,0.7223222322232223,0.3442844284428444,1
mouse622179,far,119,0.0474621122696857,0.0163058055152921,0.0173154008235688,2.9501322064964937,3.7759723193838535,4.408793684029403,0.2219138795182355,0.2469332452091517,0.2381270137998091,966.0,1065.0,763.0,9.66,10.65,7.63,46.36535188382949,59.99489767371964,44.31831863537421,2.4239688529352024,0.0157211742505375,mouse622179far119,0.2162916291629163,0.6453645364536454,0.396129612961296,1
mouse622179,far,85,0.0472247460289046,0.0111280719458054,0.0236647399333849,3.1065482963451565,2.1087045041831165,4.0162674533360985,0.2105687675193906,0.1375894771037185,0.1856024831574203,738.0,868.0,437.0,7.38,8.68,4.37,46.51386552703011,61.96799149623479,45.000939575509825,2.4239688529352024,0.0127482355398666,mouse622179far85,0.2117011701170117,0.6950495049504951,0.3764176417641766,1
mouse622179,far,83,0.0662657150892939,0.0171107401578769,0.0615976563726106,2.8736948281935737,1.7929739682123869,1.9120859147585825,0.2882490584424472,0.2792947807404186,0.3591154144421229,372.0,352.0,191.0,3.72,3.52,1.9100000000000001,46.51386552703011,61.96799149623479,45.000939575509825,2.4239688529352024,0.0298771762296291,mouse622179far83,0.1587758775877588,0.7023402340234025,0.3272727272727272,1
mouse622179,far,86,0.0272951378703934,0.0303209360474941,0.0589776311240025,4.359442659635209,5.85340840617095,5.0612838710227335,0.2396578465720275,0.34045389241939195,0.2036731516116283,767.0,603.0,661.0,7.67,6.03,6.61,45.97823628969165,64.33702708870612,44.328187490473546,2.434774116833017,0.015233156620775,mouse622179far86,0.1911791179117912,0.6966696669666967,0.3415841584158415,1
mouse622179,far,88,0.0267724442460497,0.0297368774739602,0.0463228361963656,4.69212874085364,3.8780708108155055,4.796928375857559,0.1508454201196357,0.1656694326246875,0.1348587387661667,1526.0,1840.0,1719.0,15.26,18.400000000000002,17.19,46.53724963972346,66.98515583050366,44.80930452432826,2.4217762076624667,0.0178387618498968,mouse622179far88,0.18199819981998197,0.3124212421242124,0.2381638163816382,0
mouse622179,far,122,0.0760172646459937,0.0569654883596826,0.0319677267207907,4.4305746814963936,5.610649880108418,2.23489549625672,0.3764365868897946,0.3402999050200471,0.3167609111952909,206.0,182.0,272.0,2.06,1.82,2.72,45.856511950148885,65.13235878152152,44.795911657504966,2.4275759514379773,0.026916380642163,mouse622179far122,0.2071107110711071,0.7120612061206121,0.3799279927992799,1
mouse622179,far,121,0.0866489491840218,0.0510056573852618,0.1308337862323121,1.6344580836884859,0.2304598733357617,3.0568457551268096,0.4074472854071187,0.3568662484597487,0.47884407052815003,95.0,94.0,65.0,0.9500000000000001,0.9400000000000001,0.65,46.15347469332032,69.09265058898035,44.56992990642219,2.4275759514379773,0.0384397208273568,mouse622179far121,0.1863186318631863,0.7266426642664269,0.3774977497749775,1
mouse634572,far,313,0.2348802130256798,0.1253434984214277,0.1735057201326435,1.6989549658169951,2.0620860907513765,1.6908578951678863,0.5022545166019898,0.414738551766911,0.4547083631941658,92.0,169.0,154.0,0.92,1.69,1.54,41.89019302913161,44.17088218792039,41.93736324544173,2.351329411205499,0.0634642443791595,mouse634572far313,0.1790279027902791,0.7585058505850586,0.4714671467146717,1
mouse634572,far,151,0.1444744729141799,0.0611448678187962,0.1132315718582798,1.6940312890079976,1.2546124046765796,1.6579285383175322,0.3148220678313763,0.1992283652589042,0.2413285828536102,704.0,743.0,812.0,7.04,7.43,8.120000000000001,46.87855447834772,48.57176923361412,43.12865556422359,2.371840003035618,0.0168088675309243,mouse634572far151,0.1714671467146715,0.2832583258325833,0.223042304230423,0
mouse634572,far,152,0.2485104622869094,0.0833276439349775,0.2615101529971556,1.3558327019967646,1.317747854849609,1.6998356238750914,0.5229614865990515,0.4506955792760019,0.5718994746587251,161.0,132.0,76.0,1.61,1.32,0.76,46.87855447834772,48.57176923361412,43.12865556422359,2.371840003035618,0.0156318124892943,mouse634572far152,0.1228622862286228,0.6413141314131414,0.2581458145814581,0
mouse634572,far,163,0.3864872140143061,0.2094418581491766,0.1923395222952111,2.1957850330630406,0.5077231291593555,1.4056790448519694,0.547437001825594,0.5959303486121412,0.4604014171888251,65.0,57.0,57.0,0.65,0.5700000000000001,0.5700000000000001,44.70532135005697,46.40446265488593,42.638150975326006,2.3738154940938445,0.0139303444132609,mouse634572far163,0.1441944194419442,0.5837983798379839,0.2921692169216923,0
mouse634572,far,166,0.0648600421357037,0.0298673776538529,0.22577283074213103,6.205205230534701,5.324822264599471,2.1729059627953604,0.3239044723216633,0.4037712731199152,0.4927748825874796,304.0,185.0,112.0,3.04,1.85,1.12,45.77827058745361,47.324845514913925,43.40099053450139,2.3738154940938445,0.040473712930807,mouse634572far166,0.2203420342034203,0.7814581458145815,0.4190819081908193,1
mouse634572,far,164,0.2089469747997052,0.1660367951432725,0.0943980423060125,2.8929739110712815,1.4148149630694602,0.9275255842153984,0.5091724100812195,0.5481940642868863,0.4821919882330453,93.0,53.0,70.0,0.93,0.53,0.7000000000000001,45.77827058745361,47.324845514913925,43.40099053450139,2.3738154940938445,0.0977674395284847,mouse634572far164,0.1639063906390638,0.7846984698469849,0.3726372637263725,1
mouse634572,far,165,0.17705534894239197,0.164306199371102,0.1871943140110058,3.5490485470413904,5.7307235067375,0.185789258428035,0.4057252099760574,0.460861740091001,0.4323925612551482,137.0,135.0,142.0,1.37,1.35,1.42,45.491168309738704,47.14693381421198,43.44714894877635,2.375,0.0955354918927107,mouse634572far165,0.2125112511251125,0.8362736273627365,0.4895589558955898,1
mouse634572,far,169,0.0418994551051853,0.0664799378911822,0.0588176149126599,3.8347605826370974,0.5563749434591315,1.93175302164976,0.2090619418623021,0.2128799154724319,0.235785327608313,1105.0,1174.0,1138.0,11.05,11.74,11.38,43.844085046566256,46.291952437594546,42.74043313448228,2.376446927663229,0.0187764509619918,mouse634572far169,0.21602160216021601,0.6461746174617463,0.3864086408640862,1
mouse634572,far,175,0.0309576783156247,0.041112740494175,0.0367659719552642,2.9751357396950047,3.0713077753715603,4.1887517198622755,0.1315449037936801,0.2010901396746318,0.1417450009546011,2247.0,2118.0,2061.0,22.47,21.18,20.61,43.209682610280645,45.241678962326965,42.45121822182845,2.376446927663229,0.0085946307676677,mouse634572far175,0.1801080108010802,0.2927092709270927,0.2384338433843386,0
mouse634572,far,177,0.0834902535136925,0.065741293386148,0.0739124140529041,2.662467455179717,2.484183535274715,4.273221789204202,0.1638882096407223,0.1411277878535046,0.2057464628195643,2384.0,2459.0,2206.0,23.84,24.59,22.06,43.209682610280645,45.241678962326965,42.45121822182845,2.376446927663229,0.0079506248120881,mouse634572far177,0.1528352835283528,0.2513951395139514,0.2003600360036003,0
mouse634572,far,178,0.0379509766273778,0.0209930419559517,0.0331267260500448,4.014937053511583,4.890130008995311,4.302579178719706,0.1400489090658068,0.0918374266639146,0.1467069947307635,1777.0,2156.0,1915.0,17.77,21.56,19.150000000000002,44.788708526370975,46.231951463714296,43.83015007374927,2.378155798092295,0.0050385781380477,mouse634572far178,0.1522952295229522,0.2486948694869487,0.197929792979298,0
mouse634572,far,179,0.0599049931389422,0.0688037429375035,0.1088113711992504,4.813321612846484,6.246959866670933,3.592363875002817,0.2698137830466544,0.3056155877096365,0.3443962675144854,244.0,320.0,270.0,2.44,3.2,2.7,42.92505955830585,44.98084750155192,42.56371893511372,2.378155798092295,0.0164914318309803,mouse634572far179,0.1252925292529252,0.7012601260126013,0.3145814581458145,0
mouse634572,far,188,0.0135490466241199,0.020624359971567002,0.0329750047162103,5.266067976012277,4.0325858672154125,3.529919545631333,0.2244570753377201,0.170619657909133,0.2198583251431507,597.0,773.0,635.0,5.97,7.73,6.3500000000000005,44.195428640811436,45.68178107923563,43.748384346981446,2.368279966558008,0.0186914599341356,mouse634572far188,0.1844284428442844,0.7736273627362737,0.3934293429342933,1
mouse634572,far,187,0.1013721992332101,0.0287809529929635,0.0595404896149675,5.333050170000161,0.6408370224433668,0.6595956314159289,0.3155253077251727,0.2463183115724748,0.3240107409494293,404.0,398.0,277.0,4.04,3.98,2.77,44.195428640811436,45.68178107923563,43.748384346981446,2.368279966558008,0.0257741166368128,mouse634572far187,0.2033303330333034,0.6523852385238524,0.3510351035103513,1
mouse634572,far,189,0.0287131014445131,0.060303941882095986,0.021520457406233,1.9055856028800704,0.2751626705108221,0.1190688677007054,0.1787466159881336,0.2169604220812479,0.1603078430299852,976.0,1036.0,996.0,9.76,10.36,9.96,40.717072896241376,41.14783436304812,41.069158207019136,2.368279966558008,0.0149353135657184,mouse634572far189,0.1266426642664265,0.7158415841584159,0.3302430243024302,0
mouse634572,far,199,0.0563985657011519,0.028912290745569003,0.0195520564100112,5.8822242390335235,2.2301569054534216,0.7123930275123505,0.2876959504886356,0.2307686297915089,0.2496123383919597,375.0,397.0,370.0,3.75,3.97,3.7,41.367077484147366,41.83950394340566,41.274598260368684,2.391390808713624,0.022751534942127997,mouse634572far199,0.2227722772277227,0.6294329432943296,0.3785778577857787,1
mouse634572,far,190,0.0446131066164588,0.0467252968251476,0.0720394828958161,3.5393934390082884,3.3074578078105117,3.7371877044838153,0.1843084303478624,0.2285083783996856,0.2237388404837025,861.0,810.0,793.0,8.61,8.1,7.930000000000001,41.367077484147366,41.83950394340566,41.274598260368684,2.391390808713624,0.0259995258904192,mouse634572far190,0.1706570657065707,0.6386138613861386,0.2613861386138616,0
mouse634572,far,193,0.0473981738508998,0.0706828959849221,0.0492518510574871,3.6774362904358466,3.1260460322540866,4.80418723239309,0.2181775804302456,0.275286862957567,0.3117597623416894,470.0,379.0,317.0,4.7,3.79,3.17,40.9244582346363,41.498715122661345,40.75754749541488,2.391390808713624,0.0200566348017643,mouse634572far193,0.1833483348334833,0.7655265526552656,0.3353735373537355,1
mouse634572,far,194,0.0296775595740499,0.0360700202682491,0.0275084390583037,1.2787998499440716,1.8338058404046444,3.0289537760598573,0.138683516951349,0.2154041358053029,0.1719094905216163,684.0,758.0,785.0,6.84,7.58,7.8500000000000005,40.9244582346363,41.498715122661345,40.75754749541488,2.391390808713624,0.0190697831040307,mouse634572far194,0.1954995499549955,0.7684968496849686,0.3818181818181819,1
mouse634572,far,196,0.0209825038315666,0.0155576806702243,0.0165487937712548,1.3119915205940111,0.5536157941414417,3.361828907689319,0.095049984078335,0.0851541772464622,0.0832648620974823,3665.0,3579.0,3620.0,36.65,35.79,36.2,41.326216391552336,41.97027159218761,41.035402794643616,2.394133454926855,0.0089477911029169,mouse634572far196,0.1458145814581458,0.2840684068406841,0.2395139513951394,0
mouse634572,far,182,0.0520844312698117,0.0381019113544219,0.0653927745278536,2.5873069897364336,3.5785974547468897,3.472159354461227,0.1706524845892078,0.1965095928695158,0.2070938314970231,835.0,848.0,868.0,8.35,8.48,8.68,41.326216391552336,41.97027159218761,41.035402794643616,2.394133454926855,0.0198389674711799,mouse634572far182,0.2427542754275428,0.7728172817281729,0.4579657965796578,1
mouse634572,far,198,0.0712028460626967,0.0340537110326998,0.0380913381362818,3.9915763175144736,4.3902626283743285,3.2577783088811607,0.2295105897230172,0.1884740805108657,0.2270390762947368,726.0,815.0,767.0,7.26,8.15,7.67,41.326216391552336,41.97027159218761,41.035402794643616,2.394133454926855,0.0287820603151784,mouse634572far198,0.2540954095409541,0.7490549054905492,0.3391539153915389,1
mouse634572,far,197,0.0284692067815038,0.0192655024043432,0.0276171408276117,0.8078437289364758,4.6289075207814605,1.1998511720533909,0.2258034048981474,0.1692957485854907,0.2139467243838956,801.0,842.0,792.0,8.01,8.42,7.92,40.68677840150203,41.327273677813174,40.93656634290277,2.394133454926855,0.0147841275649214,mouse634572far197,0.1728172817281729,0.3839783978397841,0.8662466246624664,1
mouse634572,far,204,0.0681844300828428,0.0155917696270812,0.0270917132209956,4.964568939721335,4.211382103925308,1.5331233201970589,0.2403188820719854,0.3630318505544354,0.2848771120516736,275.0,162.0,269.0,2.75,1.62,2.69,42.06203810407089,43.63784012635122,41.96504528722755,2.397133705073624,0.0152311371767884,mouse634572far204,0.1693069306930693,0.6024302430243026,0.3197119711971197,0
mouse634572,far,205,0.0554731457952115,0.0426114853202833,0.0301211540209505,1.7628305911391433,4.7309065687011564,2.7050059508254574,0.28889641556830203,0.2355215799107298,0.1697414543134142,436.0,554.0,635.0,4.36,5.54,6.3500000000000005,42.06203810407089,43.63784012635122,41.96504528722755,2.397133705073624,0.0270561252186068,mouse634572far205,0.2252025202520252,0.6845184518451848,0.3772277227722772,1
mouse634572,far,207,0.0169368854063808,0.0499423795176663,0.0476844275692062,0.2281639479071582,1.7263295536867138,2.15732328661457,0.3684810657211426,0.3097883795805665,0.3294884986839721,181.0,166.0,135.0,1.81,1.6600000000000001,1.35,42.06203810407089,43.63784012635122,41.96504528722755,2.397133705073624,0.0250689840010892,mouse634572far207,0.1814581458145815,0.7544554455445546,0.3364536453645365,1
mouse634572,far,209,0.020042819637799,0.0409078865212109,0.029624592130134,5.121154408799015,4.773473036463627,1.4312248201633981,0.2697025666909812,0.2550615509523902,0.2846803367869158,279.0,295.0,300.0,2.79,2.95,3.0,42.378065706091206,43.845402877460565,41.9451103726559,2.4003905932160294,0.0401432018569547,mouse634572far209,0.1531053105310531,0.8208820882088209,0.2589558955895591,1
mouse634572,far,212,0.0268842596165493,0.0348130492072283,0.0353147260842736,4.810523177609072,0.6043817089183693,3.367258403150347,0.1905801158474963,0.1740965681958248,0.2332244567006006,573.0,522.0,664.0,5.73,5.22,6.640000000000001,41.96637306881865,43.50286026786264,41.62281981556443,2.4003905932160294,0.0142264790404762,mouse634572far212,0.1544554455445544,0.655895589558956,0.30405040504050396,0
mouse634572,far,326,0.0821277304544603,0.0642388175230733,0.0307368316281215,4.291513611430257,4.158706395025016,3.629124676954315,0.2758730539958832,0.2800909651781894,0.2519021020347103,363.0,341.0,387.0,3.63,3.41,3.87,41.96637306881865,43.50286026786264,41.62281981556443,2.4003905932160294,0.0148017235409241,mouse634572far326,0.2265526552655266,0.6545454545454547,0.4166516651665167,1
mouse634572,far,213,0.0219012526735664,0.0217019144813026,0.0299473764681656,4.185948958795269,1.264149977234992,2.0378669606060242,0.155631997378851,0.1555726318516405,0.1734214214134643,1262.0,1536.0,1505.0,12.620000000000001,15.36,15.05,42.16654629710892,43.792629414994096,42.15754189309403,2.403903076249124,0.0224103973907823,mouse634572far213,0.1903690369036904,0.5954095409540955,0.3639963996399641,1
mouse634572,far,214,0.0998442221212981,0.1153621150950672,0.1982072288124087,3.1014254584655205,4.410468714618029,3.576136620114926,0.4076484873700342,0.4402387670105617,0.588443138198958,81.0,75.0,56.0,0.81,0.75,0.56,42.16654629710892,43.792629414994096,42.15754189309403,2.403903076249124,0.0589346498367918,mouse634572far214,0.1344734473447345,0.6942394239423942,0.2562556255625563,0
mouse634572,far,329,0.0357262058987944,0.0378636916515305,0.0350608424209903,2.69930816864579,3.6536730982409273,2.7420102745378614,0.1803755926386217,0.2638036676737273,0.1629172737427521,1051.0,1004.0,1092.0,10.51,10.040000000000001,10.92,42.359192751224775,43.264565480670605,41.754906629711684,2.403903076249124,0.0078738907064196,mouse634572far329,0.2486948694869487,0.6893789378937895,0.4379837983798381,1
mouse634572,far,215,0.0628144941264592,0.0291683788940714,0.0429418813444955,2.2083538068830952,5.833181955950782,3.10971978576081,0.2515411923497284,0.1661937644817389,0.1888416665332065,841.0,922.0,859.0,8.41,9.22,8.59,42.359192751224775,43.264565480670605,41.754906629711684,2.403903076249124,0.0170588503115477,mouse634572far215,0.1992799279927992,0.6396939693969399,0.3475247524752475,1
mouse634572,far,216,0.042337507964063,0.0339714208672031,0.0155674293617605,1.585794218339388,2.172388773642714,4.545654301675548,0.1658314116926616,0.1265948627000488,0.1633446066113076,1228.0,1206.0,1174.0,12.280000000000001,12.06,11.74,42.359192751224775,43.264565480670605,41.754906629711684,2.403903076249124,0.0097413051617617,mouse634572far216,0.1371737173717372,0.2732673267326733,0.2176417641764176,0
mouse634572,far,221,0.029927848125097998,0.0289980953523191,0.0284333635172309,2.1064272435482683,0.9687306688952444,2.2734722867505126,0.1412892443673846,0.1495869708558021,0.2036484023457596,1267.0,1411.0,1235.0,12.67,14.11,12.35,42.110977327130115,42.9117344798793,41.63363341858698,2.403903076249124,0.0158326536907793,mouse634572far221,0.2357335733573357,0.6826282628262828,0.3928892889288927,1
mouse634572,far,223,0.0699068783314768,0.0127371015398496,0.0340752582152642,4.2330199661591985,3.1026145689801616,2.9495931791790944,0.2300603778626192,0.1359322120721102,0.2197203225095667,718.0,904.0,775.0,7.18,9.040000000000001,7.75,42.589693646360544,43.07705361572711,41.67131656675746,2.4076700355322784,0.0070199884267325,mouse634572far223,0.1936093609360936,0.6383438343834386,0.3445544554455445,1
mouse634572,far,224,0.0475412959664717,0.1029323793572432,0.0778886496572069,5.448658422482973,2.203185929285523,0.5796000567991894,0.4401935972452025,0.3887747517598818,0.39941331384924394,77.0,114.0,136.0,0.77,1.1400000000000001,1.36,42.589693646360544,43.07705361572711,41.67131656675746,2.4076700355322784,0.022381478040735,mouse634572far224,0.1560756075607561,0.7117911791179118,0.2932493249324933,0
mouse634572,far,332,0.0218315831552377,0.026546972821650004,0.0279260495397333,5.959785182687242,1.9883451459404828,2.8694966213052417,0.2226175153189441,0.1615901416117004,0.152424411715032,689.0,970.0,1001.0,6.890000000000001,9.700000000000001,10.01,42.589693646360544,43.07705361572711,41.67131656675746,2.4076700355322784,0.026860057621581,mouse634572far332,0.2162916291629163,0.831953195319532,0.3675067506750676,1
mouse634572,far,334,0.0718003057243441,0.0691279839812733,0.015673623255854998,5.867654468472388,1.27622560178881,2.1692331557559914,0.2119376598060736,0.2695686297356648,0.2545989772857663,392.0,388.0,520.0,3.92,3.88,5.2,42.589693646360544,43.07705361572711,41.67131656675746,2.4076700355322784,0.0432929231305423,mouse634572far334,0.2009000900090009,0.6704770477047706,0.40396039603960404,1
mouse634572,far,228,0.04017301441111,0.0585120137761486,0.0611444663661787,2.589498540815796,2.446760987596935,3.0939685373316084,0.2342946849800437,0.2201804007026235,0.2500242496078133,523.0,390.0,269.0,5.23,3.9,2.69,42.39242751106345,42.886692119744865,41.97171038967479,2.4076700355322784,0.0253054568910781,mouse634572far228,0.2492349234923492,0.6685868586858688,0.3969396939693969,1
mouse634572,far,231,0.025920066295417002,0.0437005616256677,0.0209286611408623,4.363699798491494,3.6292637408069495,4.554339046059343,0.1089617033416426,0.12693663179579098,0.1118197698187687,2292.0,2372.0,2395.0,22.92,23.72,23.95,42.20547897614061,42.86288356872762,41.71818112487954,2.4116902786220296,0.0133695446248986,mouse634572far231,0.1498649864986498,0.3097209720972097,0.2684068406840685,0
mouse634572,far,226,0.0458593074367313,0.0263969987742449,0.0266132071935442,4.011360969587692,4.625196558626074,3.4651454059477964,0.1943874561005065,0.2332476927310457,0.2111469457993034,713.0,699.0,654.0,7.13,6.99,6.54,42.20547897614061,42.86288356872762,41.71818112487954,2.4116902786220296,0.0270880021541254,mouse634572far226,0.2459945994599459,0.723942394239424,0.3939693969396943,1
mouse634572,far,233,0.0452250209124246,0.0861369467777501,0.0395903566893612,6.169709722656485,2.2502183776541567,6.232583027652452,0.2298996075260518,0.3008605620228201,0.2672616051017098,362.0,359.0,374.0,3.62,3.59,3.74,41.47121852716903,42.17566782896205,41.676828511338684,2.4116902786220296,0.0231460718993902,mouse634572far233,0.1633663366336634,0.8621962196219624,0.3153915391539156,1
mouse634572,far,236,0.1509966975372506,0.0507427370108001,0.0281864476228179,5.897314151378731,2.433647478215582,5.76287946546838,0.44685686386327206,0.3478734988691428,0.3297672071854839,91.0,111.0,170.0,0.91,1.11,1.7,41.47121852716903,42.17566782896205,41.676828511338684,2.4116902786220296,0.029836646714064,mouse634572far236,0.1806480648064806,0.7725472547254728,0.4147614761476149,1
mouse634572,far,234,0.0244553097208317,0.0850298447811913,0.0502187559224932,4.1453090676735185,2.9071061410531818,4.409810309393086,0.1452940200710367,0.2353310543912457,0.20346739807949302,818.0,687.0,806.0,8.18,6.87,8.06,41.47121852716903,42.17566782896205,41.676828511338684,2.4116902786220296,0.0113765563746851,mouse634572far234,0.1439243924392439,0.6928892889288929,0.3440144014401441,0
mouse634572,far,336,0.0868336158796069,0.0500975004479156,0.0770826552010562,3.5886790523752117,0.0004330489565744,2.895689709298093,0.4463462766459564,0.38053428638653203,0.4684407739161846,90.0,153.0,106.0,0.9,1.53,1.06,42.1267394783138,42.74352310051016,41.52966729460694,2.415962541100338,0.0278874401036166,mouse634572far336,0.2351935193519352,0.7846984698469849,0.4741674167416739,1
mouse634572,far,238,0.1041609931710349,0.1084338564878544,0.0154243194317678,0.5054267159347848,1.440411942064993,3.6837213858594637,0.3359804115631515,0.3789030307714472,0.2813764971060602,273.0,172.0,118.0,2.73,1.72,1.18,42.1267394783138,42.74352310051016,41.52966729460694,2.415962541100338,0.028659484719357,mouse634572far238,0.1698469846984699,0.7279927992799281,0.4347434743474346,1
mouse634572,far,237,0.0711122789418417,0.0354224565460185,0.06048609818832,0.4183117190395196,3.0289699602193214,0.2171100467736436,0.4167161222590991,0.4318223448497008,0.4115624496089254,144.0,115.0,86.0,1.44,1.1500000000000001,0.86,42.1267394783138,42.74352310051016,41.52966729460694,2.415962541100338,0.0136033553765374,mouse634572far237,0.1625562556255626,0.7506750675067508,0.3407740774077407,1
mouse634572,far,338,0.0270518022416875,0.0947728835530463,0.0673722708192183,0.1448140770480575,3.786681335392938,5.9041163215389885,0.2383834387839658,0.3303081293158733,0.2804537959934731,617.0,550.0,531.0,6.17,5.5,5.3100000000000005,41.61287822727147,42.19359327502583,41.49707447893143,2.415962541100338,0.0158560249453828,mouse634572far338,0.2478847884788479,0.6918091809180918,0.4174617461746174,1
mouse634572,far,230,0.06354711476889001,0.0496943685317223,0.0190629387721606,4.987113472021483,3.849279865952967,5.380586973892631,0.2074711319130947,0.2409742591727064,0.2266969567777314,478.0,541.0,545.0,4.78,5.41,5.45,41.61287822727147,42.19359327502583,41.49707447893143,2.415962541100338,0.0254027637855685,mouse634572far230,0.2084608460846084,0.7163816381638164,0.3966696669666968,1
mouse634572,far,241,0.0262083259718524,0.0227482412498236,0.0562042186792259,4.879861968210065,5.374495120205307,5.394752002860142,0.1342182529715585,0.1579295154246512,0.1683427408638406,1136.0,1271.0,1387.0,11.36,12.71,13.870000000000001,41.61287822727147,42.19359327502583,41.49707447893143,2.415962541100338,0.0240335662444033,mouse634572far241,0.20306030603060302,0.6523852385238526,0.3891089108910893,1
mouse634572,far,242,0.0307506441887417,0.0043860059726341,0.0292258152608145,4.123364702948331,4.2085615038091495,4.417709863868801,0.2186533973696262,0.170460042770259,0.1590032795540667,913.0,907.0,996.0,9.13,9.07,9.96,41.61287822727147,42.19359327502583,41.49707447893143,2.415962541100338,0.0105789848105745,mouse634572far242,0.1744374437443744,0.6553555355535555,0.3440144014401441,1
mouse634572,far,243,0.0101170229660753,0.022292773564131,0.0316728691771943,4.905515434412725,3.491301823553824,3.183274044921593,0.1936796731892812,0.2162370968301066,0.2445556476404135,764.0,668.0,524.0,7.640000000000001,6.68,5.24,41.61287822727147,42.19359327502583,41.49707447893143,2.415962541100338,0.0225299493423922,mouse634572far243,0.2673267326732674,0.7633663366336634,0.4153015301530153,1
mouse634572,far,343,0.0696927764781341,0.0916498918495107,0.0297630329879567,4.528141445615829,4.875276917239446,5.689497293441226,0.3014527257984737,0.3795296157425666,0.2495811176572658,190.0,109.0,224.0,1.9000000000000001,1.09,2.24,42.212407978070345,42.691576817591674,41.916337853299645,2.415962541100338,0.0237158501005002,mouse634572far343,0.2270927092709271,0.7312331233123313,0.3675067506750674,1
mouse634572,far,244,0.0580919351808841,0.0899455538117635,0.1096680108048076,0.4653846677010285,3.797237057684493,0.5086847746439266,0.4663898491830564,0.3597868762784779,0.37026300722849503,67.0,132.0,162.0,0.67,1.32,1.62,42.212407978070345,42.691576817591674,41.916337853299645,2.415962541100338,0.0595601418142204,mouse634572far244,0.1933393339333933,0.7234023402340236,0.49981998199820005,1
mouse634572,far,245,0.0612476504871106,0.0560240517103697,0.0538967219127203,2.5177144614044047,3.9015567188715568,1.299836496015519,0.2933584746103432,0.2272836089405867,0.2535109642454907,293.0,336.0,330.0,2.93,3.36,3.3000000000000003,41.63644749276565,41.49784037629685,41.445167582949,2.4204854884919267,0.0154555630804168,mouse634572far245,0.1990099009900989,0.6839783978397841,0.4558055805580557,1
mouse634572,far,248,0.0457623014446618,0.0167742481809747,0.0269331752964403,5.798214949648648,1.0210082593350294,0.0922798234526514,0.2344706894873485,0.1333409834867934,0.1680144027137591,803.0,1002.0,955.0,8.03,10.02,9.55,41.5003918522453,41.95345408068365,41.325152416696476,2.4204854884919267,0.0156673656406686,mouse634572far248,0.1965796579657965,0.6345634563456347,0.3434743474347436,1
mouse634572,far,247,0.0408603876664246,0.032670555195688,0.028167717406866,2.3319252959072285,2.250443242510606,4.763115961207788,0.1294722384203577,0.1151235739020884,0.1031220400217294,2805.0,3041.0,3109.0,28.05,30.41,31.09,41.5003918522453,41.95345408068365,41.325152416696476,2.4204854884919267,0.009599699803638001,mouse634572far247,0.1879387938793879,0.3037803780378039,0.2438343834383438,0
mouse634572,far,250,0.0473402218154957,0.0687525239258971,0.0287660179074059,1.0629068417218412,5.863135760994003,4.271120640792756,0.3100161740634721,0.24862227274505,0.2412014561167538,380.0,418.0,397.0,3.8000000000000003,4.18,3.97,41.333461479837176,41.48085091566261,41.055040913802756,2.4252577182641852,0.0302852484894529,mouse634572far250,0.233033303330333,0.7863186318631863,0.5003600360036004,1
mouse634572,far,249,0.0641349716303408,0.1058008208448186,0.0825968458106409,3.700754742207192,4.455036908497967,4.254544262024302,0.3195904032797498,0.3518626780620018,0.2766352048880965,240.0,306.0,351.0,2.4,3.06,3.5100000000000002,41.333461479837176,41.48085091566261,41.055040913802756,2.4252577182641852,0.011526384907233999,mouse634572far249,0.2041404140414041,0.6688568856885689,0.3934293429342933,1
mouse634572,far,345,0.0693470345612753,0.0653169394594526,0.0574054241248126,2.63651489046716,3.771983210802297,3.5665733338333396,0.2235989360476359,0.2759155030615793,0.2612893251445882,500.0,524.0,551.0,5.0,5.24,5.51,41.333461479837176,41.48085091566261,41.055040913802756,2.4252577182641852,0.0231195859782171,mouse634572far345,0.1846984698469846,0.7099009900990101,0.4620162016201622,1
mouse634572,far,350,0.0836350952018198,0.0622325675226127,0.0548938875519977,0.1141224620150864,1.0894361945839544,4.8563508564739015,0.3600727581652235,0.3417779251581205,0.3568583966936989,77.0,173.0,173.0,0.77,1.73,1.73,41.92747526164751,42.119436217112096,41.611210871532826,2.4252577182641852,0.0499946158454578,mouse634572far350,0.1981998199819982,0.7107110711071108,0.3982898289828985,1
mouse634572,far,384,0.0590525694173488,0.0672356404172535,0.0482451086261713,1.7336535491146436,2.4328961303351546,6.172536067748613,0.3641524518634348,0.35812565447443,0.4098001824213621,97.0,102.0,109.0,0.97,1.02,1.09,41.92747526164751,42.119436217112096,41.611210871532826,2.4252577182641852,0.05862122683968401,mouse634572far384,0.1995499549954995,0.7971197119711974,0.3488748874887487,1
mouse634572,far,347,0.0602013221845419,0.0927007452743516,0.0398391830544955,0.5280291435876572,2.4010667717200374,3.3923145759067648,0.2431848284059428,0.358969953697743,0.2225074422120663,428.0,373.0,396.0,4.28,3.73,3.96,41.92747526164751,42.119436217112096,41.611210871532826,2.4252577182641852,0.0220834587054535,mouse634572far347,0.1301530153015301,0.8422142214221422,0.33186318631863204,1
mouse634572,far,349,0.0446988713306935,0.0940528470982459,0.0494971933313235,3.0997403321229697,1.8730322602402976,3.8874294302942682,0.3323053157183286,0.4491794848007206,0.28244238538481004,236.0,149.0,269.0,2.36,1.49,2.69,41.92747526164751,42.119436217112096,41.611210871532826,2.4252577182641852,0.0481611738588083,mouse634572far349,0.17605760576057602,0.688838883888389,0.3788478847884787,1
mouse634572,far,255,0.0417763768088357,0.0152860277870826,0.0200003456458296,4.319405169576653,3.979607182615154,4.9760846000922125,0.1520779295396638,0.1714922617492615,0.1676949070362343,917.0,1024.0,999.0,9.17,10.24,9.99,38.895954990576186,48.94352509930601,37.992917567876646,2.4302777619029485,0.0110215963464991,mouse634572far255,0.197929792979298,0.6726372637263727,0.3469846984698469,1
mouse634572,far,258,0.0267138115770328,0.0292722399555036,0.024985218874509,3.8635662147438192,0.7734275990910244,1.1438855281037592,0.1247084771436829,0.1393925790570891,0.1027011663218175,1857.0,2004.0,1855.0,18.57,20.04,18.55,38.17203801781146,50.77235404759515,38.04039514948684,2.4302777619029485,0.0146441148133046,mouse634572far258,0.1636363636363637,0.3453645364536455,0.2643564356435643,0
mouse634572,far,261,0.017060922152385,0.1137090530734375,0.0649050133855779,4.880242617440338,1.752546613978592,1.3514990463825038,0.3587197112786567,0.3886947838602138,0.3826157327621339,220.0,197.0,206.0,2.2,1.97,2.06,38.886200263148496,51.38940647616898,38.46673284016407,2.435544087057346,0.04067689153444799,mouse634572far261,0.1317731773177318,0.8473447344734476,0.3456345634563454,1
mouse634572,far,260,0.0522539958265095,0.0808421216984299,0.0996535605260748,0.5605403282617151,5.395207277272054,4.808582519620376,0.3123433597730382,0.3788993330997997,0.3420473426200286,238.0,175.0,182.0,2.38,1.75,1.82,38.886200263148496,51.38940647616898,38.46673284016407,2.435544087057346,0.0381609962988807,mouse634572far260,0.1269126912691269,0.8916291629162919,0.3483348334833483,1
mouse634572,far,269,0.0597167078758614,0.0719694983955034,0.0544048103499876,4.403597006081007,5.83714358635007,4.6632291309491585,0.3464295387061107,0.3161548891505729,0.2570562842966263,222.0,252.0,337.0,2.22,2.52,3.37,40.128910796291215,41.327001415148246,40.32738778271101,2.441055099746829,0.0255651571212119,mouse634572far269,0.1531053105310531,0.8006300630063008,0.3653465346534651,1
mouse634572,far,268,0.0498829847630297,0.0292447238919983,0.0542680680539365,5.164033697649987,2.662726302692229,0.0856413505271981,0.2266877952839402,0.2103976560169092,0.2894649269104301,548.0,589.0,514.0,5.48,5.89,5.14,40.128910796291215,41.327001415148246,40.32738778271101,2.441055099746829,0.0370247085432516,mouse634572far268,0.2152115211521151,0.3685868586858686,0.3985598559855987,0
mouse634572,far,270,0.1212325458650668,0.0298316994441247,0.2145045517084314,0.5626217783934666,3.6879788211950113,5.389794406787778,0.4630035276918897,0.5056255436092214,0.5472905287564747,67.0,68.0,39.0,0.67,0.68,0.39,40.128910796291215,41.327001415148246,40.32738778271101,2.441055099746829,0.0288017648599178,mouse634572far270,0.1755175517551755,0.7822682268226824,0.378847884788479,1
mouse634572,far,386,0.0726453734962798,0.0347460031268921,0.0479816297883247,6.278036852745577,6.069913594271964,5.342833876639326,0.2519211250920279,0.2612455315636605,0.2517694455636549,376.0,307.0,280.0,3.7600000000000002,3.0700000000000003,2.8000000000000003,40.128910796291215,41.327001415148246,40.32738778271101,2.441055099746829,0.0307162763400584,mouse634572far386,0.1633663366336634,0.5060306030603061,0.6145814581458148,1
mouse634572,far,273,0.0408241374938475,0.0233484682034135,0.0352294700003337,4.346761458612934,5.004488635144861,4.671849789360853,0.1258092828174996,0.1184881112289195,0.1011099621380322,2553.0,2919.0,2944.0,25.53,29.19,29.44,40.16175293304308,41.459701948314006,40.22623199959593,2.4333618719787653,0.0168168836476417,mouse634572far273,0.1811881188118811,0.3386138613861387,0.2775877587758776,0
mouse634572,far,275,0.0537948336786895,0.0359535256363142,0.0563080022259201,4.389080255769379,5.5167942431858865,4.41555012724757,0.2623433854769216,0.2006838191430584,0.1960318716563014,868.0,880.0,764.0,8.68,8.8,7.640000000000001,40.015002949580115,41.990030186640375,40.1381802450373,2.4333618719787653,0.0287231338362451,mouse634572far275,0.1676867686768677,0.302970297029703,0.2932493249324933,0
mouse634572,far,274,0.0600241351684132,0.1204843768182185,0.0200740104713916,4.7072613477742635,5.668459539864914,0.3905617148751911,0.3645363989393637,0.3724441170277002,0.3210436213302151,180.0,122.0,228.0,1.8,1.22,2.2800000000000002,40.015002949580115,41.990030186640375,40.1381802450373,2.4333618719787653,0.0149571145795315,mouse634572far274,0.1606660666066607,0.8451845184518453,0.3018901890189019,1
mouse634572,far,276,0.0992344963689022,0.1311389461620659,0.138111909756785,0.1932106279643906,1.8062586003670391,4.431865135642575,0.3813917707331578,0.4672653157233747,0.4150855604782587,146.0,87.0,81.0,1.46,0.87,0.81,39.98927499875889,42.09464425090411,39.89044321806747,2.459674775249769,0.0281307508343616,mouse634572far276,0.1981998199819983,0.7093609360936095,0.5905490549054905,1
mouse634572,far,277,0.013930439997826,0.0564519213732224,0.0698711451480573,5.254109876779842,1.8436692119809028,5.3755893754359665,0.2061018614862508,0.3384701186555959,0.345840408820688,393.0,380.0,344.0,3.93,3.8000000000000003,3.44,39.98927499875889,42.09464425090411,39.89044321806747,2.459674775249769,0.0301208776571864,mouse634572far277,0.1271827182718272,0.6062106210621063,0.3407740774077408,0
mouse634572,far,363,0.0868655233445313,0.1060460290094143,0.0652609076397332,4.198706106351223,0.1386310618271928,4.997820576930316,0.4929832783919137,0.3969149618962567,0.2948521751670979,226.0,169.0,237.0,2.2600000000000002,1.69,2.37,39.98927499875889,42.09464425090411,39.89044321806747,2.459674775249769,0.0281233552119299,mouse634572far363,0.1598559855985599,0.6056705670567057,0.2546354635463546,0
mouse634572,far,361,0.1062094141587656,0.1896101209351558,0.2723203951647434,1.7301232372082085,0.849206730355818,6.211863141790907,0.4039252351773783,0.4868110295660943,0.5754623510490207,61.0,63.0,47.0,0.61,0.63,0.47000000000000003,39.98927499875889,42.09464425090411,39.89044321806747,2.459674775249769,0.0263655668978848,mouse634572far361,0.1363636363636363,0.8689468946894691,0.308100810081008,1
mouse634572,far,282,0.0289030471365191,0.0374403170571372,0.022314444810263,5.065562106352502,0.3776994670489736,4.767867131144538,0.1334153072241888,0.12338862949537101,0.1417938879762194,1535.0,1772.0,1675.0,15.35,17.72,16.75,39.80778753344576,43.06811442028085,39.67283399095832,2.46589233341604,0.0163875344281786,mouse634572far282,0.19387938793879397,0.3394239423942394,0.3083708370837085,0
mouse634572,far,281,0.1673928374681525,0.0430499953360418,0.1534689027738836,5.461874170828987,5.014978633742465,5.323554271008242,0.4546321744272191,0.3496434887926461,0.4159006990579882,134.0,148.0,124.0,1.34,1.48,1.24,39.80778753344576,43.06811442028085,39.67283399095832,2.46589233341604,0.0248920116506991,mouse634572far281,0.1498649864986498,0.5954095409540956,0.2762376237623762,0
mouse634572,far,280,0.0431271913703326,0.0169995720900864,0.0856627931376721,3.6896401944824095,4.455073059530041,5.711701705442972,0.2710354122246844,0.2659120131375379,0.3542598193150226,333.0,338.0,303.0,3.33,3.38,3.0300000000000002,39.80778753344576,43.06811442028085,39.67283399095832,2.46589233341604,0.019858639094368,mouse634572far280,0.3777677767776778,0.5141314131413142,0.0631863186318633,1
mouse634572,far,320,0.133648292149955,0.0798155969162737,0.1164779785405641,3.891513942240664,5.007668747685141,4.034025926022589,0.4541377661972656,0.4862763145750072,0.4840443984390765,75.0,67.0,86.0,0.75,0.67,0.86,45.21542857348663,47.00405874584696,43.75985524264834,2.376446927663229,0.05580736919819901,mouse634572far320,0.20900090009000896,0.6464446444644465,0.3656165616561658,1
mouse634572,far,348,0.1527530198709069,0.1015636707579011,0.0471139519874274,4.119659343810108,0.8523444888104601,1.6936294028963297,0.5042667455661308,0.5222586938683709,0.42917332133389297,62.0,57.0,79.0,0.62,0.5700000000000001,0.79,41.92747526164751,42.119436217112096,41.611210871532826,2.4252577182641852,0.0341271224866806,mouse634572far348,0.1722772277227723,0.7072007200720073,0.6045904590459047,1
mouse634572,far,219,0.0565022908835784,0.0820721767608284,0.1157262856687657,4.204696621692482,4.463002546858757,1.0000417609224774,0.3488987313220428,0.4938641739744148,0.3856420201226635,137.0,53.0,91.0,1.37,0.53,0.91,42.28609404240665,43.64603218531554,41.905843293176105,2.3834061760430183,0.0819304380501257,mouse634572far219,0.4412241224122414,0.8238523852385241,0.3202520252025205,1
mouse634572,far,210,0.1204759927871881,0.0981482758522782,0.06882037667121699,2.3386448127101183,2.2545141835483657,3.1175589680235576,0.343892633466221,0.4530918025154619,0.5015365834462195,120.0,67.0,78.0,1.2,0.67,0.78,42.378065706091206,43.845402877460565,41.9451103726559,2.4003905932160294,0.0253083426862652,mouse634572far210,0.1798379837983799,0.7539153915391541,0.40288028802880294,1
mouse634572,far,225,0.0690203221837723,0.1950214083747155,0.2049715383141126,0.3203845172749348,2.472542349762252,2.8088691468298097,0.6229105283743891,0.5047263873958785,0.5668538742433503,53.0,64.0,62.0,0.53,0.64,0.62,42.16654629710892,43.792629414994096,42.15754189309403,2.403903076249124,0.0952954343630107,mouse634572far225,0.3035103510351036,0.6804680468046805,0.6305130513051306,1
mouse634572,far,356,0.1196757725893054,0.1278981836627543,0.1437359561125628,4.980777346492036,6.2237400364516064,5.458274983332583,0.4918264255022439,0.5320620867055553,0.467473487914255,84.0,53.0,72.0,0.84,0.53,0.72,37.53353422748424,52.10277645565837,37.204287254855146,2.435544087057346,0.0369008868409839,mouse634572far356,0.1733573357335733,0.8300630063006301,0.4190819081908191,1
mouse638330,far,19,0.0321236061680766,0.063938863538186,0.0099719633683675,0.1572129358195681,1.827810541695739,3.808593580892797,0.2409034000844357,0.1862770154804957,0.2487499501929675,501.0,510.0,399.0,5.01,5.1000000000000005,3.99,46.6807173216953,56.97155911563448,57.04545424107046,1.8420437019788647,0.0322176362456637,mouse638330far19,0.21899189918991896,0.6756075607560758,0.4047704770477046,1
mouse638330,far,200,0.0855960514728175,0.072326923511838,0.0039128538660121,2.1955925581127085,5.959148640425194,2.5795112163558827,0.3975215860435456,0.2803655976948873,0.2648638297143704,138.0,262.0,374.0,1.3800000000000001,2.62,3.74,46.6807173216953,56.97155911563448,57.04545424107046,1.8420437019788647,0.0532733321051549,mouse638330far200,0.1536453645364536,0.6,0.5794779477947797,1
mouse638330,far,18,0.0450021961053032,0.0295442509688757,0.0243892561157544,1.598156189006532,3.3670619314522563,5.104659704897905,0.2313534880383118,0.2045228385856123,0.17767180209320602,606.0,649.0,646.0,6.0600000000000005,6.49,6.46,46.6807173216953,56.97155911563448,57.04545424107046,1.8420437019788647,0.0272233749627452,mouse638330far18,0.1676867686768677,0.7517551755175518,0.3540054005400542,1
mouse638330,far,21,0.0281154140259835,0.0131643528360988,0.0231369012234809,2.428777510384748,1.9775316525045048,1.4394411909777536,0.1480398817151318,0.1303814134047911,0.1260565532257551,817.0,1273.0,1352.0,8.17,12.73,13.52,48.047461601841704,58.912383180165214,59.641868850050585,1.8420437019788647,0.0374951607150369,mouse638330far21,0.1706570657065707,0.8832583258325835,0.4917191719171917,1
mouse638330,far,20,0.0384586383623898,0.0036113907399059,0.050884322021658004,0.0850587692287532,2.7632327156280585,4.890816611972888,0.1440296063906582,0.1340985401217116,0.1920211367095695,794.0,1093.0,944.0,7.94,10.93,9.44,46.49102406396052,57.63398500265133,57.8845071050994,1.8360964026978541,0.0213839768565504,mouse638330far20,0.2357335733573358,0.7298829882988299,0.3237623762376239,1
mouse638330,far,201,0.0825326012806556,0.0476657635635107,0.0767042598533917,4.315392398546487,2.4549007577097077,5.561830091442331,0.3542674166890311,0.2282301803812272,0.33626747076213004,160.0,360.0,358.0,1.6,3.6,3.58,46.49102406396052,57.63398500265133,57.8845071050994,1.8360964026978541,0.0259670052513221,mouse638330far201,0.1892889288928892,0.6891089108910892,0.5362736273627365,1
mouse638330,far,25,0.0513123933340949,0.0354925967677763,0.0705601110548298,0.5360617492523474,1.1064330594849014,6.024675300998561,0.2587118569435875,0.2990220858377122,0.4297885603725415,251.0,147.0,139.0,2.5100000000000002,1.47,1.3900000000000001,47.805547060738725,59.51744993165204,59.71361552663426,1.8360964026978541,0.0217829442866355,mouse638330far25,0.1992799279927992,0.6799279927992801,0.5308730873087307,1
mouse638330,far,27,0.0513119302908586,0.0408409877420135,0.009253419133765999,3.14108524481722,1.8564204904124848,3.6670705373085335,0.2571648755785251,0.1982954955222307,0.2300917087760583,511.0,572.0,442.0,5.11,5.72,4.42,45.78230511536418,57.054137113714816,57.17750044556779,1.8360964026978541,0.0385463260254495,mouse638330far27,0.1555355535553556,0.7444644464446446,0.3170117011701169,1
mouse638330,far,26,0.0367640269468042,0.0188646699565511,0.0122540279557728,5.653665237745594,5.498123751514484,0.0990552882976985,0.1855607277901712,0.1063088448400973,0.0772829048797066,2041.0,3132.0,3324.0,20.41,31.32,33.24,45.78230511536418,57.054137113714816,57.17750044556779,1.8360964026978541,0.0249042325926349,mouse638330far26,0.1336633663366336,0.26300630063006303,0.2403240324032404,0
mouse638330,far,29,0.08729752244400199,0.0070504056521843,0.1815065189541858,3.5465273836284106,5.464679025300318,3.3998314487685435,0.2746705744648074,0.3439399542987819,0.6057597373015694,399.0,122.0,51.0,3.99,1.22,0.51,47.079351762219964,58.828491998170044,59.42474178497992,1.8251712248443983,0.035492272325140996,mouse638330far29,0.2081908190819081,0.7725472547254726,0.4868586858685869,1
mouse638330,far,30,0.0120316616883622,0.0314538916170444,0.0312038489829237,3.2193141708496995,4.131481046387913,5.465138715697746,0.1407450054341453,0.1086746243472501,0.1390802506633629,1386.0,2993.0,3059.0,13.86,29.93,30.59,47.079351762219964,58.828491998170044,59.42474178497992,1.8251712248443983,0.0391064710931886,mouse638330far30,0.20900090009000896,0.7034203420342037,0.4382538253825382,1
mouse638330,far,36,0.0579649928875127,0.0529437948526762,0.0999391568467772,2.802610826770125,0.5099048180809261,0.6233129003898509,0.3437233455581019,0.3718654549335687,0.3398244330826246,116.0,160.0,148.0,1.16,1.6,1.48,46.29228833225665,58.03737127270832,59.31698848254964,1.8034688796871432,0.0747240999067469,mouse638330far36,0.1828082808280828,0.6739873987398742,0.2927092709270927,1
mouse638330,far,203,0.0622147596963641,0.021844389189757,0.0273958830917049,3.5185435650308747,2.722277240405167,4.901743887891592,0.3995821048538478,0.254006179621159,0.2157789121464697,85.0,373.0,584.0,0.85,3.73,5.84,46.29228833225665,58.03737127270832,59.31698848254964,1.8034688796871432,0.0792709102929547,mouse638330far203,0.21494149414941502,0.7085508550855086,0.3502250225022502,1
mouse638330,far,41,0.006970662444846999,0.0126556318200579,0.0104496199521935,2.9233498324399787,3.8331854510724734,3.6475440712705374,0.1370985110516188,0.0787775517948553,0.1179485251598945,1730.0,2348.0,2628.0,17.3,23.48,26.28,45.452399359869545,57.29440295764525,57.831194786330926,1.8126293057324216,0.0290599806001671,mouse638330far41,0.2273627362736274,0.5557155715571558,0.3464446444644464,1
mouse638330,far,42,0.0174210412151779,0.0410123523380756,0.0788879405825825,2.3438426714256515,3.9201603448182425,3.2685119573238905,0.22338235965600897,0.232592379222261,0.2405111078797081,319.0,381.0,412.0,3.19,3.81,4.12,45.16678598529749,57.1467028540536,58.32085636951077,1.8126293057324216,0.0248874417235497,mouse638330far42,0.1682268226822683,0.6604860486048606,0.3280828082808281,0
mouse638330,far,46,0.0755257430477661,0.0926919039778629,0.2014511804388389,0.0334965125624344,2.9321317925851833,2.538402468699056,0.2620634850911288,0.2859691610023829,0.5808142319094141,387.0,207.0,35.0,3.87,2.07,0.35000000000000003,1.1129545046913631,0.6956445473629349,0.5077916485705595,1.7885049622519924,0.0256623882995316,mouse638330far46,0.1952295229522953,0.6164716471647165,0.4747074707470747,1
mouse638330,far,48,0.0386472609955565,0.0360956308655666,0.0080963802813225,6.241272625767523,0.3422165860312148,3.0113340678083254,0.1664194845320777,0.1713589048874192,0.1470677179814859,829.0,895.0,788.0,8.290000000000001,8.950000000000001,7.88,44.499351336327315,56.68702523892438,57.281340253022435,1.7822036920621618,0.0198217330025338,mouse638330far48,0.1630963096309631,0.7363636363636366,0.3218721872187219,1
mouse638330,far,50,0.0678101916612385,0.0552462926869777,0.0746086940869893,1.5982698790518497,3.1185302068677965,6.2375710949050776,0.35210211908862704,0.4297187428378367,0.5343875929573301,183.0,76.0,38.0,1.83,0.76,0.38,43.97260991298878,55.50917393111969,56.909171532241565,1.7795715776557008,0.0484467751180585,mouse638330far50,0.1722772277227723,0.7009900990099011,0.3256525652565259,1
mouse638330,far,55,0.0043145164167311,0.0238264702487456,0.0187191827774192,3.1450591753655304,4.175583129917756,4.15874522894298,0.0847876510898313,0.0705228976251441,0.0735871210360297,3752.0,4761.0,4883.0,37.52,47.61,48.83,44.391997108105095,56.43220359532366,57.25325763797882,1.7795715776557008,0.0354889128718668,mouse638330far55,0.1239423942394239,0.2022502250225022,0.1774077407740775,0
mouse638330,far,52,0.0374329588180487,0.0108617823745556,0.0866226805066715,1.9910145578462832,0.1980593959109763,0.9486751588904654,0.1697350126625526,0.1151552328338768,0.2012300916240781,1364.0,1841.0,1907.0,13.64,18.41,19.07,44.391997108105095,56.43220359532366,57.25325763797882,1.7795715776557008,0.0107063978811806,mouse638330far52,0.1801080108010802,0.5670567056705671,0.3369936993699371,0
mouse638330,far,57,0.0210207482294682,0.0296866372536909,0.0494133414590107,4.554251056435932,4.5059099510015,4.230715322502257,0.1365720829995283,0.1449705822864352,0.1261249990299278,1329.0,1831.0,1703.0,13.290000000000001,18.31,17.03,44.34824619426531,56.690047676170536,58.01936162345636,1.7778146697561028,0.0175542754024949,mouse638330far57,0.1836183618361836,0.2567956795679569,0.2168316831683169,0
mouse638330,far,56,0.0391138928064325,0.2080171605270264,0.0955675305499405,1.0569858223128403,1.7587134457388316,3.0953022580000824,0.3120811227171564,0.5455573071218004,0.4117300726715189,213.0,54.0,140.0,2.13,0.54,1.4000000000000001,44.34824619426531,56.690047676170536,58.01936162345636,1.7778146697561028,0.0356641629292048,mouse638330far56,0.1698469846984699,0.6518451845184519,0.3610261026102611,1
mouse638330,far,59,0.0622079665048408,0.0564575920814731,0.0116841935805235,1.9372895695994248,1.8567376855708824,2.0514542547956682,0.2814977168971714,0.2730874135702218,0.261085518737674,353.0,227.0,308.0,3.5300000000000002,2.27,3.08,43.73643144725943,56.19434835153272,57.17771550271226,1.7762319668331612,0.0239351951812161,mouse638330far59,0.1412241224122412,0.6459045904590459,0.2991899189918994,0
mouse638330,far,208,0.0615844411151227,0.1107524927779463,0.0302869086457327,5.316530198268323,4.3925217250992405,4.481353029786831,0.3848131014232734,0.4358188804283435,0.2677188008611711,65.0,118.0,220.0,0.65,1.18,2.2,43.73643144725943,56.19434835153272,57.17771550271226,1.7762319668331612,0.0716497567445551,mouse638330far208,0.1714671467146714,0.7055805580558057,0.3405040504050404,1
mouse638330,far,63,0.0380118680541949,0.0471013662193267,0.0366617410140066,2.5721958134627267,3.1289336418026514,4.672936709834186,0.2579297547686566,0.3476098962959199,0.2725635798456791,468.0,171.0,375.0,4.68,1.71,3.75,43.42351068176719,56.03048746221214,57.395405880112754,1.775,0.0425894709374692,mouse638330far63,0.1644464446444644,0.6523852385238524,0.3291629162916292,0
mouse638330,far,66,0.0253218426136677,0.057215054064873,0.0658148280074742,0.8885036515803071,4.754234936484398,5.701601558798124,0.2555441064174489,0.3224268887584957,0.3478883467392293,272.0,117.0,143.0,2.72,1.17,1.43,44.16709714393353,56.91737256964674,57.73537603988441,1.775,0.0288900885990069,mouse638330far66,0.1355535553555356,0.4828082808280828,0.4555355535553558,0
mouse638330,far,71,0.022500801765218,0.0167393522793621,0.0136226375478412,3.0498455092914627,3.0760153904132745,5.719776848811095,0.1657703548225577,0.112562360251966,0.1056407731749294,974.0,1841.0,1867.0,9.74,18.41,18.67,42.85825277526832,55.73007815656194,56.32433300276783,1.7574839970821927,0.025015282058387996,mouse638330far71,0.1595859585958595,0.7803780378037805,0.3909990999099909,1
mouse638330,far,213,0.0330020569011487,0.0257249911753542,0.0467876030515341,6.055160565072996,5.771300084137126,5.2404665528102905,0.1854802523458826,0.1109629071523454,0.1832442158023242,828.0,1281.0,1195.0,8.28,12.81,11.950000000000001,42.85825277526832,55.73007815656194,56.32433300276783,1.7574839970821927,0.0196877676638623,mouse638330far213,0.1398739873987398,0.2767776777677768,0.1946894689468946,0
mouse638330,far,76,0.0445791765970406,0.0394953823254748,0.0289362892625729,2.319770056624841,0.7172637551576254,2.902017603817997,0.2463589254569584,0.3660289032129537,0.2664126381210537,408.0,239.0,439.0,4.08,2.39,4.39,43.774877142906654,56.88447067636872,58.25018491068473,1.7573061770789975,0.0153676475685781,mouse638330far76,0.1965796579657965,0.6121512151215122,0.3513051305130513,1
mouse638330,far,80,0.1595314996436342,0.0142141466132672,0.0617317181068196,5.844600093896568,4.0895724502546065,3.619809335952312,0.4016551185563836,0.1802233954757432,0.2463817239915975,141.0,592.0,931.0,1.41,5.92,9.31,43.48481469706461,57.07696099848594,57.67623084932777,1.7767596911231411,0.0387044527045237,mouse638330far80,0.1185418541854185,0.6675067506750676,0.2854185418541856,0
mouse638330,far,81,0.0152749358343867,0.0192035155486864,0.0312839773066804,5.9411590129934915,1.9725226362022368,4.875977633590287,0.1506712159838518,0.1801777916798564,0.1481414603321891,948.0,775.0,1058.0,9.48,7.75,10.58,43.48481469706461,57.07696099848594,57.67623084932777,1.7767596911231411,0.015014860414418999,mouse638330far81,0.2006300630063006,0.7417641764176419,0.3383438343834383,1
mouse638330,far,84,0.0675889752290607,0.0669573641666415,0.051106258019645,4.834801493525945,2.4040945144595645,1.0403549620618129,0.276910600588279,0.2840588106581216,0.3391737457584699,273.0,270.0,267.0,2.73,2.7,2.67,42.861629557587406,56.815253807140024,56.61863997908544,1.7624556732014567,0.0404949060189883,mouse638330far84,0.0977497749774978,0.2068406840684068,0.1587758775877588,0
mouse638330,far,86,0.0219577553659454,0.0491967049439015,0.0184917438965356,1.0837733949477597,1.5072658944174546,3.8621181119919656,0.2229047836931718,0.2106021005450734,0.2118475542039156,601.0,589.0,644.0,6.01,5.89,6.44,43.693780489873454,57.814216711479034,58.154622398310394,1.7624556732014567,0.0149760946990174,mouse638330far86,0.1676867686768677,0.6270027002700272,0.2918991899189918,0
mouse638330,far,88,0.0475709494645896,0.0473727189837028,0.0192199867927351,5.8248141055781915,5.122704053165078,2.8620457456220545,0.1800892590933617,0.2295403441978405,0.1370360939192842,1229.0,1015.0,1461.0,12.290000000000001,10.15,14.61,43.693780489873454,57.814216711479034,58.154622398310394,1.7624556732014567,0.0331759601515595,mouse638330far88,0.1906390639063906,0.7352835283528353,0.3594059405940594,1
mouse638330,far,90,0.0106089759551532,0.0275783538025007,0.0409403006280538,0.4263627654829589,0.0491654246640837,1.9615465475427647,0.2345944469376338,0.2112448999216493,0.17694293880973,365.0,702.0,731.0,3.65,7.0200000000000005,7.3100000000000005,43.69657322269961,57.925069383273936,57.8791849499245,1.7636964024457271,0.0254351612863722,mouse638330far90,0.1811881188118812,0.6483348334833484,0.3140414041404139,1
mouse638330,far,89,0.0350650039902168,0.0359920064880984,0.0233462976907356,4.644375432264751,3.746417416481087,2.515254073436659,0.2137483535889729,0.1705395620071121,0.17518903739389496,521.0,1013.0,931.0,5.21,10.13,9.31,43.69657322269961,57.925069383273936,57.8791849499245,1.7636964024457271,0.0200046685236064,mouse638330far89,0.1936093609360937,0.6866786678667868,0.3945094509450947,1
mouse638330,far,94,0.0335716683030002,0.0259910877694059,0.0256073648279357,2.3137213285364155,1.3339402506224975,2.530011194776081,0.2436933771393842,0.165872087104611,0.1628884263555826,819.0,554.0,531.0,8.19,5.54,5.3100000000000005,42.46535166153827,56.84039326464686,56.56692290101328,1.7636964024457271,0.0269942328999071,mouse638330far94,0.1633663366336633,0.6186318631863188,0.325112511251125,0
mouse638330,far,103,0.05732708957696401,0.0723162730397347,0.0269305568767187,6.086810013273599,5.112689558950981,3.808269431072572,0.2097888048680583,0.2494517916164554,0.2256854192002937,590.0,190.0,257.0,5.9,1.9000000000000001,2.57,44.04410137881361,58.59234986656181,58.3179279666674,1.7652903443909729,0.0260191239844223,mouse638330far103,0.2054905490549056,0.6172817281728173,0.3483348334833486,1
mouse638330,far,101,0.0357384425715052,0.0744226385934158,0.0193325391497111,3.061063635062794,2.011921791023608,2.823012812623647,0.2310236107868808,0.3008313427883605,0.2015841077887068,604.0,544.0,482.0,6.04,5.44,4.82,44.04410137881361,58.59234986656181,58.3179279666674,1.7652903443909729,0.0105905831406155,mouse638330far101,0.1614761476147614,0.700720072007201,0.3812781278127811,1
mouse638330,far,105,0.005064838650514,0.0134145712725265,0.0174489669497386,0.7821585872568352,2.3598430717425827,0.7385037451273757,0.0860587453792173,0.1018774891728945,0.0816878749421552,3084.0,3546.0,3765.0,30.84,35.46,37.65,42.11605041706618,57.50954999105787,56.42824644213518,1.7672365433070922,0.0262455539113845,mouse638330far105,0.2365436543654365,0.6315931593159316,0.3969396939693969,1
mouse638330,far,104,0.0563205153058048,0.0180209226343834,0.0342024202197584,3.8480486501746602,3.9674781547380737,2.175505481987924,0.1788671200594234,0.225165025891019,0.2185146795091649,472.0,457.0,670.0,4.72,4.57,6.7,42.11605041706618,57.50954999105787,56.42824644213518,1.7672365433070922,0.0326314165166518,mouse638330far104,0.1587758775877588,0.5449144914491449,0.2881188118811882,0
mouse638330,far,98,0.0420312201466697,0.0132305024919399,0.0314575735676836,3.2966270442030066,5.097997745341546,2.7165514760784237,0.2180889790817929,0.1722640471103071,0.1795524712237955,630.0,731.0,722.0,6.3,7.3100000000000005,7.22,42.11605041706618,57.50954999105787,56.42824644213518,1.7672365433070922,0.0485743174582531,mouse638330far98,0.17308730873087302,0.5403240324032403,0.2886588658865887,0
mouse638330,far,111,0.0111674348962532,0.0166805702282423,0.019947379827521,0.0737931268610297,5.4676096844745175,3.896386126246053,0.1097890377700966,0.076316560152508,0.1104785361643988,2525.0,3605.0,3931.0,25.25,36.050000000000004,39.31,42.163000211326114,58.124482294573575,56.32002412722136,1.7737671775066763,0.0117215136033537,mouse638330far111,0.1312331233123312,0.2308730873087309,0.200900090009001,0
mouse638330,far,112,0.0375520516198651,0.1610736646493324,0.17438177075995,0.4968702684418684,1.9784921190392109,0.3584380209864192,0.3960276833267638,0.5955263143043196,0.6819383659118549,53.0,62.0,16.0,0.53,0.62,0.16,42.62589967346107,59.22327558902251,57.3293013781813,1.7764078923490516,0.0278453032063305,mouse638330far112,0.1625562556255626,0.6607560756075609,0.3083708370837082,0
mouse638330,far,113,0.0279279028430499,0.015277304587384,0.0084016158964808,4.966833174033843,0.509391861974694,3.5355950398753992,0.1330452228604372,0.0865190094379656,0.1006926662730491,1693.0,1925.0,2151.0,16.93,19.25,21.51,43.176984567138994,59.06474385987289,58.09088963210193,1.7793959649274247,0.0167284381769584,mouse638330far113,0.2076507650765077,0.5578757875787579,0.4147614761476147,1
mouse638330,far,114,0.0206838784839868,0.0128671258701901,0.0181179767236537,5.926543842719215,3.9696528713673462,4.2026915378144905,0.1274729458074897,0.090985785292983,0.119730126466873,1755.0,2300.0,2195.0,17.55,23.0,21.95,43.176984567138994,59.06474385987289,58.09088963210193,1.7793959649274247,0.0458036194943415,mouse638330far114,0.197929792979298,0.6418541854185419,0.4042304230423043,1
mouse638330,far,120,0.0162007590826037,0.0144645317326224,0.0113186618083645,5.908228493718423,4.454623538555482,4.137993721027756,0.1132508780717785,0.1009661035280723,0.0850446429507941,1671.0,3289.0,3502.0,16.71,32.89,35.02,43.02131192560048,60.03899647994683,57.40292065074807,1.7827296486007067,0.0180421862712605,mouse638330far120,0.1423042304230423,0.2986498649864987,0.2603060306030602,0
mouse638330,far,121,0.0953921312855339,0.0900666435013331,0.0418603968665289,3.284165564932506,2.330123359903907,5.090616270949396,0.5235803236670243,0.4040614852862016,0.3151615574293062,113.0,110.0,409.0,1.1300000000000001,1.1,4.09,42.850724725676066,59.86308832805414,58.209116589144564,1.7827296486007067,0.0588619649130491,mouse638330far121,0.2616561656165617,0.6364536453645365,0.3685868586858688,1
mouse638330,far,142,0.0383462499431372,0.0120682536263294,0.0161684781210389,3.1274405672688905,3.7624015355480296,4.771941873495408,0.2230562011009092,0.2452266277552498,0.1469816665955399,832.0,600.0,712.0,8.32,6.0,7.12,43.18567112336958,60.56973758175575,57.980241984673526,1.7755280904564703,0.0181716879894347,mouse638330far142,0.2173717371737173,0.5608460846084611,0.3372637263726372,1
mouse638330,far,125,0.0444366123139621,0.0481341576855833,0.036640126540696996,5.725228781264909,3.2669968891473817,5.210325977566325,0.2093574250561296,0.1802694412353753,0.2068082546918746,572.0,513.0,525.0,5.72,5.13,5.25,43.016571843503364,61.72207581642671,57.55363036277139,1.7755280904564703,0.0087907504586056,mouse638330far125,0.2065706570657065,0.6383438343834384,0.360756075607561,1
mouse638330,far,227,0.086107919258339,0.0601126852993155,0.0427759305387264,1.9600604600481688,2.332691799271879,5.46434469338,0.47537684543442704,0.3272349042008445,0.455828830305387,142.0,229.0,105.0,1.42,2.29,1.05,43.016571843503364,61.72207581642671,57.55363036277139,1.7755280904564703,0.0490818845244112,mouse638330far227,0.1652565256525653,0.5805580558055807,0.4217821782178218,1
mouse638330,far,140,0.0452440116891912,0.0495030435670466,0.0324675766711535,3.1573465976263786,2.909728944825956,2.942147343705627,0.2211285283040958,0.2534055923934579,0.2280404032802548,607.0,732.0,658.0,6.07,7.32,6.58,43.17955780855475,61.6401023373579,58.392246104926684,1.7799227511327562,0.007433501433356999,mouse638330far140,0.1671467146714672,0.5878487848784879,0.2867686768676867,0
mouse638330,far,139,0.0086911516116359,0.0388660357357573,0.0166755848763844,0.5567325031146015,2.535990389450021,4.736355802875101,0.215592052482434,0.2255578890210025,0.1597690457031263,692.0,605.0,633.0,6.92,6.05,6.33,42.912315291244894,62.304111593153,58.11952396255024,1.7799227511327562,0.0166623671778206,mouse638330far139,0.1838883888388839,0.5851485148514853,0.3407740774077408,0
mouse638330,far,224,0.1055297975730002,0.0488673245351197,0.0833224281158019,0.8638777859943471,2.6633086520923177,0.9727192112418692,0.4415786767767672,0.3554868700973992,0.4175012364272681,95.0,102.0,74.0,0.9500000000000001,1.02,0.74,42.912315291244894,62.304111593153,58.11952396255024,1.7799227511327562,0.0497175564971323,mouse638330far224,0.1614761476147614,0.3923492349234924,0.3421242124212422,0
mouse638330,far,228,0.0604746871797687,0.0776365606887698,0.1008524356027663,2.926152883952249,1.4121480325113893,0.8694840707679193,0.2868840759093549,0.3556992145715057,0.2651207339931857,445.0,248.0,407.0,4.45,2.48,4.07,43.27543033861697,62.71367029882523,58.26971741111953,1.804335057576613,0.070348829370137,mouse638330far228,0.2292529252925292,0.6515751575157517,0.393159315931593,1
mouse638330,far,147,0.0084168546074058,0.0182160640407873,0.0369492643322307,5.068042935965441,5.788716578853892,5.543850379558468,0.1633679858649935,0.1893535082123716,0.170707572342294,987.0,1097.0,1126.0,9.870000000000001,10.97,11.26,43.406009768974826,63.29031062425647,58.075434017202475,1.7949582167838896,0.0123704564108484,mouse638330far147,0.1717371737173717,0.6739873987398741,0.3207920792079207,1
mouse638330,far,150,0.0168538108638453,0.0080519467060818,0.0232797119844984,4.783445544237697,2.062695683536759,1.594741951571076,0.140338938117401,0.1249212188709931,0.1500434696199911,1085.0,1393.0,1296.0,10.85,13.93,12.96,43.81091940586736,63.812458441766644,58.6043995789636,1.7949582167838896,0.0214831174624531,mouse638330far150,0.1954995499549955,0.5789378937893791,0.3175517551755176,0
mouse638330,far,151,0.0339554256638712,0.2400337757101217,0.0594337578742002,6.207963215786216,0.973252324853729,5.3458441993096235,0.34755672391840503,0.4635265624429309,0.3645596951198993,390.0,162.0,189.0,3.9,1.62,1.8900000000000001,43.81091940586736,63.812458441766644,58.6043995789636,1.7949582167838896,0.0204550490879245,mouse638330far151,0.1830783078307831,0.6556255625562558,0.3839783978397838,1
mouse638330,far,127,0.0327127111458054,0.0198843925518376,0.0298674591694747,3.0337945218034856,3.5849082348334025,4.4909442763400795,0.1524634931274753,0.1188303759264235,0.0898670846180374,1789.0,2716.0,3494.0,17.89,27.16,34.94,44.20253291721678,64.72296056527047,58.18954955924482,1.8003471887388836,0.0218476772837272,mouse638330far127,0.1652565256525653,0.2505850585058505,0.3666966696669667,0
mouse638330,far,155,0.0521761628338391,0.0333888192426645,0.0238280456414818,1.3331563841388083,1.5550600562327646,2.095608849786309,0.1761915075244358,0.1754540838001715,0.1455098653317142,1244.0,1413.0,1512.0,12.44,14.13,15.120000000000001,44.20253291721678,64.72296056527047,58.18954955924482,1.8003471887388836,0.0192290343131276,mouse638330far155,0.1695769576957696,0.6253825382538255,0.3788478847884787,1
mouse638330,far,153,0.056785661528367996,0.0631052561161727,0.1480961617479311,3.4167685180528493,1.438995719471468,2.4829687469698785,0.2604737873830198,0.2901890600199809,0.3705301001770156,190.0,189.0,313.0,1.9000000000000001,1.8900000000000001,3.13,43.924513086830586,64.76204322163927,58.591174143358366,1.8003471887388836,0.0410133184496857,mouse638330far153,0.2014401440144014,0.6091809180918094,0.3658865886588657,1
mouse638330,far,157,0.0394230909411459,0.140409130404318,0.0306146692240134,3.3950085555217138,3.5747828792113565,0.8124282385599441,0.3311182413756854,0.4332469019970789,0.4624479985850913,193.0,145.0,79.0,1.93,1.45,0.79,43.73022237047471,65.29885080594757,58.2645653950993,1.8060661671157008,0.0275847338124848,mouse638330far157,0.164986498649865,0.6891089108910892,0.4255625562556254,1
mouse638330,far,159,0.0197662732545053,0.01941318761506,0.034129894530098,5.113656437284479,4.62877667691657,5.624592282094085,0.1878459689048844,0.1473009433498113,0.1589692275596457,1532.0,1335.0,1699.0,15.32,13.35,16.990000000000002,43.73022237047471,65.29885080594757,58.2645653950993,1.8060661671157008,0.0133120556559042,mouse638330far159,0.1423042304230423,0.3113411341134113,0.2543654365436545,0
mouse638330,far,165,0.0378620272267672,0.0701494467549058,0.0313678844568576,2.2146902346023216,2.86967156363482,3.5673649347759615,0.1854240456794266,0.1972495147367437,0.1550969548379787,872.0,1268.0,1606.0,8.72,12.68,16.06,43.73022237047471,65.29885080594757,58.2645653950993,1.8060661671157008,0.0280342548820964,mouse638330far165,0.1898289828982898,0.3348334833483349,0.2603060306030602,0
mouse638330,far,160,0.0877712647352325,0.0561991508818507,0.0948711327220086,4.431269210620192,3.5043292915150768,4.094232578125518,0.3588761705294791,0.3320303050181747,0.4780636145645607,130.0,119.0,168.0,1.3,1.19,1.68,44.011741645207245,65.49719289698625,58.8471019224979,1.8060661671157008,0.0706346919298385,mouse638330far160,0.2476147614761477,0.6197119711971201,0.4666066606660667,1
mouse638330,far,154,0.102880318902811,0.0172585681876396,0.0269361496789616,5.567449626524024,2.301680907459932,3.9498692615417923,0.4622513856486211,0.2281353786463608,0.1300871668689258,88.0,526.0,847.0,0.88,5.26,8.47,43.81091940586736,63.812458441766644,58.6043995789636,1.7949582167838896,0.0586602729513306,mouse638330far154,0.1628262826282628,0.6696669666966698,0.4090909090909093,1
mouse638330,far,62,0.1363511476284152,0.0237420066343122,0.0274208883762361,3.0937515348331366,1.1826025299595757,6.209309066796052,0.3765935993211738,0.3206606078273089,0.2270026794511232,128.0,447.0,277.0,1.28,4.47,2.77,43.73643144725943,56.19434835153272,57.17771550271226,1.7762319668331612,0.0564334386189489,mouse638330far62,0.2092709270927092,0.5527452745274529,0.3958595859585958,1
mouse638330,far,65,0.2389360191856789,0.0543796588445329,0.0598572788557434,3.322792844701316,1.4181153233646628,3.5037897751132596,0.5073868781508877,0.2359345518487644,0.2792795422736673,55.0,406.0,446.0,0.55,4.0600000000000005,4.46,43.42351068176719,56.03048746221214,57.395405880112754,1.775,0.0684501087160494,mouse638330far65,0.1447344734473448,0.6307830783078309,0.3005400540054006,0
mouse638330,far,75,0.1675242590156771,0.0195628799179769,0.1505551179363179,3.8577836413048257,2.156509479066225,6.199157246942648,0.4405302708241757,0.39411323671023496,0.5065030567731919,63.0,99.0,57.0,0.63,0.99,0.5700000000000001,43.774877142906654,56.88447067636872,58.25018491068473,1.7573061770789975,0.0203937036211686,mouse638330far75,0.1393339333933393,0.6453645364536453,0.291899189918992,0
mouse657905,far,41,0.0497107754569521,0.059535752897953,0.0449125442804283,0.3922119930016306,0.8567002789047722,1.7790224904483494,0.3014958149159897,0.2827031936538231,0.3342627683529426,233.0,261.0,228.0,2.33,2.61,2.2800000000000002,13.873103281803338,14.097968749801273,13.31800620609827,2.645042532739313,0.0627237500376457,mouse657905far41,0.2427542754275428,0.7420342034203422,0.6594059405940594,1
mouse657905,far,42,0.0252185362963507,0.0186732764112286,0.0380487816126885,5.338159185005264,1.03503561335926,3.493733826692768,0.1914835810784473,0.1690488343889923,0.1964292773079466,873.0,935.0,986.0,8.73,9.35,9.86,13.871243672864887,14.081880717014366,13.366239181854048,2.6463418146566027,0.0514688362975783,mouse657905far42,0.27893789378937894,0.9256525652565256,0.4860486048604863,1
mouse657905,far,207,0.0764268355759823,0.0578396768174309,0.047960376117033,4.417529995406492,1.192484506151055,4.098662156432251,0.28710262292597605,0.3196447394022593,0.3469211036580065,240.0,212.0,203.0,2.4,2.12,2.0300000000000002,14.530403821748724,14.70611578177581,14.051103956347733,2.6463418146566027,0.0577690740251406,mouse657905far207,0.21899189918991896,0.7444644464446446,0.5727272727272729,1
mouse657905,far,206,0.0761048823001199,0.0962140421355647,0.0533222495568875,5.296283912761151,5.760546431368074,4.7152221946137916,0.2448254001736602,0.2777209091602776,0.3592457243880939,388.0,411.0,340.0,3.88,4.11,3.4,13.722930367975136,13.496683289377458,13.50100967234294,2.6478765076944204,0.0721259585250177,mouse657905far206,0.1963096309630964,0.8370837083708372,0.5168316831683167,1
mouse657905,far,50,0.062616962361431,0.0783244014613572,0.0120286267510251,2.8822413641159637,5.886055353947944,4.440580659057981,0.2869706882661277,0.2864214589204055,0.1591152700256803,378.0,644.0,725.0,3.7800000000000002,6.44,7.25,14.517313647450257,14.427611979531699,14.239426638580944,2.649646202797649,0.0441376983911778,mouse657905far50,0.2397839783978398,0.8092709270927094,0.4088208820882087,1
mouse657905,far,56,0.0257596421806728,0.0357355640626397,0.0186053955823442,1.0456020139777813,1.0439764221501824,1.8581249809499472,0.1496626593697156,0.1684917492060602,0.1360010059833509,1089.0,1048.0,1059.0,10.89,10.48,10.59,14.643713678520589,14.126259395790287,14.80843857140065,2.6516504294495533,0.0333537430264628,mouse657905far56,0.160936093609361,0.2862286228622862,0.2465346534653466,0
mouse657905,far,234,0.0445849514637697,0.0939386325821871,0.0846251175335255,4.6246197212057565,2.5428707033564955,5.1957558357427285,0.4621286476823454,0.3944016807912663,0.4476942891341658,80.0,105.0,82.0,0.8,1.05,0.8200000000000001,13.400914936358365,13.210167163041575,13.331753112834516,2.653888656292875,0.0670443473376244,mouse657905far234,0.1784878487848785,0.7166516651665167,0.3353735373537353,1
mouse657905,far,64,0.0787454024613563,0.0432594115529918,0.0804920787312558,2.1853663594505184,2.706779513799765,2.2630612947525246,0.2173446927734703,0.2057351268699041,0.2690397072207148,646.0,597.0,581.0,6.46,5.97,5.8100000000000005,13.657685637092051,13.383997624455302,13.385493066468408,2.6423237878806605,0.0216241466024686,mouse657905far64,0.1882088208820882,0.7396039603960396,0.3124212421242124,1
mouse657905,far,63,0.1251474050632481,0.0392393128012875,0.0558521967144939,0.3333618828297187,0.4572869260182265,0.4631172082163522,0.3497987799446694,0.2022014610565428,0.27304778840585997,150.0,664.0,227.0,1.5,6.640000000000001,2.27,13.657685637092051,13.383997624455302,13.385493066468408,2.6423237878806605,0.0626802633392187,mouse657905far63,0.1617461746174617,0.3178217821782179,0.2338433843384338,0
mouse657905,far,213,0.2044044585132157,0.0534732046723963,0.3804427806359622,3.5050726580011538,5.425422364340466,2.546130470702131,0.5161043440051751,0.2548032834560046,0.7121634876737982,85.0,377.0,20.0,0.85,3.77,0.2,14.502491394514001,14.254216279936063,14.439649663174743,2.6479945241635225,0.0673624817988066,mouse657905far213,0.2195319531953196,0.7528352835283529,0.3596759675967599,1
mouse657905,far,72,0.0711575935245951,0.0223304581784078,0.0221274823659902,0.0606732597091043,0.9164748078577256,0.4845224117678538,0.1920689857926644,0.2056239258656616,0.1951301808879538,657.0,842.0,622.0,6.57,8.42,6.22,13.891191447150526,14.697506639340189,13.572575089831016,2.658241900203968,0.0583425615722684,mouse657905far72,0.1209720972097209,0.8524752475247526,0.4485148514851486,1
mouse657905,far,73,0.0371058171474545,0.0518005206823802,0.0551458505291179,5.311436864583003,4.407540902000825,5.492152053671356,0.2566011359662159,0.2169382992190516,0.1679622574490496,970.0,1045.0,1096.0,9.700000000000001,10.450000000000001,10.96,14.771066359240676,14.893484561591466,14.412452575751018,2.6444517390188844,0.0448640462763714,mouse657905far73,0.1663366336633663,0.5368136813681369,0.4892889288928895,1
mouse657905,far,74,0.0403667225601906,0.0438805102587931,0.0694046244197979,1.7146323717853111,0.41622799376628294,1.2964373023856728,0.3614320187476216,0.3512067876792918,0.3847314748103579,116.0,241.0,95.0,1.16,2.41,0.9500000000000001,13.780537326436475,14.833009900664651,13.41271724094542,2.6444517390188844,0.0368514772138999,mouse657905far74,0.1671467146714672,0.7026102610261027,0.3483348334833483,1
mouse657905,far,77,0.020800744875956,0.0109730948927202,0.042636597335885,0.8214434786196776,2.583963212167433,5.02722901774514,0.1848288373815886,0.1524932490613665,0.1988045061378135,767.0,931.0,691.0,7.67,9.31,6.91,14.064488051475475,14.84410664896696,13.84449112207345,2.6483485420163264,0.0767660974844444,mouse657905far77,0.2724572457245725,0.8017101710171017,0.4760576057605762,1
mouse657905,far,78,0.0258823970286537,0.0546893189128111,0.0446323677459859,4.9045277278186585,0.0709588573356045,5.108801017083813,0.2231419747912194,0.2113790613054585,0.18654661790114702,691.0,899.0,719.0,6.91,8.99,7.19,14.048685209941935,15.449206172275947,13.981301276547956,2.6483485420163264,0.0546388156696857,mouse657905far78,0.1765976597659766,0.7747074707470748,0.3313231323132312,1
mouse657905,far,81,0.0789372376877736,0.0322026713417985,0.0610167482930014,0.1503806368973464,3.7876986551938976,4.8253593795703535,0.3347793567370913,0.187494175921192,0.23166756251918302,181.0,827.0,477.0,1.81,8.27,4.7700000000000005,13.855239794276805,15.58780415360962,13.692484360573163,2.656830818851664,0.0508704044424893,mouse657905far81,0.1898289828982898,0.6939693969396941,0.3243024302430243,1
mouse657905,far,86,0.0412685869584113,0.1120288329362128,0.0518599189628703,4.187945791549587,4.562596133155215,5.7553649085706695,0.3320826306370332,0.3893564726616323,0.3585040633346635,153.0,87.0,128.0,1.53,0.87,1.28,13.908122515151524,16.610007453158534,13.582835627757614,2.678269030549396,0.0685912765787069,mouse657905far86,0.2030603060306031,0.7090909090909091,0.3075607560756078,1
mouse657905,far,88,0.0342773190362433,0.0423540045517306,0.0286556972199568,5.648959752489097,0.5190321087867403,0.1915187587315487,0.1925818143430752,0.2218989392716607,0.1975826351715627,765.0,652.0,765.0,7.65,6.5200000000000005,7.65,14.490126019275966,16.858258028373267,14.293590910078787,2.683514486638744,0.0836727139941951,mouse657905far88,0.1884788478847884,0.7369036903690369,0.3178217821782177,1
mouse657905,far,91,0.0143908380553546,0.0236374002552644,0.0109149651411384,2.4040806334649436,1.2250368705932768,3.768028734102247,0.1259069359779562,0.0948584283450701,0.0966073112314077,2237.0,2067.0,2260.0,22.37,20.67,22.6,13.84259688009989,17.844933633568157,13.568948927213311,2.683514486638744,0.0723936528865277,mouse657905far91,0.1366336633663366,0.3548154815481548,0.2179117911791179,0
mouse657905,far,95,0.0406657300660262,0.0468248090772154,0.026715430505492993,1.1284740200933627,3.701288227693005,0.9733935323022024,0.2825175674629899,0.2113713291540452,0.2243934886536561,329.0,599.0,333.0,3.29,5.99,3.33,14.009488235106964,20.012295223628406,13.58434732740282,2.6936267373190375,0.0824004372396713,mouse657905far95,0.2200720072007201,0.7252925292529255,0.3513051305130512,1
mouse657905,far,99,0.0226412538094998,0.0038332336062230003,0.0262903392662643,2.1363015753127534,2.9912903316387314,1.7033518419419948,0.1022067824656455,0.073590808771755,0.1035779853386184,3650.0,3626.0,3451.0,36.5,36.26,34.51,14.009488235106964,20.012295223628406,13.58434732740282,2.6936267373190375,0.0650624330819157,mouse657905far99,0.1822682268226823,0.2900090009000899,0.2411341134113412,0
mouse657905,far,103,0.0086212328924057,0.0117808988074239,0.0053441838726692,5.711002795725375,6.1008822937724725,4.701636575501942,0.1086601139922081,0.0861353124233969,0.0833282529406598,2792.0,4057.0,2784.0,27.92,40.57,27.84,14.069330117734632,21.75078250888556,14.071103746776565,2.687122066449532,0.0527010607682386,mouse657905far103,0.1441944194419442,0.2673267326732673,0.2346534653465346,0
mouse657905,far,104,0.0358421950252948,0.0305374486439584,0.012706103456523002,3.702542128167678,6.2342072713698125,2.2203889950938667,0.1437362194616321,0.1744307999511685,0.1471620591990624,1254.0,1211.0,1294.0,12.540000000000001,12.11,12.94,14.069330117734632,21.75078250888556,14.071103746776565,2.687122066449532,0.0455603031907188,mouse657905far104,0.1833483348334833,0.4582358235823582,0.3116111611161116,0
mouse657905,far,105,0.07971737987163499,0.0199401467040498,0.0562124382189083,6.17828409541466,5.473798429589331,4.381080368840722,0.3567904839623385,0.2333256014788157,0.2894482119334097,228.0,430.0,261.0,2.2800000000000002,4.3,2.61,14.069330117734632,21.75078250888556,14.071103746776565,2.687122066449532,0.0754607243741209,mouse657905far105,0.1806480648064806,0.4952295229522953,0.3175517551755176,0
mouse657905,far,106,0.0315307043235404,0.0454137641054848,0.0445516315399187,5.950262437256472,0.1841501489875792,4.357345157100027,0.2756986542743252,0.22002094391435,0.2695237772552978,349.0,740.0,370.0,3.49,7.4,3.7,14.23183705439082,20.888998980599485,13.922257472917005,2.687122066449532,0.0808021796681224,mouse657905far106,0.1298829882988298,0.2430243024302429,0.2292529252925293,0
mouse657905,far,108,0.0793077299606358,0.0300450550450155,0.0801159770454898,2.8106915543334865,2.579999936748933,3.2758745456874294,0.2502087359637797,0.16305366254248901,0.2471616146108609,744.0,755.0,737.0,7.44,7.55,7.37,14.325436593219896,21.99660428806881,13.963130226242855,2.693742749410196,0.0583488208201737,mouse657905far108,0.2095409540954096,0.8665166516651668,0.3756075607560757,1
mouse657905,far,115,0.0157133802960223,0.0047492503276164,0.0253315293608981,2.9158112985879128,5.393429827568808,2.007419815017584,0.0928085768727361,0.0864364548467814,0.10222547277701599,2370.0,3420.0,2533.0,23.7,34.2,25.330000000000002,14.235408831209588,21.72050262920714,14.204366950001262,2.7005786416988493,0.0917605311643279,mouse657905far115,0.1687668766876687,0.3364536453645365,0.2605760576057606,0
mouse657905,far,125,0.0204095217129857,0.0313170793017155,0.0298251027721659,5.423326978529521,0.0966033720911014,4.631329787297204,0.2526373220253563,0.1451732367708372,0.2188229029351001,353.0,933.0,489.0,3.5300000000000002,9.33,4.89,14.507912739120815,22.41405615614287,14.261887011879782,2.727980021920982,0.0859221056081648,mouse657905far125,0.2106210621062106,0.6421242124212422,0.3294329432943295,1
mouse657905,far,119,0.0335111396849077,0.0459824788438172,0.0359878290035134,3.7415109552980654,5.181248989225923,3.979849697088628,0.1491219918196274,0.2715490494290694,0.1931375594036707,1329.0,941.0,1253.0,13.290000000000001,9.41,12.530000000000001,14.507912739120815,22.41405615614287,14.261887011879782,2.727980021920982,0.0516398992553621,mouse657905far119,0.1803780378037803,0.6353735373537355,0.3102610261026102,0
mouse657905,far,117,0.0337884518024624,0.0352229074726221,0.0158317472502495,4.8700033416300395,3.9637764471702046,0.854739509738174,0.3017759049269898,0.1534137332106468,0.214194813706522,305.0,934.0,594.0,3.0500000000000003,9.34,5.94,14.507912739120815,22.41405615614287,14.261887011879782,2.727980021920982,0.0879943940297886,mouse657905far117,0.1304230423042305,0.2395139513951395,0.18901890189018897,0
mouse657905,far,128,0.0804457126093169,0.031250508770409,0.0517470143624007,5.876485343030564,5.343104196593194,5.5184032908904985,0.3642211187962919,0.2075192588690313,0.2339634066408392,272.0,415.0,522.0,2.72,4.15,5.22,14.136556430160208,23.877119333679172,13.835677619944752,2.7227054559757287,0.0958105412288674,mouse657905far128,0.1968496849684968,0.7015301530153017,0.3280828082808279,1
mouse657905,far,126,0.0240004287736889,0.0482555125863899,0.0686401089714028,2.641076500948308,5.616273205781749,2.973287248187624,0.1849548604830514,0.2256197921891706,0.3670597759060676,605.0,404.0,241.0,6.05,4.04,2.41,14.668291886217313,23.910265882289586,14.524137120507731,2.7301556732171885,0.0610892350213003,mouse657905far126,0.2324932493249325,0.6882988298829884,0.3707470747074707,1
mouse657905,far,132,0.0305843403980782,0.0390021100925358,0.0172572581867024,3.6282349329112353,4.310748481457615,1.639043146761992,0.1867981408394015,0.2104873599489409,0.2040656365493619,746.0,830.0,834.0,7.46,8.3,8.34,14.966274941231966,25.16664804469612,14.81220503356992,2.7378139089426807,0.0649130424571593,mouse657905far132,0.2594959495949595,0.6623762376237624,0.3475247524752475,1
mouse657905,far,224,0.0409002371063791,0.0168194656416338,0.0152342770722807,2.9158069897228995,2.7098147943846747,3.2705026844255283,0.1726059571758255,0.2082418856331016,0.1783965824552409,863.0,523.0,831.0,8.63,5.23,8.31,15.484452484535069,26.61986699489875,15.082203387035813,2.7415780127510505,0.0358635081107783,mouse657905far224,0.2505850585058506,0.7371737173717372,0.3769576957695769,1
mouse657905,far,225,0.0767441881125234,0.0300903659689962,0.0265226872106818,3.054351179281378,2.8751618412087967,3.7024559957405474,0.2235705869807574,0.4256193968302953,0.2377279053661249,599.0,110.0,525.0,5.99,1.1,5.25,14.648619992927518,27.909579575590353,14.235311749865296,2.749886361288408,0.0378242544818723,mouse657905far225,0.20792079207920802,0.5108910891089111,0.4317731773177319,1
mouse657905,far,141,0.0109616960209604,0.0157745010078911,0.0112604705782126,1.2049327817136588,3.9994892433922704,2.7219484538053207,0.1682163461114253,0.1030624280047114,0.1297851735178307,1136.0,1630.0,1298.0,11.36,16.3,12.98,14.648619992927518,27.909579575590353,14.235311749865296,2.749886361288408,0.0794295500956212,mouse657905far141,0.2017101710171017,0.6345634563456346,0.3351035103510352,1
mouse657905,far,138,0.0179458974667141,0.0480190411786914,0.0318864463462401,5.0381095504927424,3.6601622664530153,0.4977969880603984,0.29621161051094896,0.2582060100801769,0.2667041896560649,305.0,380.0,279.0,3.0500000000000003,3.8000000000000003,2.79,15.01017065655233,27.16523921863949,14.616423113005686,2.749886361288408,0.0587309209842699,mouse657905far138,0.2454545454545454,0.6869486948694872,0.395049504950495,1
mouse657905,far,227,0.0292099246128454,0.1050386937276461,0.0685277876405794,5.321441094409157,4.591056925365577,5.691378287433115,0.2329142404921927,0.3613967264041508,0.2554294796170923,263.0,165.0,293.0,2.63,1.6500000000000001,2.93,15.01017065655233,27.16523921863949,14.616423113005686,2.749886361288408,0.0406822001984219,mouse657905far227,0.1884788478847885,0.632943294329433,0.3388838883888391,1
mouse657905,far,152,0.0339753829752293,0.006668407007331,0.0222108161136886,0.7366680306859456,3.5057825545036825,2.8957969683541105,0.1549180687953354,0.1478889862286318,0.1952003024292511,1163.0,1102.0,1207.0,11.63,11.02,12.07,15.216546912647441,27.80969616486267,15.042859312968645,2.7583962731993386,0.0691678977699827,mouse657905far152,0.2584158415841584,0.6758775877587759,0.3453645364536454,1
mouse657905,far,150,0.054294958839227005,0.0279467054617723,0.0127682862671858,1.2260405721769274,4.4662707304008675,5.191096103367972,0.3828306566142082,0.2546543891051911,0.409295319209324,98.0,273.0,215.0,0.98,2.73,2.15,15.216546912647441,27.80969616486267,15.042859312968645,2.7583962731993386,0.068646840100457,mouse657905far150,0.1927992799279928,0.6602160216021603,0.3318631863186317,1
mouse657905,far,149,0.0169632183813654,0.041850286038006,0.0450378872370151,5.4516754228379165,3.639605614219797,6.206349201587144,0.2237100816033639,0.3160337411188854,0.3267555414901285,425.0,304.0,313.0,4.25,3.04,3.13,15.216546912647441,27.80969616486267,15.042859312968645,2.7583962731993386,0.0823457256886584,mouse657905far149,0.1485148514851485,0.6772277227722774,0.3272727272727272,0
mouse657905,far,51,0.0306161062067711,0.0416308686541391,0.0643072184834867,1.0086780036316867,0.0479134207549875,0.3934949985179165,0.2370000698071424,0.2671870049412767,0.27058845314986496,467.0,349.0,272.0,4.67,3.49,2.72,13.478622584563599,13.130708631009554,13.375625686501465,2.649646202797649,0.0861489063305563,mouse657905far51,0.2152115211521152,0.6801980198019802,0.3969396939693971,1
mouse657905,far,147,0.1030454854058544,0.0091241431789606,0.1306862324888316,4.8880333281991435,3.378415938182324,4.002271458994427,0.3234514455341403,0.2226620904304522,0.3846184045829118,142.0,458.0,109.0,1.42,4.58,1.09,15.484452484535069,26.61986699489875,15.082203387035813,2.7415780127510505,0.0970160565063387,mouse657905far147,0.1795679567956796,0.6094509450945096,0.3297029702970298,0
