mouse,probe_position,unitID,VL_pre,VL_stimOn,VL_post,angle_pre_ch15,angle_stimOn_ch15,angle_post_ch15,MMR_Pre,MMR_stimOn,MMR_Post,Nspikes_pre,Nspikes_StimOn,Nspikes_post,Fspikes_pre,Fspikes_StimOn,Fspikes_post,inst_amp_pre_peak_ch,inst_amp_StimOn_peak_ch,inst_amp_post_peak_ch,distance_peakch_stim_tip,error_waveform,universal_ID,waveform_halfwidth,waveform_duration,waveform_REP,cluster
mouse577578,far,265,0.0393964755037226,0.0595045312028461,0.0426760580518306,2.5980915357262893,1.6975124366917294,5.636424000994048,0.2994191438776328,0.3038021039416028,0.2856184199847272,216.0,225.0,316.0,2.16,2.25,3.16,10.33888353558179,21.31076121060404,10.316093023693783,2.6068419591528755,0.0214246441886583,mouse577578far265,0.2241224122412242,0.7506750675067508,0.4895589558955894,1
mouse577578,far,264,0.0349864130650508,0.0746744171440682,0.0432083974508072,3.6377003347589287,1.3086914040686208,2.1586895555974768,0.2446081562777747,0.2774566902428095,0.2476037663502376,436.0,308.0,403.0,4.36,3.08,4.03,10.33888353558179,21.31076121060404,10.316093023693783,2.6068419591528755,0.0372826380185116,mouse577578far264,0.1722772277227723,0.8117011701170118,0.4714671467146717,1
mouse577578,far,263,0.0573482476432165,0.0706800033624781,0.0418193754774366,4.60426345482708,0.0545011967391236,3.9409527459383984,0.2711913583877242,0.36343160040878497,0.2875734826106051,347.0,143.0,210.0,3.47,1.43,2.1,10.33888353558179,21.31076121060404,10.316093023693783,2.6068419591528755,0.028902908484501,mouse577578far263,0.2435643564356435,0.751755175517552,0.6394239423942393,1
mouse577578,far,262,0.1275544958203449,0.0604262204431913,0.0971886496020542,4.623415248368457,2.8264443217349062,3.3279436337940345,0.4791775622886823,0.2898837829555187,0.35471001458468393,68.0,206.0,196.0,0.68,2.06,1.96,10.33888353558179,21.31076121060404,10.316093023693783,2.6068419591528755,0.0284182873147198,mouse577578far262,0.1606660666066606,0.4066606660666068,0.4898289828982898,0
mouse577578,far,271,0.0478273807468589,0.0546785789901752,0.064368082258396,1.1245564069611864,1.742678224124968,2.205311671073521,0.2956992183573557,0.2862549489650634,0.2670975774161963,299.0,271.0,354.0,2.99,2.71,3.54,10.818058468920901,21.498244330680247,10.316326493972257,2.6068419591528755,0.0218478030231757,mouse577578far271,0.18901890189018897,0.8146714671467148,0.5616561656165616,1
mouse577578,far,269,0.0772375673755414,0.0514784229572334,0.043857369978553995,5.046858842181448,5.3686367314832415,2.4842550410945283,0.4560338687548195,0.3797150259309994,0.3520902929395809,54.0,129.0,133.0,0.54,1.29,1.33,10.818058468920901,21.498244330680247,10.316326493972257,2.6068419591528755,0.0725650623928218,mouse577578far269,0.2087308730873087,0.8200720072007202,0.5311431143114312,1
mouse577578,far,268,0.0283146832330827,0.0316627019990006,0.0246179825582999,5.9602270559846176,0.011399358685886,1.3088381810531222,0.1495214301224247,0.1522691779066353,0.15941076004256,1635.0,1324.0,1256.0,16.35,13.24,12.56,10.818058468920901,21.498244330680247,10.316326493972257,2.6068419591528755,0.0298378943602548,mouse577578far268,0.1976597659765977,0.6045904590459048,0.3518451845184518,1
mouse577578,far,523,0.0756160747705652,0.088915198470709,0.07315398479297,2.02818253445914,0.7112218417962268,0.8911148227475417,0.3586561529539635,0.3739010243144179,0.33202443475683696,145.0,172.0,174.0,1.45,1.72,1.74,10.818058468920901,21.498244330680247,10.316326493972257,2.6068419591528755,0.0447567125428604,mouse577578far523,0.20603060306030602,0.7460846084608462,0.4844284428442845,1
mouse577578,far,266,0.0666596003858177,0.0774152343749234,0.0264306346192072,5.088884180371216,2.077773484884153,0.0184776573800081,0.3538595303998502,0.3091560113667921,0.2145194190827241,196.0,238.0,523.0,1.96,2.38,5.23,10.818058468920901,21.498244330680247,10.316326493972257,2.6068419591528755,0.0320727598928206,mouse577578far266,0.2225022502250225,0.8241224122412242,0.5281728172817285,1
mouse577578,far,267,0.0519765817674541,0.0389808194487634,0.0564683630792764,4.161618029832433,2.8864366722216297,0.9825545144828699,0.3558768143082547,0.3102920999746758,0.3024196029511312,186.0,217.0,271.0,1.86,2.17,2.71,10.818058468920901,21.498244330680247,10.316326493972257,2.6068419591528755,0.0465260355644743,mouse577578far267,0.1655265526552656,0.7377137713771379,0.4282628262826281,1
mouse577578,far,273,0.0585345399769948,0.035169462416098,0.0354893058421745,3.202985163325081,4.854154493470361,5.132662043474951,0.280995748791839,0.2707630001003288,0.2654619933692521,463.0,356.0,351.0,4.63,3.56,3.5100000000000002,11.231529410738402,22.14673934737077,10.608668425841833,2.5938629493479413,0.0150362502273494,mouse577578far273,0.1882088208820882,0.8387038703870389,0.4466246624662465,1
mouse577578,far,272,0.0905306906124139,0.0792262266603842,0.0725051960242537,1.4313085751130459,1.0918418756054409,4.422688782828018,0.4195064451307019,0.3911273892670114,0.4062124807326333,80.0,106.0,88.0,0.8,1.06,0.88,11.231529410738402,22.14673934737077,10.608668425841833,2.5938629493479413,0.0334407934354959,mouse577578far272,0.2141314131413142,0.8870387038703871,0.7061206120612061,1
mouse577578,far,275,0.0263453838495806,0.068238683616121,0.0771249100099162,3.3973112338385216,5.364028320169725,3.695635727582125,0.1614047190418981,0.2906826468927713,0.3409958343141021,1043.0,521.0,170.0,10.43,5.21,1.7,12.152564446483593,22.44645943469744,11.341689311881796,2.5896428325157124,0.0222688293886304,mouse577578far275,0.18901890189018897,0.7790279027902791,0.6683168316831681,1
mouse577578,far,276,0.0721742361362989,0.0590632008381732,0.1165431588295728,0.4293640162313379,2.3967268525310805,4.03015627152048,0.2826733303940416,0.3274249041257303,0.3698208099816677,294.0,203.0,126.0,2.94,2.0300000000000002,1.26,12.152564446483593,22.44645943469744,11.341689311881796,2.5896428325157124,0.0260879675096839,mouse577578far276,0.1914491449144915,0.8333033303330334,0.4482448244824483,1
mouse577578,far,281,0.0362867488345928,0.0751193505344097,0.0520240318786257,2.3887190012762862,2.5440245546012163,4.176726861124788,0.2983841126299497,0.2618231535382069,0.2068404482448438,213.0,401.0,655.0,2.13,4.01,6.55,11.178856059714313,22.642548958788577,10.733132660602383,2.5896428325157124,0.0341718937131857,mouse577578far281,0.1782178217821782,0.8287128712871289,0.4887488748874887,1
mouse577578,far,282,0.0210498057172177,0.0308710927884886,0.06766816333702799,4.67626623739161,2.199380278707873,5.553259126849149,0.1985157471286136,0.2314297809727609,0.3063103161593425,647.0,363.0,309.0,6.47,3.63,3.09,11.752758288768849,23.019078340408804,10.767870294725505,2.5813029655582858,0.0474753170558668,mouse577578far282,0.1882088208820882,0.8432943294329434,0.4528352835283528,1
mouse577578,far,283,0.0481289152328013,0.0195899248288434,0.0405272658349975,2.297807074687918,1.2619453258863136,2.2306790444994977,0.2664469270235839,0.1703173642281235,0.2442262231321726,444.0,749.0,620.0,4.44,7.49,6.2,11.752758288768849,23.019078340408804,10.767870294725505,2.5813029655582858,0.0487926261183988,mouse577578far283,0.2673267326732673,0.8762376237623763,0.6361836183618361,1
mouse577578,far,284,0.0416705065015156,0.0653965765772564,0.0349473679743904,4.046880071944342,4.8336009988089055,5.219695589111324,0.200776970673596,0.3459256826908675,0.2461659462159287,564.0,417.0,617.0,5.64,4.17,6.17,11.752758288768849,23.019078340408804,10.767870294725505,2.5813029655582858,0.0272030842934535,mouse577578far284,0.2613861386138614,0.7598559855985599,0.7747074707470748,1
mouse577578,far,476,0.0804983967921645,0.0875361412572605,0.0829320772149983,1.8401637935609256,3.3247834131615828,2.3812425367309444,0.3257871478602052,0.3854858200081092,0.3365818226019782,208.0,171.0,233.0,2.08,1.71,2.33,12.55801730355393,23.28938884846603,11.069005923923221,2.577304793771974,0.022522107602087005,mouse577578far476,0.2349234923492349,0.841944194419442,0.5624662466246623,1
mouse577578,far,285,0.16528972489871602,0.0360578914122671,0.1133223923893673,4.121156731321624,5.782245814470137,2.3260877663614026,0.4663991980745145,0.2668065801591185,0.3612696903845849,101.0,237.0,176.0,1.01,2.37,1.76,12.55801730355393,23.28938884846603,11.069005923923221,2.577304793771974,0.073855043413127,mouse577578far285,0.2414041404140414,0.8686768676867688,0.5856885688568859,1
mouse577578,far,287,0.0758506114234119,0.0396704884408622,0.1155188200587384,4.523242865343334,3.9177073315385735,1.1736770056070902,0.33742486839570396,0.3563229480414429,0.3695665735301735,165.0,187.0,167.0,1.6500000000000001,1.87,1.67,12.55801730355393,23.28938884846603,11.069005923923221,2.577304793771974,0.0176011809261878,mouse577578far287,0.2087308730873087,0.7228622862286229,0.3858685868586858,1
mouse577578,far,288,0.0228554207389904,0.1086485852233946,0.0386214385392036,4.089185483956079,5.08800442254689,5.284231033618409,0.2751883435612635,0.3240920372250375,0.2736298370774225,303.0,305.0,307.0,3.0300000000000002,3.0500000000000003,3.0700000000000003,12.55801730355393,23.28938884846603,11.069005923923221,2.577304793771974,0.0337340105723042,mouse577578far288,0.2111611161116111,0.7090909090909093,0.6340234023402339,1
mouse577578,far,291,0.0513574951716991,0.0376527914644737,0.0585839100928331,5.5371568381345595,2.134305777080407,2.892027396240797,0.3312199955939168,0.2945349481426101,0.2912717170704111,158.0,335.0,296.0,1.58,3.35,2.96,11.362023295786738,23.309641849553675,10.484334605306449,2.577304793771974,0.0287574961404613,mouse577578far291,0.1763276327632763,0.7298829882988299,0.5192619261926191,1
mouse577578,far,293,0.0375271990622027,0.0909476217430373,0.1454390325940781,5.296790528748273,0.4636842651161326,2.7002512931648512,0.260259701883207,0.3876893424657136,0.4122547611881699,546.0,136.0,166.0,5.46,1.36,1.6600000000000001,11.099195849717924,23.331995665733523,10.4491473929515,2.60060089210167,0.0607441142920894,mouse577578far293,0.116921692169217,1.0296129612961296,0.4639063906390639,1
mouse577578,far,299,0.0168533752799999,0.0397076279398385,0.0483677586366693,0.0542023363688714,2.7977304718742917,5.145339301245238,0.1753750855754685,0.2319049831602572,0.3137019853621214,841.0,469.0,216.0,8.41,4.69,2.16,10.491875114460523,23.828075222570337,10.164142577630008,2.5887979836209705,0.0515028931704214,mouse577578far299,0.2608460846084609,0.9037803780378041,0.4477047704770477,1
mouse577578,far,478,0.0612307543407923,0.1057823914138269,0.2955353866609836,0.5949286859024577,0.1655604007354038,2.767426437630872,0.3449087575429359,0.4506802266896634,0.5295726262640853,256.0,85.0,58.0,2.56,0.85,0.58,10.866615257648542,23.77509171615755,10.412577757886336,2.5887979836209705,0.0574300648857769,mouse577578far478,0.2370837083708371,0.8473447344734475,0.588928892889289,1
mouse577578,far,302,0.1237303634069911,0.0807268954933248,0.0565890587145252,5.159174722943064,5.036727687314824,5.082097492543079,0.4190578620228175,0.3338755748495817,0.2935672033722734,96.0,279.0,448.0,0.96,2.79,4.48,10.866615257648542,23.77509171615755,10.412577757886336,2.5887979836209705,0.0462084782896409,mouse577578far302,0.1747074707470747,0.9048604860486048,0.4279927992799283,1
mouse577578,far,479,0.059426599906202006,0.0780001768412784,0.0777471407492192,3.4719078268073655,2.7484991976946413,1.66718385623803,0.345072071892462,0.3797522820777062,0.4648719805603076,128.0,121.0,64.0,1.28,1.21,0.64,10.866615257648542,23.77509171615755,10.412577757886336,2.5887979836209705,0.0515948925968348,mouse577578far479,0.2819081908190819,0.827902790279028,0.6969396939693969,1
mouse577578,far,525,0.0606926301350761,0.1429356771939078,0.0470630302110163,3.7111765160254286,1.9825394323771208,5.0257250384154,0.3238783543018513,0.43689075000354705,0.2977529335586911,193.0,91.0,195.0,1.93,0.91,1.95,10.470974313093405,24.29043541929276,10.241104645063697,2.5887979836209705,0.0273375175484255,mouse577578far525,0.2054905490549055,0.8165616561656166,0.531143114311431,1
mouse577578,far,305,0.0399275035517385,0.0300251476022254,0.0408594884975853,2.406722537204183,3.2520023858142726,2.825228810321541,0.25708842521579,0.25555207814720804,0.2539619350983594,329.0,335.0,401.0,3.29,3.35,4.01,10.470974313093405,24.29043541929276,10.241104645063697,2.5887979836209705,0.0987183580763642,mouse577578far305,0.2443744374437444,0.6896489648964897,0.5489648964896491,1
mouse577578,far,315,0.0328333691918962,0.0234735950473726,0.0253294634340304,3.685299983753472,3.63845783077409,3.3823653352661633,0.2779979588659997,0.2646587618720647,0.2403195445386587,294.0,357.0,441.0,2.94,3.5700000000000003,4.41,10.42755013290176,24.935613226666145,10.161384711584274,2.577426041615938,0.0164835742983557,mouse577578far315,0.1647164716471647,0.9126912691269128,0.4331233123312331,1
mouse577578,far,308,0.1361123061838714,0.1705750814773945,0.0531556820151968,3.6874890441701202,4.832745312609972,1.2461958380734484,0.4297537665070332,0.5202137127756974,0.3306630173791683,161.0,92.0,173.0,1.61,0.92,1.73,10.232616305394533,25.615302233251448,10.050411174209405,2.577426041615938,0.0257963042784636,mouse577578far308,0.1903690369036903,0.8300630063006302,0.3923492349234924,1
mouse577578,far,321,0.0369282432532396,0.016345007948925,0.0289002344626748,4.810457444150495,4.818726981163534,5.2131889205825885,0.1616982656544568,0.1673306778512072,0.145391207758104,1627.0,1460.0,1615.0,16.27,14.6,16.15,10.16572754692826,25.783700578674445,10.165118793922217,2.5741503452595773,0.0091700233561865,mouse577578far321,0.1425742574257426,0.4855085508550856,0.2586858685868587,0
mouse577578,far,322,0.0346449983843434,0.0210280909177958,0.0210457784801902,4.658842630712663,3.4759660327732687,3.3205345009629195,0.1763939751134257,0.1902694579398721,0.2046270805489814,898.0,765.0,862.0,8.98,7.65,8.620000000000001,10.16572754692826,25.783700578674445,10.165118793922217,2.5741503452595773,0.0258475315403442,mouse577578far322,0.3094509450945094,1.0042304230423045,0.7925292529252923,1
mouse577578,far,324,0.0924164696236482,0.1808537192804027,0.0716950599795551,2.369207717082064,0.2694293577137171,4.7200627153959385,0.4630686462871226,0.4586196692546021,0.3875022266513566,70.0,106.0,140.0,0.7000000000000001,1.06,1.4000000000000001,10.16572754692826,25.783700578674445,10.165118793922217,2.5741503452595773,0.0221238572027744,mouse577578far324,0.1825382538253825,0.8565256525652566,0.4174617461746174,1
mouse577578,far,314,0.0319059259868552,0.016198711897511004,0.0248941543735991,2.3100246283413632,1.5346451801972592,0.4504995660378387,0.2400007610055178,0.1868198258415358,0.2365337101338106,407.0,577.0,493.0,4.07,5.7700000000000005,4.93,10.16572754692826,25.783700578674445,10.165118793922217,2.5741503452595773,0.0251507754012662,mouse577578far314,0.1706570657065707,0.7855085508550856,0.5662466246624663,1
mouse577578,far,325,0.0353846859248115,0.0217573296974274,0.0503326591796237,4.236127495657799,1.8477905737493296,2.8044642011972143,0.2568895150708368,0.2417093038392306,0.2821243401308058,396.0,367.0,329.0,3.96,3.67,3.29,9.95130671416592,25.646167913009872,9.702194575048953,2.5741503452595773,0.0576373777977977,mouse577578far325,0.22196219621962196,0.6942394239423944,0.6216021602160219,1
mouse577578,far,326,0.0499228917812604,0.0690016275110738,0.0429860938838107,5.534775966980601,4.7072480576676705,1.065911469245197,0.2671493805664232,0.3108349123218704,0.2510808431857514,336.0,253.0,415.0,3.36,2.5300000000000002,4.15,9.95130671416592,25.646167913009872,9.702194575048953,2.5741503452595773,0.0307242760831508,mouse577578far326,0.1857785778577858,0.7998199819981999,0.43285328532853296,1
mouse577578,far,327,0.1310794682478654,0.1934472601247623,0.0887784464857272,1.8254470665491385,2.9330142256247487,0.8263456473399458,0.487670569874255,0.5381562736986517,0.4346982513694548,55.0,71.0,71.0,0.55,0.71,0.71,6.244068909143231,17.5817878633703,6.176486950838448,2.5664907948403006,0.0632771920404242,mouse577578far327,0.2357335733573358,0.9024302430243024,0.4779477947794778,1
mouse577578,far,484,0.0348558037888814,0.0200394144139821,0.0345297256616884,5.184787207313116,0.3276205876135399,4.0242299815506835,0.2389849544529506,0.1794049820785404,0.2001725127077094,459.0,769.0,738.0,4.59,7.69,7.38,6.244068909143231,17.5817878633703,6.176486950838448,2.5664907948403006,0.0486404563300005,mouse577578far484,0.21197119711971202,0.8724572457245726,0.5368136813681369,1
mouse577578,far,483,0.0653971961892351,0.0461778380627656,0.0419231496434525,4.022245032079631,4.8152443963352844,2.1109679122120464,0.3305467891594684,0.2402875582375568,0.3119921035766176,241.0,347.0,202.0,2.41,3.47,2.02,6.244068909143231,17.5817878633703,6.176486950838448,2.5664907948403006,0.0179476007709116,mouse577578far483,0.1720072007200721,0.8195319531953196,0.4082808280828084,1
mouse577578,far,328,0.0191973244554104,0.0597351390618272,0.0311677281570981,4.293636490364831,1.485235847416078,4.4928395538744255,0.205560845640346,0.1947537907073387,0.1839589349621222,735.0,858.0,914.0,7.3500000000000005,8.58,9.14,6.244068909143231,17.5817878633703,6.176486950838448,2.5664907948403006,0.042387298402982,mouse577578far328,0.1647164716471647,0.5878487848784878,0.8505850585058509,1
mouse577578,far,332,0.0261977076233515,0.0622375491562596,0.0264956752480781,3.5529999487851383,2.4289298155631505,1.3626412771469207,0.1654807273104931,0.2120003325667488,0.16755198004702102,1159.0,978.0,1044.0,11.59,9.78,10.44,10.920189173499585,20.83770376233089,10.897420354943426,2.5871074581470332,0.0300716962522296,mouse577578far332,0.2735373537353736,0.8432943294329436,0.4412241224122414,1
mouse577578,far,331,0.0356896709442966,0.0478960813332134,0.0524742639206957,3.5818243048799014,3.0996085948194123,0.4195248505311454,0.1965056163085349,0.2529963495578442,0.2791760403350077,867.0,602.0,324.0,8.67,6.0200000000000005,3.24,10.920189173499585,20.83770376233089,10.897420354943426,2.5871074581470332,0.022041790700765,mouse577578far331,0.261926192619262,0.9137713771377138,0.5192619261926191,1
mouse577578,far,336,0.0738508733022264,0.0763205132154589,0.0922947861416544,0.0984947613119144,2.5072085234374213,1.829468315812134,0.2606984156253406,0.3779437185230801,0.4094331914904714,365.0,95.0,105.0,3.65,0.9500000000000001,1.05,9.021719206382405,26.960232780717803,9.012020087239987,2.5871074581470332,0.0321438532997837,mouse577578far336,0.1612061206120612,0.8141314131413142,0.4396039603960399,1
mouse577578,far,337,0.0905684124488858,0.10811849966542801,0.0867156571395938,2.8980631007460578,3.839003917293131,4.387962233025866,0.3769554761150967,0.33884178080942995,0.3392695897930908,110.0,236.0,285.0,1.1,2.36,2.85,8.751308541438382,27.55034087241029,9.200722805555515,2.576941016011038,0.0485928705670828,mouse577578far337,0.2173717371737173,0.8119711971197121,0.4501350135013501,1
mouse577578,far,513,0.0561168955679249,0.0793856195472872,0.0386791209476325,4.44268447649431,0.6343736667302122,4.5363406531924815,0.2955600692015112,0.3907596462729404,0.2486316754295877,271.0,125.0,369.0,2.71,1.25,3.69,8.751308541438382,27.55034087241029,9.200722805555515,2.576941016011038,0.036822984781363,mouse577578far513,0.2324932493249325,0.8821782178217824,0.476057605760576,1
mouse577578,far,486,0.073629335877928,0.09754235521931501,0.0658406880680807,4.218687745098841,0.6620742527889233,3.3147261424985976,0.4078571062344889,0.3402395409381284,0.3925365017153597,95.0,252.0,108.0,0.9500000000000001,2.52,1.08,8.751308541438382,27.55034087241029,9.200722805555515,2.576941016011038,0.0413938229872763,mouse577578far486,0.2295229522952295,0.8370837083708372,0.5351935193519352,1
mouse577578,far,339,0.09722883303546902,0.10369879582216099,0.0483964875849362,3.3566201724052482,2.455693238297972,5.195611400199414,0.4448673189561966,0.3876432165355346,0.4013829763707471,74.0,104.0,107.0,0.74,1.04,1.07,8.597137973207314,27.8728658722994,8.69815422170848,2.576941016011038,0.0609059218428178,mouse577578far339,0.2157515751575157,0.7933393339333935,0.4984698469846985,1
mouse577578,far,341,0.0745915435255354,0.0876677774098735,0.10404389399005301,3.8970043396786638,3.9351101804673014,4.107960933147084,0.3565673593076844,0.3737787824322988,0.3698718414085278,175.0,154.0,188.0,1.75,1.54,1.8800000000000001,8.597137973207314,27.8728658722994,8.69815422170848,2.576941016011038,0.0270263119706242,mouse577578far341,0.1882088208820882,0.8195319531953196,0.4525652565256527,1
mouse577578,far,487,0.0728664335419591,0.0465887828880067,0.0690163265637645,3.639185745383189,4.48909296446779,3.1086950754666316,0.3318928852972699,0.3046025574716474,0.3218387692368643,224.0,242.0,257.0,2.24,2.42,2.57,8.597137973207314,27.8728658722994,8.69815422170848,2.576941016011038,0.0206156810436444,mouse577578far487,0.1644464446444644,0.794959495949595,0.4425742574257426,1
mouse577578,far,345,0.0493010608680318,0.0826639859409889,0.0618065613271015,0.9252074054086168,2.4484319361734515,2.4304831174680626,0.294482997278315,0.3357347002558601,0.2814634619374963,256.0,202.0,300.0,2.56,2.02,3.0,8.092375643917034,28.25512707164976,8.153532355869759,2.5743931323712004,0.0403733769083496,mouse577578far345,0.2532853285328533,0.7196219621962198,0.5462646264626464,1
mouse577578,far,348,0.0192005308900084,0.0464786557289799,0.038373451684348,4.273045547309582,4.989101528458648,4.230528258243539,0.1194499545936809,0.1403212553635643,0.1383417128694705,2244.0,2155.0,2414.0,22.44,21.55,24.14,7.92311494803049,28.440927911978825,7.9909107834730175,2.5672212604292604,0.0098870368553196,mouse577578far348,0.1493249324932494,0.2794779477947795,0.2295229522952295,0
mouse577578,far,346,0.067213875679138,0.0419380177904611,0.0491232461111713,4.958429949536921,5.520815162025367,2.9231128227687173,0.4164352841245517,0.2304460161415907,0.259298097601101,127.0,595.0,423.0,1.27,5.95,4.23,7.92311494803049,28.440927911978825,7.9909107834730175,2.5672212604292604,0.0565949105743852,mouse577578far346,0.1682268226822683,0.7987398739873991,0.6151215121512151,1
mouse577578,far,347,0.0403224011024825,0.0385204389963442,0.0317749647636583,4.856544421783441,3.829197958817247,5.494248813304837,0.2508478613856722,0.2071205510874229,0.2295545353187756,456.0,639.0,507.0,4.5600000000000005,6.390000000000001,5.07,7.92311494803049,28.440927911978825,7.9909107834730175,2.5672212604292604,0.0433210154229165,mouse577578far347,0.1925292529252925,0.8195319531953197,0.5381638163816381,1
mouse577578,far,353,0.0289046274386024,0.0350720985725499,0.0361786032584658,6.060319633370915,4.993371961910358,3.4398209735716367,0.2078054325453935,0.2298840960612262,0.2371383163959248,598.0,581.0,611.0,5.98,5.8100000000000005,6.11,7.733403972285056,28.88259693864651,7.890991591229112,2.5672212604292604,0.0283624322434991,mouse577578far353,0.2127812781278127,0.6110711071107112,0.3318631863186319,1
mouse577578,far,350,0.0258451248578062,0.0287542395351732,0.0545045028424454,4.038068417585998,3.2027253065041204,4.060812356159243,0.1438934869641386,0.1465362301934846,0.1990366511974781,1439.0,1343.0,1443.0,14.39,13.43,14.43,7.733403972285056,28.88259693864651,7.890991591229112,2.5672212604292604,0.0271264289794041,mouse577578far350,0.1428442844284428,0.36507650765076505,0.2405940594059408,0
mouse577578,far,356,0.0378411909725074,0.0195024659064241,0.0214746589204163,4.947378645710258,3.5430477573283117,5.117387002285494,0.1529621639127282,0.1863573315370535,0.1553030153442027,1441.0,1271.0,1391.0,14.41,12.71,13.91,7.547012946243041,29.27123021142995,7.618655946344793,2.5672212604292604,0.0444000299575471,mouse577578far356,0.2306030603060306,0.7074707470747076,0.3918091809180921,1
mouse577578,far,359,0.0554691847480272,0.0491696806113784,0.0474436796709197,4.6766391944056815,4.4836663167519575,4.859840926796207,0.2491769573026066,0.2672172346504313,0.2533187119167692,404.0,356.0,336.0,4.04,3.56,3.36,7.480586290712247,29.703222417815052,7.736953709938332,2.5649074057361214,0.0330680548341954,mouse577578far359,0.1277227722772278,0.9070207020702072,0.4080108010801081,1
mouse577578,far,365,0.0618333077160438,0.0416271449435144,0.0681274879626115,5.551699414232353,5.701190491756157,6.0425363905478715,0.3396183811963751,0.2843768077710991,0.3332394946040176,202.0,246.0,232.0,2.02,2.46,2.32,7.480586290712247,29.703222417815052,7.736953709938332,2.5649074057361214,0.0398764821876419,mouse577578far365,0.1725472547254726,0.7792979297929795,0.4093609360936093,1
mouse577578,far,489,0.041161576254815,0.0338171432353199,0.0532764514353538,3.5078614062407647,0.6906307746844909,5.3378343413882545,0.2342681717960903,0.2782451466879783,0.3084856762176396,394.0,372.0,334.0,3.94,3.72,3.34,7.0783711183230995,30.07960514172771,7.2215548091721775,2.5579532833888896,0.0293005162350922,mouse577578far489,0.2173717371737173,0.7377137713771378,0.6324032403240324,1
mouse577578,far,362,0.007058436057193001,0.0181333452833404,0.0148267870262575,3.211296649561588,2.8695617912270253,4.612471182784513,0.1898866706456983,0.1822735805242551,0.1888822607995019,708.0,596.0,819.0,7.08,5.96,8.19,7.0783711183230995,30.07960514172771,7.2215548091721775,2.5579532833888896,0.0230232765280551,mouse577578far362,0.2365436543654365,0.6928892889288929,0.8403240324032403,1
mouse577578,far,363,0.0358452597008359,0.0197701406176929,0.0776138299403008,1.037928920202367,0.019170396945801003,2.9390967741072203,0.2528971281163577,0.26633505004094,0.3029119446868709,318.0,186.0,288.0,3.18,1.86,2.88,7.0783711183230995,30.07960514172771,7.2215548091721775,2.5579532833888896,0.0295597065003743,mouse577578far363,0.1944194419441944,0.8073807380738075,0.4714671467146715,1
mouse577578,far,370,0.0182381564200949,0.0063920019069399,0.0359588886299108,1.4445301364217624,3.950442134444952,4.454185001028632,0.1876229574229416,0.2213656232594076,0.1940750072312587,760.0,626.0,716.0,7.6000000000000005,6.26,7.16,6.7722042934844655,30.73809555075186,7.111871494766962,2.581908209057789,0.0358265923108452,mouse577578far370,0.1957695769576958,0.5198019801980198,0.3070207020702071,0
mouse577578,far,368,0.0188392603323093,0.0511312759502761,0.0290993678193004,0.1222487807964079,5.155853659124356,0.0567530059506949,0.1601122018335971,0.1798521054196413,0.1679415978105957,1234.0,1123.0,1119.0,12.34,11.23,11.19,6.7722042934844655,30.73809555075186,7.111871494766962,2.581908209057789,0.0204088704737784,mouse577578far368,0.1622862286228622,0.5470747074707472,0.3207920792079208,0
mouse577578,far,490,0.0643672658816957,0.025031482087646002,0.0950037462006549,1.1723857900909844,0.0554037324735815,1.705453212932472,0.3575307932188431,0.4227474745206617,0.3408048636392521,106.0,125.0,166.0,1.06,1.25,1.6600000000000001,6.7722042934844655,30.73809555075186,7.111871494766962,2.581908209057789,0.0418428074384549,mouse577578far490,0.2797479747974798,0.6961296129612963,0.3920792079207923,1
mouse577578,far,366,0.0551603542068088,0.0935178927720845,0.0259590457919285,5.1242512192668395,3.3054702930197526,0.6915253168229638,0.3893114086979578,0.3465544747385299,0.3040648913129257,107.0,115.0,204.0,1.07,1.1500000000000001,2.04,6.7722042934844655,30.73809555075186,7.111871494766962,2.581908209057789,0.0594595987814228,mouse577578far366,0.1733573357335733,0.5495049504950497,0.6110711071107112,1
mouse577578,far,374,0.0489706575169944,0.0676318722662869,0.0676013146771213,4.34663266990668,3.359383837877495,6.1318203364114225,0.2987458969601815,0.2757929112404886,0.3331641336769452,238.0,302.0,222.0,2.38,3.02,2.22,6.334359185314358,31.73798293952347,6.6012855796114085,2.5798498018295564,0.0424317802057557,mouse577578far374,0.1736273627362736,0.8457245724572461,0.2948694869486946,1
mouse577578,far,375,0.104176325086436,0.1053844716477911,0.0743428357215413,5.012517345575464,1.572505666274962,3.473590257386604,0.3940724943057824,0.4245461230146404,0.3660866672171045,137.0,119.0,179.0,1.37,1.19,1.79,6.334359185314358,31.73798293952347,6.6012855796114085,2.5798498018295564,0.0379630197449774,mouse577578far375,0.1522952295229522,0.8786678667866789,0.3675067506750676,1
mouse577578,far,386,0.0068597990048958,0.012970075631879999,0.0163661718887732,4.423437955575757,1.7269423318460395,3.608187850174568,0.1117072707448042,0.1140448478754092,0.1072045319252617,2586.0,2470.0,2577.0,25.86,24.7,25.77,5.8660755739204635,33.859083034724456,6.012007025551412,2.571356645819479,0.0212207118050737,mouse577578far386,0.1139513951395139,0.2465346534653465,0.0912691269126912,0
mouse598180,far,2,0.031466426518795,0.0063369959808104,0.0280467317639208,5.074382393973639,5.127584791659263,3.3740296507876573,0.1853356158891024,0.1856474323868637,0.1955053887445926,953.0,1437.0,1165.0,9.53,14.370000000000001,11.65,6.30556561558786,40.83624208497781,5.744599987910463,1.8201991649267395,0.0281739970093261,mouse598180far2,0.2225022502250225,0.6637263726372639,0.4161116111611164,1
mouse598180,far,3,0.1117868734036444,0.1195167614618718,0.0561423352508381,5.4071445584258475,0.9595801115880556,5.3044157907878,0.4096747262746675,0.3563678769095085,0.3362415737991219,143.0,216.0,200.0,1.43,2.16,2.0,6.30556561558786,40.83624208497781,5.744599987910463,1.8201991649267395,0.0504209883240839,mouse598180far3,0.1792979297929793,0.7579657965796581,0.3926192619261924,1
mouse598180,far,4,0.0172369046946121,0.0389675922735438,0.0359530977413775,4.672732222081847,0.8156539393009087,4.269457860308977,0.1763827457799964,0.2166971290498313,0.1816072299647499,967.0,1084.0,1235.0,9.67,10.84,12.35,6.30556561558786,40.83624208497781,5.744599987910463,1.8201991649267395,0.0374940243943873,mouse598180far4,0.2427542754275428,0.7876687668766877,0.3885688568856887,1
mouse598180,far,8,0.0287218171664678,0.013961723525153,0.0581531468902124,5.3591605064604035,0.1906834382213216,2.803905970827683,0.2497870659594961,0.28221746499963296,0.2439544349169362,399.0,362.0,480.0,3.99,3.62,4.8,8.396629767925441,44.42557253080887,7.825101103356966,1.8148691412881537,0.0456561803839677,mouse598180far8,0.2030603060306031,0.7034203420342036,0.38505850585058504,1
mouse598180,far,88,0.0543899241770355,0.10516352855928501,0.0826228340395427,4.9738301569602665,4.3275315833834505,3.888934414587412,0.31657007249019603,0.3223315897592799,0.324566418335959,168.0,174.0,227.0,1.68,1.74,2.27,8.396629767925441,44.42557253080887,7.825101103356966,1.8148691412881537,0.035260373409455,mouse598180far88,0.19387938793879397,0.6783078307830784,0.4234023402340233,1
mouse598180,far,5,0.0502142680707995,0.0052190994717053,0.0641257607863265,4.350778344994415,4.325364452387518,3.0237296433784016,0.2498549020272188,0.264581063108261,0.2632548025131627,534.0,418.0,404.0,5.34,4.18,4.04,8.396629767925441,44.42557253080887,7.825101103356966,1.8148691412881537,0.0133175921980606,mouse598180far5,0.1590459045904589,0.6515751575157517,0.3464446444644463,0
mouse598180,far,6,0.0989840578382724,0.1323505745492418,0.0794027035650246,3.7818850153544186,5.739173117221443,4.20134702295107,0.3361863202352378,0.3925507857311149,0.3060839612995959,169.0,120.0,252.0,1.69,1.2,2.52,8.396629767925441,44.42557253080887,7.825101103356966,1.8148691412881537,0.0232197158853604,mouse598180far6,0.1828082808280827,0.6140414041404142,0.3936993699369938,1
mouse598180,far,10,0.0465787264927717,0.066940015079548,0.0391432872741439,4.148282838521082,2.0314464682481916,4.6696051119154625,0.2669131863361588,0.269602063666448,0.2511105210550579,347.0,449.0,386.0,3.47,4.49,3.86,8.579335587001069,44.841646218879355,8.188052796588742,1.8148691412881537,0.0595443265470341,mouse598180far10,0.2835283528352836,0.7936093609360938,0.3796579657965798,1
mouse598180,far,90,0.0415562094362073,0.0598763338927963,0.0927544397048256,4.945322384275112,4.576227375294762,1.856529787482631,0.2483049575189357,0.3169091763800912,0.35478581271184495,407.0,154.0,159.0,4.07,1.54,1.59,8.579335587001069,44.841646218879355,8.188052796588742,1.8148691412881537,0.0199900615392223,mouse598180far90,0.1930693069306931,0.7655265526552656,0.493609360936094,1
mouse598180,far,11,0.0582478409607753,0.1533310540937488,0.0855928995927892,3.3230345232379324,3.9411340052863504,4.098838059429184,0.2774341633928448,0.5104240079324867,0.3735406853776394,218.0,76.0,168.0,2.18,0.76,1.68,8.350553386598255,45.13764303350006,7.658061517229393,1.8093507122722232,0.0326510801187465,mouse598180far11,0.2368136813681368,0.7401440144014402,0.5702970297029705,1
mouse598180,far,12,0.0369227391608249,0.0267269033920773,0.0517531073001666,3.1619225977633985,5.75929765598732,5.006473412760718,0.22192400828973302,0.1700910286231692,0.2105806222491773,612.0,863.0,526.0,6.12,8.63,5.26,8.350553386598255,45.13764303350006,7.658061517229393,1.8093507122722232,0.0148948432911249,mouse598180far12,0.317011701170117,0.7420342034203421,0.413951395139514,1
mouse598180,far,92,0.0433203984291966,0.0307595969469899,0.0296890956303115,3.7802593819592296,2.454327165737213,0.9292094701399599,0.2794360255208795,0.3439307913134353,0.2379347211255846,406.0,318.0,448.0,4.0600000000000005,3.18,4.48,8.350553386598255,45.13764303350006,7.658061517229393,1.8093507122722232,0.0420705195647097,mouse598180far92,0.2095409540954096,0.6855985598559857,0.4288028802880287,1
mouse598180,far,91,0.039113112326746004,0.1328145721002957,0.0664500434634656,4.577864385777511,3.9565230120219517,4.212089754900514,0.25022661627999804,0.3563943419427764,0.3023738496951612,370.0,186.0,345.0,3.7,1.86,3.45,8.350553386598255,45.13764303350006,7.658061517229393,1.8093507122722232,0.0241338980467291,mouse598180far91,0.2233123312331233,0.8168316831683169,0.4458145814581459,1
mouse598180,far,15,0.0583065757093548,0.0485906967489961,0.057046844862816,2.424363699381812,3.837078738582799,2.114442984704719,0.2869104498064683,0.2200673984182392,0.2792148023014664,358.0,518.0,383.0,3.58,5.18,3.83,7.82867285193543,43.38775700835775,7.103847905898613,1.8093507122722232,0.0281849846859233,mouse598180far15,0.2362736273627362,0.6828982898289829,0.43879387938793896,1
mouse598180,far,16,0.06021189582551299,0.0845146662788574,0.052979967183535,3.1178234162862415,4.1082908209284135,3.6843032801092597,0.2444855507305184,0.2497642892311209,0.2379332429967006,499.0,482.0,653.0,4.99,4.82,6.53,7.82867285193543,43.38775700835775,7.103847905898613,1.8093507122722232,0.0705543244374806,mouse598180far16,0.2268226822682268,0.7301530153015302,0.4544554455445545,1
mouse598180,far,93,0.0974359070141663,0.1216913066499054,0.0982519273458958,1.9881160912267213,3.6021765762960802,3.989865638386191,0.3129006122662449,0.4561428630977986,0.3328928629614573,434.0,115.0,273.0,4.34,1.1500000000000001,2.73,7.82867285193543,43.38775700835775,7.103847905898613,1.8093507122722232,0.0520677965476218,mouse598180far93,0.1744374437443744,0.6945094509450945,0.4182718271827185,1
mouse598180,far,18,0.0414773840396932,0.0993038996333913,0.07999170548832901,3.8231921814543433,1.2249519160408768,2.4155043187063163,0.2363694320324291,0.29065382304558,0.3196588985206631,358.0,256.0,392.0,3.58,2.56,3.92,7.8074176782385525,43.44381840944464,7.218979106076522,1.8292758129926718,0.0211834373312672,mouse598180far18,0.1882088208820882,0.7323132313231323,0.3909990999099914,1
mouse598180,far,23,0.060378398178295996,0.0945144045388713,0.0670162546339348,4.0749152372398525,5.346769185746544,3.452633020708733,0.3058378995540298,0.3885791818759572,0.3865138387957003,217.0,89.0,102.0,2.17,0.89,1.02,7.668048270411927,44.715113154939296,6.9362195311535775,1.829104972384035,0.0427721753058168,mouse598180far23,0.253015301530153,0.7522952295229524,0.4290729072907292,1
mouse598180,far,22,0.0951886414279704,0.0499007349654864,0.0881703515558466,4.583382202882012,3.6313456142864338,3.30622986355506,0.49099367391928495,0.4362889917848401,0.4860554198574099,66.0,66.0,54.0,0.66,0.66,0.54,7.668048270411927,44.715113154939296,6.9362195311535775,1.829104972384035,0.0321166917530776,mouse598180far22,0.18604860486048602,0.7328532853285329,0.4126012601260126,1
mouse598180,far,95,0.0819911309295503,0.0625177606468282,0.1052230404774357,0.473347317559274,4.927979927232999,0.4226846034764105,0.4355767408188177,0.5190590451528537,0.4269311183198091,83.0,53.0,83.0,0.8300000000000001,0.53,0.8300000000000001,7.668048270411927,44.715113154939296,6.9362195311535775,1.829104972384035,0.0616907724207451,mouse598180far95,0.1892889288928892,0.7158415841584159,0.3734473447344736,1
mouse598180,far,28,0.0419073189575424,0.0393332866209408,0.0596350459688146,2.4934067955523043,5.500138946814908,2.6975435551984344,0.2223876685348096,0.2439728838822344,0.2101005882533422,733.0,569.0,637.0,7.33,5.69,6.37,7.314237492029566,42.92583287604593,6.710596413182538,1.829104972384035,0.0298353449870446,mouse598180far28,0.1722772277227723,0.6804680468046806,0.4782178217821781,1
mouse598180,far,29,0.0662490107206148,0.0633920595335974,0.0476969747924354,0.4901656208025959,2.1930366219844006,2.0686879195525507,0.3169440526730992,0.4194345590129327,0.2841457366152405,245.0,197.0,268.0,2.45,1.97,2.68,7.314237492029566,42.92583287604593,6.710596413182538,1.829104972384035,0.0412818639929772,mouse598180far29,0.332943294329433,0.8009000900090011,0.4301530153015304,1
mouse598180,far,26,0.0814010680522125,0.0817285082633586,0.047687454497908,3.3401927465982992,2.047876058983614,4.4948937625489656,0.2678372159008229,0.37318839949798904,0.2643419566247216,431.0,379.0,418.0,4.3100000000000005,3.79,4.18,7.314237492029566,42.92583287604593,6.710596413182538,1.829104972384035,0.0139231968145927,mouse598180far26,0.1247524752475247,0.2611161116111612,0.2073807380738074,0
mouse598180,far,27,0.0896910218871588,0.0447242803822613,0.0605536865616693,2.9109521027390186,2.156813294158716,1.4920232787178636,0.3419577982967932,0.3217916196527312,0.3359082533138307,296.0,229.0,163.0,2.96,2.29,1.6300000000000001,7.314237492029566,42.92583287604593,6.710596413182538,1.829104972384035,0.0608159697288538,mouse598180far27,0.16903690369036903,0.655895589558956,0.3450945094509453,1
mouse598180,far,25,0.0872454605597952,0.0432018612869947,0.10710446960245,2.2930014656558764,1.2166031162084852,4.474733936092512,0.3840403772011612,0.3945436446149453,0.4445412684459567,133.0,258.0,61.0,1.33,2.58,0.61,7.314237492029566,42.92583287604593,6.710596413182538,1.829104972384035,0.0437354543630076,mouse598180far25,0.1782178217821782,0.723942394239424,0.3831683168316834,1
mouse598180,far,32,0.0319953641016225,0.0607589655325018,0.0347016319469439,4.901543684529203,2.7515854020356665,3.5709693865715573,0.1375108851351714,0.1950640435676498,0.1382281873532367,2345.0,2362.0,2139.0,23.45,23.62,21.39,7.286733278564593,43.94096939273076,6.601485768063962,1.8248287590894658,0.0491543976960215,mouse598180far32,0.1960396039603961,0.7363636363636364,0.4074707470747075,1
mouse598180,far,36,0.0358982758011334,0.0259564697702126,0.0354027318733197,4.342756044605982,2.29832419730848,3.7046669184120313,0.22373051485694603,0.1892707246587964,0.2205229613259322,507.0,698.0,522.0,5.07,6.98,5.22,7.182568125738324,42.921684143050186,6.5191387866444614,1.8496621313093915,0.0591662763079661,mouse598180far36,0.1833483348334834,0.5729972997299732,0.2829882988298831,0
mouse598180,far,34,0.0289192617593091,0.0828079148216533,0.0768647995046624,4.514992962304039,4.351566705889068,4.991230786586111,0.2530977572378093,0.3399156009661844,0.36538253386306896,391.0,170.0,159.0,3.91,1.7,1.59,7.182568125738324,42.921684143050186,6.5191387866444614,1.8496621313093915,0.0469283070513122,mouse598180far34,0.1825382538253825,0.6423942394239426,0.6035103510351035,1
mouse598180,far,49,0.0373315743532226,0.0247140168276478,0.0445743131785271,4.2756680619489815,4.800504082567409,3.6128444163401214,0.2190776603440537,0.1690149911777158,0.1861076677505231,708.0,667.0,809.0,7.08,6.67,8.09,7.178799230253898,42.79185303049964,6.527649098936187,1.8457721961282223,0.0405597736739906,mouse598180far49,0.1765976597659766,0.3094509450945094,0.2392439243924393,0
mouse598180,far,40,0.0590804109339612,0.030088391585982005,0.0219485623376516,4.572852254249972,3.8261744140467835,3.2680176748086742,0.2094391967138643,0.1600686061724196,0.1511307546466559,1086.0,1116.0,1240.0,10.86,11.16,12.4,7.178799230253898,42.79185303049964,6.527649098936187,1.8457721961282223,0.0180256892787784,mouse598180far40,0.1477047704770476,0.3264626462646265,0.2306030603060307,0
mouse598180,far,96,0.0414830995643126,0.1394802003521956,0.065381299255201,3.3933094793991536,3.7745618338909575,4.356921228352624,0.3004521697685248,0.3208622136828283,0.2958882061465984,236.0,343.0,225.0,2.36,3.43,2.25,7.178799230253898,42.79185303049964,6.527649098936187,1.8457721961282223,0.030463454342972998,mouse598180far96,0.2044104410441044,0.7549954995499549,0.3769576957695769,1
mouse598180,far,39,0.0622286209115289,0.047063366330125,0.0390860011710801,2.162678265446218,3.682384101459108,3.5224448303505347,0.2424353617595614,0.2308399742338959,0.2123663041009482,513.0,579.0,506.0,5.13,5.79,5.0600000000000005,7.178799230253898,42.79185303049964,6.527649098936187,1.8457721961282223,0.0152857055872457,mouse598180far39,0.2824482448244825,0.7209720972097209,0.4412241224122414,1
mouse598180,far,44,0.0800171816667004,0.2086862825530366,0.06910268401405399,4.6847749335941415,5.2880806713726285,4.733747999582934,0.3261390957002706,0.4767284901988077,0.2752922852263875,244.0,184.0,380.0,2.44,1.84,3.8000000000000003,7.3300990345456585,42.28888903235851,6.741764482920468,1.8462800437636755,0.0198777903415516,mouse598180far44,0.2284428442844284,0.7074707470747077,0.4317731773177317,1
mouse598180,far,46,0.0939983137259289,0.0692296617894316,0.0775002885864992,3.964221979571802,1.4757514275062271,4.111879376772489,0.3417921397590933,0.3279718829747783,0.3619728478451273,232.0,234.0,149.0,2.32,2.34,1.49,6.744704151407657,41.8575657909619,6.2123335036783125,1.8462800437636755,0.038710159399890004,mouse598180far46,0.1838883888388839,0.8570657065706573,0.4552655265526552,1
mouse598180,far,47,0.0744005570326883,0.1003857364114004,0.0470146129044519,4.790642760309677,2.4101905834788884,0.9989009779946716,0.4139382354910188,0.2913018219166542,0.3702963515771266,101.0,108.0,141.0,1.01,1.08,1.41,6.744704151407657,41.8575657909619,6.2123335036783125,1.8462800437636755,0.0616900612793472,mouse598180far47,0.2605760576057606,0.8346534653465348,0.5030603060306029,1
mouse598180,far,50,0.0734386120509179,0.1455320117945014,0.0556087849564821,5.380316903961903,2.0103673269045053,2.3120007477220743,0.3256846480997532,0.4291289110250131,0.3312665460758675,203.0,131.0,164.0,2.0300000000000002,1.31,1.6400000000000001,6.658742243591112,40.97979680566878,6.163141366290205,1.8427221711370383,0.043298089461885,mouse598180far50,0.1768676867686769,0.662916291629163,0.55004500450045,1
mouse598180,far,51,0.0727800496645272,0.0458821600920529,0.0688426040610436,4.07584893754994,3.3814970858111857,5.403299240830259,0.32200382308759,0.4083150452701884,0.32544348629985903,230.0,146.0,212.0,2.3000000000000003,1.46,2.12,6.658742243591112,40.97979680566878,6.163141366290205,1.8427221711370383,0.0415243732279481,mouse598180far51,0.1741674167416741,0.8684068406840685,0.4957695769576961,1
mouse598180,far,52,0.0613891772498101,0.1682432638361246,0.0641131679506338,1.4923937114984598,0.2070024976137434,1.7710213344974286,0.3667924104595694,0.4932873223908504,0.3821927482977691,168.0,66.0,146.0,1.68,0.66,1.46,6.5954839944385215,41.08359200261631,6.027371745865869,1.868321439153338,0.0516093190314524,mouse598180far52,0.187128712871287,0.8357335733573359,0.5581458145814581,1
mouse598180,far,53,0.0601955486178441,0.0316047372837114,0.060831754418617996,0.13134566609987802,3.964261573061374,3.2393956002245305,0.3070714704870821,0.271177428356219,0.32114198055122806,270.0,304.0,227.0,2.7,3.04,2.27,6.5571515698363765,41.78062087279313,6.121114642792133,1.8651407453594488,0.0581116369669372,mouse598180far53,0.1698469846984698,0.7860486048604861,0.3561656165616563,1
mouse598180,far,54,0.0876899171178475,0.0989525920579451,0.1368709192027045,5.3468925048803655,4.254278663495409,5.341827404167177,0.31717974352093,0.3961190891870968,0.4548102417385558,301.0,120.0,81.0,3.0100000000000002,1.2,0.81,6.5571515698363765,41.78062087279313,6.121114642792133,1.8651407453594488,0.0444697219951779,mouse598180far54,0.1736273627362736,0.6564356435643565,0.7390639063906391,1
mouse598180,far,56,0.0696584692597464,0.1277100343517762,0.0745496006694605,6.254914070143258,2.8596671118379096,3.2874638859458702,0.3350945661781053,0.3728722392936371,0.4006372748934675,174.0,199.0,129.0,1.74,1.99,1.29,6.3009739182185145,39.84018037981178,5.7636587118123845,1.8651407453594488,0.0210361357098858,mouse598180far56,0.1571557155715571,0.8422142214221424,0.4088208820882087,1
mouse598180,far,57,0.0852304357261719,0.1297591522504297,0.0775740041178688,1.2756619248981005,2.824189191565143,2.9971844627375215,0.3652037275378108,0.4297294337579168,0.3977810110740002,199.0,156.0,102.0,1.99,1.56,1.02,6.3009739182185145,39.84018037981178,5.7636587118123845,1.8651407453594488,0.0328756255906103,mouse598180far57,0.1018001800180018,0.885958595859586,0.4501350135013503,1
mouse598180,far,59,0.07629484784654801,0.0411208006179437,0.1088838954078086,1.3494642804155246,2.1981380500080103,0.4075413319813817,0.3104521512357751,0.2844570337026777,0.3814548098977635,258.0,297.0,207.0,2.58,2.97,2.07,4.3965762605707095,31.62472780718044,3.783833150476073,1.8634645153584224,0.0252634321359737,mouse598180far59,0.1698469846984699,0.9432043204320434,0.4266426642664266,1
mouse598180,far,60,0.0555742249574964,0.0200176952237054,0.0396498304815376,2.4344030864762782,3.0796407456830552,2.9573470636621546,0.2763436646422427,0.2130828569645305,0.2445847852381632,431.0,547.0,420.0,4.3100000000000005,5.47,4.2,4.384428764256577,30.86228286274112,3.7197895584282636,1.888286260078169,0.0460462778436679,mouse598180far60,0.1339333933393339,0.7355535553555357,0.3226822682268225,0
mouse598180,far,64,0.0799801030350175,0.1267795785681266,0.0666602980000252,0.4899529989713513,0.3801420332864225,4.630065883816694,0.3862755723215539,0.4001005990644713,0.3703109686683101,144.0,78.0,125.0,1.44,0.78,1.25,6.215393576218874,39.951165111965494,5.718875060252169,1.888286260078169,0.0364251030626626,mouse598180far64,0.1879387938793879,0.8484248424842485,0.4911791179117913,1
mouse598180,far,62,0.0704873296653808,0.0690664308420521,0.0913727927700474,4.703045162697928,5.673687072513119,3.8558424551098733,0.3563271608402893,0.279743536543466,0.3207199052604847,167.0,543.0,258.0,1.67,5.43,2.58,6.126741711816036,39.6463148055229,5.675371545061814,1.8872930350107269,0.0449181847569544,mouse598180far62,0.2144014401440144,0.9054005400540056,0.4979297929792979,1
mouse598180,far,69,0.0834641251030221,0.0662441518979311,0.0816269254746964,3.2524194107518882,1.849944132470489,1.60296874907838,0.4786419671277951,0.5125029963539903,0.3952316343924029,73.0,100.0,114.0,0.73,1.0,1.1400000000000001,6.118553781517094,39.51739552084531,5.641240413702394,1.8872930350107269,0.0249059617990743,mouse598180far69,0.1541854185418542,0.7512151215121512,0.3504950495049505,1
mouse598180,far,71,0.0679603679429054,0.0611470295829591,0.0603958597464231,0.2248214175554733,4.094511316915948,1.495144615358338,0.4589362637977928,0.4640537710753944,0.3781961999261549,61.0,55.0,101.0,0.61,0.55,1.01,6.0833590254506955,40.09252853343683,5.489062207178955,1.8872930350107269,0.0357489026960794,mouse598180far71,0.15391539153915398,0.7393339333933394,0.38991899189919005,1
mouse598180,far,73,0.0705519657324969,0.016813382440136,0.0778266547915321,3.9178938427884247,0.8525735719140002,5.124758660951032,0.2870210368505516,0.1504653979623413,0.2472598103794576,412.0,691.0,467.0,4.12,6.91,4.67,5.831026003066291,38.304416668498675,5.418557333955437,1.8872930350107269,0.0250699168654119,mouse598180far73,0.1590459045904591,0.8462646264626466,0.5846084608460843,1
mouse598180,far,76,0.15333894404865303,0.0511621037830758,0.1127199553151256,3.2426748011966504,2.3220620320160807,5.026253211116081,0.4786397992844329,0.3725339633765298,0.4325116214803524,65.0,165.0,103.0,0.65,1.6500000000000001,1.03,5.8768973896307575,39.13749330124731,5.4933040296950075,1.8869618438113689,0.0331378871254351,mouse598180far76,0.1460846084608461,0.8233123312331233,0.3342934293429344,1
mouse598180,far,79,0.1200487062595305,0.2224830735595015,0.0884201361699251,5.780315028992474,1.5689186641279265,1.3669325526129577,0.4215440882636913,0.5143926302979877,0.4059087042902918,80.0,63.0,116.0,0.8,0.63,1.16,5.571301080447007,37.48317849543912,5.139178277465911,1.9118054294305158,0.0233588311948254,mouse598180far79,0.1552655265526553,0.7171917191719174,0.3021602160216022,0
mouse598180,far,101,0.04083597464689,0.0067479246163661,0.0292958597401523,3.611351703897314,1.6373813110296558,4.590206975088515,0.1489279410037577,0.1439109603139492,0.129989661927303,2342.0,1939.0,2703.0,23.42,19.39,27.03,4.9149992265763025,34.74531684131979,4.314269151015537,1.939555361416632,0.0403539977209438,mouse598180far101,0.1236723672367237,0.2611161116111611,0.1663366336633663,0
mouse622179,far,53,0.0405227545890685,0.0348952685413381,0.0104987705501589,2.8379471987893417,4.911558728305616,4.605650102296527,0.1577585092483266,0.1726874062854028,0.1312619177652281,1538.0,1288.0,1583.0,15.38,12.88,15.83,12.63698427662612,10.77329537296911,10.405593971918043,2.4204854884919267,0.0219289188738121,mouse622179far53,0.19495949594959502,0.3453645364536454,0.2481548154815481,0
mouse622179,far,61,0.062501582552088,0.049594887269247,0.0327895952930454,5.135654373571552,4.1673294089232105,4.758446973156574,0.1793954177445301,0.2018494318377975,0.1478306855267434,1175.0,1352.0,1199.0,11.75,13.52,11.99,13.086927417760288,11.744899633042357,10.919131573151637,2.411042305725887,0.0134205214635108,mouse622179far61,0.2006300630063007,0.6567056705670569,0.4787578757875789,1
mouse622179,far,62,0.0160402583022417,0.0217658542439862,0.0187209993157785,6.170711809411746,6.027687699160253,3.10632317780715,0.1253620399024845,0.1273831388865808,0.1145283272732314,2139.0,2531.0,2500.0,21.39,25.310000000000002,25.0,13.086927417760288,11.744899633042357,10.919131573151637,2.411042305725887,0.023206644868602994,mouse622179far62,0.1682268226822681,0.3861386138613861,0.2414041404140414,0
mouse622179,far,131,0.009690606169646999,0.0561390416932693,0.0150670195822147,2.656467830780293,0.8960136796325796,3.7623027815166137,0.1918142220369295,0.20577745305237805,0.21922328797421303,944.0,860.0,690.0,9.44,8.6,6.9,13.472847077242898,13.896685409887429,11.162063916740983,2.4193232524819828,0.0191749923282121,mouse622179far131,0.1733573357335733,0.6194419441944197,0.2927092709270926,0
mouse622179,far,66,0.0335931089801364,0.0268589272237816,0.0433414650441488,5.591828512092563,4.386498152232517,5.0245203566634435,0.2479969765018252,0.2137789491356239,0.2927138880367509,578.0,582.0,496.0,5.78,5.82,4.96,13.472847077242898,13.896685409887429,11.162063916740983,2.4193232524819828,0.0404857817519982,mouse622179far66,0.1693069306930693,0.5643564356435644,0.7385238523852385,1
mouse622179,far,68,0.0244656361237253,0.0151207999434106,0.0461368893611874,4.9726901108119765,5.361266312057165,4.9768845506930655,0.1336994639692061,0.1302110350894425,0.1312185018121119,1810.0,1939.0,2089.0,18.1,19.39,20.89,13.574564993314919,14.54373712075051,11.337445761212535,2.4220342689565735,0.0167106753597408,mouse622179far68,0.2000900090009001,0.3224122412241225,0.2594959495949596,0
mouse622179,far,71,0.0868918045074356,0.0447311670042227,0.054916793655669996,3.3963304976666153,0.210719848004398,4.304176102887436,0.3798965443974461,0.3007286241204145,0.2734654853661497,140.0,307.0,375.0,1.4000000000000001,3.0700000000000003,3.75,13.1319460070652,14.846768515229144,10.96845216663379,2.4041630560342617,0.037933610909591006,mouse622179far71,0.1981998199819983,0.6572457245724572,0.3785778577857789,1
mouse622179,far,69,0.0316405072967154,0.0214528346098595,0.0171660435032399,4.528575949283793,4.351919366434103,5.790038142447942,0.2757687376512456,0.1885130037664844,0.2549816752759761,386.0,511.0,504.0,3.86,5.11,5.04,13.65896341280865,15.54237219840284,11.504260216927824,2.4074104344710316,0.0343507362274353,mouse622179far69,0.1806480648064806,0.7204320432043205,0.3075607560756076,1
mouse622179,far,74,0.0443593430912443,0.0293216269613176,0.0276205661996697,2.192713905181463,3.9977374204868,5.1215787794648655,0.2511905309698997,0.2217198573682596,0.2016187005935131,506.0,557.0,568.0,5.0600000000000005,5.57,5.68,13.068069472363243,15.854920400972329,10.991667931966749,2.4109126902482387,0.0296729325159613,mouse622179far74,0.1698469846984698,0.5989198919891991,0.3094509450945093,0
mouse622179,far,115,0.0368419164944574,0.0955820356011521,0.0420939087037617,0.132382420565579,3.4992291302303187,0.7957339423511622,0.4550052458414491,0.3274392213903079,0.3054961202523817,72.0,173.0,228.0,0.72,1.73,2.2800000000000002,13.417114955112051,17.004678333102135,11.22990385655149,2.4109126902482387,0.0514562541187947,mouse622179far115,0.1782178217821782,0.5972997299729974,0.3507650765076509,0
mouse622179,far,75,0.0304531128084738,0.0442620914141121,0.014550338359983999,4.563929315397539,4.441686823234455,4.65006708466421,0.1438722601935368,0.1473666968057874,0.1152651212211142,2280.0,2054.0,2190.0,22.8,20.54,21.900000000000002,13.417114955112051,17.004678333102135,11.22990385655149,2.4109126902482387,0.0250808322679411,mouse622179far75,0.2441044104410441,0.4323132313231324,0.2905490549054905,0
mouse622179,far,73,0.0232406994902382,0.0278898974284754,0.0526933714077645,4.690464129619955,3.830449187125911,4.687956652619416,0.3285543843670971,0.2543421834806585,0.24637877489724,184.0,491.0,374.0,1.84,4.91,3.74,13.417114955112051,17.004678333102135,11.22990385655149,2.4109126902482387,0.0317775249237122,mouse622179far73,0.21899189918991896,0.7325832583258327,0.3448244824482448,1
mouse622179,far,77,0.0498504646307682,0.1261232931680674,0.0703061182790438,3.3109659856676203,1.106936137794324,4.249343977567815,0.3312874428912753,0.4260848829566059,0.3386985306401616,178.0,91.0,157.0,1.78,0.91,1.57,13.065156977293727,17.346778446132994,10.957963700539686,2.405332617331749,0.0441798692702661,mouse622179far77,0.1954995499549955,0.6896489648964899,0.395049504950495,1
mouse622179,far,80,0.0456533694233148,0.0183265648379293,0.0626102634315732,5.599076358027898,2.134217488133676,5.981944718405595,0.1879357746700009,0.208314373979878,0.2141687660433306,782.0,850.0,822.0,7.82,8.5,8.22,13.522201125105527,19.183705554495976,11.276993655346914,2.405332617331749,0.0172935549866414,mouse622179far80,0.2349234923492349,0.7579657965796581,0.3553555355535552,1
mouse622179,far,79,0.0138051396157058,0.0247293212158773,0.0278742025592102,2.6709043537612853,5.614090622325941,0.1934967963371662,0.146160757353825,0.1906061112642638,0.1600885662036849,1339.0,1134.0,1196.0,13.39,11.34,11.96,13.522201125105527,19.183705554495976,11.276993655346914,2.405332617331749,0.0545846713968731,mouse622179far79,0.2897389738973898,0.3545454545454546,0.2667866786678667,0
mouse622179,far,81,0.0340584338853729,0.0273210759833854,0.049693589069660996,1.9579835417550973,5.414835058319364,3.8907592031411986,0.1572006556144332,0.1433792445495728,0.1560699660086924,1588.0,1253.0,1390.0,15.88,12.530000000000001,13.9,13.46896411511743,20.805189350052586,11.263594720567086,2.414150989478496,0.0138274243215665,mouse622179far81,0.2327632763276328,0.6953195319531954,0.3685868586858686,1
mouse622179,far,116,0.081739246904226,0.1010783219624354,0.0421771752702241,3.2516927720298887,0.6123859529856089,3.1380955134454447,0.3944034874749683,0.3856276342251835,0.3725640465450858,125.0,131.0,177.0,1.25,1.31,1.77,13.46896411511743,20.805189350052586,11.263594720567086,2.414150989478496,0.0347186586018704,mouse622179far116,0.2624662466246625,0.7144914491449146,0.38991899189919005,1
mouse622179,far,117,0.0220353759667957,0.0696908641433722,0.0473206376973064,5.115805563218199,5.781427896352732,3.5795255781494832,0.2557513953809979,0.2653116690103703,0.24924839765471202,338.0,457.0,480.0,3.38,4.57,4.8,13.081677324575416,20.999611520328607,10.8532052940083,2.418935716384377,0.0613691022464328,mouse622179far117,0.258955895589559,0.7377137713771379,0.3553555355535555,1
mouse622179,far,118,0.0329309878910034,0.0545306701866412,0.0433534636080229,4.788134750073403,3.2877756986028386,4.507580561389778,0.1803466727453756,0.2136797644576297,0.1754261692146367,1093.0,820.0,954.0,10.93,8.2,9.540000000000001,13.515277529078464,21.812959498773328,11.319276377036667,2.418935716384377,0.012683094275103,mouse622179far118,0.2206120612061206,0.7223222322232223,0.3442844284428444,1
mouse622179,far,119,0.0570955483830036,0.0257696302277476,0.0463671662093597,4.0315340693911805,0.6689884232970756,4.012621476719415,0.2150766700502304,0.1710101815245302,0.2159965476169842,975.0,829.0,857.0,9.75,8.290000000000001,8.57,13.131184928470613,21.11615901955421,10.927993173930867,2.4239688529352024,0.01183067446859,mouse622179far119,0.2162916291629163,0.6453645364536454,0.396129612961296,1
mouse622179,far,85,0.0496730779435888,0.0558750484996671,0.074255574123636,4.314769357211137,4.060224192808538,5.9104092509169766,0.2403419424860924,0.206199314605038,0.2510922019724784,593.0,888.0,621.0,5.93,8.88,6.21,13.34448300813582,22.15559752706761,11.1370304761939,2.4239688529352024,0.0303732909388852,mouse622179far85,0.2117011701170117,0.6950495049504951,0.3764176417641766,1
mouse622179,far,83,0.0401602090050441,0.0395382777607674,0.0260709470295989,4.656394149655066,4.00325082502229,3.956208756886522,0.2965616956009285,0.198800087501861,0.2476428958806978,407.0,504.0,418.0,4.07,5.04,4.18,13.34448300813582,22.15559752706761,11.1370304761939,2.4239688529352024,0.0170754447510026,mouse622179far83,0.1587758775877588,0.7023402340234025,0.3272727272727272,1
mouse622179,far,86,0.0353379647972774,0.0434021686923585,0.063290915863675,4.465438343147658,0.46918990141507,4.73650416427238,0.2176651998105633,0.235698943533646,0.2222639455831555,504.0,607.0,585.0,5.04,6.07,5.8500000000000005,12.845314625692785,24.95715472163703,10.728427774457797,2.434774116833017,0.0248772721741116,mouse622179far86,0.1911791179117912,0.6966696669666967,0.3415841584158415,1
mouse622179,far,88,0.0368231178303685,0.0157803307706747,0.0120988187057307,0.0294960164531003,0.6278803550878268,4.203632243780257,0.1359713697096481,0.1383743132567278,0.1633033404630336,1903.0,1317.0,1301.0,19.03,13.17,13.01,12.744505247710777,26.624177560327286,10.628727556400033,2.4217762076624667,0.038536311911196004,mouse622179far88,0.18199819981998197,0.3124212421242124,0.2381638163816382,0
mouse622179,far,122,0.0366696162575496,0.0876562072208459,0.1296941000446224,4.917219304594037,5.860131028386575,5.017835228053288,0.2701730736151663,0.3257262189248496,0.31366435532077,259.0,192.0,256.0,2.59,1.92,2.56,12.781116959695733,25.241428473901262,10.59105804482444,2.4275759514379773,0.031585361695502,mouse622179far122,0.2071107110711071,0.7120612061206121,0.3799279927992799,1
mouse634572,far,313,0.1022404211371027,0.036052005183702,0.0695314425717066,5.858138155018049,0.4591445543110844,5.684271324658704,0.450062663524758,0.4105734803734018,0.3845599400912833,84.0,104.0,122.0,0.84,1.04,1.22,9.164165144894456,10.752903878650987,9.191982305867587,2.351329411205499,0.0554548812476546,mouse634572far313,0.1790279027902791,0.7585058505850586,0.4714671467146717,1
mouse634572,far,151,0.1214142286114307,0.0457744655913433,0.1023037180978818,3.9428854805438514,2.5795774117940105,4.292663168409615,0.3310403963021324,0.263236163615017,0.2621608574083194,677.0,715.0,920.0,6.7700000000000005,7.15,9.200000000000001,7.836873164150227,10.47404737293655,7.924686919387058,2.371840003035618,0.0067497468352912,mouse634572far151,0.1714671467146715,0.2832583258325833,0.223042304230423,0
mouse634572,far,152,0.0572096041804897,0.077708410146032,0.0701398331945437,3.8797808945887655,0.431556138700899,3.8697253603326316,0.4269121494990682,0.4541417458854305,0.3976399748346308,124.0,122.0,129.0,1.24,1.22,1.29,7.836873164150227,10.47404737293655,7.924686919387058,2.371840003035618,0.0205978863769844,mouse634572far152,0.1228622862286228,0.6413141314131414,0.2581458145814581,0
mouse634572,far,163,0.0881713619882036,0.1516118547161204,0.0469457059607504,2.736965515447502,6.142681494256836,0.7053053911605669,0.4586813140528187,0.5260681460458947,0.4363059531953203,63.0,65.0,93.0,0.63,0.65,0.93,7.860319555520105,9.874972374484166,8.207106620453466,2.3738154940938445,0.0385005465401926,mouse634572far163,0.1441944194419442,0.5837983798379839,0.2921692169216923,0
mouse634572,far,166,0.1452967454001288,0.11291980408164098,0.0454201047336671,5.522183467496114,4.2456545957587,6.008005621216839,0.4519672493829693,0.5224800673422592,0.4836598472682529,94.0,61.0,59.0,0.9400000000000001,0.61,0.59,7.826170980007832,9.878202542746903,8.017763433808437,2.3738154940938445,0.0395313650209985,mouse634572far166,0.2203420342034203,0.7814581458145815,0.4190819081908193,1
mouse634572,far,164,0.0701850485172963,0.0556809709022847,0.0643796456968811,3.66087503205316,0.4036008471740999,5.10483208678658,0.4072996380657044,0.37948879514660605,0.3977121352415071,114.0,118.0,162.0,1.1400000000000001,1.18,1.62,7.826170980007832,9.878202542746903,8.017763433808437,2.3738154940938445,0.0477334840445035,mouse634572far164,0.1639063906390638,0.7846984698469849,0.3726372637263725,1
mouse634572,far,165,0.0601563487051087,0.0564840778396758,0.0814330041551903,4.037434327667582,5.083693503017747,3.1059378290657174,0.3301303911680183,0.3324367114886167,0.349191743777954,236.0,278.0,247.0,2.36,2.7800000000000002,2.47,7.8792594500598945,9.728111876935476,8.017124439577579,2.375,0.0322233353568875,mouse634572far165,0.2125112511251125,0.8362736273627365,0.4895589558955898,1
mouse634572,far,169,0.0699853356612596,0.0800862256304264,0.07936626891392899,4.529109472954499,4.531784605574312,4.5013795644644405,0.2527938540164102,0.2328735672931739,0.2684365755343285,1108.0,1208.0,926.0,11.08,12.08,9.26,8.235509772037162,9.918266361109128,8.418261456895697,2.376446927663229,0.019048467939238,mouse634572far169,0.21602160216021601,0.6461746174617463,0.3864086408640862,1
mouse634572,far,175,0.1100610766882374,0.0880530901430539,0.0908696408558807,4.37761999957219,4.5027338475453575,4.519631559301322,0.2287214545785308,0.22774847088950198,0.2021572186875115,1620.0,2062.0,1825.0,16.2,20.62,18.25,8.623749601961174,10.118020253779106,8.713207465454882,2.376446927663229,0.0069447650171987,mouse634572far175,0.1801080108010802,0.2927092709270927,0.2384338433843386,0
mouse634572,far,177,0.0830970655860801,0.0807742971751987,0.0741678123657662,5.437559109089124,5.183566736055102,5.317813604458871,0.1993046504098203,0.1955106355157753,0.1744026871385024,1812.0,2154.0,2148.0,18.12,21.54,21.48,8.623749601961174,10.118020253779106,8.713207465454882,2.376446927663229,0.0137830314554877,mouse634572far177,0.1528352835283528,0.2513951395139514,0.2003600360036003,0
mouse634572,far,178,0.08757948993899001,0.0664810141276583,0.0660909951023248,4.420850257100651,4.3480069558093515,4.329253909229618,0.2109190550944929,0.1835083045204117,0.1924499121389249,1462.0,1989.0,1638.0,14.620000000000001,19.89,16.38,8.222936844892361,9.821882499051744,8.422397543373709,2.378155798092295,0.0124913539331786,mouse634572far178,0.1522952295229522,0.2486948694869487,0.197929792979298,0
mouse634572,far,179,0.2930170567064398,0.2660436593821255,0.2843174643313454,4.498460681498097,4.4631726118118555,4.332094442321621,0.5308706944378941,0.517526156340347,0.4849945464203523,94.0,79.0,183.0,0.9400000000000001,0.79,1.83,8.948804072581686,10.369007548262584,9.065660780561863,2.378155798092295,0.0336071171283057,mouse634572far179,0.1252925292529252,0.7012601260126013,0.3145814581458145,0
mouse634572,far,188,0.1431523759498616,0.1456162586360285,0.1345505664950843,5.7410483956075895,1.7726126541694442,1.573878995379866,0.3208328454583112,0.311774887595562,0.3444735212355013,546.0,676.0,424.0,5.46,6.76,4.24,8.659735879573915,10.056377823194314,8.816128578521413,2.368279966558008,0.020026990834108995,mouse634572far188,0.1844284428442844,0.7736273627362737,0.3934293429342933,1
mouse634572,far,187,0.2021703536267373,0.2121274557077158,0.2047830266168534,3.9088374246624333,4.519118177870858,2.8527178942032974,0.4320377840362178,0.3784178406488465,0.3796136714581663,143.0,639.0,283.0,1.43,6.390000000000001,2.83,8.659735879573915,10.056377823194314,8.816128578521413,2.368279966558008,0.0615219462922401,mouse634572far187,0.2033303330333034,0.6523852385238524,0.3510351035103513,1
mouse634572,far,189,0.0247266166865294,0.0238109274367624,0.044559262007994,4.7223342770217895,2.8153370902088874,1.0957625226633292,0.1893221918092464,0.1742924234980195,0.2038128194709066,928.0,1092.0,931.0,9.28,10.92,9.31,11.185119549375804,15.335890052754559,11.431823084452269,2.368279966558008,0.0192990805233967,mouse634572far189,0.1266426642664265,0.7158415841584159,0.3302430243024302,0
mouse634572,far,199,0.1156885847610204,0.057832243275403,0.0694012130121857,4.965949402728599,0.0943988023697471,1.2065471035539828,0.3127251097352491,0.2735528922741894,0.2791308607741508,348.0,332.0,405.0,3.48,3.3200000000000003,4.05,10.109149781909975,14.440181769614465,10.194412944834376,2.391390808713624,0.0452333181923613,mouse634572far199,0.2227722772277227,0.6294329432943296,0.3785778577857787,1
mouse634572,far,190,0.0711101391018957,0.07572586680092401,0.0669993591562736,2.1749206547551103,5.7047962051459145,4.562754590576566,0.2240382981110746,0.2479208141294501,0.2244426726741683,803.0,765.0,753.0,8.03,7.65,7.53,10.109149781909975,14.440181769614465,10.194412944834376,2.391390808713624,0.0227501448710677,mouse634572far190,0.1706570657065707,0.6386138613861386,0.2613861386138616,0
mouse634572,far,193,0.047831646683877994,0.0396890337896518,0.065795085929574,1.542769068903473,5.888332377396781,1.964810482905297,0.2650786227538378,0.2644254439543146,0.2713818402611658,434.0,296.0,366.0,4.34,2.96,3.66,10.175269467809857,15.015924907481212,10.374328733811222,2.391390808713624,0.0240047825724988,mouse634572far193,0.1833483348334833,0.7655265526552656,0.3353735373537355,1
mouse634572,far,194,0.1003033111668541,0.0990017376112164,0.1057234283007662,4.022163896564521,3.6061345335268418,3.5161291029501536,0.3080291920877798,0.2432024986437936,0.2716033854793696,642.0,940.0,646.0,6.42,9.4,6.46,10.175269467809857,15.015924907481212,10.374328733811222,2.391390808713624,0.0456637204710339,mouse634572far194,0.1954995499549955,0.7684968496849686,0.3818181818181819,1
mouse634572,far,196,0.0465482219812928,0.0400599249601612,0.0705673947601134,5.1968249936078115,3.3630683822104013,5.085081271357209,0.1261177634354624,0.1201110185966197,0.1590769738567268,3940.0,4315.0,4471.0,39.4,43.15,44.71,9.910890197464266,14.946113343142404,10.058567497811506,2.394133454926855,0.0177768783447438,mouse634572far196,0.1458145814581458,0.2840684068406841,0.2395139513951394,0
mouse634572,far,182,0.1224820575593213,0.1116870781245182,0.1201665159338598,4.589547759133809,3.0678197462007852,3.2080608026311785,0.2328248433597036,0.2563619738849135,0.2715211140934069,1538.0,1467.0,935.0,15.38,14.67,9.35,9.910890197464266,14.946113343142404,10.058567497811506,2.394133454926855,0.0704841794882758,mouse634572far182,0.2427542754275428,0.7728172817281729,0.4579657965796578,1
mouse634572,far,198,0.1090992883294534,0.122816452571042,0.1009871563522707,4.893433829066087,3.9270677156076745,3.887278391371449,0.293711240189194,0.2789861792075354,0.2484037736096476,638.0,660.0,599.0,6.38,6.6000000000000005,5.99,9.910890197464266,14.946113343142404,10.058567497811506,2.394133454926855,0.0321837960333024,mouse634572far198,0.2540954095409541,0.7490549054905492,0.3391539153915389,1
mouse634572,far,197,0.0336978026541938,0.0243949056239918,0.0361085317188779,1.4613615531805617,1.8700274013776201,2.6177889158223784,0.136931490457958,0.1377338998428651,0.1443428128140303,1691.0,1827.0,1370.0,16.91,18.27,13.700000000000001,9.40798554158295,15.36431570640616,9.64208023225798,2.394133454926855,0.0487374582723434,mouse634572far197,0.1728172817281729,0.3839783978397841,0.8662466246624664,1
mouse634572,far,204,0.0714648516205335,0.0623811395005731,0.1050299966404191,4.612455635677602,1.3582773449710437,3.9255395995457185,0.3921212628306383,0.292695708566817,0.3120306486360439,141.0,253.0,288.0,1.41,2.5300000000000002,2.88,9.356991794495617,10.966917063849582,9.542275587773489,2.397133705073624,0.0151570942870606,mouse634572far204,0.1693069306930693,0.6024302430243026,0.3197119711971197,0
mouse634572,far,205,0.0962363734730737,0.0564859062363209,0.0610823378469157,4.287893723865439,3.8391072903333536,4.432377099568919,0.2725363512971833,0.2632984584385439,0.313012691831495,469.0,430.0,356.0,4.69,4.3,3.56,9.356991794495617,10.966917063849582,9.542275587773489,2.397133705073624,0.0202287160170178,mouse634572far205,0.2252025202520252,0.6845184518451848,0.3772277227722772,1
mouse634572,far,207,0.0923942059869142,0.0695549431261956,0.0808598160079476,3.2831082895628168,4.377249402098815,3.6257838100938193,0.3845790385139084,0.37718706614877096,0.3337899121614318,137.0,150.0,201.0,1.37,1.5,2.0100000000000002,9.356991794495617,10.966917063849582,9.542275587773489,2.397133705073624,0.0280632106983294,mouse634572far207,0.1814581458145815,0.7544554455445546,0.3364536453645365,1
mouse634572,far,209,0.0540586251968908,0.0730476978089531,0.0559132711623866,2.367885383775436,3.03431698933506,5.567435664488325,0.3261109537414147,0.3362686764471725,0.3461659827987274,191.0,164.0,204.0,1.9100000000000001,1.6400000000000001,2.04,9.612635577892787,11.051725775728702,9.67493360139043,2.4003905932160294,0.0578288422157441,mouse634572far209,0.1531053105310531,0.8208820882088209,0.2589558955895591,1
mouse634572,far,212,0.0253578541581848,0.0738516130876776,0.0750842247760774,5.2529338774582195,3.2090669304650135,4.805534281252194,0.2233842557919566,0.2555596466309306,0.2487408670477086,603.0,535.0,580.0,6.03,5.3500000000000005,5.8,9.258396923503737,10.976543168734107,9.288692016368142,2.4003905932160294,0.006077537067251999,mouse634572far212,0.1544554455445544,0.655895589558956,0.30405040504050396,0
mouse634572,far,326,0.0667187493352641,0.0607753448758812,0.0485922045413132,6.125730937240469,4.405347547090422,0.5948263899185139,0.2908868281085223,0.2781998372421748,0.2785519749886738,288.0,296.0,324.0,2.88,2.96,3.24,9.258396923503737,10.976543168734107,9.288692016368142,2.4003905932160294,0.0268540410227247,mouse634572far326,0.2265526552655266,0.6545454545454547,0.4166516651665167,1
mouse634572,far,213,0.0560860694901805,0.0564892540199415,0.0464124366776783,4.928659587167014,4.038964915139056,4.123162461560968,0.1859404971737497,0.1695271704232501,0.1664786270061483,1235.0,1437.0,1230.0,12.35,14.370000000000001,12.3,9.349570125249423,11.053597667005349,9.6524165038745,2.403903076249124,0.0081403315369563,mouse634572far213,0.1903690369036904,0.5954095409540955,0.3639963996399641,1
mouse634572,far,214,0.0570495258239952,0.148005828563547,0.0665028957040043,0.6204821150329636,2.45741880310331,3.0438742138757924,0.4347845084132251,0.4469156944475713,0.4377329131598092,73.0,82.0,100.0,0.73,0.8200000000000001,1.0,9.349570125249423,11.053597667005349,9.6524165038745,2.403903076249124,0.0354110182153368,mouse634572far214,0.1344734473447345,0.6942394239423942,0.2562556255625563,0
mouse634572,far,329,0.0312275960071733,0.0264494566722732,0.0907861796686384,2.6633262959742607,1.1560617773173167,4.622101210273842,0.1862622374012217,0.2051870906253548,0.2489253733123005,819.0,873.0,881.0,8.19,8.73,8.81,9.825394371970422,11.622963266740744,9.938408789249767,2.403903076249124,0.0208665078814613,mouse634572far329,0.2486948694869487,0.6893789378937895,0.4379837983798381,1
mouse634572,far,215,0.0340666580132881,0.0698908807940043,0.0294101379481296,3.701310838058719,4.824650487011673,6.282372375299537,0.1877098720853858,0.2105603949275783,0.168485065225362,950.0,1045.0,983.0,9.5,10.450000000000001,9.83,9.825394371970422,11.622963266740744,9.938408789249767,2.403903076249124,0.0111650473594163,mouse634572far215,0.1992799279927992,0.6396939693969399,0.3475247524752475,1
mouse634572,far,216,0.0696780781329645,0.0187980258394914,0.0245792934266128,5.130561588747473,5.113801077084713,5.296152232293349,0.213151205171935,0.1527552415295145,0.1585550195763653,1014.0,1262.0,1209.0,10.14,12.620000000000001,12.09,9.825394371970422,11.622963266740744,9.938408789249767,2.403903076249124,0.0297681290845463,mouse634572far216,0.1371737173717372,0.2732673267326733,0.2176417641764176,0
mouse634572,far,221,0.0306745836050445,0.0578668800157128,0.0372335237461868,5.745595967874513,4.1552606013927855,3.706414021723688,0.1644783998023386,0.1781669259504346,0.18144324614924598,1165.0,1480.0,1125.0,11.65,14.8,11.25,9.985976379015321,11.948548442556136,10.121643205809134,2.403903076249124,0.0219943065025518,mouse634572far221,0.2357335733573357,0.6826282628262828,0.3928892889288927,1
mouse634572,far,223,0.0306948914932477,0.0186897951624422,0.0580793752102927,4.205325427096791,4.621323655922449,4.184219269975014,0.2068585824472548,0.1848598553381274,0.2313692608267699,644.0,682.0,633.0,6.44,6.82,6.33,9.96759107023361,11.718211148938547,10.164664839786704,2.4076700355322784,0.0083125841843842,mouse634572far223,0.1936093609360936,0.6383438343834386,0.3445544554455445,1
mouse634572,far,224,0.1043809083720149,0.0542896829662037,0.0953620890937991,1.3866689758315742,4.01500227996338,4.881607252099816,0.4483044609207703,0.327954540650868,0.4075242837980324,107.0,150.0,123.0,1.07,1.5,1.23,9.96759107023361,11.718211148938547,10.164664839786704,2.4076700355322784,0.0274667409768523,mouse634572far224,0.1560756075607561,0.7117911791179118,0.2932493249324933,0
mouse634572,far,332,0.0366576865480288,0.016816822650384,0.0385963575110373,4.312565503781742,3.375486809540388,2.8229504141826762,0.2057339367012104,0.1628182945741241,0.2049791147181513,680.0,999.0,791.0,6.8,9.99,7.91,9.96759107023361,11.718211148938547,10.164664839786704,2.4076700355322784,0.0136356262840903,mouse634572far332,0.2162916291629163,0.831953195319532,0.3675067506750676,1
mouse634572,far,334,0.0278189859231263,0.0289056116015665,0.0377050433625007,1.4679556857281526,4.691834039957998,3.6707610510011435,0.2355486178473059,0.2184146563815023,0.2523650152666504,458.0,416.0,471.0,4.58,4.16,4.71,9.96759107023361,11.718211148938547,10.164664839786704,2.4076700355322784,0.0402848341686913,mouse634572far334,0.2009000900090009,0.6704770477047706,0.40396039603960404,1
mouse634572,far,228,0.0315977079780632,0.0430570115302971,0.0589236391085328,4.627630589385991,3.3196430885659187,3.7119774010932884,0.257701451636239,0.2351708622044049,0.28330729706824104,419.0,405.0,336.0,4.19,4.05,3.36,10.755714688802822,12.842744157451769,10.740881126663988,2.4076700355322784,0.015914597323835,mouse634572far228,0.2492349234923492,0.6685868586858688,0.3969396939693969,1
mouse634572,far,231,0.0516139904056527,0.0202817047889331,0.0367824139112312,4.6053029015584634,4.685321670734685,4.704638809893301,0.1590777421075196,0.1191060734703464,0.1433101655555635,1930.0,2718.0,2333.0,19.3,27.18,23.330000000000002,9.911971775001216,11.95568476004885,10.030561949017203,2.4116902786220296,0.0123206334232409,mouse634572far231,0.1498649864986498,0.3097209720972097,0.2684068406840685,0
mouse634572,far,226,0.0504564184276911,0.0316824412697504,0.0505746341611506,4.000054027358272,3.664841567259107,3.617157354339767,0.22047090726655902,0.2241301431337639,0.2301274589583047,749.0,742.0,666.0,7.49,7.42,6.66,9.911971775001216,11.95568476004885,10.030561949017203,2.4116902786220296,0.0207384442451745,mouse634572far226,0.2459945994599459,0.723942394239424,0.3939693969396943,1
mouse634572,far,233,0.032798324815588996,0.0366760346294692,0.0363339505301162,4.468570647292066,5.501995719086458,4.207637969219686,0.212819765134919,0.2047805949583316,0.2391543239119072,463.0,436.0,499.0,4.63,4.36,4.99,10.457556848497893,13.063582187512676,10.542236473451952,2.4116902786220296,0.0313051089561903,mouse634572far233,0.1633663366336634,0.8621962196219624,0.3153915391539156,1
mouse634572,far,236,0.1453751760078932,0.0747484577511429,0.1797685608197416,4.919738099925596,5.05867777218681,4.7495363227130065,0.4382544436838099,0.3877910348044345,0.4356861507326888,102.0,109.0,109.0,1.02,1.09,1.09,10.457556848497893,13.063582187512676,10.542236473451952,2.4116902786220296,0.0363202734881869,mouse634572far236,0.1806480648064806,0.7725472547254728,0.4147614761476149,1
mouse634572,far,234,0.0968740421255336,0.0905761503408259,0.1076576827395249,4.625553239820975,4.664849643136817,4.63494438072241,0.2546745636351509,0.2544920582323853,0.2434111782943779,794.0,803.0,768.0,7.94,8.03,7.68,10.457556848497893,13.063582187512676,10.542236473451952,2.4116902786220296,0.0183122203184524,mouse634572far234,0.1439243924392439,0.6928892889288929,0.3440144014401441,0
mouse634572,far,336,0.0579208270442265,0.1377694683093111,0.0986351888308139,3.3322919507120297,4.146431045654596,4.127962406896488,0.399632183544068,0.5036250385382584,0.4075544533465822,104.0,80.0,90.0,1.04,0.8,0.9,10.351931876270076,12.669997357555669,10.392273456843572,2.415962541100338,0.0440971550311789,mouse634572far336,0.2351935193519352,0.7846984698469849,0.4741674167416739,1
mouse634572,far,238,0.0699845119928169,0.0847899851613507,0.1134486633703896,4.253012632072928,4.099146045528663,4.5269624974131615,0.3014397006560006,0.281424543431344,0.3403192915585871,310.0,406.0,273.0,3.1,4.0600000000000005,2.73,10.351931876270076,12.669997357555669,10.392273456843572,2.415962541100338,0.0100150339839898,mouse634572far238,0.1698469846984699,0.7279927992799281,0.4347434743474346,1
mouse634572,far,237,0.0641243645896809,0.0659851713573825,0.054124122056637,3.3334369015774943,3.4663697921693393,2.7121196234820872,0.4132106665385017,0.313715845535328,0.3696255017745653,91.0,195.0,118.0,0.91,1.95,1.18,10.351931876270076,12.669997357555669,10.392273456843572,2.415962541100338,0.0208633823347708,mouse634572far237,0.1625562556255626,0.7506750675067508,0.3407740774077407,1
mouse634572,far,338,0.1112388012510468,0.1072735840672948,0.1100444116775104,4.4576050840376835,4.715691907761211,4.605017559817698,0.273334486875382,0.2494303860605625,0.2854382499459784,651.0,598.0,667.0,6.51,5.98,6.67,10.434573665238672,13.177112257444453,10.42600853182998,2.415962541100338,0.0296771284092941,mouse634572far338,0.2478847884788479,0.6918091809180918,0.4174617461746174,1
mouse634572,far,230,0.0824148315152492,0.1038267336107176,0.1106872288364133,4.0869726455570765,4.0348150950042125,4.183899289673944,0.2944072988012445,0.2976001716869999,0.3081020040019979,431.0,498.0,587.0,4.3100000000000005,4.98,5.87,10.434573665238672,13.177112257444453,10.42600853182998,2.415962541100338,0.0225923162217061,mouse634572far230,0.2084608460846084,0.7163816381638164,0.3966696669666968,1
mouse634572,far,241,0.1063948508748368,0.0833389631346241,0.1085780804441765,4.022902732829001,4.143427373027075,4.005435885596446,0.2507947464047776,0.2079008560141381,0.2638200993963508,1216.0,1337.0,1215.0,12.16,13.370000000000001,12.15,10.434573665238672,13.177112257444453,10.42600853182998,2.415962541100338,0.0211908778105173,mouse634572far241,0.20306030603060302,0.6523852385238526,0.3891089108910893,1
mouse634572,far,242,0.1729846602285909,0.1360783609042677,0.17144333234178502,4.516761256817974,4.509403158860449,4.525981474523738,0.2951505937116564,0.2855150664023786,0.309073671422239,760.0,900.0,885.0,7.6000000000000005,9.0,8.85,10.434573665238672,13.177112257444453,10.42600853182998,2.415962541100338,0.0120944862205356,mouse634572far242,0.1744374437443744,0.6553555355535555,0.3440144014401441,1
mouse634572,far,243,0.1108404508658221,0.0476893997595826,0.0993696719841375,4.224598090993951,4.683296200249207,4.281471901182021,0.3002482991247867,0.2299283883873357,0.3087745161465605,636.0,702.0,583.0,6.36,7.0200000000000005,5.83,10.434573665238672,13.177112257444453,10.42600853182998,2.415962541100338,0.0323286727358936,mouse634572far243,0.2673267326732674,0.7633663366336634,0.4153015301530153,1
mouse634572,far,343,0.1302043239586935,0.0971580738243041,0.1831387930078541,4.691637834100371,4.0825862786707585,4.597888904169873,0.3794493775995257,0.4046707707760245,0.3721016683292968,221.0,141.0,275.0,2.21,1.41,2.75,10.12308130892522,12.958791347494257,10.104406224395051,2.415962541100338,0.0228075313879731,mouse634572far343,0.2270927092709271,0.7312331233123313,0.3675067506750674,1
mouse634572,far,244,0.155449928925321,0.1109955593110627,0.1503377311010539,4.05530632461506,3.3780906046280355,4.305352920099643,0.4541017726204083,0.4570172267840894,0.4921473954021739,83.0,75.0,74.0,0.8300000000000001,0.75,0.74,10.12308130892522,12.958791347494257,10.104406224395051,2.415962541100338,0.0426173092712421,mouse634572far244,0.1933393339333933,0.7234023402340236,0.49981998199820005,1
mouse634572,far,245,0.1808112409764188,0.1938310933117069,0.2014114699087517,4.981315162397684,4.787580483961864,4.682284902487371,0.3803549163769839,0.3969098500416209,0.3808056019160084,354.0,267.0,355.0,3.54,2.67,3.5500000000000003,10.517398326255453,13.728715921179619,10.607512899031466,2.4204854884919267,0.0096036479920477,mouse634572far245,0.1990099009900989,0.6839783978397841,0.4558055805580557,1
mouse634572,far,248,0.1180915930614379,0.0956320805785696,0.1251345872493869,2.992770722853668,4.054812684241809,4.217708415289652,0.2711132171999716,0.2725971990770046,0.2774578765270628,814.0,928.0,823.0,8.14,9.28,8.23,10.248919013921768,13.459628182428382,10.204230756960424,2.4204854884919267,0.0129122234382853,mouse634572far248,0.1965796579657965,0.6345634563456347,0.3434743474347436,1
mouse634572,far,247,0.1209131604365393,0.081458485201643,0.1192200788484289,4.523334252311997,4.879372202436242,4.596728539063309,0.2247353906720443,0.19427135040786103,0.2382304104889769,2504.0,2864.0,2581.0,25.04,28.64,25.810000000000002,10.248919013921768,13.459628182428382,10.204230756960424,2.4204854884919267,0.0129279535280283,mouse634572far247,0.1879387938793879,0.3037803780378039,0.2438343834383438,0
mouse634572,far,250,0.0772367065452232,0.0799558084519478,0.1085087427322609,3.110157140406272,4.000983205687323,4.833722249502179,0.2867426951092112,0.2748447094609026,0.2996916797531031,354.0,430.0,392.0,3.54,4.3,3.92,10.966097105123797,14.438178011820204,11.063747550087928,2.4252577182641852,0.0342342174188289,mouse634572far250,0.233033303330333,0.7863186318631863,0.5003600360036004,1
mouse634572,far,249,0.1521443033949575,0.1054002181581556,0.2006498979407916,4.0056735533571635,1.89726856103511,4.932886238613854,0.3128099082944631,0.2822411919185832,0.3828502450256497,385.0,338.0,333.0,3.85,3.38,3.33,10.966097105123797,14.438178011820204,11.063747550087928,2.4252577182641852,0.0141725685064591,mouse634572far249,0.2041404140414041,0.6688568856885689,0.3934293429342933,1
mouse634572,far,345,0.079817419604711,0.0560421509392374,0.0730968033546936,3.710901894177839,5.463269142823679,5.173678734518497,0.2697935253912472,0.2358419220399551,0.2765211752741426,458.0,539.0,541.0,4.58,5.39,5.41,10.966097105123797,14.438178011820204,11.063747550087928,2.4252577182641852,0.0167493717033897,mouse634572far345,0.1846984698469846,0.7099009900990101,0.4620162016201622,1
mouse634572,far,350,0.1759008410710924,0.1900999676667302,0.2613506854333127,3.4955832115739773,2.9176449002369,3.620696122017177,0.4636116514579028,0.5000439966496765,0.5231884041229437,105.0,73.0,59.0,1.05,0.73,0.59,9.915941994849273,13.668953195691648,9.991492936302283,2.4252577182641852,0.0570120200517391,mouse634572far350,0.1981998199819982,0.7107110711071108,0.3982898289828985,1
mouse634572,far,384,0.17555718786368202,0.1029360934675016,0.130420719946433,5.288158090527619,0.3365803090157105,2.8766162271164,0.4706256431138467,0.3805509386385152,0.4373363899012282,71.0,118.0,87.0,0.71,1.18,0.87,9.915941994849273,13.668953195691648,9.991492936302283,2.4252577182641852,0.0456663383455842,mouse634572far384,0.1995499549954995,0.7971197119711974,0.3488748874887487,1
mouse634572,far,347,0.0696892311900936,0.0504782750248126,0.0794735372016655,3.063835620261241,1.7599817998335319,5.552155456235863,0.2931266807175651,0.2611083961455187,0.2978420812813781,393.0,430.0,327.0,3.93,4.3,3.27,9.915941994849273,13.668953195691648,9.991492936302283,2.4252577182641852,0.0207430856722582,mouse634572far347,0.1301530153015301,0.8422142214221422,0.33186318631863204,1
mouse634572,far,349,0.1459198059221514,0.0865894413545174,0.1543997007485995,3.547121336187981,4.954581460060658,3.7747822629824594,0.3814303881151368,0.3663734600147778,0.4105644447070417,185.0,231.0,136.0,1.85,2.31,1.36,9.915941994849273,13.668953195691648,9.991492936302283,2.4252577182641852,0.034703126506914005,mouse634572far349,0.17605760576057602,0.688838883888389,0.3788478847884787,1
mouse634572,far,255,0.081924661830699,0.0651591802276558,0.0972798448132754,4.559614301165077,1.1456424748471277,3.425687101217352,0.2573295843645076,0.2305909956752237,0.2787675002446772,783.0,939.0,806.0,7.83,9.39,8.06,6.139663205907477,27.67339337829193,6.224749181882903,2.4302777619029485,0.0108585203582073,mouse634572far255,0.197929792979298,0.6726372637263727,0.3469846984698469,1
mouse634572,far,258,0.0179169038966531,0.0251816153674356,0.0468332590610394,4.469158310335518,0.6836953951093138,3.6771817965926332,0.142644123284058,0.1436242725745938,0.1693247518150961,1455.0,1896.0,1588.0,14.55,18.96,15.88,5.900664859858256,29.84600878741467,6.057619812902157,2.4302777619029485,0.0209171344874523,mouse634572far258,0.1636363636363637,0.3453645364536455,0.2643564356435643,0
mouse634572,far,261,0.0479081159270292,0.0270210495788575,0.05057169025553799,1.2586057268198616,0.4846747802591009,0.8633550092982207,0.3278168537970679,0.2632281307324634,0.3251452185121783,241.0,274.0,232.0,2.41,2.74,2.32,6.051100555030942,29.90549539340249,6.227228708722367,2.435544087057346,0.0193933329470254,mouse634572far261,0.1317731773177318,0.8473447344734476,0.3456345634563454,1
mouse634572,far,260,0.05229862716526099,0.0505656089492792,0.0343210808455844,3.3966894290791916,3.96227419141775,2.2508646555731766,0.3476273452942565,0.3080812124951984,0.3298318058808942,179.0,220.0,190.0,1.79,2.2,1.9000000000000001,6.051100555030942,29.90549539340249,6.227228708722367,2.435544087057346,0.0263098430765554,mouse634572far260,0.1269126912691269,0.8916291629162919,0.3483348334833483,1
mouse634572,far,385,0.1736541191535062,0.1021844311615033,0.0977238514345151,2.2275235557940762,1.939664622612561,4.799947253539993,0.4788389283004354,0.4314823018807404,0.3830673555684024,66.0,79.0,124.0,0.66,0.79,1.24,5.541092073581941,32.19587866017205,5.617628424074389,2.435544087057346,0.0457547612807557,mouse634572far385,0.1698469846984699,0.7660666066606661,0.37290729072907297,1
mouse634572,far,269,0.0737947408808152,0.0439127914985778,0.0501768634874708,2.1535485189356947,1.4901590750394211,2.3236356370766966,0.3427886942130466,0.2949979980692606,0.318640990968596,194.0,293.0,223.0,1.94,2.93,2.23,8.456685920176254,15.481180384813854,8.636056377310021,2.441055099746829,0.0209050457242241,mouse634572far269,0.1531053105310531,0.8006300630063008,0.3653465346534651,1
mouse634572,far,268,0.0519558331603943,0.0316277273892564,0.0764539293607203,5.742522847630856,5.983867203766402,4.5146057590872495,0.2493056886389418,0.2240229720291868,0.2963263985028078,391.0,541.0,477.0,3.91,5.41,4.7700000000000005,8.456685920176254,15.481180384813854,8.636056377310021,2.441055099746829,0.0536631903676081,mouse634572far268,0.2152115211521151,0.3685868586858686,0.3985598559855987,0
mouse634572,far,270,0.1266922029065386,0.1654887784881632,0.116011216413984,5.006149624882548,0.759972599088258,2.94617384947096,0.5313748055946361,0.4736386128641322,0.4721756390319386,59.0,71.0,62.0,0.59,0.71,0.62,8.456685920176254,15.481180384813854,8.636056377310021,2.441055099746829,0.0852213105199669,mouse634572far270,0.1755175517551755,0.7822682268226824,0.378847884788479,1
mouse634572,far,386,0.0933228838745178,0.0511761535403437,0.0387802448105126,4.306986701517462,5.7865578921112295,1.9350841475784848,0.3049168767923894,0.2518166631916168,0.2519137223038427,336.0,446.0,363.0,3.36,4.46,3.63,8.456685920176254,15.481180384813854,8.636056377310021,2.441055099746829,0.0265949409431024,mouse634572far386,0.1633663366336634,0.5060306030603061,0.6145814581458148,1
mouse634572,far,273,0.0348920139821882,0.0161426034862913,0.0186190476422683,4.986041348286004,2.727942977636881,5.666032271016972,0.1519525217255029,0.1318839846870169,0.12919915528099402,1837.0,2114.0,2020.0,18.37,21.14,20.2,8.490914008523196,15.654795834026347,8.722019020881287,2.4333618719787653,0.0160285025570945,mouse634572far273,0.1811881188118811,0.3386138613861387,0.2775877587758776,0
mouse634572,far,275,0.0626201864792871,0.0862558479055137,0.0712530198732964,5.425620529556405,4.901478757959875,5.103006677045743,0.2238662036552396,0.2366934863910481,0.2519623082427306,760.0,1070.0,750.0,7.6000000000000005,10.700000000000001,7.5,7.842515425104394,16.242658407176243,7.980015334703919,2.4333618719787653,0.0163382556137859,mouse634572far275,0.1676867686768677,0.302970297029703,0.2932493249324933,0
mouse634572,far,274,0.0833487390924731,0.0790079756855273,0.0908007825529449,5.716996712958466,1.4513957889967346,4.749472730986127,0.3814600723405733,0.3738546134195952,0.3389573321300598,146.0,138.0,215.0,1.46,1.3800000000000001,2.15,7.842515425104394,16.242658407176243,7.980015334703919,2.4333618719787653,0.0197244431115809,mouse634572far274,0.1606660666066607,0.8451845184518453,0.3018901890189019,1
mouse634572,far,276,0.0806813962243598,0.0873817633301207,0.0986974905185725,2.604077282869956,5.733139556664367,3.5066331690424413,0.4528208257602077,0.4462394694940095,0.4484796405824467,81.0,80.0,85.0,0.81,0.8,0.85,7.539079873042885,16.97183195921902,7.714506867954898,2.459674775249769,0.0428873116554034,mouse634572far276,0.1981998199819983,0.7093609360936095,0.5905490549054905,1
mouse634572,far,277,0.0459558233441903,0.0357525156998109,0.0473843689827366,1.5884388054515308,4.2374731916380215,3.6126228831782736,0.2460148518497407,0.2103036584595606,0.2630518829087376,354.0,529.0,367.0,3.54,5.29,3.67,7.539079873042885,16.97183195921902,7.714506867954898,2.459674775249769,0.0307306698680281,mouse634572far277,0.1271827182718272,0.6062106210621063,0.3407740774077408,0
mouse634572,far,363,0.0621244026537071,0.0770985889884732,0.0685389359348147,2.5255640873131453,5.6973366091181274,0.9846412368305366,0.345132218596595,0.3392217770849493,0.3330062802047258,201.0,190.0,207.0,2.0100000000000002,1.9000000000000001,2.07,7.539079873042885,16.97183195921902,7.714506867954898,2.459674775249769,0.0455167919799001,mouse634572far363,0.1598559855985599,0.6056705670567057,0.2546354635463546,0
mouse634572,far,361,0.1253788540288608,0.0620901718754224,0.0721342850426451,4.688517479997441,3.398125223240749,2.1557468573963385,0.4867812897435978,0.5045717197460923,0.420343549583123,72.0,68.0,70.0,0.72,0.68,0.7000000000000001,7.539079873042885,16.97183195921902,7.714506867954898,2.459674775249769,0.036979257399791,mouse634572far361,0.1363636363636363,0.8689468946894691,0.308100810081008,1
mouse634572,far,282,0.0149750536248771,0.0327793040132598,0.0268081669626176,3.593078167530467,4.651453627479187,3.646944119294398,0.1523603392017149,0.1517073310516004,0.1656434799397335,1281.0,1426.0,1534.0,12.81,14.26,15.34,7.350750442136952,18.28206852056504,7.534261389477935,2.46589233341604,0.0258242928596608,mouse634572far282,0.19387938793879397,0.3394239423942394,0.3083708370837085,0
mouse634572,far,281,0.0536183061065879,0.0435186434881474,0.0797136940061661,2.6795930491671327,4.1695270077716735,2.7376852777386214,0.3356354792218086,0.3191923285920673,0.3652787737265756,180.0,153.0,126.0,1.8,1.53,1.26,7.350750442136952,18.28206852056504,7.534261389477935,2.46589233341604,0.0289600211879789,mouse634572far281,0.1498649864986498,0.5954095409540956,0.2762376237623762,0
mouse634572,far,280,0.0703514413798571,0.0528860700556498,0.0538393086513168,2.2670347004670366,2.018676860932446,3.5378302715029215,0.3318766107244698,0.2684224352525955,0.2444699355630221,297.0,353.0,393.0,2.97,3.5300000000000002,3.93,7.350750442136952,18.28206852056504,7.534261389477935,2.46589233341604,0.0536349971969891,mouse634572far280,0.3777677767776778,0.5141314131413142,0.0631863186318633,1
mouse638330,far,13,0.0231325711772682,0.0150501477915694,0.0176983082465137,4.300985272290717,4.934514294990553,3.491525622476196,0.1844611446519038,0.1737767267376922,0.1856007906023774,806.0,899.0,825.0,8.06,8.99,8.25,8.635785051540585,9.749766559879504,8.059375704272764,1.854218164078866,0.0192698302691893,mouse638330far13,0.2025202520252026,0.9245724572457248,0.4406840684068408,1
mouse638330,far,19,0.028083151171602,0.0559305288569863,0.0179872168906911,2.614914765026122,4.694107720644538,4.6408602881749275,0.2523605900493086,0.2847932370625898,0.2735178677389075,327.0,278.0,295.0,3.27,2.7800000000000002,2.95,8.57559052541313,9.728950233694508,8.160218844624193,1.8420437019788647,0.0162431181625673,mouse638330far19,0.21899189918991896,0.6756075607560758,0.4047704770477046,1
mouse638330,far,200,0.0811723501358253,0.1563712922409202,0.1097498752481319,1.7164121610858027,0.9691467823871912,2.431036979425181,0.4359911724114976,0.4770159213950309,0.4633937336119196,84.0,80.0,86.0,0.84,0.8,0.86,8.57559052541313,9.728950233694508,8.160218844624193,1.8420437019788647,0.015538192197683,mouse638330far200,0.1536453645364536,0.6,0.5794779477947797,1
mouse638330,far,18,0.0369144222668179,0.0690921738932153,0.0313631235927439,0.0730832675976259,5.228742816136978,4.824885832537929,0.1767063515982782,0.2663377540825083,0.2222625872213322,577.0,562.0,511.0,5.7700000000000005,5.62,5.11,8.57559052541313,9.728950233694508,8.160218844624193,1.8420437019788647,0.0384007303201628,mouse638330far18,0.1676867686768677,0.7517551755175518,0.3540054005400542,1
mouse638330,far,21,0.0284226093729198,0.0311616716675346,0.0413576048777098,4.897948692041037,3.9676850042951006,4.540398098768279,0.1872961987722273,0.1807019050682729,0.219732033298602,769.0,708.0,693.0,7.69,7.08,6.93,8.828045210749648,9.928484771426831,8.310351510134048,1.8420437019788647,0.0176619047855966,mouse638330far21,0.1706570657065707,0.8832583258325835,0.4917191719171917,1
mouse638330,far,20,0.0802093126457313,0.0557204441968225,0.0579531020503708,2.4615782941214137,2.0392618944463425,4.282859089807996,0.2535228195842827,0.2058554545950168,0.2928948063948011,573.0,629.0,524.0,5.73,6.29,5.24,8.351296116676172,9.52983544582592,7.990891566569357,1.8360964026978541,0.0338968452240675,mouse638330far20,0.2357335733573358,0.7298829882988299,0.3237623762376239,1
mouse638330,far,201,0.0423638242697764,0.0447550675391286,0.0912474138891698,0.5094134838525447,4.101197937056817,5.0165913208567385,0.275344646380406,0.2668548186908942,0.2781959498209509,346.0,295.0,379.0,3.46,2.95,3.79,8.351296116676172,9.52983544582592,7.990891566569357,1.8360964026978541,0.0203248214001114,mouse638330far201,0.1892889288928892,0.6891089108910892,0.5362736273627365,1
mouse638330,far,25,0.0359350212655862,0.0838415532715051,0.0430526155631251,1.5567565002346395,5.021221654922329,0.9002356168180192,0.2903413536718299,0.3230094349330227,0.3163045865824057,289.0,220.0,208.0,2.89,2.2,2.08,8.636805361803505,9.825780684146773,8.092946854386208,1.8360964026978541,0.0224146939796698,mouse638330far25,0.1992799279927992,0.6799279927992801,0.5308730873087307,1
mouse638330,far,27,0.0141012062269197,0.0313308928166164,0.0769346722983476,4.7867890131275805,0.4351762688736701,4.264842994536998,0.1844734079028686,0.2395731536090828,0.2705200449740469,586.0,495.0,498.0,5.86,4.95,4.98,8.160232300356004,9.352836861697453,7.7439721190583555,1.8360964026978541,0.0262943446823759,mouse638330far27,0.1555355535553556,0.7444644464446446,0.3170117011701169,1
mouse638330,far,26,0.0185134858605579,0.0188457877987776,0.0300288811352292,0.21549436725867105,1.1365277363381387,0.1271796038803723,0.1403454802413746,0.1343230055225981,0.1720606152407789,1896.0,1670.0,1694.0,18.96,16.7,16.94,8.160232300356004,9.352836861697453,7.7439721190583555,1.8360964026978541,0.035485788150575,mouse638330far26,0.1336633663366336,0.26300630063006303,0.2403240324032404,0
mouse638330,far,29,0.0188126621170737,0.0158416577738432,0.0127667788132868,2.912096740601131,4.319739474972484,3.456881796734807,0.1707579245933358,0.2099015587679264,0.1459965543007707,669.0,656.0,970.0,6.69,6.5600000000000005,9.700000000000001,8.421934862225733,9.675447819202583,8.054385914327518,1.8251712248443983,0.0132270442350763,mouse638330far29,0.2081908190819081,0.7725472547254726,0.4868586858685869,1
mouse638330,far,30,0.009707739458999,0.0363041822023987,0.0214140627121414,4.070279792544916,6.262891468637516,5.702127740412651,0.1563625505248337,0.1638455258553909,0.2014922144521192,1276.0,1053.0,832.0,12.76,10.53,8.32,8.421934862225733,9.675447819202583,8.054385914327518,1.8251712248443983,0.0180891914057542,mouse638330far30,0.20900090009000896,0.7034203420342037,0.4382538253825382,1
mouse638330,far,34,0.1832606184992988,0.1223623562010395,0.2224742815871054,1.6127010545458185,6.067654744717699,0.1839882967940622,0.4442173469509842,0.3979701294051011,0.5317831616742758,90.0,133.0,45.0,0.9,1.33,0.45,7.97363966786784,9.113137909836876,7.41777266331237,1.8084869366406824,0.0437772148167959,mouse638330far34,0.1579657965796579,0.5697569756975699,0.3753375337533753,0
mouse638330,far,36,0.1552144693981373,0.2031001362361555,0.0390296884207584,5.924398053290433,0.2436521910778577,1.237146770790273,0.4571515034748825,0.4892280382956062,0.4918773239169661,56.0,83.0,61.0,0.56,0.8300000000000001,0.61,8.002655268845798,9.270186203247233,7.579868893713851,1.8034688796871432,0.0592101616981705,mouse638330far36,0.1828082808280828,0.6739873987398742,0.2927092709270927,1
mouse638330,far,203,0.1074380288616045,0.0483931261145153,0.157478330705338,3.1985044247183536,2.5510775924756808,4.339606900999606,0.4390550239232011,0.4631663587563469,0.568592430245373,119.0,105.0,34.0,1.19,1.05,0.34,8.002655268845798,9.270186203247233,7.579868893713851,1.8034688796871432,0.0429110553713357,mouse638330far203,0.21494149414941502,0.7085508550855086,0.3502250225022502,1
mouse638330,far,38,0.0650551208486286,0.0869974275406092,0.0998655419991524,4.7627811493140255,0.15520455542835299,3.2339162238713652,0.3598274330563977,0.3772400370491797,0.4021872356295157,136.0,139.0,108.0,1.36,1.3900000000000001,1.08,7.9306691325744545,9.162430235693485,7.480128475699487,1.8169342310606624,0.0294710973597382,mouse638330far38,0.21899189918991896,0.6326732673267327,0.311071107110711,1
mouse638330,far,41,0.0167762895017144,0.0090578147680872,0.0195463338243753,6.246297749974349,1.4687014735218762,1.726536131145593,0.1521105612879461,0.1453136382768338,0.1736882692389904,1348.0,1318.0,1184.0,13.48,13.18,11.84,8.196714652306794,9.427748970963737,7.668396786170777,1.8126293057324216,0.0242183702615612,mouse638330far41,0.2273627362736274,0.5557155715571558,0.3464446444644464,1
mouse638330,far,40,0.0724586243615545,0.0436417785001859,0.1508503397520201,2.607810219069461,2.9837245022433265,6.090049194604031,0.3613767648058772,0.4447269943196062,0.5891938773136841,113.0,94.0,38.0,1.1300000000000001,0.9400000000000001,0.38,8.196714652306794,9.427748970963737,7.668396786170777,1.8126293057324216,0.0496218230669461,mouse638330far40,0.1504050405040504,0.6102610261026105,0.2932493249324932,0
mouse638330,far,42,0.0890240605811027,0.0879944657177854,0.0865368633294562,6.199001698664567,5.608889179315369,3.665005761736422,0.3250524624651386,0.3405127012854351,0.3127450714964405,201.0,214.0,302.0,2.0100000000000002,2.14,3.02,7.951776986701927,9.240917780598373,7.427525702374121,1.8126293057324216,0.024565583308327,mouse638330far42,0.1682268226822683,0.6604860486048606,0.3280828082808281,0
mouse638330,far,46,0.0467303323565604,0.0666879418180083,0.1033145296635216,4.311929903816119,0.6016429599244504,5.49483384740898,0.3554854106427801,0.3495547880540895,0.4322600193470505,145.0,203.0,85.0,1.45,2.0300000000000002,0.85,97.96587928158331,126.75066762581258,134.4627852261526,1.7885049622519924,0.0206643578834456,mouse638330far46,0.1952295229522953,0.6164716471647165,0.4747074707470747,1
mouse638330,far,48,0.022367664072172,0.0608108259494622,0.0498818960642668,2.965853176781837,2.3063415384865307,3.6263789187686033,0.1610718056499332,0.2011138674270033,0.2168735425438035,913.0,844.0,718.0,9.13,8.44,7.18,8.389002805819345,9.631699563496415,7.758742734060823,1.7822036920621618,0.0131829641609013,mouse638330far48,0.1630963096309631,0.7363636363636366,0.3218721872187219,1
mouse638330,far,50,0.082472599760638,0.0403585818739921,0.0303477832380427,4.282285594439093,3.5342050512709178,5.055795226694072,0.2879944679460474,0.214506661317929,0.24049898727267,309.0,502.0,582.0,3.09,5.0200000000000005,5.82,8.047429332322249,9.325079988172137,7.479271448666017,1.7795715776557008,0.0286565867671002,mouse638330far50,0.1722772277227723,0.7009900990099011,0.3256525652565259,1
mouse638330,far,55,0.0086744599522004,0.0246616240653556,0.0161778908091708,5.904587069615093,4.013055837018648,4.440530900279282,0.1075589007456718,0.1159321441723098,0.0949271438454273,3943.0,4021.0,3583.0,39.43,40.21,35.83,8.448048522982939,9.720092755007238,7.7918377706719335,1.7795715776557008,0.0197328630443381,mouse638330far55,0.1239423942394239,0.2022502250225022,0.1774077407740775,0
mouse638330,far,52,0.0465856989398877,0.0313425434271613,0.0121922896986383,3.2313683409815965,5.4856031758727655,4.278969578044666,0.1682271292076168,0.1571441468266115,0.1693705258786625,1341.0,1319.0,1329.0,13.41,13.19,13.290000000000001,8.448048522982939,9.720092755007238,7.7918377706719335,1.7795715776557008,0.0200509541224965,mouse638330far52,0.1801080108010802,0.5670567056705671,0.3369936993699371,0
mouse638330,far,57,0.0215833486644156,0.0437107749756718,0.0339099000088463,4.899031116400947,4.675126945214664,5.048791072784609,0.1750943794686949,0.1740487129317415,0.15871599392486,913.0,1066.0,1143.0,9.13,10.66,11.43,8.512657103911291,9.86555959638915,7.935324229613032,1.7778146697561028,0.0340041772910683,mouse638330far57,0.1836183618361836,0.2567956795679569,0.2168316831683169,0
mouse638330,far,56,0.0407649199866029,0.0625486285369849,0.0402556469353037,5.579350981239843,3.5967545630768694,5.958641577624197,0.3006693651829033,0.3828048728689429,0.3725386005571796,192.0,151.0,102.0,1.92,1.51,1.02,8.512657103911291,9.86555959638915,7.935324229613032,1.7778146697561028,0.0269037787429809,mouse638330far56,0.1698469846984699,0.6518451845184519,0.3610261026102611,1
mouse638330,far,59,0.1248748993555963,0.0405848322785421,0.0559709520503101,3.2351920535644187,5.97879714601986,0.8209957448734312,0.4354780405102454,0.30429981974149395,0.3582240718177967,128.0,333.0,195.0,1.28,3.33,1.95,8.18333414273726,9.600430863117788,7.5995575511383215,1.7762319668331612,0.0292931636109117,mouse638330far59,0.1412241224122412,0.6459045904590459,0.2991899189918994,0
mouse638330,far,209,0.1014030451893688,0.058036271450699006,0.1325329780101078,2.48296828347889,2.106843998061883,2.3628443509397314,0.5073294308708314,0.3682531770507544,0.4278509208506347,54.0,122.0,95.0,0.54,1.22,0.9500000000000001,8.18333414273726,9.600430863117788,7.5995575511383215,1.7762319668331612,0.0244989577593198,mouse638330far209,0.1576957695769576,0.6726372637263728,0.2819081908190819,0
mouse638330,far,208,0.1167483529531702,0.1910125328731686,0.1480001701408781,5.522732547666042,2.132041606956684,3.5452166578213977,0.4871045568222631,0.4526411346612594,0.5702047755850814,62.0,85.0,31.0,0.62,0.85,0.31,8.18333414273726,9.600430863117788,7.5995575511383215,1.7762319668331612,0.0461073280893246,mouse638330far208,0.1714671467146714,0.7055805580558057,0.3405040504050404,1
mouse638330,far,63,0.07902798957000999,0.0659554114018389,0.1129815453494922,4.923359440903005,3.6023032967741577,5.167132803839197,0.3775414451476157,0.3493942421111925,0.4997656952200569,124.0,140.0,64.0,1.24,1.4000000000000001,0.64,8.246912732627075,9.644474837337542,7.60092313108356,1.775,0.037858409187257004,mouse638330far63,0.1644464446444644,0.6523852385238524,0.3291629162916292,0
mouse638330,far,210,0.1110774919436344,0.0755098425579341,0.1298852594430266,1.0464131395741134,3.9824407602261567,6.100734382927839,0.4870580922901963,0.4409618485271924,0.4807701913852881,58.0,72.0,77.0,0.58,0.72,0.77,8.246912732627075,9.644474837337542,7.60092313108356,1.775,0.08351773823680901,mouse638330far210,0.1944194419441944,0.6442844284428443,0.3256525652565259,1
mouse638330,far,66,0.0645926594020817,0.0518957339338991,0.0374616419107635,3.0589074267822016,2.8189467862628184,2.0249309889096594,0.2728872769867776,0.2674015637602964,0.2683515032355956,263.0,320.0,283.0,2.63,3.2,2.83,8.400986830513544,9.628319929116312,7.758555472227018,1.775,0.0287645879058565,mouse638330far66,0.1355535553555356,0.4828082808280828,0.4555355535553558,0
mouse638330,far,71,0.0203453959437265,0.0697884101014908,0.0616154442382027,2.6332230098052842,2.8164276166948365,3.4985641737339,0.1667843350530518,0.2447759547949052,0.2752042219605325,859.0,778.0,466.0,8.59,7.78,4.66,8.397728882921745,9.532624190295651,7.847429343098541,1.7574839970821927,0.0147060349001066,mouse638330far71,0.1595859585958595,0.7803780378037805,0.3909990999099909,1
mouse638330,far,213,0.0283641532968474,0.0425253425553451,0.0349349085924844,5.96144854917242,0.2633238577366235,5.516416693736528,0.1708356585317241,0.1929976483669011,0.1799358917388009,816.0,997.0,1072.0,8.16,9.97,10.72,8.397728882921745,9.532624190295651,7.847429343098541,1.7574839970821927,0.0294924377008541,mouse638330far213,0.1398739873987398,0.2767776777677768,0.1946894689468946,0
mouse638330,far,76,0.0779901532444838,0.0535248563866507,0.1562777770779968,5.156374156614798,5.6648878713621365,4.675386321179507,0.2610767473045213,0.3161299169718385,0.4690648949007859,367.0,276.0,88.0,3.67,2.7600000000000002,0.88,8.472700775184983,9.884737420824658,7.990842313417776,1.7573061770789975,0.0159084281732126,mouse638330far76,0.1965796579657965,0.6121512151215122,0.3513051305130513,1
mouse638330,far,78,0.1172158547926765,0.0826434918416665,0.0937276502996636,6.1106798824330815,4.220496531015907,2.8806900470205297,0.5005709272651327,0.4489826749572851,0.3948218592685114,66.0,90.0,99.0,0.66,0.9,0.99,8.463999858850986,9.567657369707565,7.933031295462499,1.7767596911231411,0.0294442942902818,mouse638330far78,0.1126012601260125,0.6642664266426643,0.3164716471647163,0
mouse638330,far,80,0.1609670088532692,0.0424059370379275,0.0455259891573891,0.5341170430435607,3.2205352598286106,2.029612231837278,0.38922092063761504,0.3587968130664197,0.3368315337325713,175.0,153.0,188.0,1.75,1.53,1.8800000000000001,8.69101964385443,9.982231571828017,8.171121641527005,1.7767596911231411,0.0235389425879393,mouse638330far80,0.1185418541854185,0.6675067506750676,0.2854185418541856,0
mouse638330,far,81,0.0561871975515049,0.0356622960859229,0.0281533347664427,3.112869956593097,3.4873933877092806,2.4112386224651767,0.2487793016812892,0.2185820697138543,0.2297365810441589,624.0,727.0,519.0,6.24,7.2700000000000005,5.19,8.69101964385443,9.982231571828017,8.171121641527005,1.7767596911231411,0.0432804697201373,mouse638330far81,0.2006300630063006,0.7417641764176419,0.3383438343834383,1
mouse638330,far,84,0.0455813364472399,0.0333864600112895,0.0374658543706048,1.2337144986055109,5.077212343107396,5.039362602645539,0.2330800380591692,0.21532697344868998,0.2113412182037285,541.0,547.0,608.0,5.41,5.47,6.08,8.716060000891165,9.838700929479787,8.169137339261685,1.7624556732014567,0.0240682359802679,mouse638330far84,0.0977497749774978,0.2068406840684068,0.1587758775877588,0
mouse638330,far,86,0.0443799557134656,0.0150213049510791,0.0449149918858719,1.323220249439887,4.77921316460455,3.60447034106534,0.2096178626309546,0.1989213025754121,0.2304119490972525,714.0,607.0,561.0,7.140000000000001,6.07,5.61,9.396822789988537,10.40445576023957,8.703469231804942,1.7624556732014567,0.0118748668580482,mouse638330far86,0.1676867686768677,0.6270027002700272,0.2918991899189918,0
mouse638330,far,88,0.0234291968076068,0.0316707764373018,0.0208751481463336,4.78777378474179,1.0578311087512748,4.3100917608472065,0.1526314984101821,0.1734399419240822,0.1782345002363195,1279.0,1128.0,1001.0,12.790000000000001,11.28,10.01,9.396822789988537,10.40445576023957,8.703469231804942,1.7624556732014567,0.0138774010950461,mouse638330far88,0.1906390639063906,0.7352835283528353,0.3594059405940594,1
mouse638330,far,90,0.0609136458368723,0.0738422517586986,0.0664171650088432,4.940498632658875,4.0123953990583585,2.546339955265531,0.3221348798611545,0.3285945062294025,0.2870128623743044,207.0,222.0,259.0,2.07,2.22,2.59,9.43096453494249,10.528295788722073,8.673246765279846,1.7636964024457271,0.0198148353550261,mouse638330far90,0.1811881188118812,0.6483348334833484,0.3140414041404139,1
mouse638330,far,89,0.07567663811007598,0.0539177160566368,0.0465240680073232,2.723261338551865,3.4296205042853134,2.812241104729317,0.2882982884813579,0.3063345277792862,0.3097340865944785,267.0,180.0,228.0,2.67,1.8,2.2800000000000002,9.43096453494249,10.528295788722073,8.673246765279846,1.7636964024457271,0.0323088013844453,mouse638330far89,0.1936093609360937,0.6866786678667868,0.3945094509450947,1
mouse638330,far,94,0.0248877256621894,0.0489590558371908,0.031455992352886,5.213020185197831,0.5297375452260219,1.4333363821651433,0.1727490431214249,0.1894424744629367,0.1754231412004782,929.0,1008.0,952.0,9.290000000000001,10.08,9.52,9.162019620585527,10.23417091225648,8.57063318769287,1.7636964024457271,0.0157770973256263,mouse638330far94,0.1633663366336633,0.6186318631863188,0.325112511251125,0
mouse638330,far,103,0.0402490645077009,0.0255736968213977,0.0287333583688716,4.707126361469023,3.9499187701547394,5.470249645738251,0.1703406691677895,0.1744178044662631,0.1454893963184725,1094.0,1005.0,1263.0,10.94,10.05,12.63,9.940080809371498,10.946045180536027,9.094164272013426,1.7652903443909729,0.0205592195339682,mouse638330far103,0.2054905490549056,0.6172817281728173,0.3483348334833486,1
mouse638330,far,101,0.0316144546946409,0.0531461278916859,0.0230790302327725,0.4273664796835529,0.9155541225003416,0.4033350511922728,0.1750827361716027,0.1718976115805301,0.2084206956350165,1541.0,953.0,742.0,15.41,9.53,7.42,9.940080809371498,10.946045180536027,9.094164272013426,1.7652903443909729,0.0511680797518117,mouse638330far101,0.1614761476147614,0.700720072007201,0.3812781278127811,1
mouse638330,far,105,0.0092514131025519,0.0137009937368139,0.0461486559001283,5.022846333049852,5.238599300511836,4.3041614168253215,0.1130579546560485,0.1053069889151456,0.148996110818029,2841.0,2734.0,2289.0,28.41,27.34,22.89,10.020856834942627,11.237488841219315,9.324104415949481,1.7672365433070922,0.0087222690325615,mouse638330far105,0.2365436543654365,0.6315931593159316,0.3969396939693969,1
mouse638330,far,104,0.0265949832427625,0.0160635808975489,0.0429419977449351,3.5583098408158165,4.916224083327512,4.2509115934614154,0.2062451467511915,0.1923521744804791,0.1860000458286012,692.0,722.0,788.0,6.92,7.22,7.88,10.020856834942627,11.237488841219315,9.324104415949481,1.7672365433070922,0.0233216331307126,mouse638330far104,0.1587758775877588,0.5449144914491449,0.2881188118811882,0
mouse638330,far,98,0.0269152712597174,0.0154838613790489,0.0451490298395856,3.888857528637149,6.024524978364763,4.4606381664136086,0.1810177939398205,0.2043862078210666,0.2121855026409755,704.0,747.0,794.0,7.04,7.47,7.94,10.020856834942627,11.237488841219315,9.324104415949481,1.7672365433070922,0.0191489012520683,mouse638330far98,0.17308730873087302,0.5403240324032403,0.2886588658865887,0
mouse638330,far,111,0.0302425493568185,0.0374310014985314,0.0257155286577708,6.009882521141042,5.526094130867236,4.1284611702602705,0.1265659202281769,0.1562396074443817,0.1545615409732256,1820.0,1611.0,1428.0,18.2,16.11,14.280000000000001,8.98645981074815,10.12771378054816,8.287093872177026,1.7737671775066763,0.0169957078951396,mouse638330far111,0.1312331233123312,0.2308730873087309,0.200900090009001,0
mouse638330,far,112,0.0708694129318026,0.1120878256945648,0.1090887109710058,5.8168811282918,5.3678694644541824,2.441828650407786,0.5014223989439235,0.4495033625280195,0.4649077824717437,52.0,85.0,86.0,0.52,0.85,0.86,9.319772421347512,10.40769158366594,8.588676620220095,1.7764078923490516,0.0304130596186403,mouse638330far112,0.1625562556255626,0.6607560756075609,0.3083708370837082,0
mouse638330,far,113,0.0288951508911866,0.0264642887231025,0.0496940650066895,4.213340518705839,3.9421573046452187,3.675146814764176,0.1674828518798531,0.1356546177374426,0.1650474855830244,1706.0,1450.0,1497.0,17.06,14.5,14.97,10.0921351200938,11.195617747881288,9.350630123645669,1.7793959649274247,0.0117056002578261,mouse638330far113,0.2076507650765077,0.5578757875787579,0.4147614761476147,1
mouse638330,far,114,0.0590727616881655,0.0139316161823101,0.0394790900741566,5.026466456041115,4.3756693279611545,4.082400310606383,0.1919914469950711,0.1559197416988044,0.1660959862121801,1539.0,1351.0,1275.0,15.39,13.51,12.75,10.0921351200938,11.195617747881288,9.350630123645669,1.7793959649274247,0.0106256172382467,mouse638330far114,0.197929792979298,0.6418541854185419,0.4042304230423043,1
mouse638330,far,239,0.0317778226785624,0.1368176209465519,0.0593181291362401,0.7119655950797462,5.5289222710900905,2.411159642576583,0.3145045147936697,0.4369684154911956,0.3986838271404236,188.0,92.0,106.0,1.8800000000000001,0.92,1.06,9.059233409476578,10.294163448410822,8.456540221538948,1.7827296486007067,0.0388582461149285,mouse638330far239,0.1722772277227723,0.6118811881188121,0.3756075607560757,1
mouse638330,far,120,0.0338678809537035,0.0288687336421443,0.0421062905725007,4.895699459798783,5.614813946586566,4.037103945036186,0.1681530358675658,0.1720749697012369,0.1879196794442658,1184.0,1285.0,1094.0,11.84,12.85,10.94,9.059233409476578,10.294163448410822,8.456540221538948,1.7827296486007067,0.0300591462238968,mouse638330far120,0.1423042304230423,0.2986498649864987,0.2603060306030602,0
mouse638330,far,122,0.0510697746331829,0.0890926427054638,0.0306465423640686,4.733758179760279,3.5224739980480573,3.0614191619888698,0.373266147254139,0.4042680855009343,0.4065882364063477,136.0,113.0,100.0,1.36,1.1300000000000001,1.0,9.521895292152491,10.679868425225695,8.860631863620377,1.7827296486007067,0.0250198052242127,mouse638330far122,0.2192619261926193,0.5967596759675967,0.3637263726372638,1
mouse638330,far,121,0.1606294269860342,0.1455578580982834,0.0782846268500508,6.0007642908819765,5.4865565970364205,5.201591191625578,0.4852375863806079,0.4537843821616241,0.4379781242208181,73.0,87.0,67.0,0.73,0.87,0.67,9.521895292152491,10.679868425225695,8.860631863620377,1.7827296486007067,0.074866483982426,mouse638330far121,0.2616561656165617,0.6364536453645365,0.3685868586858688,1
mouse638330,far,142,0.0469392641542286,0.0742751148529712,0.0781365775733492,4.691750236553206,4.039985211363992,4.89114932170622,0.2178009874216738,0.2136754085629646,0.24696436757831,886.0,872.0,884.0,8.86,8.72,8.84,9.138252483375387,10.511151689440627,8.619339166647736,1.7755280904564703,0.0140018500188155,mouse638330far142,0.2173717371737173,0.5608460846084611,0.3372637263726372,1
mouse638330,far,125,0.0221665820034012,0.0509290588835545,0.0566579525197631,1.9931569671320293,2.9859152782803924,2.460311713866405,0.2093715645385289,0.2057863017184404,0.2024799429197695,521.0,651.0,688.0,5.21,6.51,6.88,8.848955808762959,10.299206889330096,8.361402684398742,1.7755280904564703,0.0105722976296012,mouse638330far125,0.2065706570657065,0.6383438343834384,0.360756075607561,1
mouse638330,far,227,0.0619904561439562,0.0309406441742771,0.0694594947510355,2.0284178351939377,5.116450754184996,1.9332238755512008,0.2919716333612705,0.2923451272417783,0.3153549596193954,234.0,200.0,216.0,2.34,2.0,2.16,8.848955808762959,10.299206889330096,8.361402684398742,1.7755280904564703,0.022939753176482003,mouse638330far227,0.1652565256525653,0.5805580558055807,0.4217821782178218,1
mouse638330,far,140,0.0276193169761254,0.0592663784121103,0.0427623859404921,4.804999854255642,3.7350126985096574,3.8048450639388323,0.2668142030892564,0.2653852179745427,0.2184244605510013,358.0,478.0,547.0,3.58,4.78,5.47,9.282413473688695,10.755763833201854,8.884344361964908,1.7799227511327562,0.0179451826720229,mouse638330far140,0.1671467146714672,0.5878487848784879,0.2867686768676867,0
mouse638330,far,139,0.0783860375203863,0.0497798804076186,0.0503026601423409,3.4470943792158937,3.6830777610987635,2.898165536199531,0.2873431633323057,0.2571189808460298,0.2578128565119284,344.0,293.0,386.0,3.44,2.93,3.86,8.985293387399606,10.547735707632539,8.546505765492173,1.7799227511327562,0.0128923636021602,mouse638330far139,0.1838883888388839,0.5851485148514853,0.3407740774077408,0
mouse638330,far,224,0.1948627656645495,0.1618236162961887,0.1661721092353801,5.087484193268749,1.5724186329687038,4.965643488654678,0.5013207722072928,0.4750311091563429,0.5302554471823409,63.0,59.0,54.0,0.63,0.59,0.54,8.985293387399606,10.547735707632539,8.546505765492173,1.7799227511327562,0.0497490711031942,mouse638330far224,0.1614761476147614,0.3923492349234924,0.3421242124212422,0
mouse638330,far,226,0.0911264156310504,0.0436192148286941,0.1034693677429114,2.519206572834243,3.5185840711809155,3.2338059563179504,0.4715233367214302,0.3802806564225701,0.3408198373083432,59.0,109.0,214.0,0.59,1.09,2.14,9.193391056936127,10.674755634687603,8.714305898905334,1.804335057576613,0.06534390762033701,mouse638330far226,0.1741674167416742,0.7166516651665169,0.33510351035103497,1
mouse638330,far,228,0.0451091863966052,0.0299230863414708,0.0256658455056814,4.019921770382249,0.2586462619901483,3.4847364596442962,0.1981546536910482,0.2008817282854086,0.1897123756107494,692.0,692.0,695.0,6.92,6.92,6.95,9.01707273538882,10.593169837595307,8.400880973319094,1.804335057576613,0.0261626836343939,mouse638330far228,0.2292529252925292,0.6515751575157517,0.393159315931593,1
mouse638330,far,147,0.0191552291260132,0.0358478049614265,0.0405773742040054,3.5801311387212365,4.6346642631440975,4.361261141678015,0.2204375359290268,0.1936829954825005,0.2378113302105336,740.0,767.0,551.0,7.4,7.67,5.51,9.13010982562955,10.751439132791667,8.440387788914702,1.7949582167838896,0.020487461073139,mouse638330far147,0.1717371737173717,0.6739873987398741,0.3207920792079207,1
mouse638330,far,150,0.0627735805502643,0.06586308069226,0.0422999733270796,2.8081020750717522,4.955524404770863,5.019389347280488,0.224046683161654,0.2276949605794394,0.1888282386136071,841.0,977.0,1174.0,8.41,9.77,11.74,9.372132182676088,10.855665116836514,8.784303045273408,1.7949582167838896,0.016017608670676,mouse638330far150,0.1954995499549955,0.5789378937893791,0.3175517551755176,0
mouse638330,far,151,0.0669766105592696,0.0253111561173119,0.0299789341572419,4.986005534764279,5.392835127463263,3.231194285177002,0.2316633698250161,0.2666913853399982,0.2209457155628199,499.0,385.0,486.0,4.99,3.85,4.86,9.372132182676088,10.855665116836514,8.784303045273408,1.7949582167838896,0.0131384120884349,mouse638330far151,0.1830783078307831,0.6556255625562558,0.3839783978397838,1
mouse638330,far,127,0.0378190447494412,0.0109938280763501,0.0290085978348598,4.793570101239337,5.663091007644528,5.2863624533136555,0.1734339381851677,0.1452217740825305,0.18679808266470604,1364.0,1294.0,1116.0,13.64,12.94,11.16,8.975184952060003,10.808126725352288,8.37708753684465,1.8003471887388836,0.0251608435529775,mouse638330far127,0.1652565256525653,0.2505850585058505,0.3666966696669667,0
mouse638330,far,155,0.0360291761606902,0.0225505199064863,0.0261672064058724,3.570651809074968,3.7656099893233583,5.0729214907146325,0.190994077457868,0.1686803419483943,0.1750991655945363,989.0,991.0,784.0,9.89,9.91,7.84,8.975184952060003,10.808126725352288,8.37708753684465,1.8003471887388836,0.0142837184649758,mouse638330far155,0.1695769576957696,0.6253825382538255,0.3788478847884787,1
mouse638330,far,153,0.0513848309951642,0.0320954119716582,0.0457607725183983,4.278543183340641,3.9800083671391486,0.8718090581967632,0.2663700642243174,0.2284407064030631,0.2338182851927312,334.0,396.0,450.0,3.34,3.96,4.5,9.120842758191692,10.765819026951196,8.445951012470672,1.8003471887388836,0.0207334889524973,mouse638330far153,0.2014401440144014,0.6091809180918094,0.3658865886588657,1
mouse638330,far,157,0.0655780869836905,0.0395010407901169,0.0709749785799644,4.3418304312916565,3.4430629918365248,4.5798347140493325,0.3228571385746507,0.2814668883293327,0.3031582485626211,191.0,304.0,238.0,1.9100000000000001,3.04,2.38,8.923696634398244,10.756131284147719,8.418406164124537,1.8060661671157008,0.0170317820319445,mouse638330far157,0.164986498649865,0.6891089108910892,0.4255625562556254,1
mouse638330,far,159,0.0264733389988022,0.0278198539503235,0.0558082876189554,3.7036882348261018,5.5059091808705505,5.609206698794943,0.1476782842110176,0.14111870001685298,0.1771310784747482,1612.0,1515.0,1436.0,16.12,15.15,14.36,8.923696634398244,10.756131284147719,8.418406164124537,1.8060661671157008,0.0248238048193123,mouse638330far159,0.1423042304230423,0.3113411341134113,0.2543654365436545,0
mouse638330,far,230,0.1045819763602983,0.0336997216534058,0.0630894930133282,2.198667876873593,4.862061921842627,4.074071124614404,0.3776588048469733,0.3658766276954618,0.4692773575264782,123.0,115.0,63.0,1.23,1.1500000000000001,0.63,8.923696634398244,10.756131284147719,8.418406164124537,1.8060661671157008,0.0382986962942882,mouse638330far230,0.1906390639063907,0.7601260126012603,0.3021602160216022,1
mouse638330,far,165,0.0795827998548441,0.0702143822427207,0.0865169102542568,4.9533602708156685,4.824975972379787,6.1928987246518385,0.2581757998783748,0.2417433745728948,0.2643194019594483,545.0,548.0,595.0,5.45,5.48,5.95,8.923696634398244,10.756131284147719,8.418406164124537,1.8060661671157008,0.0219989496423921,mouse638330far165,0.1898289828982898,0.3348334833483349,0.2603060306030602,0
mouse638330,far,160,0.0109142905993599,0.0262685626110811,0.0327132469539215,5.1105490950318115,0.07112709274591099,3.45036289152277,0.1282574049842143,0.1575886457378946,0.1731807970005836,1591.0,1031.0,768.0,15.91,10.31,7.68,9.174323490994038,10.772190626798578,8.461863380259242,1.8060661671157008,0.0179490645826092,mouse638330far160,0.2476147614761477,0.6197119711971201,0.4666066606660667,1
mouse657905,far,41,0.1116641617269897,0.0810993203558288,0.042355859521241004,0.2029585339453948,5.544755787537798,6.198110822993537,0.3261552995899858,0.2850811997125679,0.2744197386487277,233.0,304.0,228.0,2.33,3.04,2.2800000000000002,9.225550442908688,9.144927951518742,9.102936777927797,2.645042532739313,0.0592197687897911,mouse657905far41,0.2427542754275428,0.7420342034203422,0.6594059405940594,1
mouse657905,far,42,0.0404621705564479,0.0181149144365901,0.062530616835691,5.460533810984041,3.5876252316451747,3.122165706336915,0.2123043898261065,0.1736063036152522,0.2211623056327685,873.0,854.0,986.0,8.73,8.540000000000001,9.86,9.596515957898246,9.337778517669332,9.404626622860462,2.6463418146566027,0.0336726004903983,mouse657905far42,0.27893789378937894,0.9256525652565256,0.4860486048604863,1
mouse657905,far,207,0.0700549447413798,0.0764801860338708,0.0266467647885819,1.07546975273811,0.9913034461707364,5.725406859514517,0.3693479170953458,0.3154673013224657,0.3385268788135275,240.0,215.0,203.0,2.4,2.15,2.0300000000000002,9.499707328890333,9.30358422816975,9.290905196871837,2.6463418146566027,0.0414759930686291,mouse657905far207,0.21899189918991896,0.7444644464446446,0.5727272727272729,1
mouse657905,far,206,0.0616776134181785,0.0634105565869012,0.0506944539528128,0.2609394993453774,1.8267830925228303,0.9180830183260766,0.27016146173670397,0.2837813054240646,0.2606773640213546,388.0,349.0,340.0,3.88,3.49,3.4,9.621349387412963,9.549539262456246,9.410785121578789,2.6478765076944204,0.0723439746535357,mouse657905far206,0.1963096309630964,0.8370837083708372,0.5168316831683167,1
mouse657905,far,50,0.0600754796703073,0.0497738435980605,0.0310745512159483,3.1537973286941385,3.35235875435445,4.109833355763889,0.2480862013728483,0.1964651388237472,0.2243253482937206,378.0,603.0,725.0,3.7800000000000002,6.03,7.25,9.630035092673172,9.636575143963588,9.362739323456696,2.649646202797649,0.0484655214296983,mouse657905far50,0.2397839783978398,0.8092709270927094,0.4088208820882087,1
mouse657905,far,56,0.0317770302990391,0.012028240700123,0.0138609018409615,4.573219023026195,0.9561516713605744,4.373104774617294,0.1725306751711053,0.157790589343993,0.1548251086462589,1089.0,951.0,1059.0,10.89,9.51,10.59,9.670792978744212,9.981372368281423,9.391487237126203,2.6516504294495533,0.022925370136296,mouse657905far56,0.160936093609361,0.2862286228622862,0.2465346534653466,0
mouse657905,far,209,0.039554498782616,0.0203559608709297,0.0529392579540363,5.180898831646638,1.2249934764184878,0.6619176647554497,0.2987723670625978,0.2096816034605171,0.2962790317261971,227.0,503.0,247.0,2.27,5.03,2.47,9.489092280981696,10.394807434760498,9.168116415042944,2.653888656292875,0.0941833684758959,mouse657905far209,0.2052205220522053,1.0155715571557156,0.5635463546354638,1
mouse657905,far,234,0.1719365452464704,0.0893600165534081,0.1447022839599351,0.817358881633497,5.230651438987946,1.7355485068989804,0.4965554512478476,0.3911568401756533,0.436937388576753,80.0,91.0,82.0,0.8,0.91,0.8200000000000001,9.489092280981696,10.394807434760498,9.168116415042944,2.653888656292875,0.0716849354115636,mouse657905far234,0.1784878487848785,0.7166516651665167,0.3353735373537353,1
mouse657905,far,64,0.0352150551417755,0.0359005094521233,0.0266405308825253,1.5584280193131848,4.881696450921672,6.2769302907887194,0.2016294737395549,0.2503161395241507,0.2448061823181224,646.0,365.0,581.0,6.46,3.65,5.8100000000000005,9.764098038245768,11.006459105515706,9.39321888701492,2.6423237878806605,0.0568768628280565,mouse657905far64,0.1882088208820882,0.7396039603960396,0.3124212421242124,1
mouse657905,far,63,0.0573633578118457,0.0256714895107201,0.0508431626725439,4.325529702336154,4.937143475817073,0.2741076121261487,0.348536455302774,0.1789101255252786,0.3122817599446009,150.0,868.0,227.0,1.5,8.68,2.27,9.764098038245768,11.006459105515706,9.39321888701492,2.6423237878806605,0.0696845407296529,mouse657905far63,0.1617461746174617,0.3178217821782179,0.2338433843384338,0
mouse657905,far,213,0.0800228151321413,0.0765110694618211,0.2627082757007853,5.75075209761408,4.296325991936039,3.4157978861006333,0.4554195788228524,0.3292946672735769,0.6504957355086917,85.0,203.0,20.0,0.85,2.0300000000000002,0.2,9.869312037244542,11.028947195213025,9.537927180340382,2.6479945241635225,0.0651259170804256,mouse657905far213,0.2195319531953196,0.7528352835283529,0.3596759675967599,1
mouse657905,far,72,0.0455203602497336,0.0321164391676523,0.051823170795797006,3.2335639575237836,5.165909475221451,3.2291949356447343,0.224538406433597,0.2679765538726132,0.2087517802849986,657.0,578.0,622.0,6.57,5.78,6.22,10.317308286445444,12.980498398785553,9.861509737350731,2.658241900203968,0.0331168463851782,mouse657905far72,0.1209720972097209,0.8524752475247526,0.4485148514851486,1
mouse657905,far,73,0.0128136906734933,0.0159637787704255,0.0259172277649926,1.6300241794666177,6.097322803279058,6.0598932603804965,0.1461661398637981,0.1682316247042808,0.1820811099449389,970.0,1049.0,1096.0,9.700000000000001,10.49,10.96,10.298764258174296,12.545142660581904,9.893460656055856,2.6444517390188844,0.094792499698619,mouse657905far73,0.1663366336633663,0.5368136813681369,0.4892889288928895,1
mouse657905,far,74,0.0420554336239441,0.0874302960684225,0.09869723711306899,1.8760703113538928,0.8763433427723331,4.619841879484354,0.3249472466910511,0.317889733538541,0.4499129703886205,116.0,194.0,95.0,1.16,1.94,0.9500000000000001,10.40020095967417,13.477292249741248,10.054565562508355,2.6444517390188844,0.0326116727641981,mouse657905far74,0.1671467146714672,0.7026102610261027,0.3483348334833483,1
mouse657905,far,77,0.0202236997534046,0.0348229581179746,0.0550286159527575,1.922570317342754,0.9804734338916496,1.49930205510739,0.1842090620477153,0.2072696591982095,0.2045377743689765,767.0,661.0,691.0,7.67,6.61,6.91,10.139807948302883,12.960104001355104,9.800511040416275,2.6483485420163264,0.0599428367082408,mouse657905far77,0.2724572457245725,0.8017101710171017,0.4760576057605762,1
mouse657905,far,78,0.045480208536527,0.0463307853960005,0.0278753356179162,4.925753162377719,3.7954293450396714,2.7102359238171645,0.2249677163806929,0.2192721353072378,0.1910823054327306,691.0,780.0,719.0,6.91,7.8,7.19,10.256618050362274,13.704229968648374,10.05656973559167,2.6483485420163264,0.0456737762797878,mouse657905far78,0.1765976597659766,0.7747074707470748,0.3313231323132312,1
mouse657905,far,81,0.0726970201750751,0.0186021652589401,0.0607441079795004,4.980440117008825,0.9298908776315912,0.7930717995320613,0.3204791679190217,0.2431650235923652,0.2442647032196067,181.0,505.0,477.0,1.81,5.05,4.7700000000000005,10.108242090087996,14.278538016316555,9.859444622032854,2.656830818851664,0.0347425128539001,mouse657905far81,0.1898289828982898,0.6939693969396941,0.3243024302430243,1
mouse657905,far,86,0.1009363087160945,0.0613607662637648,0.0661160654532358,1.1316012013741479,1.4660501780384445,6.171455490195161,0.3820826073031612,0.3738691187661757,0.3504434202262244,153.0,136.0,128.0,1.53,1.36,1.28,10.59653679063974,15.92768321332359,10.290495637980843,2.678269030549396,0.0641344175333827,mouse657905far86,0.2030603060306031,0.7090909090909091,0.3075607560756078,1
mouse657905,far,88,0.0236122664649737,0.0341925142361133,0.0566308703034375,5.278983791666787,2.6184665091915127,2.019032904474107,0.1693068388824085,0.1924931458775396,0.2089135784337688,765.0,633.0,765.0,7.65,6.33,7.65,10.571254735768463,15.634343195493807,10.287087123887384,2.683514486638744,0.0676282969788337,mouse657905far88,0.1884788478847884,0.7369036903690369,0.3178217821782177,1
mouse657905,far,91,0.014392721301218001,0.0276412306557748,0.0132214606396723,1.4460688627995313,1.7125894282699752,4.388131544836868,0.1177029936459393,0.140771401500971,0.1472772211042445,2237.0,1818.0,2260.0,22.37,18.18,22.6,11.225622761858194,17.225475616720082,10.878432369411136,2.683514486638744,0.0660774073670011,mouse657905far91,0.1366336633663366,0.3548154815481548,0.2179117911791179,0
mouse657905,far,95,0.0450355309675698,0.010816672231993,0.1243168621008031,0.4313688495342583,4.544467147068171,0.4987976532615598,0.2475349739359687,0.2604427275123626,0.3277945319666138,329.0,550.0,333.0,3.29,5.5,3.33,12.305218085899018,19.5893010198379,12.16075732229529,2.6936267373190375,0.0743495638983156,mouse657905far95,0.2200720072007201,0.7252925292529255,0.3513051305130512,1
mouse657905,far,99,0.0270039506661079,0.0263396054617094,0.0411421077824597,5.244917065266538,5.0001408667656815,5.139267108179375,0.1062030465049487,0.121734203108225,0.1292188131954162,3650.0,3061.0,3451.0,36.5,30.61,34.51,12.305218085899018,19.5893010198379,12.16075732229529,2.6936267373190375,0.0522436825993457,mouse657905far99,0.1822682268226823,0.2900090009000899,0.2411341134113412,0
mouse657905,far,103,0.0222905596040045,0.0177404933423241,0.0646279790221048,4.976048505321306,4.200596367766575,4.619662181785109,0.1093131034790486,0.0971729921905648,0.1604585918190147,2792.0,3030.0,2784.0,27.92,30.3,27.84,12.768941281247145,20.960550649916307,12.57053563340487,2.687122066449532,0.0444357331675419,mouse657905far103,0.1441944194419442,0.2673267326732673,0.2346534653465346,0
mouse657905,far,104,0.0448000697851816,0.0221413081177279,0.0130175833999281,2.156897250031021,5.242672956088587,3.243045874305551,0.1733154624905203,0.1681246287125996,0.1564523051496957,1254.0,981.0,1294.0,12.540000000000001,9.81,12.94,12.768941281247145,20.960550649916307,12.57053563340487,2.687122066449532,0.0428596633810197,mouse657905far104,0.1833483348334833,0.4582358235823582,0.3116111611161116,0
mouse657905,far,214,0.1206011381996996,0.0715213665628248,0.0289153133422156,0.2736823764087799,3.867906320682912,3.575406015376562,0.3615231153907389,0.4231810457111292,0.3355555961430579,182.0,76.0,187.0,1.82,0.76,1.87,12.768941281247145,20.960550649916307,12.57053563340487,2.687122066449532,0.0535541603139502,mouse657905far214,0.2011701170117011,0.6928892889288929,0.4042304230423043,1
mouse657905,far,105,0.033909753396008,0.0474199000281258,0.0592496905688158,3.2696301811597874,5.587604926737909,0.1790169659478319,0.2949685034399075,0.2857852935615051,0.344848380503484,228.0,443.0,261.0,2.2800000000000002,4.43,2.61,12.768941281247145,20.960550649916307,12.57053563340487,2.687122066449532,0.0826529583022595,mouse657905far105,0.1806480648064806,0.4952295229522953,0.3175517551755176,0
mouse657905,far,106,0.0627294151407342,0.0091940148757894,0.0695805246996992,0.5009158038796137,5.329266378472816,5.739949649074272,0.2868459017567311,0.1592716504278349,0.2633471422183148,349.0,889.0,370.0,3.49,8.89,3.7,12.403655671383765,20.13171322903093,12.127188546923012,2.687122066449532,0.0747285761089932,mouse657905far106,0.1298829882988298,0.2430243024302429,0.2292529252925293,0
mouse657905,far,108,0.0562348184827044,0.0369343328719807,0.0271525710136035,3.697195620899686,4.133791847255313,3.2764188604961144,0.2668967883430736,0.1895771579921703,0.2124004027280265,744.0,513.0,737.0,7.44,5.13,7.37,12.607895494652276,21.110365752182947,12.445896614807484,2.693742749410196,0.0480889590460101,mouse657905far108,0.2095409540954096,0.8665166516651668,0.3756075607560757,1
mouse657905,far,115,0.0142878217130192,0.030470526630060002,0.0436486359017695,5.72304378370465,4.221619709120968,4.927620152399647,0.1195709067707481,0.1331484503203736,0.1326606418969672,2370.0,3247.0,2533.0,23.7,32.47,25.330000000000002,12.474453157297829,20.9098741425725,12.254497930131295,2.7005786416988493,0.0979237633804472,mouse657905far115,0.1687668766876687,0.3364536453645365,0.2605760576057606,0
mouse657905,far,125,0.0347453609031222,0.0164383281733106,0.0180454018046208,4.456606411366519,3.804812354614033,3.1575412427356144,0.24281191254940498,0.1569643239666472,0.1991267031322896,353.0,936.0,489.0,3.5300000000000002,9.36,4.89,12.56231616950444,21.58645526493065,12.341195074152758,2.727980021920982,0.0915278020789594,mouse657905far125,0.2106210621062106,0.6421242124212422,0.3294329432943295,1
mouse657905,far,119,0.0190787610133122,0.0150443913015374,0.0531121392257454,4.311684629481036,3.6197128006529526,3.531638953609084,0.1629409897639756,0.2401850371474468,0.1753060754468328,1329.0,913.0,1253.0,13.290000000000001,9.13,12.530000000000001,12.56231616950444,21.58645526493065,12.341195074152758,2.727980021920982,0.0467970552139173,mouse657905far119,0.1803780378037803,0.6353735373537355,0.3102610261026102,0
mouse657905,far,117,0.0489675616673021,0.0180260684349199,0.05292991456808,2.6313555197808167,3.575951223419339,1.6961945736507436,0.2823455799612945,0.1957167911885703,0.2319888746967896,305.0,999.0,594.0,3.0500000000000003,9.99,5.94,12.56231616950444,21.58645526493065,12.341195074152758,2.727980021920982,0.08055471742458,mouse657905far117,0.1304230423042305,0.2395139513951395,0.18901890189018897,0
mouse657905,far,128,0.0643040225128292,0.0708023269669198,0.0165761815629218,3.9667148078326537,4.117224075292127,5.2804560275009385,0.2939415226456829,0.2765289392808036,0.2216170055556956,272.0,293.0,522.0,2.72,2.93,5.22,11.76121144255598,22.651740833339357,11.47317765706526,2.7227054559757287,0.06302718839796799,mouse657905far128,0.1968496849684968,0.7015301530153017,0.3280828082808279,1
mouse657905,far,126,0.0709201275329031,0.1001405610032915,0.0651888804972743,4.550211625662586,4.581686948071988,4.038917964895093,0.2652486861360246,0.3416878200123301,0.2955919884878698,605.0,239.0,241.0,6.05,2.39,2.41,12.143323082321148,22.54988605494141,11.85389516717782,2.7301556732171885,0.0868031829489056,mouse657905far126,0.2324932493249325,0.6882988298829884,0.3707470747074707,1
mouse657905,far,132,0.0498122975309301,0.0535949547032716,0.0694248676497131,5.0232392301395326,4.046688790073956,4.553547609701212,0.2294706811101491,0.2063526697172553,0.2033278376437235,746.0,710.0,834.0,7.46,7.1000000000000005,8.34,11.984628531820016,23.55395893181814,11.681866959642838,2.7378139089426807,0.056757639150695,mouse657905far132,0.2594959495949595,0.6623762376237624,0.3475247524752475,1
mouse657905,far,135,0.0807192667509337,0.0218426207567123,0.0552374291714643,4.386399642423563,5.2027505153489955,4.21154117930449,0.285343853320898,0.1993136192015069,0.2483273051489402,473.0,811.0,497.0,4.73,8.11,4.97,12.209340185564013,25.372694796468053,11.993627449371724,2.7415780127510505,0.0990732158370255,mouse657905far135,0.2000900090009001,0.6275427542754276,0.3685868586858688,1
mouse657905,far,224,0.0207481091744451,0.0526583229529326,0.0362942961291224,3.6719594949447503,0.1763108460636858,5.477203240770198,0.1649204072188421,0.2713101572020722,0.1978504609039054,863.0,558.0,831.0,8.63,5.58,8.31,12.224041891615634,24.93298277021443,11.923018116688676,2.7415780127510505,0.0477472929946502,mouse657905far224,0.2505850585058506,0.7371737173717372,0.3769576957695769,1
mouse657905,far,225,0.0508746590738071,0.0442068139929471,0.0389060565626647,5.032298412955062,2.8178979506240585,5.3664727259244565,0.2470862271790338,0.3606297243250532,0.2263646956532808,599.0,200.0,525.0,5.99,2.0,5.25,12.025927623711825,26.04715482622171,11.80178580711998,2.749886361288408,0.0424713478920111,mouse657905far225,0.20792079207920802,0.5108910891089111,0.4317731773177319,1
mouse657905,far,141,0.0498240255914155,0.0402292358569391,0.0650998377818079,5.234485485116059,4.026374303399979,4.355169305615581,0.2056427162656275,0.1888131245920436,0.2007657239932294,1136.0,1672.0,1298.0,11.36,16.72,12.98,12.025927623711825,26.04715482622171,11.80178580711998,2.749886361288408,0.0931737830769518,mouse657905far141,0.2017101710171017,0.6345634563456346,0.3351035103510352,1
mouse657905,far,138,0.0642093223520645,0.0238042703102362,0.08114766378319,4.9573997786631265,3.6302951223638265,4.10259955936396,0.2867812806794502,0.3792284070800155,0.3406094197182783,305.0,235.0,279.0,3.0500000000000003,2.35,2.79,12.151270675480449,25.59451573080792,11.92682256546393,2.749886361288408,0.0562473546662196,mouse657905far138,0.2454545454545454,0.6869486948694872,0.395049504950495,1
mouse657905,far,144,0.0399418166422279,0.1718186047017151,0.2091231180127494,0.3780933245683795,0.2428460947725229,5.969464819106367,0.3171742450909677,0.4169345444810632,0.6241503681788735,294.0,183.0,17.0,2.94,1.83,0.17,12.151270675480449,25.59451573080792,11.92682256546393,2.749886361288408,0.0673802594501219,mouse657905far144,0.1423042304230424,0.7414941494149415,0.3742574257425742,1
mouse657905,far,227,0.0973486829938235,0.1762027384464012,0.0292708989539637,3.8825957703487255,3.5633708962740496,2.1219738152455805,0.3063675284710145,0.4753517854643096,0.2768213834509119,263.0,202.0,293.0,2.63,2.02,2.93,12.151270675480449,25.59451573080792,11.92682256546393,2.749886361288408,0.0479396081068984,mouse657905far227,0.1884788478847885,0.632943294329433,0.3388838883888391,1
mouse657905,far,152,0.0389436402558669,0.0200984714904846,0.0445523138457905,4.743200143910472,4.551250100371712,4.855092847175644,0.1705883812477579,0.1759660470527621,0.1678929395540625,1163.0,1043.0,1207.0,11.63,10.43,12.07,12.058891379351824,25.919751384682943,11.83030597170671,2.7583962731993386,0.0582913080886681,mouse657905far152,0.2584158415841584,0.6758775877587759,0.3453645364536454,1
mouse657905,far,150,0.1459326716477731,0.0503069887539478,0.0787048348409678,3.5195837677773643,4.986698414116874,3.922924067325167,0.4279619451064799,0.2830827273938662,0.3063773750706255,98.0,234.0,215.0,0.98,2.34,2.15,12.058891379351824,25.919751384682943,11.83030597170671,2.7583962731993386,0.0819602790180871,mouse657905far150,0.1927992799279928,0.6602160216021603,0.3318631863186317,1
mouse657905,far,149,0.0556406699247673,0.0510132184704251,0.0772730679941266,1.8303709409614568,4.626978858458264,2.5738008654205697,0.2691079022849018,0.2478922411581954,0.2954885863841365,425.0,448.0,313.0,4.25,4.48,3.13,12.058891379351824,25.919751384682943,11.83030597170671,2.7583962731993386,0.0730598036223948,mouse657905far149,0.1485148514851485,0.6772277227722774,0.3272727272727272,0
