mouse,probe_position,unitID,VL_pre,VL_stimOn,VL_post,angle_pre_ch15,angle_stimOn_ch15,angle_post_ch15,MMR_Pre,MMR_stimOn,MMR_Post,Nspikes_pre,Nspikes_StimOn,Nspikes_post,Fspikes_pre,Fspikes_StimOn,Fspikes_post,inst_amp_pre_peak_ch,inst_amp_StimOn_peak_ch,inst_amp_post_peak_ch,distance_peakch_stim_tip,error_waveform,universal_ID,waveform_halfwidth,waveform_duration,waveform_REP,cluster
mouse598183,close,336,0.0273089333225893,0.0131201082684718,0.0456861199115131,1.786196476700712,0.8430177413271284,2.080521470873786,0.2398359753530533,0.2176994994868291,0.1565489781447714,531.0,636.0,608.0,5.3100000000000005,6.36,6.08,48.93442868591001,366.39223106174813,51.95707947864643,0.6378675411086537,0.0391383539228645,mouse598183close336,0.1636363636363635,0.7374437443744376,0.4355535553555357,1
mouse598183,close,378,0.0724349844983825,0.0244077656297208,0.0508423433568595,6.200737794003944,4.0483616164651455,2.0922435042341294,0.2366238374973465,0.2614648176466373,0.2975552684421242,311.0,370.0,370.0,3.11,3.7,3.7,46.5851528433836,535.7289413966207,47.850643750970825,0.7697402159170327,0.0332037791856638,mouse598183close378,0.1647164716471647,0.6696669666966698,0.3615661566156615,1
mouse598183,close,389,0.1657671616030763,0.1142217237926111,0.1127843659720165,3.4657168242739647,4.213030045642828,2.632380066260759,0.531129595641745,0.4090387304478839,0.3032700502053177,134.0,143.0,184.0,1.34,1.43,1.84,45.49796926812972,528.1456889604802,46.8158312429315,0.7945124291035353,0.0389959876676961,mouse598183close389,0.2065706570657065,0.7490549054905492,0.3448244824482448,1
mouse598183,close,393,0.0512978973342573,0.0624699215178422,0.0635548398667722,3.675857300276527,0.2214913769558729,5.8256225000695885,0.2743301169749667,0.2651674949788188,0.2881629080605978,492.0,475.0,428.0,4.92,4.75,4.28,45.49796926812972,528.1456889604802,46.8158312429315,0.7945124291035353,0.027653644931421,mouse598183close393,0.1568856885688569,0.938073807380738,0.3345634563456349,1
mouse598183,close,485,0.069888734594631,0.04538924066355901,0.051094005575434004,4.609744430612318,2.048234614250259,5.535478878717383,0.3130123549571256,0.2816121300049659,0.3401916760946519,144.0,157.0,112.0,1.44,1.57,1.12,45.54272267023198,458.81668355406754,46.320148170239754,0.8158584436040361,0.0396037211377381,mouse598183close485,0.2087308730873087,0.7841584158415843,0.3661566156615664,1
mouse598183,close,395,0.0427774515619971,0.0542583051962487,0.0518047668855522,5.8678310336940775,1.9383628545301093,3.968651377079388,0.3489555252368036,0.3836645604840105,0.2080785029212725,246.0,297.0,293.0,2.46,2.97,2.93,44.44825562231379,479.7271514256346,45.72176569126605,0.8158584436040361,0.0433956198902315,mouse598183close395,0.4066606660666066,0.831953195319532,0.0758775877587756,0
mouse598183,close,394,0.0815320208778426,0.1223724499068646,0.0762269585149771,5.217983364226403,2.2032113813874115,5.972093472867622,0.4250175122843158,0.3662973097904557,0.3939687962878301,105.0,136.0,139.0,1.05,1.36,1.3900000000000001,44.44825562231379,479.7271514256346,45.72176569126605,0.8158584436040361,0.0207247380381673,mouse598183close394,0.1828082808280827,0.6437443744374438,0.3985598559855986,1
mouse598183,close,398,0.0596982051751491,0.0307738444533553,0.0331014268099503,4.620440564370246,4.925486414185049,5.742701280149043,0.1989806755082002,0.2631420961581878,0.2393352095618335,822.0,863.0,860.0,8.22,8.63,8.6,45.22639168554,460.4428937240933,46.415808213377645,0.8415016339853418,0.0127391623504492,mouse598183close398,0.1757875787578758,0.3361836183618362,0.24194419441944195,2
mouse598183,close,412,0.0339899085104807,0.0340295641514264,0.0160615056450271,1.0588942844020814,0.7392121784196651,6.079458831935941,0.3379116432455275,0.3219155832624635,0.3866232440691888,136.0,159.0,121.0,1.36,1.59,1.21,43.62820495360047,422.8673601115663,43.97299115463217,0.8895223437328599,0.0407451892201428,mouse598183close412,0.783078307830783,0.9712871287128714,0.2640864086408641,0
mouse598183,close,384,0.1231908955068345,0.1542256999649694,0.1296888377513657,5.973030056394137,0.8773107894164359,3.176116367251556,0.4092423925348649,0.4568856624618522,0.5118284476821897,71.0,73.0,69.0,0.71,0.73,0.6900000000000001,46.45611867430064,493.45127552943285,47.75489077522583,0.7909646009778188,0.0373419223807518,mouse598183close384,0.1595859585958596,0.6972097209720973,0.3108010801080111,1
mouse598183,close,381,0.0573649573143982,0.1172197233085963,0.1111948280912292,5.217160449214744,0.7156422004606382,2.8196622809991183,0.3314863754850882,0.4752418288240552,0.4436159242682906,60.0,69.0,80.0,0.6,0.6900000000000001,0.8,46.638448790637426,475.4314112603247,47.88631996605725,0.7945124291035353,0.022274305911403,mouse598183close381,0.1501350135013501,0.7212421242124214,0.3010801080108011,1
mouse598183,close,391,0.1930378320793061,0.0886598464595645,0.0301937668702547,4.0642146397822865,5.594199884340516,5.6476871412632335,0.5238086077741452,0.3910339784350012,0.39179922472814394,78.0,110.0,92.0,0.78,1.1,0.92,45.54272267023198,458.81668355406754,46.320148170239754,0.8158584436040361,0.0327776192565835,mouse598183close391,0.1633663366336634,0.8246624662466249,0.3340234023402338,1
mouse598183,close,401,0.0698092079688239,0.1541459238379717,0.051238727134678,4.804643630621946,2.2091287265444954,0.7295202922378371,0.4424221725481564,0.4589427368835992,0.2929970055779428,156.0,149.0,155.0,1.56,1.49,1.55,44.67606879080871,441.11945710794816,45.46061511245186,0.8415016339853418,0.0120179630352597,mouse598183close401,0.1757875787578758,0.8125112511251126,0.3523852385238527,1
mouse598183,close,410,0.0122952840998411,0.1035368976397832,0.1469764351592657,0.8067786899584819,4.157637300054384,1.6242626947542451,0.3644547893141897,0.4150100911802704,0.4116448554119077,119.0,106.0,92.0,1.19,1.06,0.92,43.37939883100791,465.4392180671272,43.6608308929524,0.8678277478854892,0.0307241329520464,mouse598183close410,0.1660666066606662,0.6712871287128714,0.5084608460846086,1
mouse598183,close,483,0.1161985359068877,0.1018442183102835,0.0691457984020921,4.229930390480875,1.5772949137881942,0.3982661046279713,0.5505970847784503,0.4132121990891307,0.4087087927414485,61.0,70.0,66.0,0.61,0.7000000000000001,0.66,46.45611867430064,493.45127552943285,47.75489077522583,0.7909646009778188,0.039216286488183996,mouse598183close483,0.1574257425742574,0.6923492349234924,0.43582358235823604,1
mouse598183,close,385,0.0856974502532344,0.0921893665709325,0.2627627446015038,2.244599152742772,1.4814251518439807,5.095116932227866,0.4812944864181502,0.4361640635806311,0.6161736638261108,54.0,75.0,47.0,0.54,0.75,0.47000000000000003,46.45611867430064,493.45127552943285,47.75489077522583,0.7909646009778188,0.0404778064818963,mouse598183close385,0.1714671467146714,0.6891089108910892,0.3537353735373537,1
mouse598183,close,482,0.14690638199884198,0.2102158632590925,0.22019508444407299,4.009307239315136,1.3016201000480685,3.903204305922728,0.5311196817138935,0.5259671089329968,0.5418165725589688,60.0,68.0,37.0,0.6,0.68,0.37,45.54272267023198,458.81668355406754,46.320148170239754,0.8158584436040361,0.0812859568828104,mouse598183close482,0.2014401440144015,0.6261926192619263,0.3283528352835282,1
mouse598183,close,392,0.2276343795898593,0.1409009877668648,0.158634832441793,4.969483063086933,2.6184343908523857,2.3762348023278297,0.5359518353841547,0.5385497289302342,0.5085131765063028,52.0,67.0,34.0,0.52,0.67,0.34,45.54272267023198,458.81668355406754,46.320148170239754,0.8158584436040361,0.0537429339363237,mouse598183close392,0.1558055805580558,0.7315031503150317,0.3837083708370837,1
mouse598183,close,492,0.10486014999005198,0.0510323713356473,0.0920489117189045,0.3017153393970109,5.298535622515606,4.074673831303933,0.5524062686796992,0.3711447474003421,0.5575610453844907,54.0,94.0,45.0,0.54,0.9400000000000001,0.45,43.61890661478782,459.57967524033097,44.4553539385764,0.8631338250816034,0.0356306040939577,mouse598183close492,0.1895589558955895,0.6904590459045905,0.4512151215121512,1
mouse598183,close,405,0.0991515980702517,0.1203271926095453,0.0945811613028071,4.569426396995473,5.840567470465099,5.3804863550884034,0.4957931293892297,0.5044221656535812,0.5269307695491003,53.0,61.0,59.0,0.53,0.61,0.59,43.61890661478782,459.57967524033097,44.4553539385764,0.8631338250816034,0.0375830806086391,mouse598183close405,0.1531053105310531,0.7412241224122413,0.3224122412241222,1
mouse622179,close,308,0.0256329651179958,0.020842925557970002,0.0210075534038041,2.5710967683356434,5.206097313106942,4.399241588252376,0.1242243617197721,0.1410154748908144,0.1619090414392252,1706.0,1945.0,1568.0,17.06,19.45,15.68,57.134984818721755,60.15732637903175,55.04092015476033,0.6604922406811453,0.0091792730296981,mouse622179close308,0.1369036903690369,0.2681368136813682,0.1884788478847885,2
mouse622179,close,494,0.0293441457734065,0.0115441569041879,0.0391041642491713,1.2085045598095352,2.9433328150373024,5.753190550738549,0.2600064127938131,0.1434058466362088,0.2330018371490768,823.0,941.0,758.0,8.23,9.41,7.58,57.134984818721755,60.15732637903175,55.04092015476033,0.6604922406811453,0.0250964640842826,mouse622179close494,0.2578757875787578,0.5886588658865887,0.35805580558055794,1
mouse622179,close,305,0.0146811260291359,0.0346799175678095,0.0254682003368245,3.483244762845874,3.317815833572703,2.2971994347113704,0.1694175580405308,0.28093881800402304,0.1468333886520195,646.0,695.0,837.0,6.46,6.95,8.370000000000001,57.40737401566004,58.91190040547353,55.18169329179947,0.6694213919497942,0.0570925973080112,mouse622179close305,0.2346534653465347,0.7250225022502251,0.4023402340234022,1
mouse622179,close,310,0.0173043203351337,0.0240150477243071,0.0480571876057024,2.738545205960316,3.5047760285449465,2.8781228805990535,0.1275523600514572,0.1617548012853899,0.2008966420011642,1260.0,1411.0,1132.0,12.6,14.11,11.32,57.40737401566004,58.91190040547353,55.18169329179947,0.6694213919497942,0.0132055157929216,mouse622179close310,0.2254725472547255,0.6394239423942395,0.3753375337533754,1
mouse622179,close,317,0.0281779480889197,0.031322966899893,0.0248270772358779,1.2486833934375676,1.5591777275921563,3.839998053683297,0.1950414555239565,0.2009253124504401,0.1988691444005858,840.0,793.0,849.0,8.4,7.930000000000001,8.49,56.95804560350298,59.09205719873969,54.5187933238574,0.651920240520265,0.0289808315372574,mouse622179close317,0.2405940594059407,0.6718271827182718,0.4255625562556259,1
mouse622179,close,315,0.0398933346517772,0.0154804061473425,0.0945398821291104,0.8827037772100867,5.811247940028112,5.997313040023997,0.1944093425345148,0.1530843918675981,0.2602898686174791,1042.0,1221.0,1066.0,10.42,12.21,10.66,56.95804560350298,59.09205719873969,54.5187933238574,0.651920240520265,0.0153734629272957,mouse622179close315,0.2684068406840684,0.4744374437443746,0.3248424842484247,2
mouse622179,close,325,0.016566911288617,0.0116388889003033,0.0249368326811348,2.909108467987287,3.858705236293593,5.978697251598227,0.1974109819275114,0.1301888073077632,0.1293717611101185,989.0,1091.0,1129.0,9.89,10.91,11.290000000000001,56.41313829209345,63.922414733263686,54.320657407468964,0.6619101147436863,0.0234365189074179,mouse622179close325,0.2181818181818182,0.6777677767776779,0.3985598559855984,1
mouse622179,close,312,0.0307718465060449,0.0104440754310138,0.0132620440753464,3.476910467575836,0.6215872762686717,3.0870111488402845,0.3186583088584827,0.2347168637853813,0.2559606674231179,298.0,426.0,523.0,2.98,4.26,5.23,56.41313829209345,63.922414733263686,54.320657407468964,0.6619101147436863,0.0362650749014912,mouse622179close312,0.1636363636363637,0.6286228622862288,0.3156615661566156,1
mouse622179,close,495,0.0306531647014192,0.0258071618215759,0.0593611076327826,2.014408461328103,2.547668995718858,4.773408259798593,0.2377679350271885,0.18659345862182103,0.18049495722643397,645.0,713.0,559.0,6.45,7.13,5.59,56.41313829209345,63.922414733263686,54.320657407468964,0.6619101147436863,0.0310098989876059,mouse622179close495,0.2500450045004501,0.6893789378937895,0.3718271827182721,1
mouse622179,close,324,0.0449595791897183,0.035328601562478995,0.0646949855929276,2.5273287244610763,4.2064828545147845,4.260806718179679,0.2133099349408498,0.2258034817892542,0.2113807213613221,491.0,651.0,549.0,4.91,6.51,5.49,56.41313829209345,63.922414733263686,54.320657407468964,0.6619101147436863,0.0185571782376944,mouse622179close324,0.1703870387038704,0.5886588658865888,0.3137713771377137,1
mouse622179,close,329,0.0151841734851942,0.0082282643228852,0.0279117616001207,0.3031579059344103,2.8754423752423928,3.797991341240232,0.1539756883680061,0.2248329184517336,0.2393826410688052,1280.0,1372.0,1025.0,12.8,13.72,10.25,56.241285919082834,61.62773417464039,54.19473804471757,0.6619101147436863,0.0290242498105418,mouse622179close329,0.2497749774977498,0.7242124212421243,0.4004500450045006,1
mouse622179,close,333,0.0250294808392625,0.0297797234601937,0.027167056934379,3.362066733695878,3.2460963380037366,2.8981102399412704,0.1435268609516148,0.122541151872645,0.141265672843134,1710.0,2115.0,1990.0,17.1,21.150000000000002,19.900000000000002,56.59675201234364,62.611286163392286,54.44815067696012,0.6412877669190329,0.0103237889557844,mouse622179close333,0.2044104410441044,0.661836183618362,0.3621062106210621,1
mouse622179,close,335,0.0332479609164723,0.0307124963795357,0.0347065196165788,2.1494430699857983,3.461149836569476,1.1197115092928391,0.2073200567993913,0.2811924546816858,0.2255036041415513,552.0,610.0,515.0,5.5200000000000005,6.1000000000000005,5.15,55.5932178249105,69.9808389420552,54.087222270322634,0.6412877669190329,0.0139749769226665,mouse622179close335,0.1836183618361836,0.6313231323132313,0.3567056705670569,1
mouse622179,close,337,0.0192304626336216,0.0359704602749715,0.0336008620514328,3.7087745305536703,3.4966864559945825,3.9248206982758,0.1740154429826779,0.2580260475660085,0.1861586962907342,612.0,670.0,694.0,6.12,6.7,6.94,55.5932178249105,69.9808389420552,54.087222270322634,0.6412877669190329,0.0088311203652107,mouse622179close337,0.2076507650765077,0.5943294329432943,0.3766876687668766,1
mouse622179,close,336,0.0540343764375624,0.0315469039189132,0.0486013119938498,3.117106405271137,4.648943665992407,1.0407297168570742,0.3041461712863414,0.2560757877940307,0.2478921864201302,455.0,437.0,383.0,4.55,4.37,3.83,55.5932178249105,69.9808389420552,54.087222270322634,0.6412877669190329,0.0195177420549477,mouse622179close336,0.2025202520252025,0.7004500450045005,0.3750675067506751,1
mouse622179,close,339,0.0181890263537852,0.0161764918940673,0.0165929459620513,3.2762081310572064,2.7286648598845766,5.000671809676833,0.1742161775270186,0.1558393512395393,0.1734703168436524,1100.0,996.0,969.0,11.0,9.96,9.69,55.00169871159871,73.47375889660313,54.18393625117727,0.625,0.0150149153129786,mouse622179close339,0.1482448244824482,0.9121512151215124,0.5130513051305131,1
mouse622179,close,338,0.0132470839592185,0.0195688247810058,0.0080665436344106,2.5708402641880266,5.555708098362593,3.7577703843446266,0.1641862059874805,0.1897358721534209,0.1293356313725757,1245.0,1267.0,967.0,12.450000000000001,12.67,9.67,55.62017531211179,69.42427714440052,54.096044981186644,0.6373774391990982,0.0189504736259216,mouse622179close338,0.2154815481548154,0.6027002700270028,0.3810081008100808,1
mouse622179,close,342,0.071197446696232,0.0794398321013512,0.0427977896532969,2.1316329978560526,3.4333802918095344,5.800708728604626,0.2606695965781791,0.2740747265164278,0.2767468573576989,368.0,396.0,325.0,3.68,3.96,3.25,55.62017531211179,69.42427714440052,54.096044981186644,0.6373774391990982,0.0294405815380293,mouse622179close342,0.2076507650765077,0.8295229522952297,0.4625562556255626,1
mouse622179,close,340,0.0266159749980847,0.0191393617918682,0.0174504850193725,6.2731737665607925,4.134985836277368,4.0261813864814195,0.1557733828779436,0.1404898145562916,0.1474956466192322,905.0,1010.0,1221.0,9.05,10.1,12.21,55.62017531211179,69.42427714440052,54.096044981186644,0.6373774391990982,0.0090926154105756,mouse622179close340,0.1865886588658866,0.6102610261026103,0.3270027002700271,1
mouse622179,close,497,0.0146021236702933,0.0123098430966344,0.0150530295403384,2.9861280574781683,4.890012594760449,2.2644494641781794,0.1898710547949259,0.1622665201605941,0.1347177438453017,1405.0,1297.0,1326.0,14.05,12.97,13.26,54.32472640291886,80.27072122394416,54.23104817993133,0.6373774391990982,0.0172302596078581,mouse622179close497,0.2427542754275428,0.6467146714671467,0.4126012601260126,1
mouse622179,close,346,0.0360686393113252,0.0198009210521707,0.0184533670308206,3.746145407108185,4.588473079085093,4.054316179797492,0.2482684855902501,0.1571666309753727,0.1650116256120525,769.0,864.0,831.0,7.69,8.64,8.31,54.32472640291886,80.27072122394416,54.23104817993133,0.6373774391990982,0.0183125532904322,mouse622179close346,0.2187218721872187,0.6305130513051306,0.4128712871287131,1
mouse622179,close,350,0.0509463566664872,0.0474986431267795,0.0395740820784126,2.8279538262553054,1.3465486135568114,2.730819317568379,0.2190675717791808,0.3265764716983462,0.2168225333438535,492.0,355.0,679.0,4.92,3.5500000000000003,6.79,54.637302415110476,75.74017834113641,54.1873200936934,0.6219927652312365,0.026942349126891006,mouse622179close350,0.2063006300630062,0.7941494149414943,0.5135913591359137,1
mouse622179,close,349,0.0529994254783163,0.0578281032671236,0.0511333705022988,0.0033213989687007,4.28753456501004,0.1658753815840298,0.3735150488836437,0.2302449190371784,0.2681799104225856,346.0,370.0,247.0,3.46,3.7,2.47,54.637302415110476,75.74017834113641,54.1873200936934,0.6219927652312365,0.0089712074710382,mouse622179close349,0.1925292529252925,0.8397839783978399,0.4744374437443744,1
mouse622179,close,519,0.0829106188385471,0.034944976287888,0.1100812056301159,2.5692976511101824,5.34591395242567,4.6679934585662535,0.3866215246034045,0.4428684159807889,0.4217185900872765,136.0,125.0,98.0,1.36,1.25,0.98,54.223239896489325,78.86937057060341,54.10093627864622,0.6354132513569417,0.0560661892226127,mouse622179close519,0.2284428442844285,0.9110711071107112,0.3413141314131412,1
mouse622179,close,355,0.1534139424075415,0.0868263712171854,0.0759841258975488,1.8204451648096376,2.2079980371824584,1.998644528266448,0.574094875254042,0.3066262587678206,0.3248102964994039,125.0,200.0,126.0,1.25,2.0,1.26,54.223239896489325,78.86937057060341,54.10093627864622,0.6354132513569417,0.0385299019887887,mouse622179close355,0.2003600360036004,0.8443744374437444,0.486048604860486,1
mouse622179,close,498,0.05120298594682599,0.0941259876941328,0.1123759733176267,2.19930136521992,0.9258547111693703,4.536683734849788,0.3842924232985595,0.4201600097395599,0.3642411915370628,155.0,79.0,210.0,1.55,0.79,2.1,54.223239896489325,78.86937057060341,54.10093627864622,0.6354132513569417,0.0531774707127378,mouse622179close498,0.2276327632763276,0.7695769576957697,0.4298829882988301,1
mouse622179,close,353,0.0246318484698594,0.0341465304713825,0.0371886820485332,1.1966073583625312,2.3120733957568045,0.3440287450759303,0.1680243674093757,0.1728288623480688,0.15951453821556197,665.0,623.0,880.0,6.65,6.23,8.8,54.223239896489325,78.86937057060341,54.10093627864622,0.6354132513569417,0.0203639018637551,mouse622179close353,0.1782178217821782,0.8351935193519353,0.467146714671467,1
mouse622179,close,359,0.087715925945806,0.0340896023013263,0.0237561031080056,5.002733450176558,3.309399375834976,4.642973143968714,0.2776539249392299,0.3246907959877508,0.3701367250956714,148.0,247.0,258.0,1.48,2.47,2.58,53.19335023533322,92.82519394588005,53.672146494795896,0.6354132513569417,0.0259734184382816,mouse622179close359,0.2211521152115212,0.8567956795679569,0.4633663366336634,1
mouse622179,close,357,0.028907233690972003,0.0565089259834092,0.0556514797120506,0.2284535901829119,0.6972930944255399,5.555020318922039,0.2036257028745675,0.2719149465837008,0.2507245347506362,406.0,461.0,318.0,4.0600000000000005,4.61,3.18,53.19335023533322,92.82519394588005,53.672146494795896,0.6354132513569417,0.0135978095648734,mouse622179close357,0.1973897389738974,0.7490549054905492,0.43879387938793896,1
mouse622179,close,358,0.033887158744928,0.0451052826292037,0.0466184074892889,1.78444161793002,5.464249066948748,3.5888825258503534,0.2448233085922169,0.2301117568694174,0.2467331157540382,271.0,295.0,263.0,2.71,2.95,2.63,53.19335023533322,92.82519394588005,53.672146494795896,0.6354132513569417,0.0281420986371918,mouse622179close358,0.2006300630063007,0.7903690369036904,0.3988298829882991,1
mouse622179,close,503,0.0731121176011919,0.1430040164446381,0.0620817496501161,5.070996677015728,1.8268301199132257,1.5072403714649154,0.3552087443256012,0.4291429996659568,0.2968993672787185,258.0,164.0,375.0,2.58,1.6400000000000001,3.75,53.91950791874582,88.11275631298807,54.46551226812819,0.6354132513569417,0.0650626921784721,mouse622179close503,0.2457245724572457,0.8114311431143115,0.4371737173717375,1
mouse622179,close,362,0.0448264495539018,0.0156944615429068,0.1070157805678885,0.6385807080165414,1.032121906116942,2.368033618269687,0.2455224909525843,0.2054974094633495,0.4195227007708627,366.0,311.0,164.0,3.66,3.11,1.6400000000000001,53.91950791874582,88.11275631298807,54.46551226812819,0.6354132513569417,0.0128471852515727,mouse622179close362,0.1728172817281729,0.86003600360036,0.4190819081908191,1
mouse622179,close,502,0.0266370933575448,0.0687675851116995,0.1423713923378606,3.4110905462950765,5.769932803753459,4.765285885944171,0.2554576305698837,0.3245069161565681,0.3204678256004164,259.0,221.0,241.0,2.59,2.21,2.41,53.91950791874582,88.11275631298807,54.46551226812819,0.6354132513569417,0.0706505470772338,mouse622179close502,0.2168316831683168,0.7566156615661567,0.3869486948694872,1
mouse622179,close,364,0.0999574525569393,0.06949029462089099,0.0238804009571516,3.478619565758993,4.064630967031075,3.3458339078382235,0.3137259588883134,0.2490928941001932,0.2094589694860806,217.0,334.0,452.0,2.17,3.34,4.5200000000000005,53.489471066751385,98.41612550638015,54.11742509639711,0.6354132513569417,0.0616557785267765,mouse622179close364,0.2141314131413141,0.7690369036903691,0.4738973897389739,1
mouse622179,close,505,0.0406530075676657,0.0193624157102948,0.1363621787018476,4.20827527839899,5.3309800759446695,4.395813926551874,0.2148855008228562,0.2438861805542101,0.4150968984683056,271.0,241.0,94.0,2.71,2.41,0.9400000000000001,53.20964052105742,92.50777606208796,54.410771522505435,0.6354132513569417,0.0442841260390145,mouse622179close505,0.2098109810981099,0.716921692169217,0.4552655265526556,1
mouse622179,close,367,0.0681385187840445,0.0343297533046797,0.046857728329300005,1.7573563249931234,4.62411603013193,3.5937267754279762,0.2577366432585018,0.2358541147011722,0.316725690691772,347.0,368.0,283.0,3.47,3.68,2.83,53.20964052105742,92.50777606208796,54.410771522505435,0.6354132513569417,0.0422759746165014,mouse622179close367,0.2273627362736273,0.7080108010801082,0.4355535553555355,1
mouse622179,close,369,0.0094093992729134,0.0124880897907815,0.0478762849446376,4.363743959393445,3.9046831743043695,3.2676551765967328,0.1676636139924113,0.2094000035629298,0.1626358376592825,740.0,791.0,695.0,7.4,7.91,6.95,53.065616194579846,108.88258346748985,54.066352901299155,0.6209871174187112,0.0179553513040645,mouse622179close369,0.2808280828082808,0.7382538253825383,0.4992799279927994,1
mouse622179,close,370,0.0293560671718568,0.0504301942708179,0.0065218741564837,3.4785823856060727,3.9997130983670766,4.947386845481679,0.1626305688372596,0.1769707493226602,0.1412721014331118,1104.0,1005.0,898.0,11.040000000000001,10.05,8.98,53.065616194579846,108.88258346748985,54.066352901299155,0.6209871174187112,0.0255536129216809,mouse622179close370,0.2289828982898291,0.3180918091809182,0.2611161116111612,2
mouse622179,close,371,0.1264260341888056,0.0621584626644864,0.0669381911104553,5.851740742699997,4.970128331149146,5.957516783317892,0.4291836332980805,0.3578009162613361,0.2620849686096979,91.0,95.0,151.0,0.91,0.9500000000000001,1.51,53.05026782830265,103.08440199676468,54.07113771098936,0.6229967897188556,0.0201415837403722,mouse622179close371,0.16795679567956798,0.8122412241224123,0.4063906390639064,1
mouse622179,close,376,0.0891289420207663,0.0626440168663233,0.0336104800880597,0.3569459222360623,2.7860323802183657,0.3859536040778495,0.3025207991878866,0.3517980696206534,0.1918019080311262,260.0,217.0,309.0,2.6,2.17,3.09,53.280946881801036,112.69386189218442,53.786542879461926,0.6229967897188556,0.024357571926145,mouse622179close376,0.1898289828982898,0.7239423942394241,0.3345634563456344,1
mouse622179,close,379,0.0321811716541263,0.0145409272005597,0.0226918990572835,4.194463751304424,6.065238053474692,4.160147549364374,0.1582230522977792,0.1399352499485449,0.1236947649975166,1524.0,1238.0,1107.0,15.24,12.38,11.07,53.15517432116892,108.0821231729892,53.9914551345069,0.6103277807866851,0.0247857798748257,mouse622179close379,0.2241224122412242,0.3675067506750675,0.2743474347434744,2
mouse622179,close,381,0.0639562093792899,0.032958893509346,0.0381219392286373,2.203518083656168,0.1191362873387499,0.9572595455252896,0.2620121376272271,0.222778655827274,0.28165715995733304,570.0,602.0,447.0,5.7,6.0200000000000005,4.47,53.15517432116892,108.0821231729892,53.9914551345069,0.6103277807866851,0.0360865499356861,mouse622179close381,0.1927992799279928,0.7533753375337534,0.4058505850585061,1
mouse622179,close,507,0.0300301489158168,0.0435403361549463,0.0567436276532897,1.790958731072326,2.680966888258025,1.7803786201287064,0.2978012350372624,0.32204778655169397,0.2821598256576771,226.0,165.0,195.0,2.2600000000000002,1.6500000000000001,1.95,53.15517432116892,108.0821231729892,53.9914551345069,0.6103277807866851,0.0409178897697971,mouse622179close507,0.1676867686768677,0.6707470747074709,0.3167416741674168,1
mouse622179,close,508,0.0380027429820644,0.1860796894648526,0.1087400009886792,5.853828314616051,3.0396726001602823,3.982866891223997,0.3476199496841224,0.4372386961306908,0.3194379561803015,148.0,89.0,116.0,1.48,0.89,1.16,53.39794015431202,124.08586386250995,53.513477445755576,0.6269968101992227,0.0430869916345872,mouse622179close508,0.1687668766876688,0.7506750675067508,0.3658865886588659,1
mouse622179,close,387,0.0369403376729313,0.0561334182189443,0.0760160248525829,2.5912892877195026,2.9645378501592776,1.1658910906868465,0.1846169775356636,0.2118176870574427,0.2329352168194836,681.0,590.0,632.0,6.8100000000000005,5.9,6.32,53.52886662041728,129.03452925369243,53.61381505062625,0.6329494450586082,0.0326346606008534,mouse622179close387,0.2052205220522053,0.7747074707470748,0.4217821782178218,1
mouse622179,close,390,0.0112636967681375,0.004001121175482,0.0070647925966803,4.375802326842407,2.4456105531285,4.623533650974401,0.1119837003087685,0.0637337918214932,0.10270236555439999,3819.0,3319.0,3016.0,38.19,33.19,30.16,52.717511361660186,124.38298038787417,53.35721330344656,0.6329494450586082,0.0210428320291018,mouse622179close390,0.1811881188118812,0.3194419441944195,0.2368136813681368,2
mouse622179,close,405,0.0653216195421018,0.0323977606881015,0.0651483171679105,6.267313352517798,4.2068165362744585,5.24332919765324,0.2437046279279823,0.2555797458302206,0.3525319615819206,300.0,277.0,163.0,3.0,2.77,1.6300000000000001,51.64970312181031,160.8268161148221,52.05775734575424,0.6832825184358224,0.026844102800131,mouse622179close405,0.2003600360036003,0.7814581458145817,0.3799279927992797,1
mouse622179,close,413,0.0640667575719385,0.0943623819055816,0.1065763533101993,4.603326768973779,4.074261155311728,0.6017175862870378,0.3036784583067771,0.3965046654190965,0.4543064534391195,189.0,88.0,70.0,1.8900000000000001,0.88,0.7000000000000001,51.23496940247831,173.15074804607139,51.41225295200486,0.6754628043053148,0.0538826624700189,mouse622179close413,0.1582358235823582,0.7444644464446445,0.4247524752475251,1
mouse622179,close,382,0.0380176731458076,0.0180956536690465,0.0261467478801893,2.7253119314265555,3.189348762084,5.917845315778981,0.3502118838912736,0.2543459088593277,0.2467771789063054,219.0,291.0,348.0,2.19,2.91,3.48,53.15517432116892,108.0821231729892,53.9914551345069,0.6103277807866851,0.0374527638971516,mouse622179close382,0.1633663366336634,0.7369036903690369,0.3426642664266429,1
mouse622179,close,330,0.0569057550767657,0.0761527912033674,0.0137645801494322,1.3392355537953895,3.7272556415216966,2.1257724248880305,0.2700845916569089,0.2283298114910257,0.1632240500852207,418.0,489.0,805.0,4.18,4.89,8.05,56.241285919082834,61.62773417464039,54.19473804471757,0.6619101147436863,0.0315422114307609,mouse622179close330,0.16606660666066597,0.4495949594959497,0.5883888388838886,1
mouse622179,close,352,0.0416627081707374,0.0879801599993925,0.1130720610413561,3.609869265623732,0.9529350681754564,1.2314501647746583,0.5052600563683292,0.3375643926635441,0.4702262104011066,89.0,146.0,91.0,0.89,1.46,0.91,53.81091619987018,83.82781146929729,53.73393550268448,0.6354132513569417,0.0584438964499809,mouse622179close352,0.2546354635463547,0.8616561656165619,0.6364536453645365,1
mouse622179,close,499,0.12220727180658901,0.0437732748450792,0.1271731365794359,0.2854668452886564,5.365221338887367,5.285681759263102,0.4366949900740363,0.4034701837211081,0.6830812382220561,67.0,88.0,29.0,0.67,0.88,0.29,54.223239896489325,78.86937057060341,54.10093627864622,0.6354132513569417,0.0979419546455184,mouse622179close499,0.2762376237623762,0.7968496849684968,0.4674167416741676,1
mouse622179,close,363,0.0344296539877463,0.0595916953016144,0.04357417267571201,0.3921127137691028,4.647719840861939,5.389999858248952,0.3108906332909967,0.3182424996399451,0.3792093658235912,133.0,221.0,117.0,1.33,2.21,1.17,54.223239896489325,78.86937057060341,54.10093627864622,0.6354132513569417,0.0416294761879796,mouse622179close363,0.2368136813681368,0.7900990099009901,0.4501350135013503,1
mouse622179,close,368,0.1186584263429083,0.0805275527004202,0.0585993294739129,3.6688956662408967,1.8813340659207896,1.2606586422411374,0.4352347765698564,0.3139691928946598,0.5074300707531071,98.0,129.0,60.0,0.98,1.29,0.6,53.065616194579846,108.88258346748985,54.066352901299155,0.6209871174187112,0.0294971640538521,mouse622179close368,0.1363636363636363,0.71989198919892,0.3475247524752475,1
mouse622179,close,386,0.1333989893161092,0.0900046110202649,0.076675541396659,2.95240123222727,5.7200691334199325,2.0315962463436885,0.4157412003813812,0.45551485104724293,0.4439969656652824,112.0,83.0,88.0,1.12,0.8300000000000001,0.88,53.28410876425026,117.76429854937878,54.028604436967186,0.6269968101992227,0.0284072645981009,mouse622179close386,0.1630963096309631,0.7250225022502252,0.3245724572457246,1
mouse622179,close,394,0.0719765942036099,0.0628795154214127,0.0520048744633286,0.0487877798990011,3.975448986843707,4.7785178031883575,0.3170397115316802,0.3198790361338393,0.2438600372485541,198.0,160.0,231.0,1.98,1.6,2.31,52.24119940632958,141.31510400224766,52.44576649692293,0.6731456008918131,0.043680938221842006,mouse622179close394,0.18901890189018897,0.7747074707470748,0.4180018001800179,1
mouse622179,close,396,0.0208740416542155,0.0850690130620109,0.1408640889605156,5.7648856999329015,3.401744201636812,2.160497868252057,0.4194320638548383,0.3780298162857691,0.4729432706238665,88.0,99.0,36.0,0.88,0.99,0.36,52.24119940632958,141.31510400224766,52.44576649692293,0.6731456008918131,0.0289012013692929,mouse622179close396,0.1549954995499549,0.7466246624662466,0.7687668766876691,1
mouse622179,close,406,0.0652203781233665,0.0481611721200062,0.0238457267907845,2.6678406928574643,5.818822940071671,5.4449810513801085,0.3338952110460624,0.4587378286456096,0.3726745904034359,154.0,82.0,76.0,1.54,0.8200000000000001,0.76,51.64970312181031,160.8268161148221,52.05775734575424,0.6832825184358224,0.0627118790521796,mouse622179close406,0.1833483348334833,0.78982898289829,0.3772277227722772,1
mouse622179,close,414,0.1409544026820021,0.0930744210580824,0.11290509946316099,4.751725280308429,6.0232357018431895,5.337963025599702,0.3714785023261837,0.3315466664053438,0.3451172913342999,156.0,83.0,141.0,1.56,0.8300000000000001,1.41,51.23496940247831,173.15074804607139,51.41225295200486,0.6754628043053148,0.0312947023108064,mouse622179close414,0.1490549054905491,0.8152115211521153,0.3774977497749775,1
mouse622179,close,404,0.0554034394483915,0.0625283525545625,0.1493672890097684,4.1257099568432585,5.428936347065419,2.082296685213494,0.3392898778657943,0.3301725492570642,0.3833594693116539,256.0,132.0,204.0,2.56,1.32,2.04,51.4836913774148,149.20306063826123,51.77146070513786,0.6642665127793212,0.0374537000030229,mouse622179close404,0.2746174617461747,0.8611161116111613,0.5794779477947795,1
mouse622180,close,310,0.0187634293557456,0.0119764096528919,0.0093290162925983,3.011912723864121,4.732774359777701,0.7053830910404453,0.1789272280899017,0.1366500956835518,0.1448758009196912,1012.0,1677.0,1458.0,10.120000000000001,16.77,14.58,56.10517443862351,102.1999646831734,51.528233721765005,0.6485560885536423,0.0204863671435942,mouse622180close310,0.1360936093609361,0.3604860486048605,0.2546354635463548,2
mouse622180,close,313,0.0079517493216572,0.0123541752102197,0.0073960958972374,5.505179955969691,2.1274213193508364,6.053381480379669,0.10745811143237301,0.1036654338244029,0.0952552998322711,2759.0,2209.0,2443.0,27.59,22.09,24.43,54.39220275499814,95.51915162660549,50.667716367428405,0.6254998001598402,0.009547917633501999,mouse622180close313,0.1215121512151216,0.2165616561656166,0.1809180918091808,2
mouse622180,close,317,0.0405978254971239,0.0225021091050463,0.0163766514261535,3.8762604674378096,3.579281160879621,3.8589839669415684,0.1973986915310498,0.1706447080363795,0.2059494753024251,1148.0,869.0,1031.0,11.48,8.69,10.31,54.83345585375199,93.92317593167972,50.89300895654917,0.6219927652312365,0.0195148118195365,mouse622180close317,0.2076507650765077,0.7404140414041405,0.4163816381638167,1
mouse622180,close,327,0.0705975688872646,0.1065633728491661,0.0430670521273875,5.251935983807284,0.5993089286946456,1.9471726337568769,0.43303508176711003,0.3284662161730418,0.232254702111856,264.0,183.0,240.0,2.64,1.83,2.4,54.46044301173534,90.19938197935505,50.32965777412116,0.5836308764964376,0.0315611790476163,mouse622180close327,0.1919891989198919,0.6961296129612963,0.3693969396939692,1
mouse622180,close,325,0.0561731545571423,0.0246766633687074,0.0634141459150878,0.2303820170171702,3.9579680320722854,0.3950804754337251,0.35087547789743795,0.2037667820757794,0.2839425480708302,188.0,623.0,189.0,1.8800000000000001,6.23,1.8900000000000001,55.051142475871906,100.00266424319936,51.0937256332504,0.5733672470589858,0.0330419831593899,mouse622180close325,0.2500450045004501,0.3361836183618363,0.3089108910891089,2
mouse622180,close,328,0.0428750444719517,0.0354456900588223,0.0295687501105476,3.9968379526305697,0.784177615477218,5.261361006772736,0.2419832039986641,0.1493247249189079,0.1950188576990014,570.0,666.0,818.0,5.7,6.66,8.18,55.051142475871906,100.00266424319936,51.0937256332504,0.5733672470589858,0.0197509098383842,mouse622180close328,0.1930693069306931,0.5127812781278128,0.3631863186318633,1
mouse622180,close,332,0.0988880541323818,0.0827145121672335,0.0185701893158165,4.0644140059763565,3.0339487201107738,2.429369657566725,0.3629761847044877,0.3467255935164033,0.4018873405424414,145.0,250.0,121.0,1.45,2.5,1.21,53.62118214383826,89.1987737369553,49.95789238896001,0.5717298313014636,0.0332877486113658,mouse622180close332,0.1784878487848784,0.5854185418541855,0.4080108010801079,1
mouse622180,close,333,0.0210751000758626,0.0398841825527158,0.0172053815735206,2.9324099414953064,3.7375002927893823,3.0440860103027614,0.1110719259359318,0.1560281502380354,0.1562196128490081,1745.0,1323.0,1422.0,17.45,13.23,14.22,54.6770373690376,90.1079659000225,50.563734564113204,0.5717298313014636,0.0549170451433052,mouse622180close333,0.1385238523852385,0.8576057605760576,0.4779477947794782,1
mouse622180,close,335,0.1624047082891869,0.0464048421852472,0.0669296404394062,0.41733776498796704,3.0771604633142675,3.628630431839575,0.4244205547498375,0.38669093625737505,0.4927933568254891,121.0,388.0,108.0,1.21,3.88,1.08,53.982706727314145,83.6059233135322,49.82096922963749,0.5488624600025037,0.0443898253576318,mouse622180close335,0.2098109810981098,0.7147614761476148,0.3761476147614763,1
mouse622180,close,338,0.0140836719431997,0.0063111037879488,0.0322504666809166,1.6245148085152603,3.601546240954873,1.4665532327682638,0.1567422055411768,0.1248207791504354,0.1609795459499288,1335.0,1391.0,1225.0,13.35,13.91,12.25,54.57923409820571,93.98662489696501,50.455354658271276,0.5482928049865328,0.0179617089867504,mouse622180close338,0.2578757875787579,0.6253825382538254,0.3707470747074709,1
mouse622180,close,341,0.0225749492855797,0.023507436413947997,0.0213279465337321,5.6051530069181705,4.386107628915782,1.5149373032313251,0.1299113851512429,0.0842230606064565,0.1096394241195252,1537.0,2513.0,1817.0,15.370000000000001,25.13,18.17,53.347921114336216,81.68725160557014,49.75094896739423,0.5482928049865328,0.0166601522091137,mouse622180close341,0.16903690369036903,0.2770477047704771,0.1911791179117912,2
mouse622180,close,340,0.0175437436108105,0.0311724961433436,0.0190353818124773,4.7578862586348745,4.6733084632352995,2.0581825609576585,0.1198157769717216,0.1881084834428388,0.1863788249105278,1061.0,1151.0,1123.0,10.61,11.51,11.23,53.347921114336216,81.68725160557014,49.75094896739423,0.5482928049865328,0.0121700368643524,mouse622180close340,0.2206120612061206,0.5813681368136815,0.3899189918991897,1
mouse622180,close,336,0.0280264090677976,0.0187537648827181,0.0103511440729763,4.391273053992304,2.4463341047552745,4.641959292754532,0.1531828059216415,0.130261592346511,0.1540331062057026,1584.0,1252.0,1528.0,15.84,12.52,15.280000000000001,53.347921114336216,81.68725160557014,49.75094896739423,0.5482928049865328,0.0138786327186628,mouse622180close336,0.2586858685868587,0.6915391539153917,0.3793879387938793,1
mouse622180,close,353,0.0056651579938185,0.0220040695202874,0.0169022498910425,1.2535590231050548,0.073684539269603,1.8785303757908576,0.1551665917641296,0.1738154968472423,0.1158571730570573,1570.0,1667.0,1699.0,15.700000000000001,16.67,16.990000000000002,53.35766733587847,74.28771167547845,48.99360578003297,0.525594901040716,0.0169986968483607,mouse622180close353,0.2384338433843384,0.5962196219621962,0.376147614761476,1
mouse622180,close,357,0.0260107886876437,0.0235308371282367,0.0201426707114277,4.609323572412572,2.6868640603784884,0.6984014379094197,0.1647963866854474,0.1565069035572039,0.1658804866871951,1352.0,1383.0,1317.0,13.52,13.83,13.17,54.30267370000212,83.44588945987412,49.833234242435466,0.5261891294962296,0.0103494693036602,mouse622180close357,0.2216921692169217,0.5932493249324934,0.3556255625562555,1
mouse622180,close,356,0.0746032732924474,0.0960099627968129,0.0391866701053163,5.572712855635643,1.7526159121817257,1.2843207438461377,0.3496768022937953,0.3441895273892323,0.3729154075137951,231.0,164.0,186.0,2.31,1.6400000000000001,1.86,54.30267370000212,83.44588945987412,49.833234242435466,0.5261891294962296,0.0219420166297235,mouse622180close356,0.19603960396039602,0.5864986498649867,0.4085508550855085,1
mouse622180,close,359,0.0059189669766269,0.0265892876958303,0.0072316605827,3.782641533551832,0.0659931874608065,1.3033475350668533,0.0901548380796587,0.1406110304484461,0.10540717808827302,2569.0,2378.0,2800.0,25.69,23.78,28.0,53.797787032666996,71.97850263250784,49.61145136050996,0.5261891294962296,0.0713958998711295,mouse622180close359,0.2324932493249325,0.665886588658866,0.3502250225022504,1
mouse622180,close,594,0.0453370401880455,0.0907264145660364,0.0148967934820065,5.952992088034079,1.0904227450130264,5.266572068372169,0.1608768741514949,0.2137115237874018,0.2060284066142755,747.0,824.0,868.0,7.47,8.24,8.68,53.47784006494071,64.23809360447223,49.450321561220036,0.5055937104039171,0.0275077000531015,mouse622180close594,0.261926192619262,0.605940594059406,0.4225922592259225,1
mouse622180,close,361,0.0256349463526252,0.0248739091979898,0.0166353808571505,5.0621029442727306,3.5479538900880785,4.712061503665426,0.1374939958568913,0.1578685242031697,0.1245249677289073,1825.0,2075.0,1828.0,18.25,20.75,18.28,53.47784006494071,64.23809360447223,49.450321561220036,0.5055937104039171,0.0259448984950638,mouse622180close361,0.2154815481548155,0.531953195319532,0.3272727272727274,1
mouse622180,close,365,0.042271077738827004,0.0087980580177528,0.0254588122046816,1.2820220511357372,5.190842851287561,2.942960715817408,0.1304562300226906,0.1265947328710589,0.1249240619047246,1534.0,1636.0,1426.0,15.34,16.36,14.26,53.47784006494071,64.23809360447223,49.450321561220036,0.5055937104039171,0.0247484457062989,mouse622180close365,0.1663366336633663,0.7390639063906391,0.3731773177317733,1
mouse622180,close,358,0.0401593487093798,0.0100394134206253,0.0213238580271118,1.178705601919685,0.9686573860876352,1.1077962799054692,0.1417307283957485,0.1556798042383668,0.1537969376640095,1163.0,1304.0,1297.0,11.63,13.040000000000001,12.97,54.29607860833281,73.14705054370508,49.80255146325682,0.5055937104039171,0.0182216159134678,mouse622180close358,0.2225022502250225,0.6099909990999101,0.3475247524752477,1
mouse622180,close,360,0.0264094076362254,0.0207276717531303,0.0233770552528689,4.124371649607735,3.1055878449669336,3.2574463276254995,0.2009267865905132,0.1007054820909518,0.1194622472325701,1147.0,1201.0,1161.0,11.47,12.01,11.61,54.29607860833281,73.14705054370508,49.80255146325682,0.5055937104039171,0.0221090535140567,mouse622180close360,0.2071107110711071,0.6691269126912691,0.3459045904590462,1
mouse622180,close,577,0.0212972180474125,0.017304294731086998,0.0507333374382127,2.2853716664706165,5.498699853368287,1.93181613485376,0.19234646586378001,0.1755363578744436,0.1997706526326054,734.0,916.0,744.0,7.34,9.16,7.44,54.29607860833281,73.14705054370508,49.80255146325682,0.5055937104039171,0.0635663696600389,mouse622180close577,0.2584158415841585,0.6326732673267328,0.4331233123312331,1
mouse622180,close,384,0.0273286951256387,0.0320039315103793,0.020525829412299,4.992788681681935,4.157187941448226,1.8635291086750745,0.1338268490364106,0.1655276056554663,0.1948188578726304,1024.0,1314.0,1031.0,10.24,13.14,10.31,53.37627519157674,60.410540987037706,49.16885654032416,0.5055937104039171,0.0373599850096048,mouse622180close384,0.2362736273627362,0.6650765076507652,0.3864086408640864,1
mouse622180,close,380,0.0058926146295761,0.0270278878096446,0.0306710123121951,3.6802424633349706,2.1520555387738414,6.203119961523397,0.1485293516593493,0.173248337503382,0.16546114139813098,739.0,717.0,721.0,7.390000000000001,7.17,7.21,53.37627519157674,60.410540987037706,49.16885654032416,0.5055937104039171,0.0603658515936326,mouse622180close380,0.2384338433843384,0.6064806480648066,0.4857785778577858,1
mouse622180,close,369,0.0180584000254632,0.0095343113484629,0.0111615792034726,5.963658761639513,5.353501599955802,1.1548371702773466,0.1450620914692671,0.1251773942181619,0.1182830603904353,2045.0,2377.0,2095.0,20.45,23.77,20.95,53.37627519157674,60.410540987037706,49.16885654032416,0.5055937104039171,0.0069191542255287,mouse622180close369,0.2071107110711071,0.6097209720972098,0.3631863186318632,1
mouse622180,close,372,0.0214369200398378,0.0580538140604863,0.020601385505597,4.721236747175613,1.2843914464003916,2.08777111482778,0.1474091706016966,0.2342106955582934,0.1729870319495823,1406.0,1419.0,1408.0,14.06,14.19,14.08,53.97223498981468,61.11018586676569,49.60857956622654,0.5055937104039171,0.0407148789885431,mouse622180close372,0.2686768676867687,0.6434743474347436,0.3993699369936995,1
mouse622180,close,377,0.0227872045090356,0.0320072451697105,0.0353993080884436,1.7449392379777269,5.52823416892182,5.53237615378513,0.1592323494978028,0.1829801887362739,0.2363193960313247,1068.0,969.0,936.0,10.68,9.69,9.36,54.2457734933512,60.68982817379833,49.775600237402145,0.4866980583482946,0.0107082263959764,mouse622180close377,0.226012601260126,0.6162016201620162,0.3918091809180921,1
mouse622180,close,375,0.0244951323957887,0.0323255723312766,0.0273198513152851,2.2238169090231503,4.40843558423569,0.7334704373846226,0.2013027533970866,0.1795647219204399,0.1498074039695879,934.0,951.0,1131.0,9.34,9.51,11.31,54.2457734933512,60.68982817379833,49.775600237402145,0.4866980583482946,0.0184932806402853,mouse622180close375,0.1882088208820882,0.6180918091809181,0.3488748874887492,1
mouse622180,close,374,0.0231511647654509,0.0116582053968373,0.0392403669973918,2.387640433862844,2.7149832081248064,3.8960240821755647,0.1841415086967799,0.1317396849294061,0.2334014380192115,890.0,966.0,881.0,8.9,9.66,8.81,54.2457734933512,60.68982817379833,49.775600237402145,0.4866980583482946,0.0101061145208245,mouse622180close374,0.19900990099009902,0.5775877587758776,0.3691269126912693,1
mouse622180,close,376,0.0219830735168534,0.0894266581510831,0.0827306468503923,1.8130392161606128,1.380036375032416,3.334776424238007,0.2408365801083446,0.3278960805977116,0.2889708437637572,381.0,364.0,406.0,3.81,3.64,4.0600000000000005,54.2457734933512,60.68982817379833,49.775600237402145,0.4866980583482946,0.0448466791212353,mouse622180close376,0.2443744374437444,0.6661566156615663,0.3985598559855986,1
mouse622180,close,379,0.0277730053254942,0.0353515737226631,0.0186215607467633,4.616242222075128,4.20476031377779,1.4698379351437552,0.1456362104321069,0.1457018600963578,0.230203272305935,1295.0,1316.0,1226.0,12.950000000000001,13.16,12.26,54.2457734933512,60.68982817379833,49.775600237402145,0.4866980583482946,0.0433317906954739,mouse622180close379,0.3264626462646265,0.6445544554455447,0.4193519351935192,1
mouse622180,close,381,0.0327738318168051,0.0202385768481601,0.0112991416617625,2.4485705839701666,4.995563207879526,3.34449779249361,0.1816413160642435,0.1813597014733146,0.1686890424246176,1301.0,1261.0,1218.0,13.01,12.61,12.18,53.74581396650116,59.02367121791993,49.769447147250396,0.4866980583482946,0.0160198974506147,mouse622180close381,0.2279027902790279,0.6197119711971197,0.3623762376237623,1
mouse622180,close,546,0.0495392033393966,0.0537149346116498,0.0346009750709079,3.856390968296175,4.991476196990724,0.1789154279093101,0.2573248887905149,0.2732391204550239,0.2658913890212332,316.0,357.0,374.0,3.16,3.5700000000000003,3.74,53.74581396650116,59.02367121791993,49.769447147250396,0.4866980583482946,0.0286512248289705,mouse622180close546,0.24005400540054,0.7630963096309633,0.3542754275427541,1
mouse622180,close,388,0.0363324882118968,0.0123683157042294,0.0498926168035101,4.455643881320816,4.459871723147488,6.035805541785753,0.2483612959557409,0.182422247306418,0.2676659234011423,393.0,716.0,360.0,3.93,7.16,3.6,53.964823286936216,59.46446435610601,49.91490830628229,0.4697073557013984,0.0226212029909137,mouse622180close388,0.1614761476147614,0.2605760576057606,0.2187218721872187,2
mouse622180,close,386,0.0436140985797309,0.0299374425394464,0.0076002244873393,6.096769489962933,5.713558184371669,5.297623800993441,0.1728424110304708,0.2603175058487452,0.1242179673890418,507.0,747.0,698.0,5.07,7.47,6.98,53.964823286936216,59.46446435610601,49.91490830628229,0.4697073557013984,0.0321205210155057,mouse622180close386,0.2011701170117013,0.7582358235823584,0.4066606660666064,1
mouse622180,close,392,0.0170040168726823,0.05192625889831701,0.1301657914315066,2.564360224500692,0.0639915800656718,3.5067565015846043,0.2532081262113557,0.3858784885197282,0.4389181422361058,215.0,153.0,171.0,2.15,1.53,1.71,54.79547644839818,63.099992272799504,50.646911466875785,0.4756574397610111,0.0175805539290945,mouse622180close392,0.1911791179117912,0.7109810981098109,0.3707470747074709,1
mouse622180,close,391,0.0438695595236886,0.0968801195471434,0.0563530493371367,4.207107222105076,4.7445288537252095,5.3526438494478406,0.2517162811516401,0.3131547544651767,0.2830374004003059,449.0,600.0,382.0,4.49,6.0,3.8200000000000003,54.79547644839818,63.099992272799504,50.646911466875785,0.4756574397610111,0.0270429677319974,mouse622180close391,0.2144014401440144,0.6820882088208823,0.5657065706570658,1
mouse622180,close,390,0.0537265524995934,0.0249765039829945,0.0512106034670972,0.4475217335327254,3.051637354050328,3.7037599828565764,0.2211800617962495,0.1760770402651847,0.2319380188753936,513.0,607.0,634.0,5.13,6.07,6.34,54.79547644839818,63.099992272799504,50.646911466875785,0.4756574397610111,0.0185137388509337,mouse622180close390,0.1585058505850585,0.3078307830783079,0.2478847884788478,2
mouse622180,close,394,0.0504499107636729,0.0171323779010935,0.0279498882426027,4.129286687627676,3.802123939423747,5.15292031984665,0.2296720406734422,0.2823426891356264,0.255263029082493,296.0,232.0,304.0,2.96,2.32,3.04,54.506530615132895,87.77857169885525,50.461474959692154,0.4756574397610111,0.018239741821080003,mouse622180close394,0.2033303330333034,0.768766876687669,0.3845184518451846,1
mouse622180,close,393,0.0095778579838438,0.0364731458696165,0.0114239001745041,4.87093651307446,4.748966636734775,4.259721251864629,0.1001559715438161,0.1716147341819445,0.0835510703449182,2118.0,1933.0,2468.0,21.18,19.330000000000002,24.68,54.506530615132895,87.77857169885525,50.461474959692154,0.4756574397610111,0.0196223819641623,mouse622180close393,0.1601260126012602,0.2891989198919893,0.20495049504950502,2
mouse622180,close,547,0.0709887624575538,0.0303764460049462,0.0625482770298547,4.235824408654446,5.305807988266195,1.9549456908653609,0.2599316264285365,0.2885760452398165,0.1975797833481673,644.0,418.0,561.0,6.44,4.18,5.61,54.79797563185183,81.72819794411473,50.5526731177586,0.4430011286667337,0.0423787419051878,mouse622180close547,0.2341134113411341,0.6882988298829883,0.4495949594959495,1
mouse622180,close,398,0.0166116365160352,0.0150931959982473,0.0145144408174251,4.476347293347168,4.3608110339400685,3.990023675771403,0.0843389032785328,0.0962642085483845,0.108101789649547,3312.0,3308.0,3557.0,33.12,33.08,35.57,55.94867344607164,98.93745427136216,51.39137418526914,0.4506939094329987,0.0194314764395361,mouse622180close398,0.1441944194419442,0.3145814581458146,0.2108910891089109,2
mouse622180,close,399,0.0323208941758957,0.0321883153269874,0.0143356496418611,5.275421915146133,1.9746415171843268,5.041829558356605,0.1536814800909498,0.1921421725632994,0.1722403787213125,944.0,1041.0,1015.0,9.44,10.41,10.15,55.94867344607164,98.93745427136216,51.39137418526914,0.4506939094329987,0.0131319343727781,mouse622180close399,0.2030603060306031,0.6421242124212423,0.4882088208820881,1
mouse622180,close,548,0.0335417868716662,0.0863454778596939,0.0773590132343275,1.9977701584414065,3.6544448138825696,0.6286136489130028,0.3226014338405119,0.3759186136168683,0.4478188112974843,145.0,93.0,108.0,1.45,0.93,1.08,55.98711434218614,150.12369836024376,51.51492094715279,0.4394598957811737,0.053446693405705,mouse622180close548,0.1998199819981998,0.6872187218721874,0.3796579657965798,1
mouse622180,close,405,0.0439656809683399,0.0055283643357187,0.0348328192005924,4.4964165414215485,2.0351865497230026,2.718244233250349,0.3012991066540916,0.1558441845295375,0.2204707930879754,305.0,794.0,332.0,3.0500000000000003,7.94,3.3200000000000003,55.98711434218614,150.12369836024376,51.51492094715279,0.4394598957811737,0.0229582667527603,mouse622180close405,0.2705670567056706,0.4620162016201621,0.3064806480648065,2
mouse622180,close,549,0.1229886041008573,0.1050246592679232,0.0331600584206646,0.8725796117991144,3.0393976742693996,0.5500620613150031,0.4293271376207587,0.4113656450738085,0.4418595226312426,151.0,92.0,89.0,1.51,0.92,0.89,55.98711434218614,150.12369836024376,51.51492094715279,0.4394598957811737,0.0483279331764086,mouse622180close549,0.1919891989198919,0.705850585058506,0.3918091809180921,1
mouse622180,close,404,0.0355052583655759,0.0322761332907203,0.0416972022311381,1.1762271717104058,3.757948100494137,2.3408061955046566,0.3364820396992458,0.2899517730987819,0.3558310501818372,214.0,220.0,212.0,2.14,2.2,2.12,55.98711434218614,150.12369836024376,51.51492094715279,0.4394598957811737,0.0210974096630699,mouse622180close404,0.1641764176417641,0.6267326732673267,0.3094509450945095,1
mouse622180,close,410,0.0355517374698975,0.0146744983416587,0.0407989623453246,2.4523775996350428,1.1255912181251262,5.743199999663979,0.1603566147800362,0.1588879332735302,0.1790353060633469,865.0,758.0,848.0,8.65,7.58,8.48,55.661079979704105,189.56245408652316,51.39547756478635,0.4394598957811737,0.017820757271047,mouse622180close410,0.2216921692169217,0.7171917191719174,0.3823582358235825,1
mouse622180,close,415,0.1479090513151613,0.0942900900096657,0.0875695446196175,2.6490266009023347,5.770140548269464,5.45269650163479,0.3032003947244549,0.3529627511261395,0.3402400425660067,188.0,191.0,234.0,1.8800000000000001,1.9100000000000001,2.34,55.869160118833285,237.516661176628,52.09856828244172,0.4308421984903521,0.019321749233362998,mouse622180close415,0.1571557155715572,0.6747974797479749,0.3550855085508552,1
mouse622180,close,418,0.0615490607690992,0.0228789296111503,0.0570093191339429,1.7436877190304847,0.0779704189980792,6.221749428051982,0.4104860515526693,0.3368842723226147,0.294586318806584,158.0,194.0,167.0,1.58,1.94,1.67,57.25047678286899,223.42316852804782,52.380118338558226,0.4308421984903521,0.0259662449771563,mouse622180close418,0.1771377137713772,0.676957695769577,0.3364536453645367,1
mouse622180,close,421,0.1058344025167064,0.0412518916886244,0.0771647790122663,4.698590828521716,2.464033289155664,2.1323718533566347,0.36849735782600107,0.3276884334201648,0.432763896632552,198.0,143.0,136.0,1.98,1.43,1.36,57.46802128161625,275.53961800024683,52.8536385056544,0.425,0.0287584030668942,mouse622180close421,0.1582358235823582,0.6596759675967598,0.2972997299729975,1
mouse622180,close,553,0.0681105312127326,0.0506516343260068,0.0272052079790161,5.79629143403543,2.17539984710797,5.493973676963696,0.2972056146090223,0.394447172481934,0.2653887742932224,236.0,115.0,191.0,2.36,1.1500000000000001,1.9100000000000001,57.67735063257364,308.78892599294926,52.81476654557501,0.425,0.0301685411404071,mouse622180close553,0.1806480648064806,0.7158415841584159,0.2400540054005399,1
mouse622180,close,429,0.051459447374652,0.0256624449997036,0.0453913116691393,0.0258696967381586,1.756021256025385,5.549602444966315,0.1979490029292944,0.2051999757137503,0.2349400886224364,732.0,725.0,936.0,7.32,7.25,9.36,57.67735063257364,308.78892599294926,52.81476654557501,0.425,0.0169961580730842,mouse622180close429,0.1687668766876687,0.7285328532853287,0.3018901890189019,1
mouse622180,close,430,0.1800197956251133,0.2168854005841005,0.1405746905457883,5.537617561436231,5.687208163515389,5.7622223630486165,0.4683424915120822,0.5374066459379641,0.5188645440373105,78.0,72.0,128.0,0.78,0.72,1.28,57.26971629497459,371.404514952345,52.69611822643935,0.4387482193696062,0.050513216596743,mouse622180close430,0.1363636363636363,0.7331233123312332,0.3148514851485148,1
mouse622180,close,435,0.0171995869343405,0.0181560805192829,0.0257535230787559,5.372643403476659,3.5224565139746096,0.5133481934656068,0.2107278337230643,0.1605772044701812,0.1283772138356578,609.0,659.0,980.0,6.09,6.59,9.8,57.783159765040295,357.3669785009559,52.21986947415101,0.4107919181288746,0.019048564581847997,mouse622180close435,0.1466246624662467,0.7134113411341134,0.3040504050405043,1
mouse622180,close,431,0.0036210495223003,0.0143068361440433,0.0097930454068838,5.492886851934576,0.1805497548763633,5.233617065606335,0.1414667522771476,0.1121426137058369,0.0986937513039486,1956.0,1831.0,2143.0,19.56,18.31,21.43,57.112732988838026,410.8057346368855,52.128059046201344,0.4264680527307995,0.0226607102591656,mouse622180close431,0.1487848784878488,0.6831683168316832,0.2454545454545454,1
mouse622180,close,445,0.0302397846155554,0.0448336114630632,0.0502297689687027,4.829090418890595,3.5543374894272683,3.8633045921024,0.163906800509548,0.2081869398096887,0.1856403382165507,827.0,473.0,838.0,8.27,4.73,8.38,56.12137361880986,571.3038311850261,50.976265432728454,0.4279310692155922,0.0192801856736882,mouse622180close445,0.1933393339333934,0.7965796579657968,0.5511251125112512,1
mouse622180,close,451,0.042850685455981,0.0404199810076009,0.0853834641305687,4.4205120407378455,1.3262726139546162,4.807475893820897,0.2119879521364842,0.2057460224407834,0.2245053829470463,621.0,720.0,681.0,6.21,7.2,6.8100000000000005,56.228351716537674,565.2435642271158,51.27571273669192,0.4322904116447645,0.0301257471820032,mouse622180close451,1.0455445544554458,1.4065706570657068,0.0847884788478845,0
mouse622180,close,465,0.0715689579306226,0.0544798123812313,0.0708608375936367,4.825176625838114,3.715457372709066,4.639794098870251,0.1999473998096176,0.150698463634375,0.1807349527056425,1878.0,1675.0,2040.0,18.78,16.75,20.400000000000002,54.65550346553918,661.1760084925418,49.32704063683683,0.4394598957811737,0.0200770421022579,mouse622180close465,0.1425742574257426,0.453915391539154,0.5011701170117014,1
mouse622180,close,478,0.0586689266321044,0.0246701095613685,0.0671227577986186,4.8447737527183135,3.1821472243247486,4.762898344514793,0.2626589955978075,0.1472548334775045,0.2604330601979568,722.0,794.0,828.0,7.22,7.94,8.28,52.00024455877377,849.0241909193771,47.01752396578111,0.4703721930556694,0.0117782825247076,mouse622180close478,0.1544554455445541,0.5030603060306031,0.0791179117911791,2
mouse622180,close,387,0.0249541039133502,0.0149977169578169,0.0177633117709768,2.4432810556955142,5.883040958910358,2.1603646225898165,0.1544707820185213,0.2094290383349698,0.1432897135447302,1333.0,1102.0,1490.0,13.33,11.02,14.9,53.964823286936216,59.46446435610601,49.91490830628229,0.4697073557013984,0.0186934011641142,mouse622180close387,0.20198019801980202,0.6183618361836186,0.4015301530153013,1
mouse622180,close,408,0.0437471667489516,0.1019012092661894,0.27447698333627696,5.152538411438579,1.6977302277277668,4.773049034421627,0.3786263200602979,0.4118757444725013,0.54944513651202,95.0,65.0,43.0,0.9500000000000001,0.65,0.43,55.98711434218614,150.12369836024376,51.51492094715279,0.4394598957811737,0.031790745644987996,mouse622180close408,0.1836183618361836,0.7873987398739876,0.4965796579657967,1
mouse631538,close,263,0.0060812633069084,0.0221527277887669,0.0051860060956496,4.0744225738417414,1.5896815381472311,5.548416014066224,0.1960272571919475,0.1448534995422004,0.1939324347997853,490.0,813.0,735.0,4.9,8.13,7.3500000000000005,56.011603160643176,70.57385459730882,59.71681464298543,0.5408326913195984,0.026825848853943,mouse631538close263,0.2403240324032404,0.6783078307830784,0.4201620162016201,1
mouse631538,close,265,0.0321877987690356,0.0180654556706152,0.0052948279721842,2.4123395738982016,3.3348462280236766,4.628062633988988,0.18815333439808998,0.102649573107752,0.105938951865392,1235.0,1950.0,1506.0,12.35,19.5,15.06,55.19728720221242,62.24991659561852,59.29174384419383,0.5408326913195984,0.0262575891137576,mouse631538close265,0.1533753375337534,0.3213321332133214,0.2233123312331232,2
mouse631538,close,449,0.007894076113983,0.0457312658423216,0.0117652978001209,5.004661873601343,3.7198465228034516,2.9006698179203805,0.1154475232176071,0.2071898431758409,0.16888116639892098,1022.0,1189.0,1147.0,10.22,11.89,11.47,55.50476570964445,69.53713698989328,59.066875892914716,0.5226136240091719,0.0188130610545721,mouse631538close449,0.245994599459946,0.6747974797479749,0.4096309630963096,1
mouse631538,close,266,0.0346112687662771,0.014183916705423998,0.0403725454304237,0.501998542600413,2.925632150491378,3.1137107993341218,0.2311116250201482,0.1386040332861548,0.2378821659109313,513.0,757.0,645.0,5.13,7.57,6.45,55.50476570964445,69.53713698989328,59.066875892914716,0.5226136240091719,0.0444416489501202,mouse631538close266,0.2324932493249325,0.6413141314131414,0.3926192619261927,1
mouse631538,close,267,0.0596823484183186,0.0273111510723411,0.0142489941480814,0.6348855727293324,3.6178207002556766,3.6500767048855822,0.2309960057134868,0.18406429227273496,0.15069268130703398,974.0,1134.0,1071.0,9.74,11.34,10.71,55.50476570964445,69.53713698989328,59.066875892914716,0.5226136240091719,0.0218628346008091,mouse631538close267,0.2384338433843384,0.6777677767776779,0.408820882088209,1
mouse631538,close,269,0.068385226503765,0.0269820731357236,0.0192293518538978,2.1059123837390334,5.406598878835854,4.286752547778754,0.2133205308012333,0.2053695168809735,0.1508069512893358,573.0,697.0,738.0,5.73,6.97,7.38,55.50476570964445,69.53713698989328,59.066875892914716,0.5226136240091719,0.0101198624354227,mouse631538close269,0.1938793879387939,0.6118811881188121,0.3677767776777677,1
mouse631538,close,275,0.0777791785559305,0.0336306491588297,0.0284643767224841,5.866839055527223,3.181952918639166,3.8258575767040517,0.29392341353918394,0.2139819922468667,0.255188778512912,129.0,312.0,230.0,1.29,3.12,2.3000000000000003,55.71736841503817,62.65023841798975,59.250459721697105,0.5396758286230726,0.0531155615379156,mouse631538close275,0.2613861386138614,0.8543654365436546,0.5141314131413138,1
mouse631538,close,274,0.07538940717862,0.0284054946776189,0.0251754757387505,0.0076190710138246,5.062293098390288,0.2194754768414427,0.2714917685362234,0.2830960763437244,0.2483338802852126,348.0,244.0,257.0,3.48,2.44,2.57,55.71736841503817,62.65023841798975,59.250459721697105,0.5396758286230726,0.0117870910768864,mouse631538close274,0.1822682268226823,0.7971197119711971,0.3963996399639965,1
mouse631538,close,273,0.0048909742906171,0.0470059305989617,0.0435084760146431,5.313176877461347,3.1816277545372302,3.716783041021341,0.1854100832302748,0.1863983838986756,0.17462513365261498,866.0,1166.0,1034.0,8.66,11.66,10.34,55.71736841503817,62.65023841798975,59.250459721697105,0.5396758286230726,0.0183001004000673,mouse631538close273,0.2022502250225023,0.6102610261026105,0.3774977497749773,1
mouse631538,close,279,0.0697208958070489,0.0406169353373345,0.05770732661449401,5.802832185127549,5.525910101408327,1.4643124914866281,0.3970058072250441,0.369930845186383,0.2775463713519387,224.0,332.0,322.0,2.24,3.3200000000000003,3.22,55.62393981376939,61.07476590175306,59.3428109110554,0.5396758286230726,0.0154865845616622,mouse631538close279,0.1585058505850585,0.8162916291629164,0.3747974797479748,1
mouse631538,close,280,0.0339593443278141,0.0279997932925515,0.0281569017459571,3.653917090434682,1.6441509352887649,2.0970435862409014,0.2713126025497755,0.3628941714864213,0.2852735779066038,288.0,214.0,313.0,2.88,2.14,3.13,55.62393981376939,61.07476590175306,59.3428109110554,0.5396758286230726,0.0256870568546705,mouse631538close280,0.1882088208820882,0.7347434743474349,0.3391539153915389,1
mouse631538,close,454,0.0757642841231253,0.0421263631580305,0.0442861100928559,1.1778062043459665,1.6957301857781495,4.7185846459560095,0.2161932139967603,0.1506216526820455,0.2667537939943084,579.0,684.0,510.0,5.79,6.84,5.1000000000000005,55.62393981376939,61.07476590175306,59.3428109110554,0.5396758286230726,0.0350622674909532,mouse631538close454,0.21602160216021601,0.7536453645364538,0.4433843384338435,1
mouse631538,close,282,0.0233223087453685,0.0247711272003459,0.0389925653830897,2.614628297141563,1.3899423135911924,0.4425569163327893,0.1424060047962378,0.2110332628550283,0.2162454905088067,751.0,614.0,669.0,7.51,6.140000000000001,6.69,55.416172992298954,65.26065401529169,58.19397513929448,0.5408326913195984,0.0206545677540753,mouse631538close282,0.2330333033303331,0.8003600360036005,0.8527452745274531,1
mouse631538,close,287,0.0339779087500479,0.0338182851040766,0.0412381962168753,0.9097628138504742,0.1902203764082182,2.1183550802958258,0.2568369356359742,0.1413509787204542,0.1850657344159356,447.0,541.0,566.0,4.47,5.41,5.66,55.492197548486644,61.12173280505285,58.73862899744972,0.5408326913195984,0.0228155752745368,mouse631538close287,0.2036003600360035,0.7547254725472547,0.4450045004500452,1
mouse631538,close,284,0.0227277913734114,0.1520669480767188,0.0411624139531314,5.197644549052809,2.99843824705518,5.7433481246212965,0.44847737397498705,0.4004558774726389,0.4338602894285068,81.0,68.0,77.0,0.81,0.68,0.77,55.492197548486644,61.12173280505285,58.73862899744972,0.5408326913195984,0.0638512559669208,mouse631538close284,0.2562556255625562,0.8705670567056706,0.4020702070207022,1
mouse631538,close,463,0.1226927532750544,0.0784348268306862,0.0750678100581462,3.9521035857195788,2.8188223270544124,3.7097409262836303,0.4583978874609712,0.3069577160881903,0.3916542017433226,73.0,232.0,102.0,0.73,2.32,1.02,56.574770527844045,100.99367184258284,58.34598766612964,0.55,0.0421957372466509,mouse631538close463,0.1593159315931593,0.6761476147614761,0.3186318631863188,1
mouse631538,close,354,0.0363389358433726,0.0672520287407461,0.0479402782311353,4.6571661357607015,4.559497420968538,2.7123981521109313,0.2749520899581716,0.4060423165216621,0.2496851755193536,251.0,157.0,199.0,2.5100000000000002,1.57,1.99,56.81431995090425,250.80642705993532,57.63293246551422,0.6133922073192649,0.0167724144116064,mouse631538close354,0.17902790279027897,0.6410441044104412,0.5759675967596761,1
mouse655957,close,301,0.11624188387608601,0.0932125812837821,0.1009549423435272,1.096780732029891,2.277812517768015,0.8728982043571931,0.2155585913870033,0.2416004766334262,0.2078406680759162,1457.0,1665.0,1650.0,14.57,16.65,16.5,41.65938027462397,52.45827412193829,54.70223755234682,0.7470776398741967,0.0127104470140927,mouse655957close301,0.2360036003600361,0.6021602160216022,0.3675067506750679,1
mouse655957,close,303,0.0604739851118329,0.0775752715213036,0.0703016275490919,4.37479731009455,3.937401040926596,3.9094310153972995,0.1654674455891232,0.1913686112081544,0.2136782071320662,2041.0,1774.0,1506.0,20.41,17.740000000000002,15.06,39.436113371204854,47.886415057427904,51.4183072829038,0.7470776398741967,0.0128446027446255,mouse655957close303,0.1568856885688568,0.3577857785778578,0.2856885688568856,2
mouse655957,close,324,0.0129553150093021,0.0248196811636338,0.010704851986346001,4.228836850421427,5.799835111815843,1.2577324267914445,0.2217523009701774,0.2305909546195148,0.1933984409190019,416.0,544.0,345.0,4.16,5.44,3.45,26.578892470261398,38.25687169329208,34.796139163655056,0.7462405778299649,0.0386989075071692,mouse655957close324,0.1671467146714672,0.6461746174617462,0.3286228622862288,1
mouse655957,close,330,0.0412290338130628,0.0316244379126233,0.0024213230320302,0.6837319544029343,4.285284558870405,0.8868302906376295,0.1580775529306337,0.1593305584178765,0.0909217200123012,1392.0,1594.0,1794.0,13.92,15.94,17.94,25.699848412239646,42.60936002195211,33.73652238760159,0.7520804478245662,0.0179782538262358,mouse655957close330,0.2713771377137715,0.2816381638163817,0.2252025202520251,2
mouse655957,close,334,0.0737158233860075,0.0466908949828247,0.0069619655611214,1.3717202120845309,0.6339163041023875,0.7123774050374743,0.2436897939160221,0.2509964107409094,0.1840471617574553,667.0,502.0,1005.0,6.67,5.0200000000000005,10.05,25.20933293760117,44.474184107149725,32.81854345792839,0.7520804478245662,0.0085675765349657,mouse655957close334,0.1698469846984698,0.3137713771377138,0.24410441044104397,2
mouse655957,close,336,0.0359782937097231,0.0375666560643559,0.0643605457966073,1.5130774123289117,2.2924029106849475,2.1275663854213254,0.1525461171371079,0.1703843175636314,0.1882215974771845,1878.0,1425.0,1409.0,18.78,14.25,14.09,25.32597955975891,45.476757186544894,33.208900107742465,0.7520804478245662,0.013021599717566999,mouse655957close336,0.1666066606660666,0.2937893789378939,0.2322232223222322,2
mouse655957,close,351,0.0390466315624026,0.0411312563846613,0.0215330805347353,3.7464846793245212,5.7497068702293275,5.331284390676323,0.1881772965165525,0.2207474288223125,0.2170426708610986,856.0,703.0,563.0,8.56,7.03,5.63,24.084392332294577,58.50094353994912,30.74080136495349,0.7866066361276137,0.0455836298335946,mouse655957close351,0.1377137713771377,0.2065706570657065,0.1671467146714671,2
mouse655957,close,357,0.2787097588237708,0.0852033395203529,0.0238939389420894,2.235189674070464,5.8812012979325745,2.6767971172689617,0.4665260786954259,0.4580739208380608,0.3960814224928997,73.0,91.0,107.0,0.73,0.91,1.07,23.814206316894545,62.80119827845647,30.525442101689453,0.7866066361276137,0.0230386796698012,mouse655957close357,0.1863186318631864,0.7347434743474348,0.4074707470747075,1
mouse655957,close,356,0.0393675884093327,0.0217461564725379,0.034046436963641,6.139418577964414,3.1537908011144613,2.4615349292538085,0.20171917936705303,0.2172114743205291,0.2341645914218878,535.0,429.0,419.0,5.3500000000000005,4.29,4.19,23.814206316894545,62.80119827845647,30.525442101689453,0.7866066361276137,0.0172881495725125,mouse655957close356,0.1563456345634564,0.8111611161116113,0.4598559855985599,1
mouse655957,close,355,0.0154738705885283,0.0903908207633059,0.060527295823747,2.952528874642734,0.9984696339701824,3.0792121981709037,0.194140171342542,0.2411652224466799,0.2317446734464399,643.0,646.0,604.0,6.43,6.46,6.04,24.053179123599683,61.477747594584024,30.757085837854238,0.7866066361276137,0.0323373266324592,mouse655957close355,0.6691269126912692,0.945634563456346,0.2635463546354635,0
mouse655957,close,612,0.0319434642623751,0.0273119961642826,0.0598016875313617,6.059416513588277,0.0290487097936751,0.5699234588177597,0.3107066612919699,0.2950621955055346,0.2877775358290197,312.0,215.0,238.0,3.12,2.15,2.38,24.053179123599683,61.477747594584024,30.757085837854238,0.7866066361276137,0.0297420290248595,mouse655957close612,0.1509450945094509,0.7174617461746176,0.3081008100810082,1
mouse655957,close,360,0.0444942472874365,0.0356654583996528,0.0478730533861804,5.4701004644940445,3.9849350898564517,2.483054416065141,0.1791572916904992,0.191103092932071,0.1771709363015348,1008.0,884.0,857.0,10.08,8.84,8.57,24.053179123599683,61.477747594584024,30.757085837854238,0.7866066361276137,0.0341967792851756,mouse655957close360,0.1652565256525653,0.7976597659765978,0.3993699369936992,1
mouse655957,close,361,0.0240585922550415,0.0143570411782134,0.0327662404811288,3.806773215410813,5.0755786301633,4.618684910061512,0.17478290328628399,0.1952195836903169,0.1673109909084501,903.0,671.0,719.0,9.03,6.71,7.19,23.65580622209575,66.11140632963688,29.91172541432785,0.7830229881682913,0.0194526221505372,mouse655957close361,0.1984698469846985,0.6734473447344735,0.33186318631863204,1
mouse655957,close,555,0.1168351208917912,0.2368601647468256,0.0627519539559303,2.6008959300637176,5.22350253839641,4.51943527951772,0.3895742807593904,0.4467699723696879,0.3357221091227913,98.0,123.0,155.0,0.98,1.23,1.55,23.62309143618804,70.34640043302934,29.92052825888248,0.7830229881682913,0.0581286315034025,mouse655957close555,0.26003600360035994,0.8181818181818183,0.5192619261926191,1
mouse655957,close,365,0.0367911697663382,0.0673306280550293,0.1831644566099927,3.80593923734864,1.7651312184287682,2.0208586277018914,0.2279839820206348,0.3403358528046298,0.49189126026225,276.0,201.0,129.0,2.7600000000000002,2.0100000000000002,1.29,23.104775983804174,66.9048448605141,29.338502325557748,0.8023403267940608,0.0214546477621585,mouse655957close365,0.1711971197119711,0.3621062106210621,0.23897389738973898,2
mouse655957,close,366,0.0923461478152109,0.1298359179472013,0.0564228728754735,1.4161073836014242,4.540957396225787,4.613820512350666,0.2879956341589075,0.4192068607239869,0.3257851908139882,244.0,75.0,144.0,2.44,0.75,1.44,23.104775983804174,66.9048448605141,29.338502325557748,0.8023403267940608,0.0200769411262609,mouse655957close366,0.2098109810981099,0.6402340234023403,0.3769576957695769,1
mouse655957,close,364,0.0825837587185387,0.0824652722877078,0.1098751358732898,0.4233024567344681,3.9117164743829447,5.597397098622534,0.3557369812906337,0.2728686764722694,0.3360125420818739,362.0,367.0,289.0,3.62,3.67,2.89,23.11754185793027,76.81975846988334,28.857629914907502,0.7956915231419774,0.0606633568918858,mouse655957close364,0.2540954095409542,0.8524752475247526,0.4180018001800182,1
mouse655957,close,370,0.0458207273732819,0.0140772033210832,0.0160060904673205,2.140424341777988,4.90625701549538,2.055137089370728,0.1789729630454296,0.1490742152380021,0.1171059989925005,1463.0,1495.0,1307.0,14.63,14.950000000000001,13.07,23.221062881925462,73.20394281964313,28.96431668696476,0.8154753215150046,0.0155139948891622,mouse655957close370,0.2103510351035104,0.5805580558055807,0.3699369936993699,1
mouse655957,close,372,0.0127420060841143,0.0177817442910439,0.0321933713077503,4.006129780428592,3.7148463298910097,3.3155002919566106,0.1173241367497005,0.1729002377561616,0.1506356052499584,1241.0,1171.0,1120.0,12.41,11.71,11.200000000000001,23.221062881925462,73.20394281964313,28.96431668696476,0.8154753215150046,0.016323725083023998,mouse655957close372,0.2065706570657065,0.578937893789379,0.3669666966696671,1
mouse655957,close,374,0.04802118165956,0.0648283432416085,0.082554454864524,2.40684917674351,2.9171478340640737,3.5012838727027864,0.2542685043117992,0.2947657225223564,0.2724133661196264,380.0,358.0,284.0,3.8000000000000003,3.58,2.84,23.052346924458398,77.36790920643867,28.38618893885272,0.8154753215150046,0.0203214858871273,mouse655957close374,0.1563456345634564,0.6872187218721875,0.3062106210621059,1
mouse655957,close,376,0.0298143227801046,0.0234095198049642,0.0114641474379741,4.662897667144336,0.6516044241115491,5.323352541475448,0.1401170972992761,0.1949089773671775,0.1866556101312605,874.0,920.0,760.0,8.74,9.200000000000001,7.6000000000000005,23.16846066750478,78.97628410356694,28.578201732962924,0.8154753215150046,0.0167091193653398,mouse655957close376,0.1417641764176418,0.627812781278128,0.3218721872187217,1
mouse655957,close,632,0.0389117548346353,0.0619107335497359,0.033329065119746,3.4498973307760137,4.773448473890731,3.0144678276298404,0.2383368954175994,0.2405264573359762,0.1925162248732644,611.0,630.0,624.0,6.11,6.3,6.24,22.893704534019452,83.31535746475552,28.239848434929627,0.8097067370350823,0.0425843475936835,mouse655957close632,0.2527452745274527,0.5970297029702972,0.3731773177317732,1
mouse655957,close,559,0.0273503950252931,0.0086776347565996,0.0231032760835627,2.2460228987728907,3.1276625495226784,1.3331793108435013,0.1870218025589611,0.1497391674475767,0.1935469907068547,1191.0,1115.0,1041.0,11.91,11.15,10.41,22.893704534019452,83.31535746475552,28.239848434929627,0.8097067370350823,0.0131335867479846,mouse655957close559,0.2392439243924393,0.5292529252925293,0.3891089108910892,1
mouse655957,close,561,0.010155750513154,0.0275312552836175,0.0526003039586202,3.4776185317741586,6.108233440455818,2.8848534166165667,0.2413914035825545,0.2087196487442857,0.2313846565512936,484.0,681.0,512.0,4.84,6.8100000000000005,5.12,22.893704534019452,83.31535746475552,28.239848434929627,0.8097067370350823,0.0455285094989999,mouse655957close561,0.1817281728172817,0.7301530153015302,0.4093609360936096,1
mouse655957,close,380,0.014860954617793002,0.0266481343813507,0.0174924639176602,3.0841200188898528,0.4638687072666739,4.3412397125318964,0.2192030155543859,0.1951019478634836,0.20484732581792198,646.0,725.0,713.0,6.46,7.25,7.13,22.894523460521988,78.97263088072494,27.98185904650746,0.8299096336348916,0.012768247468934,mouse655957close380,0.1871287128712871,0.5684068406840685,0.3270027002700271,1
mouse655957,close,562,0.0559385794360041,0.0245800836138969,0.0270381251805614,3.451853449933517,0.2905554932771053,3.8088556928624784,0.300622063361412,0.2496431948955072,0.2168359989780243,408.0,527.0,511.0,4.08,5.2700000000000005,5.11,23.15624340623145,84.88143248467462,28.115653494966704,0.8299096336348916,0.0106499327661038,mouse655957close562,0.2068406840684069,0.5824482448244825,0.3969396939693971,1
mouse655957,close,385,0.0511305352318025,0.0503877496512483,0.0276121731675926,3.520577672168101,3.5344504287416934,5.359805824461029,0.2051590750134367,0.1851445551305819,0.201441860358965,687.0,794.0,903.0,6.87,7.94,9.03,23.180898049158195,84.80581498720255,27.80345422147542,0.8437268515343104,0.0256826535064119,mouse655957close385,0.2603060306030603,0.6210621062106211,0.3629162916291629,1
mouse655957,close,386,0.0355219805697335,0.0267442888601872,0.0196502062395608,3.7494359101893635,4.8034889631752336,3.8523510672641765,0.2620656251248207,0.18992724673088698,0.2031916434697342,782.0,784.0,498.0,7.82,7.84,4.98,23.180898049158195,84.80581498720255,27.80345422147542,0.8437268515343104,0.0084708674840232,mouse655957close386,0.2432943294329432,0.6000000000000001,0.3529252925292528,1
mouse655957,close,390,0.0267420232863272,0.0063789063080042,0.0489000260045083,4.329680963567024,2.8532761297842164,1.9455922084743118,0.1738517594413315,0.1461435052684684,0.2550711343211921,869.0,797.0,708.0,8.69,7.97,7.08,23.349129905444826,91.40386681120829,27.85563145185628,0.8437268515343104,0.0068829269919502,mouse655957close390,0.2057605760576057,0.575967596759676,0.3407740774077408,1
mouse655957,close,388,0.0387905235399964,0.0367267484697804,0.0196773513878437,3.3176692971272908,4.0539891812896816,4.40193652046639,0.1592028751709587,0.1364067161798072,0.1964914573818194,1046.0,997.0,838.0,10.46,9.97,8.38,23.349129905444826,91.40386681120829,27.85563145185628,0.8437268515343104,0.014647129618955,mouse655957close388,0.200900090009001,0.5616561656165618,0.3456345634563456,1
mouse655957,close,384,0.0536601292875755,0.017791831953406,0.0429759869831432,5.233259386202233,0.2990423656495577,3.0062619180449626,0.2532283987972151,0.25181717306953305,0.2792316832948794,425.0,411.0,330.0,4.25,4.11,3.3000000000000003,23.349129905444826,91.40386681120829,27.85563145185628,0.8437268515343104,0.015838966660261,mouse655957close384,0.2392439243924392,0.6081008100810081,0.3542754275427545,1
mouse655957,close,394,0.0625895949227194,0.0133179221291992,0.0506825294139579,4.7594286670653085,5.995439549487759,1.5379026826726403,0.2412307474181849,0.3208808772018046,0.2837294258536231,446.0,333.0,287.0,4.46,3.33,2.87,23.682214632000807,90.69421847484054,27.88621897624576,0.8591420138719791,0.0279433889233945,mouse655957close394,0.2106210621062105,0.6207920792079209,0.3750675067506749,1
mouse655957,close,395,0.0195715957110418,0.0379463378975376,0.1250235275617812,4.590834383413479,2.133785522554562,1.8847391586320013,0.4844029853732751,0.3129701812742547,0.3394873786290765,193.0,203.0,150.0,1.93,2.0300000000000002,1.5,23.75855367722341,88.6600913002818,27.664894973100186,0.8455767262643882,0.0152081372600641,mouse655957close395,0.1806480648064807,0.7630963096309633,0.3877587758775879,1
mouse655957,close,398,0.0450677774030777,0.0328015273167235,0.0459320735210338,3.7140037669390233,4.891698034073537,3.495491600722283,0.1766875411278912,0.2212584446696896,0.2190523570970092,938.0,909.0,811.0,9.38,9.09,8.11,23.412895552779972,97.21437488801138,27.410034889468623,0.8455767262643882,0.0149298054711298,mouse655957close398,0.1865886588658866,0.5635463546354637,0.3526552655265527,1
mouse655957,close,567,0.0999824759558594,0.0686937157959904,0.0830538583571362,5.919336515549671,5.821634515037684,0.8882948316357326,0.3300833372055533,0.375697292492432,0.3624250430700003,261.0,182.0,182.0,2.61,1.82,1.82,23.412895552779972,97.21437488801138,27.410034889468623,0.8455767262643882,0.0255292357610567,mouse655957close567,0.21899189918991896,0.7004500450045005,0.42772277227722794,1
mouse655957,close,399,0.0380122296135598,0.0276919925991033,0.0226377397843254,4.331571260987497,5.833564100027562,5.156499642284659,0.192142371611511,0.1692472386846169,0.2030138002225459,769.0,801.0,781.0,7.69,8.01,7.8100000000000005,23.412895552779972,97.21437488801138,27.410034889468623,0.8455767262643882,0.015080551929673001,mouse655957close399,0.1412241224122412,0.2454545454545454,0.1933393339333933,2
mouse655957,close,400,0.052507967151247004,0.0763117547998457,0.0270641518095692,4.063090013101306,2.601727183093242,3.8390806663966437,0.19050794260170803,0.3353680516800704,0.1916931748047401,647.0,601.0,504.0,6.47,6.01,5.04,23.412895552779972,97.21437488801138,27.410034889468623,0.8455767262643882,0.0279445718375578,mouse655957close400,0.2068406840684068,0.742844284428443,0.3923492349234921,1
mouse655957,close,396,0.0228257045942437,0.1521874810272238,0.0671007142178802,4.9159643937590465,3.4974635967572314,2.8764403432254344,0.2777650804711873,0.4219364554559055,0.2615118238374505,310.0,200.0,245.0,3.1,2.0,2.45,24.146971006535587,88.91312930349842,28.2322609485857,0.866386172558173,0.016928648834761997,mouse655957close396,0.1852385238523852,0.7404140414041405,0.3729072907290728,1
mouse655957,close,565,0.0193525215646229,0.0236265365817515,0.0159244273825992,3.447468946221181,2.159364862518645,3.3879740941296768,0.1927674670421096,0.1919016815275642,0.1929601663890297,1019.0,970.0,890.0,10.19,9.700000000000001,8.9,24.146971006535587,88.91312930349842,28.2322609485857,0.866386172558173,0.0224306210781439,mouse655957close565,0.2711071107110712,0.516831683168317,0.3899189918991899,1
mouse655957,close,402,0.0426940806911223,0.0322467781846156,0.0845625077881026,0.7948855851712624,5.880749477248858,3.918815201537228,0.3174446972699841,0.3705054091963588,0.4188199834771699,173.0,166.0,144.0,1.73,1.6600000000000001,1.44,24.146971006535587,88.91312930349842,28.2322609485857,0.866386172558173,0.0435227395318841,mouse655957close402,0.2351935193519352,0.7401440144014404,0.4811881188118813,1
mouse655957,close,404,0.0765560635095999,0.0704884784906052,0.0778305831427546,5.120226461153641,5.162842014198317,3.3861837675031934,0.3173093638462058,0.2718432469074242,0.3062479483880396,188.0,228.0,195.0,1.8800000000000001,2.2800000000000002,1.95,24.470463410430924,95.8123814168455,27.88319522615962,0.866386172558173,0.0145617612666536,mouse655957close404,0.1868586858685869,0.7520252025202522,0.4123312331233123,1
mouse655957,close,408,0.2094413223635455,0.2905814628599891,0.1918828946297713,4.50700898942768,5.80331683608665,0.6881057744921958,0.4463039029588848,0.5288913153089473,0.4315010819904777,102.0,80.0,115.0,1.02,0.8,1.1500000000000001,24.496132221224126,102.94049853918577,28.09943737384823,0.8624094155330171,0.03761878148568,mouse655957close408,0.2138613861386138,0.6656165616561658,0.4015301530153013,1
mouse655957,close,407,0.0513279780912372,0.0271963886961138,0.017177739233603998,4.712877269350722,5.2337163435745975,3.243409279599,0.181163434003173,0.1283363497229639,0.1279144236821447,2138.0,2349.0,2144.0,21.38,23.490000000000002,21.44,24.496132221224126,102.94049853918577,28.09943737384823,0.8624094155330171,0.0152801587364925,mouse655957close407,0.1622862286228623,0.3523852385238525,0.2281728172817281,2
mouse655957,close,572,0.0178851650587272,0.0712276058520812,0.0584449028896462,4.719676974457643,4.743126608528557,3.0699780819112017,0.3617162568517288,0.3268732837947815,0.2931246869375968,127.0,177.0,196.0,1.27,1.77,1.96,24.496132221224126,102.94049853918577,28.09943737384823,0.8624094155330171,0.0241000995616555,mouse655957close572,0.1976597659765977,0.7053105310531054,0.4036903690369037,1
mouse655957,close,405,0.0461839099550199,0.0571157571009285,0.0196722378960413,5.916518587511387,4.95346023948743,5.570091670938561,0.2473851512785298,0.2378597959405592,0.2326610931345759,550.0,389.0,475.0,5.5,3.89,4.75,25.54574696590061,93.87254137902457,28.857703746220817,0.8835298523536146,0.0148191992650436,mouse655957close405,0.1768676867686768,0.718811881188119,0.3872187218721871,1
mouse655957,close,410,0.0829559336340151,0.0250916828159537,0.033258839173026,3.7799747539921533,4.662845031724174,4.486003898713777,0.3088042970903706,0.2323645714999369,0.3464408281468685,264.0,289.0,240.0,2.64,2.89,2.4,25.28349944436409,100.73289747750007,28.95365805017045,0.8835298523536146,0.0169449113288166,mouse655957close410,0.1266426642664266,0.6183618361836185,0.3002700270027003,1
mouse655957,close,418,0.0869593452974659,0.032152273169947995,0.0910347857364477,4.961447449050796,5.1603947656597615,3.8206767533236143,0.3700552426835701,0.2972718297075236,0.3772709786487045,133.0,248.0,244.0,1.33,2.48,2.44,26.180456280926887,108.50826245547664,29.58483213290209,0.8835298523536146,0.0255971394684246,mouse655957close418,0.1798379837983797,0.7614761476147617,0.3261926192619263,1
mouse655957,close,416,0.0555574749250621,0.0260369290045875,0.0102217657521488,3.183208266575612,0.2592769806444721,5.098791749411193,0.2801932216471263,0.2422932856219413,0.2246185371531761,330.0,367.0,391.0,3.3000000000000003,3.67,3.91,26.398566232165987,96.73414894892605,29.49281697081323,0.9017344398435716,0.0252850846875801,mouse655957close416,0.1495949594959497,0.673987398739874,0.3118811881188118,1
mouse655957,close,419,0.0894351620608316,0.0143120640454577,0.0444788643273009,2.8864317099094112,1.7235736618440343,0.7217023104119485,0.3574675789401337,0.4211915425374097,0.2461718306720167,156.0,162.0,240.0,1.56,1.62,2.4,26.96897446144072,105.12377821022291,29.969708101493612,0.9017344398435716,0.029178876719102003,mouse655957close419,0.15499549954995498,0.7892889288928895,0.3367236723672365,1
mouse655957,close,426,0.2097243145635367,0.0760587241873804,0.11147368920966498,4.991689903897644,0.2648487965818332,1.8880698207735849,0.4777435805214811,0.4433975345479037,0.4587232561720893,82.0,108.0,98.0,0.8200000000000001,1.08,0.98,27.00466122137464,99.20514310718627,29.72045208674387,0.8870597499605086,0.0437771085118682,mouse655957close426,0.1382538253825382,0.6982898289828985,0.2748874887488749,1
mouse655957,close,429,0.0563403010487051,0.0241244357905179,0.014329384476551,4.526410760137196,3.8716368055548864,4.698382857129936,0.1571920007617536,0.1060690553154705,0.1279708293353786,1509.0,1474.0,1397.0,15.09,14.74,13.97,27.143240117827506,106.97139799382349,29.84244182191729,0.8870597499605086,0.007767720545051,mouse655957close429,0.1377137713771378,0.2770477047704771,0.223042304230423,2
mouse655957,close,575,0.0775490169237774,0.0228367593293432,0.1312011133469738,4.793978624407504,5.630670543995964,0.5218463810781475,0.3268451449847828,0.2998116623224029,0.353540863286532,195.0,217.0,219.0,1.95,2.17,2.19,26.71495527829249,102.37646282833569,29.061400615376428,0.8870597499605086,0.0253305454648947,mouse655957close575,0.130963096309631,0.6791179117911792,0.2716471647164716,1
mouse655957,close,446,0.1213742591228515,0.0850133449947478,0.1081599162600164,4.340096344643383,4.8081690930133245,4.808204443976737,0.3386988455734422,0.2695286630145997,0.303355458845448,386.0,394.0,321.0,3.86,3.94,3.21,26.245992646250766,112.16665390527443,28.993123811286715,0.9506576670915772,0.0204215876993009,mouse655957close446,0.1687668766876687,0.2535553555355536,0.2403240324032404,2
mouse655957,close,323,0.0266301383902843,0.1471662917749868,0.1243402818179893,0.7450316728114099,3.9513872892985855,0.0963988096197771,0.4276362367568531,0.5123375906606772,0.4503230766465426,73.0,94.0,103.0,0.73,0.9400000000000001,1.03,26.578892470261398,38.25687169329208,34.796139163655056,0.7462405778299649,0.0116857790414004,mouse655957close323,0.1298829882988298,0.6302430243024303,0.2535553555355536,1
mouse655957,close,329,0.1005416682465989,0.0466224686118178,0.0873871237074555,5.155538264341382,3.5078137726966943,3.302401160469691,0.3891352171621837,0.3921798718545368,0.3467406697093553,273.0,192.0,173.0,2.73,1.92,1.73,25.699848412239646,42.60936002195211,33.73652238760159,0.7520804478245662,0.0341399661901768,mouse655957close329,0.1965796579657965,0.640774077407741,0.3761476147614763,1
mouse655957,close,340,0.1604099552871981,0.0550853420347379,0.05143040649286,2.481857887306032,0.1006654630356469,0.8006123179026898,0.5377872819459382,0.4143884423459398,0.3599411216391284,80.0,73.0,93.0,0.8,0.73,0.93,24.732572601423307,49.09198937891709,32.392634917572906,0.7689278249614849,0.0131657691030535,mouse655957close340,0.1352835283528353,0.6440144014401441,0.2762376237623762,1
mouse655957,close,347,0.1386563609255512,0.06821234720627099,0.0346515781070787,2.345035438189857,3.2729837666572466,3.7964790387165466,0.5689308724531918,0.3010330444407519,0.3542160255297105,96.0,189.0,173.0,0.96,1.8900000000000001,1.73,24.45138443111464,54.041956283618404,31.609693290493286,0.7770135133960028,0.0196985596754838,mouse655957close347,0.13609360936093598,0.6310531053105312,0.3045904590459045,1
mouse655957,close,349,0.066969780213738,0.0905017353913254,0.1770126016983594,2.461229273498664,3.6721478415561735,3.182423152154562,0.4100472235407241,0.3580592802147777,0.4281697896216697,115.0,171.0,88.0,1.1500000000000001,1.71,0.88,24.134472358187203,56.2366302649704,31.255192479650677,0.7770135133960028,0.0569687414465158,mouse655957close349,0.281098109810981,0.7603960396039606,0.3550855085508549,1
mouse655957,close,352,0.1411723191874342,0.0420016618664004,0.06716836122738,4.254679386538791,4.698760842422595,4.7300107919341166,0.4892524988148159,0.3621937736573828,0.31796273680607895,88.0,171.0,154.0,0.88,1.71,1.54,24.084392332294577,58.50094353994912,30.74080136495349,0.7866066361276137,0.0258801487323396,mouse655957close352,0.1525652565256526,0.4846984698469847,0.3955895589558957,1
mouse655957,close,560,0.0869407096612757,0.1444083027051546,0.0695016427084196,4.213123933993708,2.6729098827922795,0.2694057633423931,0.4509466382007302,0.4502491542871692,0.3796135498507487,61.0,74.0,152.0,0.61,0.74,1.52,22.893704534019452,83.31535746475552,28.239848434929627,0.8097067370350823,0.0337596818303505,mouse655957close560,0.2065706570657066,0.5883888388838885,0.4250225022502248,1
mouse655957,close,403,0.1337178236261815,0.0792413184718492,0.0487993410638252,2.1859045428444532,1.5668467683481193,1.7209126910273362,0.390643170976063,0.4925369422447417,0.5271004416294421,156.0,68.0,32.0,1.56,0.68,0.32,24.146971006535587,88.91312930349842,28.2322609485857,0.866386172558173,0.0289595338122283,mouse655957close403,0.1865886588658866,0.3847884788478848,0.2392439243924393,2
mouse655957,close,571,0.0249205640534393,0.0508741658329896,0.04863723228029299,2.3514566862858666,5.874058373668581,4.1485656417851295,0.393630011846325,0.4201592453540621,0.3082384062043774,151.0,117.0,205.0,1.51,1.17,2.05,24.496132221224126,102.94049853918577,28.09943737384823,0.8624094155330171,0.0451943640973277,mouse655957close571,0.1744374437443745,0.7566156615661568,0.3845184518451846,1
mouse655957,close,411,0.0564887640856313,0.0744977403949911,0.0069495236550392,3.6023496047101116,1.2505537530424091,2.302429926486785,0.4613924912489573,0.3170644622371312,0.2946418483256832,52.0,116.0,138.0,0.52,1.16,1.3800000000000001,25.28349944436409,100.73289747750007,28.95365805017045,0.8835298523536146,0.0395923528476295,mouse655957close411,0.2027902790279028,0.7209720972097211,0.3731773177317731,1
mouse655957,close,427,0.1198433357482344,0.0244104609620875,0.0393402006842397,4.3578393880405955,1.20058435198301,4.382550703212239,0.2944747649093558,0.3082390466981705,0.2269921683231265,242.0,269.0,261.0,2.42,2.69,2.61,27.00466122137464,99.20514310718627,29.72045208674387,0.8870597499605086,0.0179895647738824,mouse655957close427,0.1288028802880287,0.2462646264626463,0.2297929792979297,2
mouse655957,close,633,0.1156729461174046,0.0427396114099767,0.0173942523154652,4.155786956734243,4.774125027984953,4.213285789609108,0.4264551720412938,0.3493997207778689,0.3090405750378174,72.0,121.0,153.0,0.72,1.21,1.53,27.143240117827506,106.97139799382349,29.84244182191729,0.8870597499605086,0.0222108408908283,mouse655957close633,0.1622862286228623,0.6283528352835284,0.3013501350135015,1
mouse655957,close,460,0.1331351173694313,0.09465501545069901,0.0973110848489464,4.801401393434664,5.356115736796792,4.4741273948649765,0.3283747661832886,0.3433239782692671,0.3112368565673241,200.0,229.0,174.0,2.0,2.29,1.74,23.999723127154137,108.02457024620459,26.86140448820972,0.9848857801796104,0.0304221454135591,mouse655957close460,0.1757875787578757,0.7193519351935195,0.3799279927992801,1
mouse655957,close,338,0.0229390606610621,0.0346153827712824,0.099935372481384,5.489305271805695,1.2735988390367572,1.8931605375383502,0.1845631929572822,0.2708815045263343,0.2791267978628428,573.0,319.0,299.0,5.73,3.19,2.99,24.68183776510981,47.90638150042189,31.96774608635043,0.7689278249614849,0.0664572537902556,mouse655957close338,0.2748874887488748,0.9394239423942394,0.2403240324032403,1
mouse655957,close,439,0.1849116474214964,0.1308726472220684,0.1768727801206359,5.6096166601053365,5.3823564914355,5.277318980095559,0.5471745961299561,0.4346781867033061,0.4552581900509131,65.0,140.0,99.0,0.65,1.4000000000000001,0.99,25.81050837176815,107.6427629333988,28.784787818991,0.9293815147720552,0.0305004686833696,mouse655957close439,0.1558055805580558,0.6704770477047706,0.2762376237623763,1
mouse655957,close,481,0.0512298879157483,0.036404862739252,0.0559972479335619,5.119901339866249,0.5085340897924258,6.140932005593648,0.2407228560742438,0.267107704566669,0.2933418803068563,350.0,539.0,414.0,3.5,5.39,4.14,21.467168345394345,98.81597048691641,25.46057026403697,1.0319883720275147,0.0331484136856976,mouse655957close481,0.6972097209720973,0.9297029702970301,0.2816381638163817,0
mouse655957,close,306,0.075352889236217,0.0904869841373225,0.0247969233839928,4.481207806882589,5.206184092942476,5.4831474897295545,0.4725560835817803,0.4400361904375633,0.34292793681053996,73.0,94.0,94.0,0.73,0.9400000000000001,0.9400000000000001,28.108638000038923,34.89953971861438,36.25507670489789,0.7271519786124494,0.025336515571896,mouse655957close306,0.1976597659765976,0.7552655265526553,0.5465346534653467,1
mouse655957,close,454,0.24362188733885,0.018141092506758,0.1000007199789501,5.356363343819357,5.599286307765552,5.203288147170799,0.4998981040639298,0.3359178606330342,0.3617912206555946,61.0,93.0,124.0,0.61,0.93,1.24,25.0408046762117,111.7212194525516,27.8381834379762,0.9620940702446928,0.0348672595595434,mouse655957close454,0.1652565256525652,0.5584158415841584,0.3680468046804681,1
mouse657902,close,328,0.0873571038535267,0.0270106918966506,0.0337095685425899,0.8094030909277288,4.927229016769378,3.0599745947600097,0.2779984438539117,0.1418028049331704,0.1645749559147058,636.0,839.0,875.0,6.36,8.39,8.75,72.8771593906584,65.04435322142754,68.28446692525134,0.6179603547154138,0.0290063959044229,mouse657902close328,0.1582358235823583,0.6108010801080109,0.6129612961296129,1
mouse657902,close,332,0.1099392464364936,0.0726888583391987,0.0829095670866659,0.1196476478499589,0.0376903596267983,0.4849946771131596,0.4356361585185111,0.412106900801254,0.2690588524274915,171.0,114.0,169.0,1.71,1.1400000000000001,1.69,69.95804883811635,60.35605329362291,65.68761107687436,0.6179603547154138,0.0413654679961888,mouse657902close332,0.1714671467146715,0.6723672367236724,0.2918991899189921,1
mouse657902,close,337,0.0429871458578991,0.1368894199533868,0.0726890033385238,6.105371814516777,4.1062455351014195,0.158982136922875,0.4092468639169955,0.5674263898355203,0.3473996489624177,72.0,56.0,72.0,0.72,0.56,0.72,68.06463148134634,60.73859058882918,64.39893173891257,0.6274950199005567,0.0405938869279433,mouse657902close337,0.1882088208820882,0.563006300630063,0.3140414041404142,1
mouse657902,close,497,0.0436602428393425,0.0497408782222814,0.1272562844258219,0.6934261258758987,3.22230928866983,5.314250853950479,0.3208173432396107,0.3078240386798871,0.3938878298255224,243.0,173.0,241.0,2.43,1.73,2.41,67.50261406207493,61.810555820878236,63.55160076481872,0.6062177826491071,0.0195368991180993,mouse657902close497,0.1612061206120612,0.6351035103510351,0.2759675967596762,1
mouse657902,close,342,0.0288224953074407,0.1416200094195105,0.0779820556699624,5.049179993476998,2.912481328105746,1.060834639654338,0.3903212439838602,0.4644589639487764,0.4664057727580007,104.0,91.0,90.0,1.04,0.91,0.9,66.9269378095349,65.89284413493324,62.98917642269781,0.6169481339626534,0.0292878871301073,mouse657902close342,0.5000900090009002,1.0460846084608464,0.1898289828982897,0
mouse657902,close,344,0.0187785632199118,0.1443361957572889,0.0518497380342758,4.680724073756584,3.8001894323638963,5.7856803710272215,0.2798649709731227,0.3525683473905428,0.3188286643080844,212.0,198.0,188.0,2.12,1.98,1.8800000000000001,67.47982626169419,63.23240928712392,63.244065143092364,0.6169481339626534,0.0281324574097048,mouse657902close344,0.2681368136813682,0.5370837083708372,0.2937893789378938,1
mouse657902,close,349,0.0404603619863431,0.032911979699081,0.0187720571185211,6.027682134844984,2.1872836433252147,0.8405406574702713,0.1971039261992118,0.2009535424486204,0.2428313938786643,631.0,708.0,783.0,6.3100000000000005,7.08,7.83,66.24520698753008,67.89143388933014,61.802189169372895,0.6067330549755798,0.0381230050771557,mouse657902close349,0.1792979297929793,0.2778577857785779,0.2324932493249325,2
mouse657902,close,500,0.0760906863011754,0.0852994700218613,0.052261931208175995,1.419837851467298,2.202445220509583,0.3094256284263948,0.2493748201311265,0.3201405637166153,0.3381155578166483,335.0,268.0,336.0,3.35,2.68,3.36,65.07059415057967,74.24454688514017,60.802413196946105,0.6067330549755798,0.029745915885884,mouse657902close500,0.1730873087308732,0.3051305130513052,0.3089108910891089,2
mouse657902,close,351,0.031756741909990005,0.0074053623580878,0.0351836738388315,3.6536800099437814,1.6468768437036736,1.7359341138363305,0.1663439378087939,0.119877766976908,0.1607274682683898,1376.0,1069.0,1377.0,13.76,10.69,13.77,65.97163196813122,71.17299789000681,61.574569641626866,0.6067330549755798,0.025987447402934,mouse657902close351,0.1879387938793879,0.2978397839783978,0.2357335733573358,2
mouse657902,close,354,0.0089894804620305,0.028232310930323,0.0131127320885704,1.4695649629156284,1.8402230368008847,0.321751351094369,0.0817191052140594,0.0802934900905618,0.0700818779926258,3966.0,4215.0,4035.0,39.660000000000004,42.15,40.35,63.75902868181015,80.53246795182869,59.96416990159985,0.5984354601792913,0.0120932263273931,mouse657902close354,0.2027902790279029,0.3745274527452746,0.2630063006300629,2
mouse657902,close,356,0.0581019829196865,0.0300116680968951,0.0365293398387388,4.461608930073759,1.4205351825355366,4.5659587009484435,0.2134301419840147,0.1928161517230994,0.1439851593604269,636.0,620.0,852.0,6.36,6.2,8.52,63.261765390700475,88.43337613717142,59.46836960689204,0.6123724356957946,0.0189831097380832,mouse657902close356,0.2141314131413141,0.5810981098109812,0.352925292529253,1
mouse657902,close,359,0.0131601052125502,0.0315992183338462,0.0126292445612907,5.370152189472242,0.3411102329855935,3.427562673999232,0.169316540849854,0.1890212738871296,0.1659114831598459,1077.0,988.0,1052.0,10.77,9.88,10.52,63.37576482281433,92.96804804547348,58.95833910033864,0.6108395861435308,0.0204682075192401,mouse657902close359,0.2033303330333034,0.5600360036003601,0.3213321332133214,1
mouse657902,close,360,0.0093872681047265,0.0223947669232286,0.0301953307221993,5.032211781040677,3.2252630505035333,2.123439792807171,0.1391582616743339,0.1496995313598236,0.1365189796794492,1520.0,1338.0,1535.0,15.200000000000001,13.38,15.35,63.37576482281433,92.96804804547348,58.95833910033864,0.6108395861435308,0.0208000655442171,mouse657902close360,0.1433843384338433,0.6010801080108013,0.3167416741674167,1
mouse657902,close,362,0.017527980917599,0.0166863117825409,0.0077634831514816,2.8225664526969187,2.737642837985278,0.7964166984965666,0.0844383622149808,0.1136346773634411,0.1355827828015295,2023.0,1744.0,1995.0,20.23,17.44,19.95,61.929158825442364,106.86687831646488,58.17565994098078,0.6254998001598402,0.0207758200954827,mouse657902close362,0.20198019801980202,0.531953195319532,0.34401440144014395,1
mouse657902,close,361,0.0063066337289984,0.0155192793553596,0.0070602523278841,2.3229438673987146,0.351631518891158,4.22079210538474,0.09086456422293498,0.1263899595037143,0.0959436119310106,1660.0,1433.0,1839.0,16.6,14.33,18.39,61.929158825442364,106.86687831646488,58.17565994098078,0.6254998001598402,0.0219499094474667,mouse657902close361,0.1738973897389738,0.288928892889289,0.2192619261926193,2
mouse657902,close,363,0.011272611660865,0.0215921727956349,0.0073259168332731,4.094062814637347,0.9788108185893968,3.290317580998757,0.1893488892783985,0.1629267951634645,0.1101576936283675,1312.0,1256.0,1332.0,13.120000000000001,12.56,13.32,61.73750537618261,102.41420441544057,58.198106204977805,0.6057020719792859,0.0064518607553894,mouse657902close363,0.1836183618361837,0.5324932493249325,0.3116111611161118,1
mouse657902,close,364,0.0139857484838258,0.0191832912191601,0.0171047016111277,4.428498120740707,3.465854588939732,2.637350667259543,0.1326613520771501,0.1656718056958658,0.1141495065668673,1433.0,1128.0,1472.0,14.33,11.28,14.72,61.63259322811607,109.6104276803508,57.89887999763295,0.6057020719792859,0.0213308795718135,mouse657902close364,0.1460846084608461,0.5686768676867687,0.3089108910891089,1
mouse657902,close,506,0.0323443183568489,0.0377463003258786,0.0329961353672616,3.343462736724703,0.9064071808994596,4.234833967894949,0.1965947821484531,0.1883080665623027,0.1689508902375404,878.0,718.0,840.0,8.78,7.18,8.4,62.29566666351421,107.1968541163292,58.346726308413466,0.6214901447328027,0.0136286283515344,mouse657902close506,0.2073807380738074,0.5154815481548155,0.3461746174617461,1
mouse657902,close,543,0.0075860051353333,0.0176536437989614,0.0306987886993517,3.8703250234259263,1.343971061254878,0.7302582878693988,0.1695310707045842,0.1488845627356343,0.1532924185898663,1426.0,1270.0,1417.0,14.26,12.700000000000001,14.17,62.29566666351421,107.1968541163292,58.346726308413466,0.6214901447328027,0.0164079591649427,mouse657902close543,0.1917191719171918,0.5333033303330333,0.2929792979297931,2
mouse657902,close,509,0.0094789064694935,0.0277864424140679,0.0341748706928771,2.3711200205384086,1.7418864171791957,2.0380512802173474,0.2310285604202237,0.297179013385287,0.2488035721518502,417.0,381.0,396.0,4.17,3.81,3.96,62.29566666351421,107.1968541163292,58.346726308413466,0.6214901447328027,0.0414366187196467,mouse657902close509,0.2233123312331233,0.4509450945094509,0.381818181818182,1
mouse657902,close,366,0.0094889027643605,0.0248563304504442,0.0159973870549801,4.31219186834618,0.1806553881686452,5.6381971348538436,0.1080355143965189,0.1248119248810251,0.1405772521549132,1707.0,1528.0,1717.0,17.07,15.280000000000001,17.17,61.3300495145789,117.58929000394045,57.1974438937944,0.6214901447328027,0.0159488889614674,mouse657902close366,0.1242124212421242,0.5981098109810981,0.3699369936993703,1
mouse657902,close,368,0.042999815701345,0.0409395774168134,0.0745401227889214,1.1397771997896913,3.0839534223756235,3.8737781683639683,0.2494201682905882,0.2145101291031406,0.3042394395474573,365.0,555.0,394.0,3.65,5.55,3.94,60.68660558771696,119.21268653288307,57.18606284223542,0.6209871174187112,0.0205397027602112,mouse657902close368,0.4144914491449145,0.7231323132313232,0.3747974797479748,1
mouse657902,close,369,0.0810934582304919,0.017479659724529997,0.0967569061759808,1.3491678540065009,1.193300344997998,2.988430132175858,0.3243290836268534,0.2630344576336965,0.3769321649632409,309.0,310.0,270.0,3.09,3.1,2.7,61.3214226048041,117.1032501987891,57.93590357263055,0.6209871174187112,0.0259548654100812,mouse657902close369,0.2316831683168316,0.5608460846084609,0.3315931593159316,1
mouse657902,close,508,0.0062261315646022,0.0186520122556724,0.0070847799281921,3.3604122167067363,0.1080709789259436,3.778656866983294,0.1915290211045183,0.1489816210810404,0.1469303085488381,1346.0,1393.0,1382.0,13.46,13.93,13.82,61.3214226048041,117.1032501987891,57.93590357263055,0.6209871174187112,0.0172051491188716,mouse657902close508,0.1938793879387939,0.4822682268226823,0.3604860486048606,1
mouse657902,close,377,0.0795807930726762,0.0792521407676092,0.1211337858497317,0.0911156801912488,5.224650667024977,4.85339026161291,0.43561882255747997,0.3550949951905883,0.3681645421043469,135.0,146.0,160.0,1.35,1.46,1.6,59.42526557768965,149.36266757217243,57.6083556860245,0.6422616289332566,0.0186328244004518,mouse657902close377,0.12502250225022501,0.5981098109810981,0.2492349234923494,2
mouse657902,close,381,0.0437088443981516,0.1045908385463773,0.0982596182252324,0.0353352686264823,2.7418719884616145,1.3438935616602312,0.2962244920536589,0.417194334487335,0.3174104374708417,213.0,173.0,326.0,2.13,1.73,3.2600000000000002,58.844567946935044,143.3579043681199,57.38258797992872,0.6642665127793212,0.0248735634905392,mouse657902close381,0.1304230423042304,0.5954095409540955,0.2565256525652566,2
mouse657902,close,512,0.1233195565457523,0.1034105304595463,0.2426102089689607,5.022731171067517,3.183679159027645,4.511072363155801,0.3631192368655417,0.4686203821400805,0.4630637417772534,74.0,72.0,80.0,0.74,0.72,0.8,58.79496948462175,148.04091214372403,57.65985678115269,0.649519052838329,0.0544498255273663,mouse657902close512,0.1711971197119712,0.6207920792079208,0.3305130513051307,1
mouse657902,close,385,0.1140627101498725,0.0614985665177931,0.1464113021357933,4.905898363207083,6.117241049370401,5.248165594587707,0.4085612740651436,0.2879900794611073,0.36960371700412603,165.0,224.0,169.0,1.6500000000000001,2.24,1.69,58.51217312347261,151.02432339621575,57.3984022031662,0.6698880503487131,0.0440535302738867,mouse657902close385,0.1587758775877588,0.5427542754275428,0.4587758775877589,1
mouse657902,close,513,0.1509806887427651,0.1447900955329565,0.2953355468293347,4.0365885322775865,3.065401416012661,4.764689177931941,0.4552025847875632,0.4389743146737495,0.5229110140057168,76.0,60.0,64.0,0.76,0.6,0.64,58.51217312347261,151.02432339621575,57.3984022031662,0.6698880503487131,0.0332642292743085,mouse657902close513,0.1304230423042304,0.6510351035103511,0.3086408640864085,1
mouse657902,close,501,0.0351752064306898,0.0702741998891962,0.145987908847984,0.9916055571016088,0.0823281908383508,2.492597828512479,0.4552675125955257,0.5135345494466729,0.5315037493340893,56.0,58.0,52.0,0.56,0.58,0.52,65.97163196813122,71.17299789000681,61.574569641626866,0.6067330549755798,0.0377790689965969,mouse657902close501,0.1533753375337533,0.5549054905490549,0.2881188118811881,2
