mouse,probe_position,unitID,VL_pre,VL_stimOn,VL_post,angle_pre_ch15,angle_stimOn_ch15,angle_post_ch15,MMR_Pre,MMR_stimOn,MMR_Post,Nspikes_pre,Nspikes_StimOn,Nspikes_post,Fspikes_pre,Fspikes_StimOn,Fspikes_post,inst_amp_pre_peak_ch,inst_amp_StimOn_peak_ch,inst_amp_post_peak_ch,distance_peakch_stim_tip,error_waveform,universal_ID,waveform_halfwidth,waveform_duration,waveform_REP,cluster
mouse577578,far,265,0.0374474712407223,0.0285663851840357,0.1087533085689971,0.3257985344073368,5.9499255450914,4.799602090642443,0.2675543116752183,0.238919717041847,0.3129256293685667,370.0,325.0,328.0,3.7,3.25,3.2800000000000002,18.32403460005752,39.54561322524621,19.25041349876951,2.6068419591528755,0.0262309748737064,mouse577578far265,0.2241224122412242,0.7506750675067508,0.4895589558955894,1
mouse577578,far,264,0.0342041243615383,0.0481370912461981,0.0495504445284916,0.22300116967218697,1.4451088622778974,0.5965574970178107,0.2586808328075257,0.4229347084123249,0.2772525810990374,326.0,207.0,315.0,3.2600000000000002,2.07,3.15,18.32403460005752,39.54561322524621,19.25041349876951,2.6068419591528755,0.0165588922894276,mouse577578far264,0.1722772277227723,0.8117011701170118,0.4714671467146717,1
mouse577578,far,263,0.0392613242907978,0.0855871271267152,0.0396736911180894,2.002065429792832,3.875047052388873,5.829673684395771,0.3589384490461447,0.3299760823444041,0.32940522936699296,99.0,195.0,178.0,0.99,1.95,1.78,18.32403460005752,39.54561322524621,19.25041349876951,2.6068419591528755,0.0267799627023273,mouse577578far263,0.2435643564356435,0.751755175517552,0.6394239423942393,1
mouse577578,far,262,0.0369824077233351,0.1071341016346916,0.0479317486118421,4.081347599477901,3.342011046798532,3.74695738061064,0.3101082585077284,0.3504238146867678,0.3655378017392836,254.0,135.0,134.0,2.54,1.35,1.34,18.32403460005752,39.54561322524621,19.25041349876951,2.6068419591528755,0.0440313311561476,mouse577578far262,0.1606660666066606,0.4066606660666068,0.4898289828982898,0
mouse577578,far,271,0.1271768360935751,0.10424279738905,0.0426305246554683,0.831023484972516,4.2526132256010865,4.034931936223062,0.3642801706317071,0.36793150046535,0.3225382731073535,186.0,170.0,236.0,1.86,1.7,2.36,18.29933755657222,39.68043205555455,19.42311243893452,2.6068419591528755,0.0278854879609753,mouse577578far271,0.18901890189018897,0.8146714671467148,0.5616561656165616,1
mouse577578,far,269,0.0436818437954347,0.0644943318109923,0.0320140326514101,0.3271165275597685,3.3776185718548573,4.7459665148923005,0.2646043695065092,0.3539352470731674,0.2754470585664803,336.0,183.0,230.0,3.36,1.83,2.3000000000000003,18.29933755657222,39.68043205555455,19.42311243893452,2.6068419591528755,0.0329846143512818,mouse577578far269,0.2087308730873087,0.8200720072007202,0.5311431143114312,1
mouse577578,far,268,0.0298193607877343,0.0362686378328513,0.0466915179777859,5.783407057397361,0.6342627846157246,5.196128221454515,0.1502892989816729,0.1498318110968302,0.1954188920293476,1394.0,1225.0,1068.0,13.94,12.25,10.68,18.29933755657222,39.68043205555455,19.42311243893452,2.6068419591528755,0.0244327911897303,mouse577578far268,0.1976597659765977,0.6045904590459048,0.3518451845184518,1
mouse577578,far,523,0.0524030749289388,0.0346426716622013,0.0718331917278606,2.128509733832636,5.942202079652379,2.067315649919281,0.2911906283942022,0.3008141867596485,0.3468958217197074,218.0,173.0,176.0,2.18,1.73,1.76,18.29933755657222,39.68043205555455,19.42311243893452,2.6068419591528755,0.0241900387215922,mouse577578far523,0.20603060306030602,0.7460846084608462,0.4844284428442845,1
mouse577578,far,266,0.0399855326820008,0.085865067993657,0.0494793058229655,5.913667513655888,5.085451736856374,0.6893840034791332,0.3151070035323066,0.3406176000152969,0.3447186920037596,262.0,293.0,139.0,2.62,2.93,1.3900000000000001,18.29933755657222,39.68043205555455,19.42311243893452,2.6068419591528755,0.0502456721583909,mouse577578far266,0.2225022502250225,0.8241224122412242,0.5281728172817285,1
mouse577578,far,267,0.0463005074759696,0.0551972350168109,0.0419657915591918,3.118076398982523,2.9134573648775097,0.8625347551493096,0.282522369135638,0.3624966964723167,0.3021102474129002,210.0,209.0,187.0,2.1,2.09,1.87,18.29933755657222,39.68043205555455,19.42311243893452,2.6068419591528755,0.0272669027124541,mouse577578far267,0.1655265526552656,0.7377137713771379,0.4282628262826281,1
mouse577578,far,273,0.06640750918886099,0.075843938890824,0.0397510487250729,1.2613657701680268,5.1210135404658566,6.207948212517962,0.3264013838837111,0.2934376287026175,0.2705870370244949,242.0,302.0,393.0,2.42,3.02,3.93,18.26860443637897,40.54679963734212,19.35857647887932,2.5938629493479413,0.0127708132104833,mouse577578far273,0.1882088208820882,0.8387038703870389,0.4466246624662465,1
mouse577578,far,275,0.0298207298467222,0.0437970371652921,0.0378490429685233,3.4602434930584245,4.5150986276337814,5.4889622568401135,0.2464831644912976,0.2926298172551175,0.2960631449251562,332.0,507.0,292.0,3.3200000000000003,5.07,2.92,18.53699404419703,40.829870783574094,19.48301821833766,2.5896428325157124,0.0081551237397138,mouse577578far275,0.18901890189018897,0.7790279027902791,0.6683168316831681,1
mouse577578,far,276,0.0275549358829015,0.0578556321331318,0.0719269227781955,1.7682679181026126,1.8737565862543475,2.4598667451351157,0.2927036444778249,0.3962329205377254,0.3520564239223587,326.0,155.0,155.0,3.2600000000000002,1.55,1.55,18.53699404419703,40.829870783574094,19.48301821833766,2.5896428325157124,0.0370619762429862,mouse577578far276,0.1914491449144915,0.8333033303330334,0.4482448244824483,1
mouse577578,far,281,0.0784244810541038,0.036242304591782,0.0476496892045812,3.2151971326976767,5.046076426007716,4.293350835059637,0.33416936334468395,0.2492689899318823,0.2394213788259885,286.0,354.0,475.0,2.86,3.54,4.75,18.075973519842623,41.47908791659704,19.09292918673412,2.5896428325157124,0.0418726674502231,mouse577578far281,0.1782178217821782,0.8287128712871289,0.4887488748874887,1
mouse577578,far,282,0.0751139339947559,0.0377551592935175,0.0511687135822621,4.601740807790836,4.8211924457772355,5.460369365716195,0.2640919718661718,0.268231925353615,0.2811413671989405,280.0,271.0,267.0,2.8000000000000003,2.71,2.67,18.562124728006985,42.03256080100782,19.539278785202587,2.5813029655582858,0.0222246538499755,mouse577578far282,0.1882088208820882,0.8432943294329434,0.4528352835283528,1
mouse577578,far,283,0.0472241437785877,0.1044609933070788,0.0452335208296128,3.3959943663528938,5.466163848136183,4.4412873477990065,0.3085799718759981,0.4100490564461629,0.3937952373381259,178.0,104.0,105.0,1.78,1.04,1.05,18.562124728006985,42.03256080100782,19.539278785202587,2.5813029655582858,0.0900308276139176,mouse577578far283,0.2673267326732673,0.8762376237623763,0.6361836183618361,1
mouse577578,far,284,0.0262623618167717,0.0489989560394914,0.0348957283714892,3.793349667156983,2.8305326185178123,3.4485000680933457,0.1795799329037891,0.2556937085774791,0.193788327293783,637.0,624.0,682.0,6.37,6.24,6.82,18.562124728006985,42.03256080100782,19.539278785202587,2.5813029655582858,0.0367775501784729,mouse577578far284,0.2613861386138614,0.7598559855985599,0.7747074707470748,1
mouse577578,far,476,0.0828244370294459,0.0538346151693799,0.0948063284720834,4.1655653419462455,0.3078791654958848,4.510053464572137,0.3504324060006253,0.3031017654909981,0.3954057436991167,166.0,144.0,129.0,1.6600000000000001,1.44,1.29,18.312974576857673,42.083938113995536,19.415479680803163,2.577304793771974,0.0327722707971496,mouse577578far476,0.2349234923492349,0.841944194419442,0.5624662466246623,1
mouse577578,far,285,0.1004089114007618,0.0221741147384986,0.0411400400029525,1.7389624674279691,3.2831052110698886,3.5003336262798816,0.3347058340424809,0.2484581709346895,0.2536078723704051,195.0,275.0,249.0,1.95,2.75,2.49,18.312974576857673,42.083938113995536,19.415479680803163,2.577304793771974,0.0430631840580706,mouse577578far285,0.2414041404140414,0.8686768676867688,0.5856885688568859,1
mouse577578,far,287,0.0834086922072024,0.0350604577040066,0.1771498677919327,3.0413353964333503,1.0499260948307023,3.378193905721772,0.3831039524236188,0.3050328869642887,0.4091570116981907,121.0,129.0,106.0,1.21,1.29,1.06,18.312974576857673,42.083938113995536,19.415479680803163,2.577304793771974,0.0251791421260917,mouse577578far287,0.2087308730873087,0.7228622862286229,0.3858685868586858,1
mouse577578,far,288,0.0499264036204807,0.1085732414667796,0.0493173091286897,3.5448662742119565,3.61729077826968,4.842630196935046,0.2502481459436209,0.3275887672664572,0.3103243179767647,292.0,257.0,304.0,2.92,2.57,3.04,18.312974576857673,42.083938113995536,19.415479680803163,2.577304793771974,0.0213253839523707,mouse577578far288,0.2111611161116111,0.7090909090909093,0.6340234023402339,1
mouse577578,far,291,0.1287778428394459,0.0121353337496949,0.0620231458463314,4.9569681148258,4.861971677859248,0.6846153922645511,0.4486985509009601,0.3459153177462431,0.3202576949127304,164.0,168.0,130.0,1.6400000000000001,1.68,1.3,18.49972321692484,42.876045928758074,19.408303549442426,2.577304793771974,0.0198693293035057,mouse577578far291,0.1763276327632763,0.7298829882988299,0.5192619261926191,1
mouse577578,far,293,0.0494793838858801,0.1408057257977648,0.0840485260716056,0.4092607928791854,5.220826369985796,1.8000263738306053,0.3958120666470642,0.41484368360368795,0.4193202570864671,93.0,105.0,106.0,0.93,1.05,1.06,17.777368948994233,42.824098535967394,19.006738155475173,2.60060089210167,0.0301293486653382,mouse577578far293,0.116921692169217,1.0296129612961296,0.4639063906390639,1
mouse577578,far,299,0.0609280736064455,0.106211046550613,0.405234694326486,1.9552783010308576,2.3252132523749696,6.105598615835488,0.3674391809772135,0.5541934954040053,0.7387125856782041,123.0,54.0,5.0,1.23,0.54,0.05,18.220636416778017,43.612452447046216,19.156390852126137,2.5887979836209705,0.0636451047615711,mouse577578far299,0.2608460846084609,0.9037803780378041,0.4477047704770477,1
mouse577578,far,478,0.0616277837877942,0.0495507693568548,0.0490075710146322,3.2308950530198914,0.1003639162556805,1.6878318585519836,0.3552974578630433,0.2803505154373639,0.350380550025236,171.0,260.0,204.0,1.71,2.6,2.04,17.898827888341735,43.451510391266645,18.905646246288512,2.5887979836209705,0.0660208080300174,mouse577578far478,0.2370837083708371,0.8473447344734475,0.588928892889289,1
mouse577578,far,302,0.1095520653406716,0.0231823865789941,0.0611189731431296,2.8032250664865663,1.7050851927725044,5.1299933686834605,0.3410312096695745,0.2409793736120757,0.2243735852091415,256.0,306.0,374.0,2.56,3.06,3.74,17.898827888341735,43.451510391266645,18.905646246288512,2.5887979836209705,0.0780086572782488,mouse577578far302,0.1747074707470747,0.9048604860486048,0.4279927992799283,1
mouse577578,far,479,0.053260893241705,0.0314173807742932,0.0612704783552711,3.5770555924167886,1.594623359803373,4.503878143394246,0.3738668658686438,0.3481609791753841,0.3658292599571932,136.0,148.0,114.0,1.36,1.48,1.1400000000000001,17.898827888341735,43.451510391266645,18.905646246288512,2.5887979836209705,0.0560437597276672,mouse577578far479,0.2819081908190819,0.827902790279028,0.6969396939693969,1
mouse577578,far,525,0.1279395141450018,0.08012207161684101,0.0856194956644313,4.4680762028327665,4.32809600236509,4.2264563429341075,0.4485327528855999,0.2467657125234534,0.313565583826687,76.0,300.0,253.0,0.76,3.0,2.5300000000000002,17.883790941178578,44.31287550829778,18.95382593244025,2.5887979836209705,0.027802533165346,mouse577578far525,0.2054905490549055,0.8165616561656166,0.531143114311431,1
mouse577578,far,305,0.0550943963906257,0.007399207109784999,0.0331519407549662,2.712869156551788,3.055488437297622,0.5326564574231428,0.2374373413989175,0.2172278188715833,0.2239095420320231,615.0,553.0,718.0,6.15,5.53,7.18,17.883790941178578,44.31287550829778,18.95382593244025,2.5887979836209705,0.0512192288283526,mouse577578far305,0.2443744374437444,0.6896489648964897,0.5489648964896491,1
mouse577578,far,315,0.0615333841241529,0.0672201377574701,0.0360453125503636,3.1798573638567045,3.3041566379770217,3.868671511959578,0.344958979918925,0.23482055519475895,0.2828753342354322,304.0,273.0,273.0,3.04,2.73,2.73,17.332574947409107,45.311842944825926,18.480076496869266,2.577426041615938,0.0428402998127545,mouse577578far315,0.1647164716471647,0.9126912691269128,0.4331233123312331,1
mouse577578,far,308,0.0668012191951674,0.1630279571384068,0.03409044497322,2.89377127946971,5.15307879629636,1.1849107114566493,0.3160202975450327,0.4330321140854911,0.4516154495502663,152.0,131.0,117.0,1.52,1.31,1.17,17.3326584173919,46.78335010269882,18.552624269786783,2.577426041615938,0.0424919065523387,mouse577578far308,0.1903690369036903,0.8300630063006302,0.3923492349234924,1
mouse577578,far,321,0.0091715600899742,0.015269628931834998,0.0446849694518264,1.0168779064359046,4.970246606407634,5.365528812678981,0.153952666162423,0.1353278303244601,0.1608027258945373,1854.0,1762.0,1521.0,18.54,17.62,15.21,17.108255631677345,46.82575058900546,18.23155338969972,2.5741503452595773,0.0217554767901768,mouse577578far321,0.1425742574257426,0.4855085508550856,0.2586858685868587,0
mouse577578,far,322,0.0131167888593895,0.0682231819693749,0.04589010697375401,2.2445118862863342,4.098718577779536,1.4975875506585716,0.1726520203757196,0.2331579557462453,0.1926964278945192,896.0,717.0,750.0,8.96,7.17,7.5,17.108255631677345,46.82575058900546,18.23155338969972,2.5741503452595773,0.0821720261514212,mouse577578far322,0.3094509450945094,1.0042304230423045,0.7925292529252923,1
mouse577578,far,324,0.0419626382078953,0.0610173408277375,0.0625062747489777,3.1223996350726617,2.878309183532377,5.243509453258828,0.3189793636031078,0.3192596362122167,0.3491454983082189,172.0,271.0,214.0,1.72,2.71,2.14,17.108255631677345,46.82575058900546,18.23155338969972,2.5741503452595773,0.0240871587789755,mouse577578far324,0.1825382538253825,0.8565256525652566,0.4174617461746174,1
mouse577578,far,314,0.0135390064810014,0.0489287501845192,0.0358531914389757,4.6210619496222645,6.243214650193408,0.550302098653712,0.2263177302694207,0.3106637000324183,0.30264428107132896,671.0,397.0,400.0,6.71,3.97,4.0,17.108255631677345,46.82575058900546,18.23155338969972,2.5741503452595773,0.023040767074927002,mouse577578far314,0.1706570657065707,0.7855085508550856,0.5662466246624663,1
mouse577578,far,325,0.0509516696928915,0.0715573191549494,0.0629045957391634,5.540868342442871,2.4272920422115187,4.3580337743070485,0.2705224036741997,0.3302464219702767,0.3430413627149867,228.0,202.0,166.0,2.2800000000000002,2.02,1.6600000000000001,17.222334532720026,47.4180204683488,18.539919087496983,2.5741503452595773,0.056963713909412995,mouse577578far325,0.22196219621962196,0.6942394239423944,0.6216021602160219,1
mouse577578,far,326,0.0682814647855526,0.0890836266886102,0.0771678235864809,5.714702904027805,3.0234471589420355,5.715154741625555,0.3333198216985281,0.3748921465593237,0.4376052222411394,181.0,142.0,72.0,1.81,1.42,0.72,17.222334532720026,47.4180204683488,18.539919087496983,2.5741503452595773,0.0440513073818533,mouse577578far326,0.1857785778577858,0.7998199819981999,0.43285328532853296,1
mouse577578,far,484,0.0620410708338122,0.0183024003138502,0.0408902474913342,5.772663187920499,4.951802744118884,5.816324627618152,0.1890450532906474,0.2641166699338979,0.2318831705049167,786.0,451.0,496.0,7.86,4.51,4.96,4.82398604039567,7.961388529866802,5.0464092963242075,2.5664907948403006,0.0576364310445135,mouse577578far484,0.21197119711971202,0.8724572457245726,0.5368136813681369,1
mouse577578,far,483,0.0274649678280935,0.0436879568740323,0.065167419365079,2.9439946539647206,6.087472567372293,5.955859384542955,0.3131535979512765,0.3263178953684548,0.3727099126198084,243.0,203.0,146.0,2.43,2.0300000000000002,1.46,4.82398604039567,7.961388529866802,5.0464092963242075,2.5664907948403006,0.0304295117207266,mouse577578far483,0.1720072007200721,0.8195319531953196,0.4082808280828084,1
mouse577578,far,328,0.0141114826149951,0.0274049561152972,0.0308803301089853,3.7447408628695382,1.9898120920869176,6.22549059306462,0.153129983606291,0.2026765609744102,0.1720208567758122,908.0,909.0,754.0,9.08,9.09,7.54,4.82398604039567,7.961388529866802,5.0464092963242075,2.5664907948403006,0.0502031466102152,mouse577578far328,0.1647164716471647,0.5878487848784878,0.8505850585058509,1
mouse577578,far,332,0.0184649615800799,0.0406517452083766,0.0125843313775815,3.5383334552919448,4.088491833712596,4.335333578276589,0.1536328927780731,0.1875858436684803,0.1358895778249608,1106.0,994.0,1050.0,11.06,9.94,10.5,18.847496257790727,38.63494575843275,19.732708831598586,2.5871074581470332,0.0179851375503163,mouse577578far332,0.2735373537353736,0.8432943294329436,0.4412241224122414,1
mouse577578,far,331,0.0375334810274331,0.0765237838735625,0.10953671146782001,2.6261558479027287,1.0345095269998772,5.4614142117338265,0.2637398136760528,0.3453543664564319,0.3409580971712546,432.0,153.0,233.0,4.32,1.53,2.33,18.847496257790727,38.63494575843275,19.732708831598586,2.5871074581470332,0.0286563845153593,mouse577578far331,0.261926192619262,0.9137713771377138,0.5192619261926191,1
mouse577578,far,337,0.0359431049784097,0.0250241827074569,0.0671868447362444,3.3360442618388797,5.042623638368507,0.6418748999844134,0.2950541132434832,0.2977990050942042,0.2995587286269701,265.0,302.0,222.0,2.65,3.02,2.22,16.501308304792424,50.87821682282525,17.68557121782907,2.576941016011038,0.0502425524534615,mouse577578far337,0.2173717371737173,0.8119711971197121,0.4501350135013501,1
mouse577578,far,513,0.0153681991967648,0.0479835326031519,0.0698959775414837,2.1888019598615718,4.712333480068802,0.24946057422755302,0.22591339235241603,0.3867752322989367,0.2858512752391556,533.0,122.0,274.0,5.33,1.22,2.74,16.501308304792424,50.87821682282525,17.68557121782907,2.576941016011038,0.0520416892163273,mouse577578far513,0.2324932493249325,0.8821782178217824,0.476057605760576,1
mouse577578,far,486,0.1215724208941789,0.1024954875633198,0.117866939240414,3.9279353218975785,1.5349093945146857,1.069313774926942,0.5123080088908145,0.5087444882806961,0.41261156018493295,98.0,64.0,92.0,0.98,0.64,0.92,16.501308304792424,50.87821682282525,17.68557121782907,2.576941016011038,0.0635656405105122,mouse577578far486,0.2295229522952295,0.8370837083708372,0.5351935193519352,1
mouse577578,far,339,0.1040703846943813,0.0516194286146015,0.1615774610531831,0.5957570688193329,2.116282015514115,3.068963661938505,0.3834884066167295,0.3756039176917637,0.4142529482716524,86.0,103.0,77.0,0.86,1.03,0.77,16.094197928873726,51.67446735372867,17.11539891378711,2.576941016011038,0.0433035896637651,mouse577578far339,0.2157515751575157,0.7933393339333935,0.4984698469846985,1
mouse577578,far,341,0.1161490669209338,0.0432525085251081,0.05848886403964,5.48767288838444,1.7092924935283205,2.9782113897437776,0.4092405055259999,0.2435287966949139,0.308770810111139,167.0,216.0,198.0,1.67,2.16,1.98,16.094197928873726,51.67446735372867,17.11539891378711,2.576941016011038,0.0254952227608364,mouse577578far341,0.1882088208820882,0.8195319531953196,0.4525652565256527,1
mouse577578,far,487,0.0326369831685736,0.0368684940999679,0.0582085410996872,0.2316162676752049,1.3491180343942328,5.183024351547804,0.3233793520130019,0.3661980588381911,0.4162425750753734,214.0,167.0,170.0,2.14,1.67,1.7,16.094197928873726,51.67446735372867,17.11539891378711,2.576941016011038,0.0280570926631904,mouse577578far487,0.1644464446444644,0.794959495949595,0.4425742574257426,1
mouse577578,far,345,0.0428593774185923,0.033990836171380004,0.0870520368209356,4.533572567951307,3.7523045206950583,2.606195607102852,0.2602546904387979,0.3526569242330138,0.3237312222965294,319.0,248.0,237.0,3.19,2.48,2.37,15.721069141648922,53.016911899026745,16.862900087207613,2.5743931323712004,0.0541212679368659,mouse577578far345,0.2532853285328533,0.7196219621962198,0.5462646264626464,1
mouse577578,far,348,0.0105153493163351,0.0288353555253195,0.0163919439066479,3.962891621110657,5.582751303605111,4.7139241497862345,0.1079801511897401,0.1332230166242021,0.1247961549904315,2521.0,2023.0,1934.0,25.21,20.23,19.34,15.395817803168269,53.35335745342285,16.431490619919103,2.5672212604292604,0.0287277394315023,mouse577578far348,0.1493249324932494,0.2794779477947795,0.2295229522952295,0
mouse577578,far,346,0.0760784395582339,0.0451705492405518,0.0161310499969766,2.4064514240930657,0.7892541924062375,3.42559200696334,0.3228152547250242,0.2042912809705665,0.3384486634276705,240.0,536.0,303.0,2.4,5.36,3.0300000000000002,15.395817803168269,53.35335745342285,16.431490619919103,2.5672212604292604,0.0401750740340493,mouse577578far346,0.1682268226822683,0.7987398739873991,0.6151215121512151,1
mouse577578,far,347,0.0207259679583947,0.030045888293649,0.0241881909533347,5.263023990504225,3.638018618371358,3.839635022633267,0.2316923899458099,0.1835765193390287,0.2428779244789005,396.0,411.0,342.0,3.96,4.11,3.42,15.395817803168269,53.35335745342285,16.431490619919103,2.5672212604292604,0.040245432710566006,mouse577578far347,0.1925292529252925,0.8195319531953197,0.5381638163816381,1
mouse577578,far,353,0.0263777291944332,0.0111822700823707,0.0343231575013313,5.484154984403466,6.222275214095667,5.46268604890774,0.2076786051340411,0.2218048019271138,0.2115440465781556,624.0,548.0,590.0,6.24,5.48,5.9,15.241817311999073,54.42462035647086,16.381145244919328,2.5672212604292604,0.0431790193049949,mouse577578far353,0.2127812781278127,0.6110711071107112,0.3318631863186319,1
mouse577578,far,350,0.0133238041664496,0.0098326837434669,0.0127248462613557,3.4108565902441623,3.5806475770826203,5.3179338381950485,0.1267342031154956,0.1452629505136982,0.1419263824834778,1593.0,1562.0,1720.0,15.93,15.620000000000001,17.2,15.241817311999073,54.42462035647086,16.381145244919328,2.5672212604292604,0.0449041013846396,mouse577578far350,0.1428442844284428,0.36507650765076505,0.2405940594059408,0
mouse577578,far,356,0.0295914612897755,0.0119595109727262,0.0420654428833028,3.3579115006073166,6.027178395710673,0.5615936527030111,0.1490266983882348,0.1465295535732339,0.1625094807799193,1219.0,1039.0,1203.0,12.19,10.39,12.030000000000001,15.303129991788989,55.14418635734013,16.278621345487824,2.5672212604292604,0.0297069167304818,mouse577578far356,0.2306030603060306,0.7074707470747076,0.3918091809180921,1
mouse577578,far,359,0.0594466033748128,0.0687173640905543,0.021865355322432996,2.4772164926612903,3.7251223919372767,5.4235195117302615,0.2817638317580596,0.3322115379325244,0.3016253883293341,245.0,289.0,350.0,2.45,2.89,3.5,15.017207358782153,55.902094649403104,15.981966774737234,2.5649074057361214,0.0624556399673398,mouse577578far359,0.1277227722772278,0.9070207020702072,0.4080108010801081,1
mouse577578,far,365,0.1094367189608544,0.0448530219206546,0.0165214378744424,4.704148640243672,5.956598356027435,5.550421595455059,0.3669399301268453,0.2601386925841241,0.2856223019001371,208.0,252.0,286.0,2.08,2.52,2.86,15.017207358782153,55.902094649403104,15.981966774737234,2.5649074057361214,0.0473519848124006,mouse577578far365,0.1725472547254726,0.7792979297929795,0.4093609360936093,1
mouse577578,far,362,0.0914899756023836,0.1137544451295836,0.0306770494679986,5.132698126617684,3.9627629711373062,5.505664344081949,0.2409917460353957,0.2283744091326824,0.2252495726751638,594.0,545.0,569.0,5.94,5.45,5.69,14.98568422858953,56.86333236532008,15.868449951386832,2.5579532833888896,0.0575356977923943,mouse577578far362,0.2365436543654365,0.6928892889288929,0.8403240324032403,1
mouse577578,far,363,0.0280924245734613,0.0705545272920478,0.0759276738291854,3.8748470793112713,1.653082123565884,3.076060281042688,0.2260401139296247,0.3976227904454205,0.2936984353618143,441.0,108.0,230.0,4.41,1.08,2.3000000000000003,14.98568422858953,56.86333236532008,15.868449951386832,2.5579532833888896,0.032815609557836,mouse577578far363,0.1944194419441944,0.8073807380738075,0.4714671467146715,1
mouse577578,far,370,0.0164733565621152,0.041388989742807,0.0148029779769681,3.8598859262776535,4.1640084286785335,4.727860697867946,0.1900397868729393,0.2118208015998125,0.1837502121434386,640.0,594.0,662.0,6.4,5.94,6.62,14.67694985420485,58.26684840918272,15.458361652754949,2.581908209057789,0.0252306071238878,mouse577578far370,0.1957695769576958,0.5198019801980198,0.3070207020702071,0
mouse577578,far,368,0.0150252492153615,0.0151276227432975,0.0200924174284243,0.6842970981363811,0.7952846094105902,3.6020959330881004,0.1353877831860613,0.2243002726376838,0.1491627619804535,1237.0,981.0,1025.0,12.370000000000001,9.81,10.25,14.67694985420485,58.26684840918272,15.458361652754949,2.581908209057789,0.0280203228863163,mouse577578far368,0.1622862286228622,0.5470747074707472,0.3207920792079208,0
mouse577578,far,490,0.068110670335308,0.0590017756861489,0.0729760589955245,4.323700286097045,4.283502061109825,3.6502903391169625,0.3692116362650358,0.3246022905710167,0.3606203419658844,137.0,187.0,161.0,1.37,1.87,1.61,14.67694985420485,58.26684840918272,15.458361652754949,2.581908209057789,0.0665481950225304,mouse577578far490,0.2797479747974798,0.6961296129612963,0.3920792079207923,1
mouse577578,far,366,0.0249101215245328,0.0356866839672273,0.0573685226207146,3.7144478084393415,3.0154868135950887,5.16036612298432,0.2348992035867703,0.2251453248449818,0.2010563182052002,302.0,418.0,490.0,3.02,4.18,4.9,14.67694985420485,58.26684840918272,15.458361652754949,2.581908209057789,0.0413230672406981,mouse577578far366,0.1733573357335733,0.5495049504950497,0.6110711071107112,1
mouse577578,far,374,0.0428303205947934,0.0388162635837564,0.0199089301072112,1.948734620600808,1.1032186505670167,4.118645655467297,0.2452580708592944,0.2208564308103504,0.2492252614282323,380.0,394.0,375.0,3.8000000000000003,3.94,3.75,14.264370378745765,60.0764262265166,15.093535673863833,2.5798498018295564,0.0621324623625941,mouse577578far374,0.1736273627362736,0.8457245724572461,0.2948694869486946,1
mouse577578,far,375,0.0674693060781811,0.0355307030767233,0.0694195262864925,4.419822527245776,5.220003095552526,1.0163192606395743,0.27228072850142604,0.2677946445274009,0.2548537379245956,231.0,287.0,352.0,2.31,2.87,3.52,14.264370378745765,60.0764262265166,15.093535673863833,2.5798498018295564,0.0130875474760816,mouse577578far375,0.1522952295229522,0.8786678667866789,0.3675067506750676,1
mouse577578,far,386,0.0196691395970236,0.0081576986875312,0.0200913577359411,4.857112994307546,5.921756017106193,4.742246670508613,0.1027495781641975,0.0837855078973287,0.1114090034082286,2423.0,2364.0,2359.0,24.23,23.64,23.59,13.806301804929634,64.70016947768544,14.596852299867448,2.571356645819479,0.016464954259726997,mouse577578far386,0.1139513951395139,0.2465346534653465,0.0912691269126912,0
mouse577578,far,311,0.11106926314340199,0.1300565588562056,0.0470072124262096,3.691624773330031,5.4499014930960366,4.3126980577911915,0.3665070776806469,0.3008328741910135,0.4082322160568773,129.0,271.0,109.0,1.29,2.71,1.09,17.54962700499192,44.86148566738815,18.866150752594592,2.577426041615938,0.0211171133640732,mouse577578far311,0.1895589558955895,0.8189918991899191,0.5495049504950494,1
mouse577578,far,286,0.0224552966579411,0.0104020358320898,0.1130522490466382,5.2463488372867,4.439540983519866,4.42882094916925,0.3130042234951001,0.3511255305432022,0.3685927726840569,221.0,119.0,169.0,2.21,1.19,1.69,18.312974576857673,42.083938113995536,19.415479680803163,2.577304793771974,0.0422874162640944,mouse577578far286,0.2133213321332133,0.8457245724572459,0.5265526552655267,1
mouse577578,far,300,0.19044065914029001,0.0495149951319168,0.1004353542701784,0.5169591073446246,0.5361985286554011,1.2630744469005426,0.4955711566007998,0.4312208684283217,0.4338756442912632,62.0,87.0,57.0,0.62,0.87,0.5700000000000001,17.898827888341735,43.451510391266645,18.905646246288512,2.5887979836209705,0.0490463143545603,mouse577578far300,0.1798379837983797,0.8538253825382539,0.3450945094509449,1
mouse577578,far,481,0.060631860884585,0.0682293777689666,0.0841355872646287,5.23651079819162,2.7910737216805552,3.3456982291681863,0.2599016233692271,0.3341878854794481,0.3243606615927331,364.0,229.0,244.0,3.64,2.29,2.44,17.108255631677345,46.82575058900546,18.23155338969972,2.5741503452595773,0.0620133726127166,mouse577578far481,0.26003600360035994,0.8886588658865887,0.5073807380738075,1
mouse577578,far,329,0.0496443206217558,0.0900753968376453,0.1635782209968998,0.9499205828936336,4.440866740187647,2.8946295754176874,0.3199853639822513,0.3685183823524304,0.4558522183389791,197.0,101.0,92.0,1.97,1.01,0.92,4.82398604039567,7.961388529866802,5.0464092963242075,2.5664907948403006,0.0215722043318794,mouse577578far329,0.2365436543654365,0.8119711971197121,0.5522052205220521,1
mouse577578,far,364,0.0318354448021173,0.038944882869468,0.0517929019130773,5.151024465657458,4.475477739175286,5.810454115801392,0.3047546289725596,0.2968126731452119,0.3402775266908164,201.0,259.0,199.0,2.0100000000000002,2.59,1.99,14.98568422858953,56.86333236532008,15.868449951386832,2.5579532833888896,0.0368201196623254,mouse577578far364,0.1973897389738974,0.8972997299729976,0.5759675967596757,1
mouse598180,far,2,0.040881932928346,0.0157621025677747,0.0203047662756351,4.793261892091009,4.874777267375619,4.294302113040825,0.1595655809856621,0.1626169931647684,0.1163288874082091,1127.0,824.0,1752.0,11.27,8.24,17.52,12.433652241326914,35.51660375842086,12.138051084009984,1.8201991649267395,0.0176246354036998,mouse598180far2,0.2225022502250225,0.6637263726372639,0.4161116111611164,1
mouse598180,far,3,0.1106488191678642,0.0406375657511704,0.0385632417525683,3.0563074730889332,5.491721061914825,3.043006330858395,0.34536150218236306,0.2932619438673038,0.3539952502748509,154.0,244.0,198.0,1.54,2.44,1.98,12.433652241326914,35.51660375842086,12.138051084009984,1.8201991649267395,0.0371243827142466,mouse598180far3,0.1792979297929793,0.7579657965796581,0.3926192619261924,1
mouse598180,far,4,0.0438989877985743,0.0523697285759832,0.0384924953118356,3.9747679095760864,0.2291708416897665,4.854208837662269,0.1867524174861505,0.2004576283466746,0.1707109329424549,1026.0,860.0,927.0,10.26,8.6,9.27,12.433652241326914,35.51660375842086,12.138051084009984,1.8201991649267395,0.0213686666429788,mouse598180far4,0.2427542754275428,0.7876687668766877,0.3885688568856887,1
mouse598180,far,8,0.0384515919292053,0.0218180539403816,0.0492761934570596,4.318853909448327,6.03684100322098,0.4081762676910219,0.1886051768204571,0.2416658789580645,0.2216153129199909,616.0,533.0,618.0,6.16,5.33,6.18,12.28338909774741,40.36295090555285,13.038120305042336,1.8148691412881537,0.0138719211799152,mouse598180far8,0.2030603060306031,0.7034203420342036,0.38505850585058504,1
mouse598180,far,88,0.0818225962869617,0.0593366224572236,0.098539502597959,4.790346208168883,0.1187732350193662,4.0616633513037375,0.3359615468668527,0.3908538867000416,0.3297554618714552,199.0,194.0,193.0,1.99,1.94,1.93,12.28338909774741,40.36295090555285,13.038120305042336,1.8148691412881537,0.0178002736564618,mouse598180far88,0.19387938793879397,0.6783078307830784,0.4234023402340233,1
mouse598180,far,5,0.0245029592383641,0.0484749157466549,0.033078675834772,5.8441519330711245,1.096245201157805,4.356322958685501,0.2794715056117358,0.2650374619800427,0.2463336423316155,256.0,332.0,413.0,2.56,3.3200000000000003,4.13,12.28338909774741,40.36295090555285,13.038120305042336,1.8148691412881537,0.0134244908026962,mouse598180far5,0.1590459045904589,0.6515751575157517,0.3464446444644463,0
mouse598180,far,6,0.0475687649461138,0.0307242128249371,0.0447153692185955,3.328882113710652,1.0640528348242346,3.5978411230261718,0.3136290584623298,0.2479133472906893,0.2795268987985382,238.0,410.0,240.0,2.38,4.1,2.4,12.28338909774741,40.36295090555285,13.038120305042336,1.8148691412881537,0.0215442656540237,mouse598180far6,0.1828082808280827,0.6140414041404142,0.3936993699369938,1
mouse598180,far,10,0.0678691750164789,0.0300856063318199,0.0765738300146398,4.482061170260769,5.315112769939875,3.959215435637707,0.2874579126617336,0.3476911764660517,0.2249188882270775,351.0,421.0,569.0,3.5100000000000002,4.21,5.69,12.421734556694062,40.492500297729,13.085798976044348,1.8148691412881537,0.0428790907745872,mouse598180far10,0.2835283528352836,0.7936093609360938,0.3796579657965798,1
mouse598180,far,90,0.1073787433348838,0.0590546561359656,0.0944073293650092,3.8316226494565298,3.820387598107968,2.9728717950793184,0.3571963109123031,0.3317429358768019,0.3587343660285694,229.0,296.0,132.0,2.29,2.96,1.32,12.421734556694062,40.492500297729,13.085798976044348,1.8148691412881537,0.0229162265735774,mouse598180far90,0.1930693069306931,0.7655265526552656,0.493609360936094,1
mouse598180,far,11,0.1104660877590003,0.1567038845412919,0.034308624846501004,1.3719598843635277,5.468355918035953,4.649610506878339,0.3715264203348213,0.4290820891837643,0.3741327316427139,124.0,166.0,161.0,1.24,1.6600000000000001,1.61,12.462538268402353,40.56873231724132,13.076550808854911,1.8093507122722232,0.0305347735673598,mouse598180far11,0.2368136813681368,0.7401440144014402,0.5702970297029705,1
mouse598180,far,12,0.0262804896477037,0.0425288332612865,0.0305963855857165,3.9346107289433263,4.220880815777747,3.642247963163645,0.1795074919719617,0.2159846416218561,0.1836685355341195,878.0,751.0,1044.0,8.78,7.51,10.44,12.462538268402353,40.56873231724132,13.076550808854911,1.8093507122722232,0.0327834937400226,mouse598180far12,0.317011701170117,0.7420342034203421,0.413951395139514,1
mouse598180,far,92,0.01673989414427,0.0351961363021107,0.0233797554056915,2.4902666127370763,5.79887217706527,6.069320266750116,0.1923289686205418,0.3229961755269281,0.2567553231077435,505.0,331.0,477.0,5.05,3.31,4.7700000000000005,12.462538268402353,40.56873231724132,13.076550808854911,1.8093507122722232,0.026774933995696,mouse598180far92,0.2095409540954096,0.6855985598559857,0.4288028802880287,1
mouse598180,far,91,0.0657143128669582,0.0338401111924173,0.0724927887622465,0.2794911083313232,1.2311030524968698,3.799879867278309,0.3957820750286268,0.3887393763103727,0.3581528546457104,171.0,141.0,166.0,1.71,1.41,1.6600000000000001,12.462538268402353,40.56873231724132,13.076550808854911,1.8093507122722232,0.0378287816201912,mouse598180far91,0.2233123312331233,0.8168316831683169,0.4458145814581459,1
mouse598180,far,15,0.0490179990779274,0.0560249433034384,0.0288270546122778,3.0864357382333547,4.368036850989754,5.310235166916051,0.2321352845890626,0.2185665352819406,0.2173701134599558,529.0,603.0,517.0,5.29,6.03,5.17,12.199017400112195,39.32818863464845,12.684031955912385,1.8093507122722232,0.0181281866716308,mouse598180far15,0.2362736273627362,0.6828982898289829,0.43879387938793896,1
mouse598180,far,16,0.0111686791590707,0.035177633736341,0.0210864259459425,3.689818045865967,5.563141465824001,3.6518778279291326,0.1923218981946831,0.2131151585681686,0.2280678114255216,653.0,517.0,421.0,6.53,5.17,4.21,12.199017400112195,39.32818863464845,12.684031955912385,1.8093507122722232,0.0535364935386099,mouse598180far16,0.2268226822682268,0.7301530153015302,0.4544554455445545,1
mouse598180,far,93,0.0709429517233975,0.0556619243473937,0.0941189091846537,2.802285264569837,1.335170984697219,1.7670753396725738,0.3140094583999822,0.3982058978009872,0.4368103151088477,184.0,117.0,62.0,1.84,1.17,0.62,12.199017400112195,39.32818863464845,12.684031955912385,1.8093507122722232,0.0241177404948087,mouse598180far93,0.1744374437443744,0.6945094509450945,0.4182718271827185,1
mouse598180,far,18,0.025085485476758,0.0481480833019763,0.0383201630832056,0.0359015562738948,4.791507273659159,5.178202491412299,0.2771987719504318,0.3310884775235496,0.3024449937064969,370.0,327.0,294.0,3.7,3.27,2.94,12.245647433947065,38.98051790843202,12.667535983135245,1.8292758129926718,0.0142905688810318,mouse598180far18,0.1882088208820882,0.7323132313231323,0.3909990999099914,1
mouse598180,far,23,0.0782889418980506,0.0928621668877816,0.1211009656363912,2.7394916670633482,2.535458337143917,1.074471803905993,0.4774019479791024,0.4025633513679709,0.5782730184343692,56.0,66.0,32.0,0.56,0.66,0.32,12.564103757554582,39.904716106465,13.001837856944187,1.829104972384035,0.0305055835993601,mouse598180far23,0.253015301530153,0.7522952295229524,0.4290729072907292,1
mouse598180,far,22,0.184990468331869,0.0603626027087982,0.1324241137919938,2.6723582696612933,3.860225257799806,0.7554902183347277,0.5330996505430282,0.3640496759658154,0.5647097734724656,57.0,132.0,37.0,0.5700000000000001,1.32,0.37,12.564103757554582,39.904716106465,13.001837856944187,1.829104972384035,0.0289839565312618,mouse598180far22,0.18604860486048602,0.7328532853285329,0.4126012601260126,1
mouse598180,far,28,0.039345442062822,0.0483128282242122,0.0145445009675575,3.2119508412579405,5.73135938803126,1.6623269112071937,0.2195434741467935,0.1930890013515358,0.1670349057032727,665.0,558.0,614.0,6.65,5.58,6.140000000000001,12.18127761394372,38.29751053762332,12.538469689097614,1.829104972384035,0.0171072615773441,mouse598180far28,0.1722772277227723,0.6804680468046806,0.4782178217821781,1
mouse598180,far,29,0.0346340133726905,0.0342134947842255,0.0405044164642282,3.0527429616799515,5.314910424130876,3.1174836466985316,0.2985160561407201,0.249522357368159,0.3305726010820569,321.0,433.0,198.0,3.21,4.33,1.98,12.18127761394372,38.29751053762332,12.538469689097614,1.829104972384035,0.0271993295491489,mouse598180far29,0.332943294329433,0.8009000900090011,0.4301530153015304,1
mouse598180,far,26,0.1026500909904957,0.0596658722636883,0.0776293560433488,4.539398193761565,4.833855650699333,4.075623455836462,0.25462716607380304,0.2053379354295704,0.3241939189977696,590.0,643.0,410.0,5.9,6.43,4.1,12.18127761394372,38.29751053762332,12.538469689097614,1.829104972384035,0.0155632237081334,mouse598180far26,0.1247524752475247,0.2611161116111612,0.2073807380738074,0
mouse598180,far,27,0.1008933966666277,0.17581037986542702,0.1600608288412771,4.433519049604376,3.2259412159135263,3.2440037997728868,0.3374786508446495,0.5187847601748246,0.4276247697887986,185.0,175.0,153.0,1.85,1.75,1.53,12.18127761394372,38.29751053762332,12.538469689097614,1.829104972384035,0.0370405537545883,mouse598180far27,0.16903690369036903,0.655895589558956,0.3450945094509453,1
mouse598180,far,25,0.0551953895797548,0.1137949199064736,0.1001971413065024,3.982872672510234,3.0989317596646435,3.8743516344588635,0.3823859901796786,0.3844906453500764,0.2918233697157842,105.0,95.0,294.0,1.05,0.9500000000000001,2.94,12.18127761394372,38.29751053762332,12.538469689097614,1.829104972384035,0.0282712188301305,mouse598180far25,0.1782178217821782,0.723942394239424,0.3831683168316834,1
mouse598180,far,32,0.0227449136506855,0.0042298427666208,0.034015670765002996,5.203683785293213,5.6670734772316775,5.01583132838687,0.1645782239446071,0.1342478737531207,0.1100931420593816,2408.0,2118.0,2509.0,24.080000000000002,21.18,25.09,12.578798442392756,39.11504560090774,12.867063465766153,1.8248287590894658,0.0179914382164422,mouse598180far32,0.1960396039603961,0.7363636363636364,0.4074707470747075,1
mouse598180,far,36,0.0768916607911564,0.0459267596691713,0.0997246434555239,6.027155798116577,0.2168890022409486,5.080119889908898,0.2578318773017466,0.2614894780326959,0.2456425881285132,446.0,339.0,742.0,4.46,3.39,7.42,12.38585358114009,38.083446271135664,12.663159856781052,1.8496621313093915,0.0272570581972041,mouse598180far36,0.1833483348334834,0.5729972997299732,0.2829882988298831,0
mouse598180,far,34,0.0421762530655856,0.0429634398967512,0.0652010942729533,4.256806244461366,6.187980341743836,5.038694488248043,0.308512008381115,0.3758014342709673,0.3741292912913739,214.0,236.0,154.0,2.14,2.36,1.54,12.38585358114009,38.083446271135664,12.663159856781052,1.8496621313093915,0.019508075178127,mouse598180far34,0.1825382538253825,0.6423942394239426,0.6035103510351035,1
mouse598180,far,49,0.067129672709967,0.0507848283710871,0.0588758151123234,4.199037673194379,3.433951809078907,4.321086769123469,0.2038665360303993,0.2643490664328745,0.1937198128611713,843.0,915.0,695.0,8.43,9.15,6.95,12.360495648751677,37.91449367447765,12.574607469921071,1.8457721961282223,0.0128929553897493,mouse598180far49,0.1765976597659766,0.3094509450945094,0.2392439243924393,0
mouse598180,far,40,0.06345694981599201,0.0244056245914575,0.0326346253535449,4.846057793204128,4.652043808097986,4.537056120344289,0.1885657740054312,0.1698811192681327,0.1435668009382996,1428.0,1313.0,1316.0,14.280000000000001,13.13,13.16,12.360495648751677,37.91449367447765,12.574607469921071,1.8457721961282223,0.0104556952903561,mouse598180far40,0.1477047704770476,0.3264626462646265,0.2306030603060307,0
mouse598180,far,96,0.0555271547102333,0.015752690200708002,0.0880666899389266,6.113143729281704,1.7131951543707105,4.0411955024935695,0.2858468863656681,0.2197889681433452,0.4043073493095139,230.0,253.0,181.0,2.3000000000000003,2.5300000000000002,1.81,12.360495648751677,37.91449367447765,12.574607469921071,1.8457721961282223,0.0369693274031475,mouse598180far96,0.2044104410441044,0.7549954995499549,0.3769576957695769,1
mouse598180,far,39,0.05218319681029,0.0396284774696514,0.02899039550208,3.51485305363405,1.0675131850421988,3.8777989807145934,0.2303771574941174,0.2464902369039538,0.21755150498860798,569.0,498.0,490.0,5.69,4.98,4.9,12.360495648751677,37.91449367447765,12.574607469921071,1.8457721961282223,0.0209663143807902,mouse598180far39,0.2824482448244825,0.7209720972097209,0.4412241224122414,1
mouse598180,far,44,0.0330911039761573,0.0594464636087174,0.0277440727962834,4.427945403426082,1.3184773018275406,0.3497912199377521,0.2293058124659868,0.2463522586568964,0.3107445658684953,352.0,272.0,218.0,3.52,2.72,2.18,12.41709639149274,37.328724750786144,12.584826388057925,1.8462800437636755,0.0181780494761977,mouse598180far44,0.2284428442844284,0.7074707470747077,0.4317731773177317,1
mouse598180,far,46,0.0529266507306506,0.0246275942228215,0.0733338041353094,3.9970293622595614,2.6044353880457414,5.992625621491955,0.2865907801409212,0.2991532797083787,0.4247380806243756,315.0,210.0,116.0,3.15,2.1,1.16,12.443412078102375,36.774006922817634,12.642331255551527,1.8462800437636755,0.0211276144080927,mouse598180far46,0.1838883888388839,0.8570657065706573,0.4552655265526552,1
mouse598180,far,47,0.1607621300430425,0.0806528522974618,0.073493743714954,5.465770412696897,2.5985980215195954,2.5877649669232583,0.4595732909494699,0.4107197956203274,0.4521565668305545,132.0,166.0,97.0,1.32,1.6600000000000001,0.97,12.443412078102375,36.774006922817634,12.642331255551527,1.8462800437636755,0.048278228888135,mouse598180far47,0.2605760576057606,0.8346534653465348,0.5030603060306029,1
mouse598180,far,50,0.1046275779912153,0.0782646341870966,0.1576229776089826,3.9845414269097668,5.2256674401852,3.5762256165579607,0.4362921520933008,0.4055551976632222,0.4844088741485421,92.0,134.0,76.0,0.92,1.34,0.76,12.325520645541939,36.01794415017723,12.504052092824132,1.8427221711370383,0.0300152756442581,mouse598180far50,0.1768676867686769,0.662916291629163,0.55004500450045,1
mouse598180,far,51,0.1071708743517564,0.0547638792865696,0.0484310429260926,0.9464133871139468,3.4195882457844813,4.9066900747221185,0.3355474946557235,0.3187990531675286,0.3880548668421887,185.0,251.0,122.0,1.85,2.5100000000000002,1.22,12.325520645541939,36.01794415017723,12.504052092824132,1.8427221711370383,0.0441763728644649,mouse598180far51,0.1741674167416741,0.8684068406840685,0.4957695769576961,1
mouse598180,far,52,0.1018029585529482,0.04602773156115901,0.0496521782786756,3.7534609397754912,4.211626097874179,4.936208665642321,0.3126936623612882,0.3303147278986157,0.3096070054787806,236.0,195.0,157.0,2.36,1.95,1.57,12.544132976801968,36.009343699390406,12.62399956782831,1.868321439153338,0.0301981566731377,mouse598180far52,0.187128712871287,0.8357335733573359,0.5581458145814581,1
mouse598180,far,53,0.0394088402394921,0.1113827080353189,0.0249075232168379,2.8572353597793905,1.899050191083548,4.918407555965182,0.3173467247852434,0.3775113584822158,0.2772202366903198,233.0,209.0,429.0,2.33,2.09,4.29,12.691437892180334,36.46545180537415,12.651529517502873,1.8651407453594488,0.026168601222509996,mouse598180far53,0.1698469846984698,0.7860486048604861,0.3561656165616563,1
mouse598180,far,54,0.0367100884237373,0.0997811465490575,0.1437109273828961,4.2676346305579855,0.2094843449533782,2.3250315440498586,0.2501940129190154,0.3163634570724357,0.4505959608975266,401.0,210.0,63.0,4.01,2.1,0.63,12.691437892180334,36.46545180537415,12.651529517502873,1.8651407453594488,0.0208520592458419,mouse598180far54,0.1736273627362736,0.6564356435643565,0.7390639063906391,1
mouse598180,far,56,0.069624351353319,0.0811607681788769,0.0947840002454016,5.9410953623486185,2.9103541443412504,4.455652540049178,0.2922080469533611,0.3266857826333547,0.3975940938463814,280.0,206.0,130.0,2.8000000000000003,2.06,1.3,12.252001412954627,35.03664192976062,12.139747696360097,1.8651407453594488,0.0116369328634608,mouse598180far56,0.1571557155715571,0.8422142214221424,0.4088208820882087,1
mouse598180,far,57,0.0554848836391223,0.1099962446553611,0.0772907617229658,1.866739142511708,1.8061242229027883,1.2041664983194298,0.3783001656105319,0.5270907452110792,0.43464013028458903,130.0,56.0,52.0,1.3,0.56,0.52,12.252001412954627,35.03664192976062,12.139747696360097,1.8651407453594488,0.0237836697632595,mouse598180far57,0.1018001800180018,0.885958595859586,0.4501350135013503,1
mouse598180,far,59,0.0894633324332485,0.0336078684007101,0.0449321993349427,2.0213996169704247,4.0483398856915285,4.385533667002565,0.3138483044216355,0.3013093223659026,0.3487186509650576,256.0,227.0,193.0,2.56,2.27,1.93,9.373427599629014,25.451474848862468,9.783803103109948,1.8634645153584224,0.0094321394662142,mouse598180far59,0.1698469846984699,0.9432043204320434,0.4266426642664266,1
mouse598180,far,60,0.0285014457214894,0.0160595799110017,0.01811246866973,4.732581410762188,0.6224353711649913,1.1523304419487228,0.2237772241661595,0.2088921072220734,0.1911753945160423,653.0,424.0,919.0,6.53,4.24,9.19,9.425044602182034,24.848666967824737,9.665763667211332,1.888286260078169,0.0193325275605423,mouse598180far60,0.1339333933393339,0.7355535553555357,0.3226822682268225,0
mouse598180,far,64,0.055986944300405996,0.0325925054005416,0.0588477531358599,4.218093948580085,1.927291802311,0.010515820434881,0.37908923070816397,0.2653044230413223,0.4186815820493077,101.0,209.0,91.0,1.01,2.09,0.91,12.23772030299368,34.8294951167749,12.026062690607246,1.888286260078169,0.0198610472799469,mouse598180far64,0.1879387938793879,0.8484248424842485,0.4911791179117913,1
mouse598180,far,62,0.1172327669141347,0.0845171581705914,0.0459672765293197,4.7254671096633425,3.257006402135933,5.778716873323827,0.3338177454220864,0.3297955100877325,0.2723745848541598,234.0,164.0,427.0,2.34,1.6400000000000001,4.2700000000000005,12.168405728566507,34.15876168407671,12.060834608683422,1.8872930350107269,0.047223678463332,mouse598180far62,0.2144014401440144,0.9054005400540056,0.4979297929792979,1
mouse598180,far,69,0.0820327737777169,0.0352981885836665,0.0369114317500763,3.3172422382087183,3.8392619988179417,6.160177762006725,0.4235199303646313,0.3730632235443359,0.3946574441089059,108.0,98.0,107.0,1.08,0.98,1.07,12.019046254948845,34.079131848397196,11.915748335034568,1.8872930350107269,0.0430181582193601,mouse598180far69,0.1541854185418542,0.7512151215121512,0.3504950495049505,1
mouse598180,far,71,0.081560119320839,0.1461523691856548,0.0797853019831242,2.8431057022753454,4.9042276880285245,0.7198843419224178,0.4842698188755904,0.4042697229553073,0.4399272281607053,87.0,88.0,86.0,0.87,0.88,0.86,12.176061140330914,34.429126318508985,11.81140066213406,1.8872930350107269,0.0170627546530144,mouse598180far71,0.15391539153915398,0.7393339333933394,0.38991899189919005,1
mouse598180,far,73,0.0363335685260384,0.0224245843387186,0.0485964322860453,5.274787323363841,4.360332193476272,4.614479791919603,0.1967900962584902,0.2128741116025403,0.1769106396943088,591.0,487.0,873.0,5.91,4.87,8.73,11.626656360013609,32.83026991508731,11.489770594081854,1.8872930350107269,0.0176049820509158,mouse598180far73,0.1590459045904591,0.8462646264626466,0.5846084608460843,1
mouse598180,far,76,0.1292010233156976,0.1319064074474572,0.12083932932780302,4.829439877134152,1.8118916708662096,4.922841840198606,0.483781556161223,0.4310101183590247,0.4045443070817734,71.0,97.0,154.0,0.71,0.97,1.54,11.939771931942643,33.040255669992064,11.719675510589905,1.8869618438113689,0.0173220939007542,mouse598180far76,0.1460846084608461,0.8233123312331233,0.3342934293429344,1
mouse598180,far,79,0.0836469353167753,0.0704370304442299,0.1402319072861723,4.1939291733905115,5.1794042449209385,4.425115549514512,0.3925499858327057,0.4529767567781315,0.4435888560510727,112.0,96.0,81.0,1.12,0.96,0.81,11.2816398752636,32.191190160727096,11.171300918925278,1.9118054294305158,0.0167931296233722,mouse598180far79,0.1552655265526553,0.7171917191719174,0.3021602160216022,0
mouse598180,far,101,0.0593351430052691,0.0186064260203956,0.0601593977425348,4.528071599792817,4.016403756037172,4.573839655417673,0.1435742365665512,0.1334365818396904,0.1591527246813133,2744.0,2940.0,2075.0,27.44,29.400000000000002,20.75,10.134202381913793,28.628756689303927,10.314067998896707,1.939555361416632,0.0104766462118594,mouse598180far101,0.1236723672367237,0.2611161116111611,0.1663366336633663,0
mouse598180,far,38,0.0853325266633014,0.022141647747886,0.0165779629561146,4.509320669711553,5.781768984815135,3.6430623437496603,0.3073623685415025,0.1828326364961498,0.1826437368612838,564.0,603.0,695.0,5.64,6.03,6.95,12.360495648751677,37.91449367447765,12.574607469921071,1.8457721961282223,0.0337585969600572,mouse598180far38,0.2481548154815481,0.7072007200720073,0.4944194419441944,1
mouse598180,far,82,0.1211108731284794,0.1557564336797683,0.1015739511767498,4.5634919395471965,4.112578766128497,3.0976687595877714,0.45277186195982794,0.3618172417683463,0.2931052760976052,233.0,183.0,360.0,2.33,1.83,3.6,11.07095999161385,31.10636117202624,11.004026978592732,1.9106608804285496,0.0225926172810653,mouse598180far82,0.1090909090909091,0.3945094509450946,0.2446444644464445,0
mouse598180,far,17,0.0466262277208289,0.0411874257669715,0.1525623315692089,4.079054140988989,5.807599415929861,5.527855085989195,0.4025775220725313,0.4866938662049707,0.4171301009607805,94.0,62.0,138.0,0.9400000000000001,0.62,1.3800000000000001,12.199017400112195,39.32818863464845,12.684031955912385,1.8093507122722232,0.0220848611415101,mouse598180far17,0.1495949594959496,0.5767776777677769,0.3226822682268226,0
mouse598180,far,33,0.1430069317777346,0.022770743291726,0.1000320981141952,6.0211905148439255,5.234377035915601,3.1523004949222053,0.4773551884324678,0.4774077968887071,0.4306760548269403,69.0,63.0,102.0,0.6900000000000001,0.63,1.02,12.275158679209321,38.45670405983138,12.486191433642222,1.825,0.0308834039110502,mouse598180far33,0.1852385238523852,0.7123312331233125,0.4990099009900989,1
mouse598180,far,35,0.0733791576216112,0.0258689291032543,0.0466019419585303,0.0738948345098454,1.3861349963746323,4.684810056900555,0.4912683644314083,0.4785731325613516,0.4032243124279997,60.0,70.0,103.0,0.6,0.7000000000000001,1.03,12.38585358114009,38.083446271135664,12.663159856781052,1.8496621313093915,0.0253595001594678,mouse598180far35,0.1973897389738974,0.7531053105310533,0.4271827182718272,1
mouse598180,far,98,0.0623192933960345,0.0709108563011818,0.1039351536468496,3.8700261161374057,3.3272337080813688,0.5809393475352809,0.4643470538229808,0.4444681183838331,0.5081544090600401,65.0,79.0,52.0,0.65,0.79,0.52,12.252001412954627,35.03664192976062,12.139747696360097,1.8651407453594488,0.0381137324209116,mouse598180far98,0.1671467146714672,0.7909090909090909,0.3942394239423944,1
mouse598180,far,74,0.0879190456861271,0.1366528084246844,0.0826473644467968,4.61784378496512,1.2110096643828157,2.777872790703864,0.4585687849596835,0.4910200938639487,0.5086089398911291,66.0,96.0,52.0,0.66,0.96,0.52,11.626656360013609,32.83026991508731,11.489770594081854,1.8872930350107269,0.0178585091026133,mouse598180far74,0.1509450945094509,0.8216921692169219,0.3237623762376237,1
mouse598180,far,83,0.0573706462766616,0.1240556172717852,0.2014918104818133,5.603693847925559,5.149738510658112,3.4593542357039313,0.5243088466839453,0.3912442840077328,0.6323666930635058,59.0,72.0,27.0,0.59,0.72,0.27,10.700233591222581,30.7273066429506,10.855783040247722,1.9131126469708992,0.0355550298838655,mouse598180far83,0.21899189918991896,0.6091809180918092,0.5578757875787579,1
mouse622179,far,53,0.0269123739264349,0.0054691789245476,0.0159383539260096,1.6576681561842084,1.0515854038538015,6.2479822079276826,0.1678926387699467,0.1268312358162735,0.1398925569424467,1726.0,1282.0,1253.0,17.26,12.82,12.530000000000001,20.681301039905893,22.089393333762484,21.49974518350658,2.4204854884919267,0.0123937338360297,mouse622179far53,0.19495949594959502,0.3453645364536454,0.2481548154815481,0
mouse622179,far,61,0.0277477398359076,0.0051453466581442,0.0348822249760908,6.196316630410893,3.3982158642748503,3.789081647417323,0.1335092852940665,0.1569662716027733,0.2344398467842348,1526.0,1304.0,1159.0,15.26,13.040000000000001,11.59,19.881565508247462,23.77811202558022,20.381414243195703,2.411042305725887,0.0480090327091231,mouse622179far61,0.2006300630063007,0.6567056705670569,0.4787578757875789,1
mouse622179,far,62,0.0216406613232221,0.0345513946327201,0.0121195529063567,0.05731998288029401,0.4074872593366181,1.7967158516157358,0.1634571254585683,0.153694706880741,0.1396134034682216,2338.0,2568.0,2212.0,23.38,25.68,22.12,19.881565508247462,23.77811202558022,20.381414243195703,2.411042305725887,0.0145183157429822,mouse622179far62,0.1682268226822681,0.3861386138613861,0.2414041404140414,0
mouse622179,far,131,0.0527487609102192,0.0479061083905872,0.0467921163763631,5.623121295541452,1.6237144463590674,4.6339138880932715,0.1817772346319993,0.2420360896161121,0.2236933487395453,684.0,691.0,869.0,6.84,6.91,8.69,20.175028783986303,27.400863365005144,20.712024537922,2.4193232524819828,0.0078267517093225,mouse622179far131,0.1733573357335733,0.6194419441944197,0.2927092709270926,0
mouse622179,far,66,0.0541938289515536,0.0270232108067897,0.0241735365180301,2.526203370927649,3.5974334934602417,0.0528381679615878,0.2375113325659277,0.2363215723397616,0.2665261287586803,530.0,475.0,381.0,5.3,4.75,3.81,20.175028783986303,27.400863365005144,20.712024537922,2.4193232524819828,0.021017689526133997,mouse622179far66,0.1693069306930693,0.5643564356435644,0.7385238523852385,1
mouse622179,far,68,0.0164393206056135,0.0233511047092391,0.0411789776978803,6.119883717921895,5.847102493454081,5.954915764801536,0.1389249119850037,0.1101986447969924,0.1782479476543316,1963.0,2025.0,1810.0,19.63,20.25,18.1,19.965911635753788,27.928147529414662,20.479136011007878,2.4220342689565735,0.0082539440028679,mouse622179far68,0.2000900090009001,0.3224122412241225,0.2594959495949596,0
mouse622179,far,71,0.055015861290246,0.0578220475235214,0.0353764667921019,5.551074216732902,5.0977647127088614,4.816450783953883,0.2237269884880574,0.266076944107282,0.2443658879987257,277.0,471.0,571.0,2.77,4.71,5.71,19.691812459771832,28.18055749213459,20.14109524239375,2.4041630560342617,0.0421631411161632,mouse622179far71,0.1981998199819983,0.6572457245724572,0.3785778577857789,1
mouse622179,far,69,0.0595562059803515,0.0323919133963431,0.0182413339544786,2.159305793120644,3.822141800348767,2.6959905584461548,0.2600450321708633,0.1661008379063874,0.2379105989695889,419.0,522.0,428.0,4.19,5.22,4.28,20.003041681318056,28.89013927243245,20.175228225924208,2.4074104344710316,0.0188039694934635,mouse622179far69,0.1806480648064806,0.7204320432043205,0.3075607560756076,1
mouse622179,far,74,0.0364472575425349,0.0444186032409688,0.0478214837050212,5.265030602172015,3.9937845353236288,4.599125435861064,0.219367611070354,0.2159821507108188,0.1987527963898421,445.0,481.0,562.0,4.45,4.8100000000000005,5.62,19.310446158348974,29.38343832926905,19.588534938210174,2.4109126902482387,0.0218909881082281,mouse622179far74,0.1698469846984698,0.5989198919891991,0.3094509450945093,0
mouse622179,far,115,0.1279201373851053,0.0379387704791481,0.0703016664722266,6.1742301357011815,4.098851788197074,3.0709178312715415,0.5506986507585796,0.2963140793708922,0.3529705676595804,75.0,176.0,194.0,0.75,1.76,1.94,19.399448877071862,30.636197456969803,20.05784599885862,2.4109126902482387,0.0404328584921469,mouse622179far115,0.1782178217821782,0.5972997299729974,0.3507650765076509,0
mouse622179,far,75,0.046205210876479,0.0278125046854994,0.0044779474229114,5.9715689052237915,5.816375896791928,4.958151809558535,0.1317962207903512,0.1326634356886158,0.0985578371177872,2130.0,2213.0,2198.0,21.3,22.13,21.98,19.399448877071862,30.636197456969803,20.05784599885862,2.4109126902482387,0.0223223319753502,mouse622179far75,0.2441044104410441,0.4323132313231324,0.2905490549054905,0
mouse622179,far,73,0.0398269497652682,0.0423557329808047,0.0602891112598925,4.095983137657036,4.091659258897368,2.1349361422250115,0.3192729287385608,0.2670243487598492,0.2646213536228317,235.0,209.0,550.0,2.35,2.09,5.5,19.399448877071862,30.636197456969803,20.05784599885862,2.4109126902482387,0.0455513344811134,mouse622179far73,0.21899189918991896,0.7325832583258327,0.3448244824482448,1
mouse622179,far,80,0.0145106016485139,0.1025879462426984,0.0785273347174139,6.239358435701736,1.1446077826534593,5.654573220427986,0.2401591231569703,0.3045520774603064,0.2454121548120204,501.0,435.0,583.0,5.01,4.3500000000000005,5.83,19.188151291098066,33.26333473939451,19.926969735431367,2.405332617331749,0.0366231034893068,mouse622179far80,0.2349234923492349,0.7579657965796581,0.3553555355535552,1
mouse622179,far,79,0.0207684720324544,0.0295231184496309,0.0166431642556421,1.4624093671063332,3.7640163906680963,4.0654435186618745,0.1262555003104239,0.2051385207206396,0.1408102694864987,1200.0,1276.0,1240.0,12.0,12.76,12.4,19.188151291098066,33.26333473939451,19.926969735431367,2.405332617331749,0.0232057076788655,mouse622179far79,0.2897389738973898,0.3545454545454546,0.2667866786678667,0
mouse622179,far,81,0.0136250293223667,0.0271719308096448,0.0103273231396657,1.7322586438115437,6.192710816155152,5.240152096771316,0.1725267255697597,0.1341525425090491,0.1509946512811314,1575.0,1375.0,1412.0,15.75,13.75,14.120000000000001,18.797698862941736,35.773148270621036,19.55071347724581,2.414150989478496,0.0142281758782989,mouse622179far81,0.2327632763276328,0.6953195319531954,0.3685868586858686,1
mouse622179,far,116,0.0348666948524983,0.0814228337658321,0.08542573692397099,0.7874543106642006,4.174086705144733,4.7511054498177625,0.3024419153548054,0.3698396004833522,0.3264997317936594,191.0,233.0,248.0,1.9100000000000001,2.33,2.48,18.797698862941736,35.773148270621036,19.55071347724581,2.414150989478496,0.0282929540549879,mouse622179far116,0.2624662466246625,0.7144914491449146,0.38991899189919005,1
mouse622179,far,117,0.0267545838271322,0.0417719544138897,0.0247313667380853,2.9635477252149918,3.536027330165928,3.781610464439223,0.232546895387285,0.2042997861090215,0.2214584352062761,414.0,499.0,607.0,4.14,4.99,6.07,18.557349962103334,35.834028759601544,19.131629960694106,2.418935716384377,0.0337381503058127,mouse622179far117,0.258955895589559,0.7377137713771379,0.3553555355535555,1
mouse622179,far,118,0.0296983485645954,0.0193165428642605,0.0327589454096639,4.839795673346926,1.8138897944012748,1.0869676562698891,0.1859116318901288,0.1598648461574248,0.1858280843858534,883.0,855.0,872.0,8.83,8.55,8.72,18.931685125707805,37.32522035195594,19.567109364243468,2.418935716384377,0.0244046810907439,mouse622179far118,0.2206120612061206,0.7223222322232223,0.3442844284428444,1
mouse622179,far,119,0.0316102757933176,0.035065030656326004,0.005425032148317001,4.233979606659114,5.578546035025852,3.149118627298951,0.1600415521810063,0.1727519861463292,0.1542404421478889,985.0,1165.0,1015.0,9.85,11.65,10.15,18.4470003543787,36.16212477771981,19.08798161433044,2.4239688529352024,0.024818411807701002,mouse622179far119,0.2162916291629163,0.6453645364536454,0.396129612961296,1
mouse622179,far,85,0.0271246064041883,0.082794529653234,0.0312193043069186,5.4318628175214565,0.243007520526545,5.8915131716700815,0.2026660269213203,0.2549387593298698,0.1891381636688774,768.0,685.0,747.0,7.68,6.8500000000000005,7.47,18.42666262888671,37.78528363665647,19.26499747776301,2.4239688529352024,0.0098575545437657,mouse622179far85,0.2117011701170117,0.6950495049504951,0.3764176417641766,1
mouse622179,far,83,0.0523319377851894,0.0383809182516207,0.0348512104236625,6.14364456134982,1.1017100138458629,3.2609324714845287,0.2391528434792996,0.3042200944098274,0.2959543004584375,325.0,513.0,439.0,3.25,5.13,4.39,18.42666262888671,37.78528363665647,19.26499747776301,2.4239688529352024,0.023084449036472998,mouse622179far83,0.1587758775877588,0.7023402340234025,0.3272727272727272,1
mouse622179,far,86,0.0437232575847697,0.0189497761672494,0.0528308471242973,5.357866807392628,3.1486737634621185,4.947978169990423,0.2169634059943923,0.2086457319530471,0.2587263143384192,628.0,659.0,668.0,6.28,6.59,6.68,18.076771857817572,40.695862716866,18.93012171032384,2.434774116833017,0.0065314939749606,mouse622179far86,0.1911791179117912,0.6966696669666967,0.3415841584158415,1
mouse622179,far,88,0.024363697226816,0.0233155088529624,0.0378048053879443,0.2366206729562103,5.817603034543833,0.9435943067631476,0.1684388050588227,0.1611765258576103,0.1646158044524873,1622.0,1358.0,1261.0,16.22,13.58,12.61,18.155775211413047,42.82548406623239,18.984106949421523,2.4217762076624667,0.021718079524284,mouse622179far88,0.18199819981998197,0.3124212421242124,0.2381638163816382,0
mouse622179,far,122,0.0319809119236519,0.0749263265351015,0.0358424722707037,0.7223365121423682,4.0303462121140186,1.017252261236826,0.2877092148455781,0.3594668023734536,0.3107304839666209,159.0,138.0,163.0,1.59,1.3800000000000001,1.6300000000000001,17.92670709715794,41.21359908917528,18.694756177662747,2.4275759514379773,0.0314750109117561,mouse622179far122,0.2071107110711071,0.7120612061206121,0.3799279927992799,1
mouse634572,far,151,0.0661140381010073,0.0287219642255889,0.0222886052715359,0.1666519580033653,5.6410865922320905,2.675568196739135,0.2653193239938601,0.2091565067201121,0.19692661288264002,838.0,876.0,692.0,8.38,8.76,6.92,20.4675315732178,24.718512974269746,19.90743115994621,2.371840003035618,0.0209470320363422,mouse634572far151,0.1714671467146715,0.2832583258325833,0.223042304230423,0
mouse634572,far,152,0.1057187651704951,0.1760558403861542,0.0900303533330795,0.407738554501296,0.1243369376362136,4.7507338671751835,0.3722117042245854,0.4106800723557529,0.3926953819924735,166.0,153.0,134.0,1.6600000000000001,1.53,1.34,20.4675315732178,24.718512974269746,19.90743115994621,2.371840003035618,0.0358212770194418,mouse634572far152,0.1228622862286228,0.6413141314131414,0.2581458145814581,0
mouse634572,far,163,0.0453737244413976,0.1264749455335831,0.2494602581336328,4.145458106099501,5.04071018767662,6.1960076412203025,0.4636961032367061,0.4492293730191624,0.5005470411948133,87.0,108.0,63.0,0.87,1.08,0.63,19.87829263226872,23.32370245382852,19.126198415562204,2.3738154940938445,0.0312185725168662,mouse634572far163,0.1441944194419442,0.5837983798379839,0.2921692169216923,0
mouse634572,far,164,0.1316560080973098,0.0638536906249414,0.1520940255451784,3.7729938424138254,0.3728314821244772,0.2766719110212948,0.5065893451868319,0.3474167199690016,0.4360672616885196,71.0,139.0,88.0,0.71,1.3900000000000001,0.88,20.44961217624987,23.845321699801378,19.78613514457578,2.3738154940938445,0.0614040338306172,mouse634572far164,0.1639063906390638,0.7846984698469849,0.3726372637263725,1
mouse634572,far,165,0.0803869155917104,0.0928052294893578,0.1124600075754904,4.215984886950654,3.751464498574239,2.6865045360689512,0.3388039425993082,0.4238644239714195,0.44291377253531106,202.0,180.0,150.0,2.02,1.8,1.5,20.40194972004933,23.432794104171187,19.730370732814453,2.375,0.0394757474846718,mouse634572far165,0.2125112511251125,0.8362736273627365,0.4895589558955898,1
mouse634572,far,169,0.0112646619152791,0.0213565807523078,0.0446763092717168,5.442522623484724,0.21646389710155498,3.3865314697843045,0.1677116673124509,0.2022735827462587,0.191831008487239,1391.0,1261.0,1212.0,13.91,12.61,12.120000000000001,19.823468484467195,22.924080882559004,19.0685012605,2.376446927663229,0.0191796941638483,mouse634572far169,0.21602160216021601,0.6461746174617463,0.3864086408640862,1
mouse634572,far,175,0.0449455406711489,0.0381819506711852,0.0291116855392762,6.107765336413782,5.973952076732588,5.940136079381187,0.1408738973648356,0.1434157803239335,0.1383989426038963,1695.0,2097.0,2080.0,16.95,20.97,20.8,19.707193255242533,22.362884904297967,19.128070665024964,2.376446927663229,0.0140527786342738,mouse634572far175,0.1801080108010802,0.2927092709270927,0.2384338433843386,0
mouse634572,far,177,0.0338690849586327,0.0183760695440934,0.0351085979915481,0.3287447947638189,0.0210980614744504,0.6315854637412035,0.1199779237422981,0.1258605278093597,0.1584849031051241,2149.0,2344.0,2280.0,21.490000000000002,23.44,22.8,19.707193255242533,22.362884904297967,19.128070665024964,2.376446927663229,0.0297329329987633,mouse634572far177,0.1528352835283528,0.2513951395139514,0.2003600360036003,0
mouse634572,far,178,0.0336476575759271,0.0121005376636715,0.0164474737898558,5.180573038501418,3.8806334345940376,5.3312505674304695,0.1472757737437834,0.1228211210199239,0.158237716803931,1819.0,1926.0,2055.0,18.19,19.26,20.55,20.170981378287962,22.9121550825634,19.760536900133538,2.378155798092295,0.0109234094564111,mouse634572far178,0.1522952295229522,0.2486948694869487,0.197929792979298,0
mouse634572,far,179,0.1000127123561462,0.1132235994580926,0.132857301586202,4.69604959985856,3.9374655325983463,4.974843827600463,0.3636138958150458,0.3474144469845817,0.4012872196386593,208.0,230.0,153.0,2.08,2.3000000000000003,1.53,19.746148190447155,22.085334525783146,19.0910137579579,2.378155798092295,0.0203075410088028,mouse634572far179,0.1252925292529252,0.7012601260126013,0.3145814581458145,0
mouse634572,far,188,0.0247799226044726,0.0205187665316806,0.0478097152028171,2.6496103348779707,3.7266411298813495,4.822036239060072,0.2547817768280897,0.1895611680536004,0.24596837302826502,331.0,705.0,786.0,3.31,7.05,7.86,20.519760348292817,22.58876070177515,20.076936783765987,2.368279966558008,0.0497915690761906,mouse634572far188,0.1844284428442844,0.7736273627362737,0.3934293429342933,1
mouse634572,far,187,0.0381860778733142,0.0458604952169748,0.1077413264532617,3.119450962713958,3.0663924259819817,4.7965868647704815,0.2790354150362224,0.3571042512241135,0.3684978430451487,241.0,150.0,231.0,2.41,1.5,2.31,20.519760348292817,22.58876070177515,20.076936783765987,2.368279966558008,0.0170966127742202,mouse634572far187,0.2033303330333034,0.6523852385238524,0.3510351035103513,1
mouse634572,far,189,0.0081538474783444,0.0369115685626143,0.0394695417890634,2.3996674517236216,3.7145413127828415,1.2149608265257072,0.16578983396142802,0.1977863768342889,0.1685156231396788,1037.0,968.0,1135.0,10.370000000000001,9.68,11.35,17.919448881966538,21.668953123199202,18.088816388592587,2.368279966558008,0.0226420395465487,mouse634572far189,0.1266426642664265,0.7158415841584159,0.3302430243024302,0
mouse634572,far,199,0.023767442790657,0.0626647012731395,0.0852312606981147,2.1763020711074152,4.312733200152816,4.7406522171572885,0.2867265974992597,0.2793787795502782,0.3280647341142736,359.0,223.0,305.0,3.59,2.23,3.0500000000000003,17.9280386124595,21.835949353511023,18.137537408589854,2.391390808713624,0.0237663787982909,mouse634572far199,0.2227722772277227,0.6294329432943296,0.3785778577857787,1
mouse634572,far,190,0.0180198396657584,0.0492585246837486,0.0261709326003162,1.2605836568386162,4.621256154701829,2.73813621264893,0.1858525179342331,0.2174377319006841,0.1979805705428221,795.0,728.0,818.0,7.95,7.28,8.18,17.9280386124595,21.835949353511023,18.137537408589854,2.391390808713624,0.0579423467464848,mouse634572far190,0.1706570657065707,0.6386138613861386,0.2613861386138616,0
mouse634572,far,193,0.0252504544188945,0.0420844541800195,0.0228772896757749,4.570317210488554,4.501546939417398,1.2470783558909613,0.2431049932101398,0.2834419127161125,0.2310234362685464,349.0,349.0,352.0,3.49,3.49,3.52,17.565862608839993,22.079501462766107,17.770480921877898,2.391390808713624,0.0175099379012535,mouse634572far193,0.1833483348334833,0.7655265526552656,0.3353735373537355,1
mouse634572,far,194,0.0464123838396546,0.0298671440686601,0.0359932720842138,0.4702327296930096,0.4916242654313981,4.5468562917413875,0.2234184556860781,0.1946952519498171,0.19359530410514803,743.0,857.0,826.0,7.43,8.57,8.26,17.565862608839993,22.079501462766107,17.770480921877898,2.391390808713624,0.0360256458776608,mouse634572far194,0.1954995499549955,0.7684968496849686,0.3818181818181819,1
mouse634572,far,196,0.0432818918108181,0.0147610287890773,0.0296115539821847,5.9201345628742885,0.9663662827494048,5.9171352494848515,0.15207186480380702,0.09083507548363302,0.1087454722305505,3658.0,3953.0,3792.0,36.58,39.53,37.92,17.64282437925337,22.238312001778844,17.94372322001777,2.394133454926855,0.0369389436092873,mouse634572far196,0.1458145814581458,0.2840684068406841,0.2395139513951394,0
mouse634572,far,182,0.031792746809387006,0.0163700929105025,0.0188918005535066,2.6715233528536766,2.7324969535955796,3.91593659418563,0.1947309975583136,0.1679543405056285,0.2083111756695171,885.0,820.0,769.0,8.85,8.2,7.69,17.64282437925337,22.238312001778844,17.94372322001777,2.394133454926855,0.0793905292323934,mouse634572far182,0.2427542754275428,0.7728172817281729,0.4579657965796578,1
mouse634572,far,198,0.0270259410197829,0.0275975079440192,0.0343608962052739,2.8492974753805984,3.6706337728386433,4.178493079475678,0.1880933605151188,0.1921037594142956,0.1837780956435966,767.0,661.0,760.0,7.67,6.61,7.6000000000000005,17.64282437925337,22.238312001778844,17.94372322001777,2.394133454926855,0.0438636246341845,mouse634572far198,0.2540954095409541,0.7490549054905492,0.3391539153915389,1
mouse634572,far,197,0.0318358704392416,0.0152158696004938,0.0219386563777473,0.7904837701860713,2.274077536813418,4.176823673068893,0.1563097720791053,0.1395527055211058,0.1743662449284219,1142.0,1086.0,913.0,11.42,10.86,9.13,17.367078260501973,22.54283675972082,17.54883067209734,2.394133454926855,0.0302498363287416,mouse634572far197,0.1728172817281729,0.3839783978397841,0.8662466246624664,1
mouse634572,far,204,0.0208596143656098,0.0535503885391938,0.0572330758267705,3.2124415749725177,5.383454065742292,1.7558608089762149,0.2752674935172929,0.2153865678894065,0.2712480436335049,287.0,489.0,524.0,2.87,4.89,5.24,19.478923454573312,21.073561012486888,19.25419341078455,2.397133705073624,0.0266046546229357,mouse634572far204,0.1693069306930693,0.6024302430243026,0.3197119711971197,0
mouse634572,far,205,0.1116910717746881,0.0429466022533386,0.0965565641169587,5.27536202550222,3.0746692888369,4.4953611454964735,0.2590582032622726,0.2327541726575467,0.28003117328379495,572.0,421.0,399.0,5.72,4.21,3.99,19.478923454573312,21.073561012486888,19.25419341078455,2.397133705073624,0.023435611417887,mouse634572far205,0.2252025202520252,0.6845184518451848,0.3772277227722772,1
mouse634572,far,207,0.1790337249361507,0.0447429823639865,0.0571449612878528,5.81198098546743,5.908325153771456,4.122980249414356,0.3759377832166027,0.2999840076760208,0.2995819029572525,157.0,297.0,253.0,1.57,2.97,2.5300000000000002,19.478923454573312,21.073561012486888,19.25419341078455,2.397133705073624,0.0351134480173596,mouse634572far207,0.1814581458145815,0.7544554455445546,0.3364536453645365,1
mouse634572,far,209,0.0545607948253458,0.0655190361779701,0.0291210677601007,2.7290855388375737,5.150086588330009,0.9621602281378372,0.3197537851752589,0.3219501839070058,0.2775526402890799,198.0,218.0,242.0,1.98,2.18,2.42,19.65164014500598,21.02898279417013,19.334837132525013,2.4003905932160294,0.0674537927377321,mouse634572far209,0.1531053105310531,0.8208820882088209,0.2589558955895591,1
mouse634572,far,212,0.0859766774222711,0.0133416438870302,0.0344991119846331,3.5700297801268643,0.28039107274646197,2.4794906508610715,0.2305974701705563,0.2597804575676869,0.2410364411300509,677.0,585.0,582.0,6.7700000000000005,5.8500000000000005,5.82,19.37505703654986,21.037859359429238,19.038153592209028,2.4003905932160294,0.0092502219206051,mouse634572far212,0.1544554455445544,0.655895589558956,0.30405040504050396,0
mouse634572,far,326,0.0171750926021726,0.0146101355575598,0.0236428918973857,0.1744477947937549,5.221293558146281,1.940781275679482,0.2682893644535994,0.2140542812769136,0.2393404973479962,236.0,337.0,363.0,2.36,3.37,3.63,19.37505703654986,21.037859359429238,19.038153592209028,2.4003905932160294,0.0599193992702395,mouse634572far326,0.2265526552655266,0.6545454545454547,0.4166516651665167,1
mouse634572,far,213,0.0221838892034777,0.0214202783142661,0.0328641474660064,4.9845529591876465,3.7746639758351033,1.2628240385894534,0.1461395021384854,0.1513362757680506,0.1517148113493931,1361.0,1365.0,1362.0,13.61,13.65,13.620000000000001,19.437283262491,20.96651943951345,19.15355733710776,2.403903076249124,0.0156737297920483,mouse634572far213,0.1903690369036904,0.5954095409540955,0.3639963996399641,1
mouse634572,far,214,0.1116872657511779,0.0803430137234854,0.0753413660885915,5.169494248350451,5.436950800343295,0.7546881980693922,0.4713726204782981,0.4099694663177924,0.4847797804894128,78.0,95.0,75.0,0.78,0.9500000000000001,0.75,19.437283262491,20.96651943951345,19.15355733710776,2.403903076249124,0.0519559689576155,mouse634572far214,0.1344734473447345,0.6942394239423942,0.2562556255625563,0
mouse634572,far,329,0.031948650728777,0.0280488409346251,0.0444253785777062,5.854216482533424,5.192234814195455,3.7169100513978433,0.2095408065641049,0.2094555557837588,0.1986281610964155,883.0,910.0,941.0,8.83,9.1,9.41,19.226914062022647,20.945077291418663,18.995834672412066,2.403903076249124,0.0073055938591738,mouse634572far329,0.2486948694869487,0.6893789378937895,0.4379837983798381,1
mouse634572,far,215,0.0256549542153127,0.0344129197681163,0.0223671429588453,0.8020325524321913,6.253568978310456,4.6540286560636135,0.1690702041958975,0.1808816777631964,0.1569991162803151,913.0,944.0,1076.0,9.13,9.44,10.76,19.226914062022647,20.945077291418663,18.995834672412066,2.403903076249124,0.0096687719941909,mouse634572far215,0.1992799279927992,0.6396939693969399,0.3475247524752475,1
mouse634572,far,216,0.021128152440840996,0.0166176395865521,0.0193186030147053,0.6069285414216667,6.251295925743265,6.069957679868621,0.1371818591375995,0.1594424279884044,0.156278708830211,1206.0,1155.0,1317.0,12.06,11.55,13.17,19.226914062022647,20.945077291418663,18.995834672412066,2.403903076249124,0.0174883951569128,mouse634572far216,0.1371737173717372,0.2732673267326733,0.2176417641764176,0
mouse634572,far,221,0.0091649996866672,0.0204686013137299,0.0344534653918795,5.101362087789616,3.1692407276016383,3.8706804894567983,0.1250368058036364,0.135676295735684,0.1592017560412003,1260.0,1206.0,1441.0,12.6,12.06,14.41,18.94443166555366,20.868260456443785,18.990957991077657,2.403903076249124,0.0137924759431277,mouse634572far221,0.2357335733573357,0.6826282628262828,0.3928892889288927,1
mouse634572,far,223,0.0588838082608353,0.0112532244386959,0.0587965635839785,4.037710873627016,5.124440398124102,4.0460734557547084,0.2339299298829032,0.2303244904324005,0.2746356547071159,626.0,554.0,692.0,6.26,5.54,6.92,18.911403915776773,21.012563184716026,19.266244427273538,2.4076700355322784,0.0079559888312823,mouse634572far223,0.1936093609360936,0.6383438343834386,0.3445544554455445,1
mouse634572,far,224,0.1453569246860577,0.1117865790215155,0.0817570621569753,2.7864424777741306,5.277721548402863,6.11355103584151,0.4290798524873918,0.4821041360124855,0.451163902824268,89.0,76.0,71.0,0.89,0.76,0.71,18.911403915776773,21.012563184716026,19.266244427273538,2.4076700355322784,0.0327297054838923,mouse634572far224,0.1560756075607561,0.7117911791179118,0.2932493249324933,0
mouse634572,far,332,0.0251981169398788,0.053393686553767,0.0357517697432253,5.779915620923719,2.1514604530245927,0.145754065587142,0.1682171687223052,0.2257570440907539,0.1981831519418837,920.0,792.0,897.0,9.200000000000001,7.92,8.97,18.911403915776773,21.012563184716026,19.266244427273538,2.4076700355322784,0.0185224361248268,mouse634572far332,0.2162916291629163,0.831953195319532,0.3675067506750676,1
mouse634572,far,334,0.0315417748052826,0.0194140548425458,0.0572906307962432,5.052687891295284,5.099085779651526,3.6678541410222434,0.240538275728335,0.2292344243527876,0.2624087953749797,429.0,478.0,388.0,4.29,4.78,3.88,18.911403915776773,21.012563184716026,19.266244427273538,2.4076700355322784,0.0224412331036813,mouse634572far334,0.2009000900090009,0.6704770477047706,0.40396039603960404,1
mouse634572,far,228,0.0657226547605805,0.0212554145194028,0.0223517048801815,1.3303276623036129,0.7733897393853028,3.155612370621583,0.2863638966140185,0.2560767977233161,0.2203509355646543,360.0,325.0,367.0,3.6,3.25,3.67,19.01694734824478,21.068981702016355,19.303911120943443,2.4076700355322784,0.0151070559724911,mouse634572far228,0.2492349234923492,0.6685868586858688,0.3969396939693969,1
mouse634572,far,231,0.0235131638872708,0.0235699262925037,0.0192544202753204,5.0974529593883755,4.509167016873464,5.510186584751404,0.1357223221011101,0.1270637158360051,0.1195884272439008,1927.0,2550.0,2580.0,19.27,25.5,25.8,18.795538290087567,20.66024289536258,19.259260628353665,2.4116902786220296,0.0184447295689927,mouse634572far231,0.1498649864986498,0.3097209720972097,0.2684068406840685,0
mouse634572,far,226,0.0243478931436037,0.046347357295516006,0.0284515397256141,4.513294291298334,0.0514149229227902,4.942186323754112,0.1890128408025161,0.2118706061822132,0.1933725252565506,731.0,703.0,726.0,7.3100000000000005,7.03,7.26,18.795538290087567,20.66024289536258,19.259260628353665,2.4116902786220296,0.0372418052254285,mouse634572far226,0.2459945994599459,0.723942394239424,0.3939693969396943,1
mouse634572,far,233,0.0379581597098941,0.0253533410485298,0.0073483716281758,1.1899450075084357,1.590995555530583,4.926493818177075,0.2182933775804517,0.2211004710718125,0.2461949156632393,513.0,544.0,493.0,5.13,5.44,4.93,18.76619846321438,20.896861812469,18.90144493169056,2.4116902786220296,0.032563827297345,mouse634572far233,0.1633663366336634,0.8621962196219624,0.3153915391539156,1
mouse634572,far,236,0.1514309711623106,0.1033038110435068,0.1624908953698657,1.3442917361383793,0.1817250554373328,2.7769495455802007,0.3991552700810618,0.4273479212896795,0.4344775421278312,104.0,58.0,108.0,1.04,0.58,1.08,18.76619846321438,20.896861812469,18.90144493169056,2.4116902786220296,0.0398276624744736,mouse634572far236,0.1806480648064806,0.7725472547254728,0.4147614761476149,1
mouse634572,far,234,0.0266717963634092,0.0544559048126076,0.0469112905471135,0.0118349006860248,5.875259240932515,5.353888450493173,0.1897041587967987,0.2358918681166808,0.2679625968790527,728.0,711.0,682.0,7.28,7.11,6.82,18.76619846321438,20.896861812469,18.90144493169056,2.4116902786220296,0.0105567399000926,mouse634572far234,0.1439243924392439,0.6928892889288929,0.3440144014401441,0
mouse634572,far,336,0.1433039627575056,0.0894108386994486,0.051681548307561,3.94570694260046,4.0307302196770864,5.2582674864718,0.4147477618027265,0.5418305536961603,0.3836205932141274,117.0,53.0,93.0,1.17,0.53,0.93,18.75222716139689,20.963120936733144,19.225776206846227,2.415962541100338,0.041363826875229,mouse634572far336,0.2351935193519352,0.7846984698469849,0.4741674167416739,1
mouse634572,far,238,0.0367875048366481,0.0826106700147617,0.0506698993043882,0.8583281093910352,4.089999918754488,1.6853935465186378,0.2537839007589391,0.3662207776403116,0.3946305900276264,272.0,159.0,154.0,2.72,1.59,1.54,18.75222716139689,20.963120936733144,19.225776206846227,2.415962541100338,0.0211867052142586,mouse634572far238,0.1698469846984699,0.7279927992799281,0.4347434743474346,1
mouse634572,far,237,0.1331484585711274,0.0237106175450765,0.1275016204248613,4.384097972851302,2.537134842780107,5.014741164644601,0.5092736221935418,0.3050163805769333,0.43924955629097795,109.0,137.0,146.0,1.09,1.37,1.46,18.75222716139689,20.963120936733144,19.225776206846227,2.415962541100338,0.0315934408124611,mouse634572far237,0.1625562556255626,0.7506750675067508,0.3407740774077407,1
mouse634572,far,338,0.041094871712717,0.0300113191483621,0.06800562354781099,5.8607968981491885,5.502011653439259,5.741994488989704,0.2118337916638563,0.2290456452206247,0.2604389883614425,628.0,575.0,573.0,6.28,5.75,5.73,18.378992561373078,20.994430820535552,18.8052924211092,2.415962541100338,0.02405116457379,mouse634572far338,0.2478847884788479,0.6918091809180918,0.4174617461746174,1
mouse634572,far,230,0.0514791011393011,0.0400849531876195,0.0467735582655759,0.9535319046526508,4.427435382549972,3.875665833186269,0.2396952895847185,0.2299350290575393,0.2332221731613158,443.0,585.0,477.0,4.43,5.8500000000000005,4.7700000000000005,18.378992561373078,20.994430820535552,18.8052924211092,2.415962541100338,0.0384034932347842,mouse634572far230,0.2084608460846084,0.7163816381638164,0.3966696669666968,1
mouse634572,far,241,0.0181108016843029,0.0211372362130461,0.0166258029944528,3.6511817304817376,3.784219338080756,3.6657710090062463,0.1328621415558381,0.1612370952986618,0.1330301284752956,1282.0,1269.0,1348.0,12.82,12.69,13.48,18.378992561373078,20.994430820535552,18.8052924211092,2.415962541100338,0.0171719208934846,mouse634572far241,0.20306030603060302,0.6523852385238526,0.3891089108910893,1
mouse634572,far,242,0.0362494924924879,0.0221221049223687,0.0475252167192512,6.069756654643965,4.292327529317208,4.9044410680095,0.189195207534738,0.19041330394074302,0.1763575704518603,850.0,950.0,1011.0,8.5,9.5,10.11,18.378992561373078,20.994430820535552,18.8052924211092,2.415962541100338,0.0146844333470112,mouse634572far242,0.1744374437443744,0.6553555355535555,0.3440144014401441,1
mouse634572,far,243,0.0487359395067515,0.0204131367386619,0.0359822165371067,3.9253232472389015,3.6858793072913145,2.4469362389535383,0.1950430245453687,0.1887537672930331,0.18771957907473003,733.0,762.0,754.0,7.33,7.62,7.54,18.378992561373078,20.994430820535552,18.8052924211092,2.415962541100338,0.0244993081266218,mouse634572far243,0.2673267326732674,0.7633663366336634,0.4153015301530153,1
mouse634572,far,343,0.1173789378491813,0.0321223026308821,0.0547837292903256,4.593474283682727,0.28505914857138204,5.099336751173576,0.3736870715805815,0.3034473513951862,0.3063764362348974,187.0,205.0,194.0,1.87,2.05,1.94,18.60031248298837,20.963944050151863,19.02256181893952,2.415962541100338,0.0694034546694044,mouse634572far343,0.2270927092709271,0.7312331233123313,0.3675067506750674,1
mouse634572,far,244,0.1465899569067438,0.0736755837776868,0.0472974260958743,3.278984805614665,6.12130356391801,5.63497494389719,0.4710437834013545,0.4944958677932133,0.4644835161227394,89.0,53.0,94.0,0.89,0.53,0.9400000000000001,18.60031248298837,20.963944050151863,19.02256181893952,2.415962541100338,0.0514615121004311,mouse634572far244,0.1933393339333933,0.7234023402340236,0.49981998199820005,1
mouse634572,far,245,0.0197827694360455,0.056132637828415,0.1232280171718827,2.9170271773469296,4.583248255030392,6.1572125090152525,0.30658209815620197,0.2920753970361474,0.3284112440708185,309.0,261.0,308.0,3.09,2.61,3.08,18.259519239865888,20.93703576520965,18.315240101716704,2.4204854884919267,0.0211503099728468,mouse634572far245,0.1990099009900989,0.6839783978397841,0.4558055805580557,1
mouse634572,far,248,0.0492428181086246,0.0340866214972892,0.0186534256212031,4.586722787407836,3.5160180773539897,0.1609805566039486,0.1851289067862948,0.17781603366043697,0.1683430900344811,851.0,869.0,908.0,8.51,8.69,9.08,18.24226667402695,20.94716711448473,18.508852792757963,2.4204854884919267,0.0200347867212581,mouse634572far248,0.1965796579657965,0.6345634563456347,0.3434743474347436,1
mouse634572,far,247,0.0253843434115175,0.0362750136782381,0.0505208901961753,0.649354374074563,5.592437653594151,6.067271839776438,0.1314024682872041,0.1458226300802098,0.1550830480371626,2782.0,2778.0,2827.0,27.82,27.78,28.27,18.24226667402695,20.94716711448473,18.508852792757963,2.4204854884919267,0.0175213567731286,mouse634572far247,0.1879387938793879,0.3037803780378039,0.2438343834383438,0
mouse634572,far,250,0.0374749904150434,0.0538789701406845,0.0213881906079569,4.024119473238385,5.919308352484065,3.9911111005109823,0.2572057630640025,0.3037290179564966,0.2030556505304545,444.0,386.0,428.0,4.44,3.86,4.28,18.134719317010067,21.176856319571787,18.311400259322106,2.4252577182641852,0.0393053204921441,mouse634572far250,0.233033303330333,0.7863186318631863,0.5003600360036004,1
mouse634572,far,249,0.0610864957942242,0.0811023598075997,0.0785149919925759,0.0682269648632325,5.608154707551853,0.6874947532764439,0.2639719059326678,0.2902051566190172,0.3081518973413517,393.0,374.0,385.0,3.93,3.74,3.85,18.134719317010067,21.176856319571787,18.311400259322106,2.4252577182641852,0.009387690725284,mouse634572far249,0.2041404140414041,0.6688568856885689,0.3934293429342933,1
mouse634572,far,345,0.0385862774882543,0.0219042156349584,0.0488823465132338,3.849895414012449,3.1968501986199067,4.138377557988417,0.2165635282716378,0.2289024957405045,0.2417210802324922,484.0,552.0,577.0,4.84,5.5200000000000005,5.7700000000000005,18.134719317010067,21.176856319571787,18.311400259322106,2.4252577182641852,0.0272480712001915,mouse634572far345,0.1846984698469846,0.7099009900990101,0.4620162016201622,1
mouse634572,far,350,0.0486740584098068,0.0844494347132216,0.0406186911104137,6.151194376823268,1.6417138043620776,2.996185083387105,0.4193326985725321,0.4400265226699558,0.4173583950596872,83.0,85.0,80.0,0.8300000000000001,0.85,0.8,18.292301600320734,21.42350617688355,18.47062282226937,2.4252577182641852,0.0335605165016565,mouse634572far350,0.1981998199819982,0.7107110711071108,0.3982898289828985,1
mouse634572,far,384,0.08225292183370402,0.0800132119883798,0.0767267598905415,1.6859630306153215,0.5814341539130238,2.5336962363512834,0.4511242818095313,0.4027459236385403,0.3938648555710899,94.0,80.0,107.0,0.9400000000000001,0.8,1.07,18.292301600320734,21.42350617688355,18.47062282226937,2.4252577182641852,0.0262317416256573,mouse634572far384,0.1995499549954995,0.7971197119711974,0.3488748874887487,1
mouse634572,far,347,0.0122680885362613,0.0438964289478106,0.0489747500845807,0.5479171680791662,1.4554291328696858,3.302863277769686,0.2110253756761342,0.2512365051736757,0.2335415692225951,428.0,389.0,424.0,4.28,3.89,4.24,18.292301600320734,21.42350617688355,18.47062282226937,2.4252577182641852,0.0112262139458484,mouse634572far347,0.1301530153015301,0.8422142214221422,0.33186318631863204,1
mouse634572,far,349,0.0528883818812688,0.0302249701023972,0.04228472959881101,1.386331234441574,5.6964213639566745,1.2412507657574596,0.3685868731873701,0.2860153258706502,0.3947098555188323,168.0,196.0,112.0,1.68,1.96,1.12,18.292301600320734,21.42350617688355,18.47062282226937,2.4252577182641852,0.0351360880805661,mouse634572far349,0.17605760576057602,0.688838883888389,0.3788478847884787,1
mouse634572,far,255,0.0184944210876888,0.0463728584169636,0.023352948173288996,4.9465025732309105,1.801905758720316,3.2586007201009863,0.2138953990157786,0.1949420152697775,0.1665797873675113,950.0,925.0,1051.0,9.5,9.25,10.51,16.11037979190938,38.05430599958017,16.651849122281885,2.4302777619029485,0.0155596987857034,mouse634572far255,0.197929792979298,0.6726372637263727,0.3469846984698469,1
mouse634572,far,258,0.0286092445521581,0.0255647289741146,0.040446261657193,5.696358908643613,5.229521004477811,5.548911583081247,0.1611730539287789,0.1492815978968391,0.1565884318395896,1681.0,1902.0,1801.0,16.81,19.02,18.01,15.848738671821152,40.84344064361567,16.46642531386259,2.4302777619029485,0.0321932655516688,mouse634572far258,0.1636363636363637,0.3453645364536455,0.2643564356435643,0
mouse634572,far,261,0.0625335202390463,0.0417263996810811,0.0444713108691199,1.2122665058443165,0.6261541703778868,1.3735640012045136,0.3544390061363517,0.3128886146164871,0.2772479520303665,190.0,265.0,289.0,1.9000000000000001,2.65,2.89,15.93329813380517,40.84975819739064,16.788308250780908,2.435544087057346,0.0432626545977305,mouse634572far261,0.1317731773177318,0.8473447344734476,0.3456345634563454,1
mouse634572,far,260,0.1718916062406865,0.1050750123353799,0.0785688741850945,3.3097682290082724,0.6973751909709214,2.073308465588179,0.4316107500630277,0.431051009536347,0.3474982288881029,116.0,143.0,209.0,1.16,1.43,2.09,15.93329813380517,40.84975819739064,16.788308250780908,2.435544087057346,0.0215945900440887,mouse634572far260,0.1269126912691269,0.8916291629162919,0.3483348334833483,1
mouse634572,far,385,0.0621175476822337,0.13020071218047802,0.1001945845835454,1.5906922081366348,3.925819474062703,3.258583473645174,0.4148551622675115,0.3738358928279969,0.5571691087606292,67.0,129.0,54.0,0.67,1.29,0.54,15.38930283902588,43.405527447675674,16.008041918273562,2.435544087057346,0.0494518986301487,mouse634572far385,0.1698469846984699,0.7660666066606661,0.37290729072907297,1
mouse634572,far,269,0.0419682643305121,0.1216825218779082,0.0626937103193623,0.4352234379209072,4.9017218096228135,4.892605508184123,0.3166003817805537,0.3526251255925688,0.2644508019668407,178.0,191.0,365.0,1.78,1.9100000000000001,3.65,17.039007292469,23.309811547912307,17.22928573834733,2.441055099746829,0.0434665723392871,mouse634572far269,0.1531053105310531,0.8006300630063008,0.3653465346534651,1
mouse634572,far,268,0.0703423016060594,0.0349361399207371,0.0459686263829854,0.28176494990146195,4.803812492755588,4.565579329884122,0.2464192477171806,0.2854816522588456,0.2759548587906408,530.0,565.0,544.0,5.3,5.65,5.44,17.039007292469,23.309811547912307,17.22928573834733,2.441055099746829,0.0454330876731435,mouse634572far268,0.2152115211521151,0.3685868586858686,0.3985598559855987,0
mouse634572,far,270,0.1693287146682776,0.1489131379068517,0.1184243997227153,4.96241040854913,2.448785653757266,3.1340104497263166,0.4799452767105029,0.5357149086380691,0.4270838815072934,67.0,61.0,112.0,0.67,0.61,1.12,17.039007292469,23.309811547912307,17.22928573834733,2.441055099746829,0.0246184864899903,mouse634572far270,0.1755175517551755,0.7822682268226824,0.378847884788479,1
mouse634572,far,386,0.1301425441960951,0.0198794665807187,0.0366465099951684,3.6688128432473905,4.4340688180145476,5.42904638519001,0.38534988903584005,0.2644595526081107,0.2857999854438931,371.0,387.0,389.0,3.71,3.87,3.89,17.039007292469,23.309811547912307,17.22928573834733,2.441055099746829,0.0356106816523562,mouse634572far386,0.1633663366336634,0.5060306030603061,0.6145814581458148,1
mouse634572,far,273,0.0346962405746132,0.0231055771820776,0.0297019480940025,5.839325726137163,0.0234979512536476,5.760300733579114,0.1402256557052147,0.1236337797851618,0.1073772100281635,2340.0,2652.0,2576.0,23.400000000000002,26.52,25.76,17.11257416750236,23.128446191173023,17.353346124083266,2.4333618719787653,0.0590102054164543,mouse634572far273,0.1811881188118811,0.3386138613861387,0.2775877587758776,0
mouse634572,far,275,0.0308501746567772,0.0482637102741072,0.0342495945405153,5.525256382054065,6.244576811451307,5.8102115564643135,0.1790986788579592,0.1897000050324382,0.1902991899691424,863.0,842.0,914.0,8.63,8.42,9.14,16.766876660141996,24.144222992818264,17.148203449433122,2.4333618719787653,0.0230478215281571,mouse634572far275,0.1676867686768677,0.302970297029703,0.2932493249324933,0
mouse634572,far,274,0.0632165316496058,0.0318255525832198,0.0472032754001786,0.00019509427219099998,1.8868600455231563,4.700148573689684,0.286093256443055,0.2828893106107842,0.3047880015818668,274.0,171.0,157.0,2.74,1.71,1.57,16.766876660141996,24.144222992818264,17.148203449433122,2.4333618719787653,0.0559008643267642,mouse634572far274,0.1606660666066607,0.8451845184518453,0.3018901890189019,1
mouse634572,far,276,0.1081943068858598,0.1828492296729036,0.1024512783959165,1.335932814098739,1.3399166295161382,5.024084414838844,0.3765968928460526,0.5574273503389585,0.4178121075772896,142.0,117.0,109.0,1.42,1.17,1.09,16.715997610012618,25.096173166377746,17.10488892905807,2.459674775249769,0.0270989012499734,mouse634572far276,0.1981998199819983,0.7093609360936095,0.5905490549054905,1
mouse634572,far,277,0.0312175915067362,0.0621986360021401,0.0431150787885656,5.861080959003173,0.6001020023442265,0.283339508599382,0.2391865184397315,0.2842057590058389,0.2339706746411846,461.0,419.0,468.0,4.61,4.19,4.68,16.715997610012618,25.096173166377746,17.10488892905807,2.459674775249769,0.0343500588033908,mouse634572far277,0.1271827182718272,0.6062106210621063,0.3407740774077408,0
mouse634572,far,363,0.09426628189832499,0.07696681973380999,0.086153279828567,2.688887776411336,2.6821105545957202,0.6376237620284957,0.3347914640272397,0.2952844520757965,0.2931885334358854,211.0,213.0,219.0,2.11,2.13,2.19,16.715997610012618,25.096173166377746,17.10488892905807,2.459674775249769,0.0318489607554715,mouse634572far363,0.1598559855985599,0.6056705670567057,0.2546354635463546,0
mouse634572,far,282,0.0176778403471983,0.0311463073456099,0.0280048948030993,2.969570288455758,4.8779702468689266,5.769229908950287,0.1503126917481186,0.1698277096242766,0.2061293386857562,1604.0,1619.0,1510.0,16.04,16.19,15.1,16.65170696939812,26.529711672259204,17.154317400103494,2.46589233341604,0.0152118816720029,mouse634572far282,0.19387938793879397,0.3394239423942394,0.3083708370837085,0
mouse634572,far,281,0.0620646055680597,0.0691758593088462,0.0842731741963284,5.410931738105785,4.323521645431802,1.7267677813780924,0.3163623069054847,0.3882744177215557,0.3715008490174418,240.0,132.0,168.0,2.4,1.32,1.68,16.65170696939812,26.529711672259204,17.154317400103494,2.46589233341604,0.019026506773969,mouse634572far281,0.1498649864986498,0.5954095409540956,0.2762376237623762,0
mouse634572,far,280,0.0419495637513425,0.0827034679326177,0.0648991085751346,2.9573337123204886,5.217480941880674,1.2362706055585624,0.3025830604954086,0.3065695110326062,0.2391659561504798,249.0,371.0,355.0,2.49,3.71,3.5500000000000003,16.65170696939812,26.529711672259204,17.154317400103494,2.46589233341604,0.0460755558330601,mouse634572far280,0.3777677767776778,0.5141314131413142,0.0631863186318633,1
mouse634572,far,320,0.0648247728399579,0.1271249884868381,0.2358752176259598,4.141572246312638,2.512408309686806,6.147377175877111,0.4743524750286538,0.5141558498993926,0.5089881950020507,72.0,70.0,62.0,0.72,0.7000000000000001,0.62,20.36672947354748,23.187151906958896,19.6534492121558,2.376446927663229,0.0427014473147759,mouse634572far320,0.20900090009000896,0.6464446444644465,0.3656165616561658,1
mouse634572,far,321,0.0936791548809509,0.0568584189857009,0.1739013959868204,4.593635935560079,0.9350833954162858,3.9754132243694134,0.4118333204099136,0.3885122729531605,0.398336107589911,92.0,86.0,120.0,0.92,0.86,1.2,19.707193255242533,22.362884904297967,19.128070665024964,2.376446927663229,0.0280638114773101,mouse634572far321,0.1944194419441944,0.6872187218721874,0.3737173717371737,1
mouse634572,far,192,0.0948170813259244,0.0724259705688069,0.1467937727193661,5.692911426412898,0.2492945535791154,5.6300299606454765,0.4769082795731953,0.3713186231520664,0.5991789800330417,64.0,108.0,27.0,0.64,1.08,0.27,17.565862608839993,22.079501462766107,17.770480921877898,2.391390808713624,0.0587215467224621,mouse634572far192,0.200900090009001,0.5381638163816382,0.3121512151215122,0
mouse634572,far,348,0.1332794601880411,0.0876281084229678,0.1178315624766105,4.832026428465982,5.914731511482272,3.5558494890160253,0.4957939248474872,0.434208333391034,0.471509165167823,60.0,75.0,82.0,0.6,0.75,0.8200000000000001,18.292301600320734,21.42350617688355,18.47062282226937,2.4252577182641852,0.0340198789835091,mouse634572far348,0.1722772277227723,0.7072007200720073,0.6045904590459047,1
mouse638330,far,13,0.0569543621114988,0.0355174428919637,0.0366504897793366,4.874930342121882,1.8369144720275656,2.7521791631606223,0.19473642171391503,0.3153509923800653,0.2303283077201979,725.0,457.0,606.0,7.25,4.57,6.0600000000000005,20.525755251492452,21.676646063787178,21.155644738275367,1.854218164078866,0.059552887363739,mouse638330far13,0.2025202520252026,0.9245724572457248,0.4406840684068408,1
mouse638330,far,19,0.0113989508144574,0.0623412951550078,0.0594011908374277,3.0462278768930973,2.764019143947442,5.799020417723523,0.3114099063363771,0.2555243573239646,0.3070320833429582,304.0,439.0,389.0,3.04,4.39,3.89,20.248956627865674,21.34377349895356,21.0332813721788,1.8420437019788647,0.0262691048985273,mouse638330far19,0.21899189918991896,0.6756075607560758,0.4047704770477046,1
mouse638330,far,18,0.0642577484338061,0.0621314547556539,0.0466939717645646,0.3234366967435124,2.3605613196773962,2.87072354812162,0.257545496972082,0.2601439729667227,0.1956780125464063,550.0,569.0,658.0,5.5,5.69,6.58,20.248956627865674,21.34377349895356,21.0332813721788,1.8420437019788647,0.0519682969321,mouse638330far18,0.1676867686768677,0.7517551755175518,0.3540054005400542,1
mouse638330,far,21,0.0268942206179111,0.0492370909291882,0.0235213677992871,5.909087304463648,5.2696997815403375,0.1145828084577057,0.2156479764763448,0.1982257024387623,0.1692530586757987,739.0,710.0,992.0,7.390000000000001,7.1000000000000005,9.92,20.59118991447146,21.877054862730713,21.439331331425603,1.8420437019788647,0.0080184121410322,mouse638330far21,0.1706570657065707,0.8832583258325835,0.4917191719171917,1
mouse638330,far,20,0.057425686001526,0.0075828171990415,0.0100329262254819,1.3787801208572716,1.7159711236849229,1.3278033655820298,0.2096850654056221,0.1651764865799315,0.1500659638178098,716.0,1102.0,965.0,7.16,11.02,9.65,20.13155045671324,21.23728805658364,20.913831616248007,1.8360964026978541,0.0262269447336193,mouse638330far20,0.2357335733573358,0.7298829882988299,0.3237623762376239,1
mouse638330,far,201,0.0295640893396346,0.0430696847289154,0.1072152255090899,2.7299245510508103,0.7574035989031773,4.606377811020417,0.3164513465750267,0.2018319575762729,0.3390142405558039,289.0,403.0,245.0,2.89,4.03,2.45,20.13155045671324,21.23728805658364,20.913831616248007,1.8360964026978541,0.0302263674296437,mouse638330far201,0.1892889288928892,0.6891089108910892,0.5362736273627365,1
mouse638330,far,25,0.1085557588926332,0.0817353876388397,0.0728148409862711,3.231723562347463,0.5550805197487721,4.57278687078974,0.4754147028037737,0.4621523784476501,0.3320076332786928,181.0,87.0,180.0,1.81,0.87,1.8,20.724507973894845,22.0107562450794,21.49234743697439,1.8360964026978541,0.0308021934769646,mouse638330far25,0.1992799279927992,0.6799279927992801,0.5308730873087307,1
mouse638330,far,27,0.053209896245089004,0.0700248098590971,0.0146533709038387,3.863458986492594,4.930639798398314,4.052252301894627,0.2434999279554288,0.2694625849025703,0.1939315817612623,433.0,558.0,742.0,4.33,5.58,7.42,19.84060032960937,21.220645198780968,20.66546326906248,1.8360964026978541,0.0224806944158114,mouse638330far27,0.1555355535553556,0.7444644464446446,0.3170117011701169,1
mouse638330,far,26,0.0144902180889496,0.0276485019312198,0.0264411758258781,2.0027382205745523,5.281565611848672,5.444927913416445,0.1474898103033209,0.1499419152400231,0.1421462447684288,2083.0,2249.0,2460.0,20.830000000000002,22.490000000000002,24.6,19.84060032960937,21.220645198780968,20.66546326906248,1.8360964026978541,0.0185313958830819,mouse638330far26,0.1336633663366336,0.26300630063006303,0.2403240324032404,0
mouse638330,far,29,0.0333127649412758,0.016186742726843,0.0510637424831628,4.32996170634884,3.6237862039114797,2.4234563334770303,0.1581127973937832,0.30988396620581204,0.3564046598914725,753.0,144.0,237.0,7.53,1.44,2.37,20.303466516134623,21.671427402862648,21.253156186444503,1.8251712248443983,0.0506995406241443,mouse638330far29,0.2081908190819081,0.7725472547254726,0.4868586858685869,1
mouse638330,far,30,0.0437356264862581,0.0253401395565444,0.0211628007471004,2.6328264501966614,5.637342228901893,5.420063344875347,0.1498551601252605,0.12286633236485099,0.163107190798305,1199.0,1657.0,1495.0,11.99,16.57,14.950000000000001,20.303466516134623,21.671427402862648,21.253156186444503,1.8251712248443983,0.0200353049441547,mouse638330far30,0.20900090009000896,0.7034203420342037,0.4382538253825382,1
mouse638330,far,34,0.0395508456095748,0.0123558982289125,0.0861388838620566,6.229087701849947,5.42779022470213,0.050615628277059004,0.4089766038920974,0.1985901996304622,0.4869243631814208,87.0,337.0,35.0,0.87,3.37,0.35000000000000003,19.64193498274177,21.087390897684525,20.39545934648995,1.8084869366406824,0.0355999989325866,mouse638330far34,0.1579657965796579,0.5697569756975699,0.3753375337533753,0
mouse638330,far,203,0.0830278604060078,0.062815818840199,0.1952772976906343,3.881144722690072,0.1485823921187366,1.1049730396437285,0.4393143027833225,0.3637292011447416,0.5760886763842763,103.0,147.0,105.0,1.03,1.47,1.05,20.21314975528236,21.505022491656085,20.812788745082358,1.8034688796871432,0.0493081886751052,mouse638330far203,0.21494149414941502,0.7085508550855086,0.3502250225022502,1
mouse638330,far,38,0.0813851303821562,0.0653338127182657,0.2442804004299143,1.3912309023245095,0.3332326205552207,6.105387641985006,0.4380678881511088,0.3493928212886996,0.4764672477433862,87.0,159.0,69.0,0.87,1.59,0.6900000000000001,19.70441391264745,21.0347609491422,20.164303177456645,1.8169342310606624,0.0601198999704188,mouse638330far38,0.21899189918991896,0.6326732673267327,0.311071107110711,1
mouse638330,far,41,0.0070420314362475,0.0160491169891241,0.0402485347279378,0.8880815510158947,1.561887391828657,0.5733020795079985,0.1470887158293626,0.1400198185009397,0.1745807325302748,1356.0,1772.0,1908.0,13.56,17.72,19.080000000000002,19.99353929734088,21.481842011155486,20.49045346028982,1.8126293057324216,0.0283666175442337,mouse638330far41,0.2273627362736274,0.5557155715571558,0.3464446444644464,1
mouse638330,far,42,0.0616692555512318,0.0227566107056977,0.0207932468967744,5.6090708378039125,5.13413623161241,0.5638137311548721,0.2608114645120724,0.2175605158540902,0.2184194622854846,300.0,288.0,294.0,3.0,2.88,2.94,19.806432696545738,21.258922146061465,20.310811788290504,1.8126293057324216,0.0270111861528154,mouse638330far42,0.1682268226822683,0.6604860486048606,0.3280828082808281,0
mouse638330,far,46,0.0355689361649089,0.0804680041060985,0.0552072854424708,2.2443829141510574,0.0748483250660811,4.743034639223449,0.3308641916976322,0.3858204420800192,0.289122521376958,169.0,131.0,229.0,1.69,1.31,2.29,29.385140499853826,16.388681127270104,4.09123915890638,1.7885049622519924,0.0232157606773769,mouse638330far46,0.1952295229522953,0.6164716471647165,0.4747074707470747,1
mouse638330,far,48,0.0500497594761119,0.0229636790499585,0.027163871217953,5.123018091481247,5.8109180709743695,0.9038746279148032,0.212215058834485,0.1467888065346728,0.1598207171835672,824.0,1472.0,1082.0,8.24,14.72,10.82,19.752170188150227,21.48631877397266,20.16884742007441,1.7822036920621618,0.0402444759332366,mouse638330far48,0.1630963096309631,0.7363636363636366,0.3218721872187219,1
mouse638330,far,50,0.0244369921002859,0.063899739634615,0.052332086385064,0.9807531648979742,4.210745315579725,0.4104880154685878,0.2260054158198796,0.2967709494627684,0.2325594765440584,471.0,164.0,247.0,4.71,1.6400000000000001,2.47,19.29614402659082,21.074745388488985,19.71751561587689,1.7795715776557008,0.0396168724218205,mouse638330far50,0.1722772277227723,0.7009900990099011,0.3256525652565259,1
mouse638330,far,55,0.0143349565100822,0.0129099865000049,0.0134613699548869,4.948780684347903,6.022795705670644,5.777536434569436,0.0758740699143944,0.0781611365164766,0.1043528670878151,3747.0,5019.0,3852.0,37.47,50.19,38.52,19.46662839977262,21.63477461044847,19.923459339061058,1.7795715776557008,0.0318944881247031,mouse638330far55,0.1239423942394239,0.2022502250225022,0.1774077407740775,0
mouse638330,far,52,0.029551705270787,0.012567972689254999,0.021300536319648,0.3063758784502693,1.2328847979676971,0.6151677988571942,0.1547715751634441,0.1549200077794097,0.1534077455459899,1301.0,1362.0,1343.0,13.01,13.620000000000001,13.43,19.46662839977262,21.63477461044847,19.923459339061058,1.7795715776557008,0.0177856284505915,mouse638330far52,0.1801080108010802,0.5670567056705671,0.3369936993699371,0
mouse638330,far,57,0.0285774718160302,0.0398183940991714,0.0478396589722535,0.0681758627066617,5.601539637807112,6.175303383644693,0.1852165714151615,0.1523971130763945,0.2153312480531412,1117.0,1679.0,1209.0,11.17,16.79,12.09,19.531622082612408,21.706840583804823,19.617498570347017,1.7778146697561028,0.034795246851797995,mouse638330far57,0.1836183618361836,0.2567956795679569,0.2168316831683169,0
mouse638330,far,56,0.0272771738176234,0.0150998047136286,0.0805948610254503,4.290015451668951,0.6851981013229678,3.9204234133351017,0.3753360971351827,0.2764108650383025,0.4555396950636477,75.0,241.0,75.0,0.75,2.41,0.75,19.531622082612408,21.706840583804823,19.617498570347017,1.7778146697561028,0.0288612990701136,mouse638330far56,0.1698469846984699,0.6518451845184519,0.3610261026102611,1
mouse638330,far,59,0.0633369842027,0.025866652254317002,0.0815399561380831,0.4452669323293352,5.259424270789804,5.512070428245046,0.2636299367215475,0.2528841413414425,0.3160847572945754,252.0,639.0,353.0,2.52,6.390000000000001,3.5300000000000002,19.17496215614885,21.59178222383818,19.34921610933808,1.7762319668331612,0.0356681444197044,mouse638330far59,0.1412241224122412,0.6459045904590459,0.2991899189918994,0
mouse638330,far,209,0.0334118698230619,0.0612053516679371,0.1671233123573615,2.7994302607443653,1.5808502839884395,5.8807959919775845,0.4574795622423404,0.3017996846150277,0.5373559886805004,69.0,161.0,56.0,0.6900000000000001,1.61,0.56,19.17496215614885,21.59178222383818,19.34921610933808,1.7762319668331612,0.0367692330768666,mouse638330far209,0.1576957695769576,0.6726372637263728,0.2819081908190819,0
mouse638330,far,208,0.1244392387154779,0.1280190789843037,0.1726045880318246,0.7082948641463245,5.532889332572254,2.1817213554707218,0.5094677761807264,0.4925884385264883,0.4918163402985591,61.0,189.0,97.0,0.61,1.8900000000000001,0.97,19.17496215614885,21.59178222383818,19.34921610933808,1.7762319668331612,0.0199726147957638,mouse638330far208,0.1714671467146714,0.7055805580558057,0.3405040504050404,1
mouse638330,far,63,0.1649216377250975,0.0764946192581949,0.0533177719552238,4.938078887364245,4.6153784972914265,0.07460073859718801,0.4030091924324858,0.4333394514041392,0.262767929518275,125.0,74.0,384.0,1.25,0.74,3.84,19.08613513126181,21.56050875755558,19.27366068292316,1.775,0.0382847978914252,mouse638330far63,0.1644464446444644,0.6523852385238524,0.3291629162916292,0
mouse638330,far,210,0.1601766721527274,0.1021787660255612,0.062536726272926,0.9890873239412912,5.1494359792794775,6.210416574906822,0.5412952704493229,0.3920699308692874,0.5146525875182067,77.0,86.0,49.0,0.77,0.86,0.49,19.08613513126181,21.56050875755558,19.27366068292316,1.775,0.0492322194677197,mouse638330far210,0.1944194419441944,0.6442844284428443,0.3256525652565259,1
mouse638330,far,66,0.0934926263244012,0.0113317026873176,0.0771043664603362,4.868661975575488,3.7013389864342896,0.3860721514487999,0.3304176469404308,0.3264954755753307,0.2665691502360611,331.0,223.0,377.0,3.31,2.23,3.77,19.05010779079219,21.8199194004738,19.505965649050648,1.775,0.0386477199798796,mouse638330far66,0.1355535553555356,0.4828082808280828,0.4555355535553558,0
mouse638330,far,71,0.0303398051557957,0.04472786790148,0.0227511529565546,4.0773223333750925,3.8834530138141234,4.083916575016039,0.2425239211516083,0.1753550932788999,0.1875267438165012,803.0,1191.0,1058.0,8.03,11.91,10.58,18.597063620549733,21.47316048954233,19.073096588758162,1.7574839970821927,0.0220015467873664,mouse638330far71,0.1595859585958595,0.7803780378037805,0.3909990999099909,1
mouse638330,far,213,0.0101742139477674,0.0309417789121546,0.0468363202335412,0.6377553892130187,5.254480216584248,0.7642953892357152,0.1703355039574172,0.1339832139415174,0.1811872381572263,928.0,1278.0,879.0,9.28,12.780000000000001,8.790000000000001,18.597063620549733,21.47316048954233,19.073096588758162,1.7574839970821927,0.0220878100670834,mouse638330far213,0.1398739873987398,0.2767776777677768,0.1946894689468946,0
mouse638330,far,76,0.0371310450973073,0.0393111103296153,0.0300711868591861,1.2620789890748956,2.4239644043579167,3.6609767838200025,0.3470119580886115,0.2310152650236072,0.2955837129073356,233.0,605.0,364.0,2.33,6.05,3.64,19.31557729054849,21.9285248201192,19.38198330432521,1.7573061770789975,0.0286412999667216,mouse638330far76,0.1965796579657965,0.6121512151215122,0.3513051305130513,1
mouse638330,far,80,0.0661827631496688,0.0464335932858604,0.0179018328647339,2.7656449613365703,4.38485543253737,2.293103963771491,0.2869006729381981,0.2969786927620012,0.2994375477421842,171.0,373.0,194.0,1.71,3.73,1.94,19.081503356260985,21.96376269151034,19.431212704073623,1.7767596911231411,0.0249694874825771,mouse638330far80,0.1185418541854185,0.6675067506750676,0.2854185418541856,0
mouse638330,far,81,0.0765805035417251,0.0247385151693913,0.0272522863692403,4.518932779359613,4.459325828283519,6.190146799950786,0.2435662635185644,0.1771681857510367,0.1612252225920601,757.0,907.0,1051.0,7.57,9.07,10.51,19.081503356260985,21.96376269151034,19.431212704073623,1.7767596911231411,0.0272803688495408,mouse638330far81,0.2006300630063006,0.7417641764176419,0.3383438343834383,1
mouse638330,far,84,0.0426691292662222,0.0171481623636019,0.1060587354912252,5.744741237989053,6.085487009389385,5.83064594473004,0.2719964681286972,0.2150945223768565,0.3081110854202406,496.0,437.0,312.0,4.96,4.37,3.12,18.622130732433142,21.859908094976245,18.91173246895007,1.7624556732014567,0.0227430911590123,mouse638330far84,0.0977497749774978,0.2068406840684068,0.1587758775877588,0
mouse638330,far,86,0.0175276817331965,0.0338041464015955,0.0331530670153193,1.7949326238736325,4.291545077190136,6.208197230472564,0.2189554195146907,0.1881338306247987,0.1857491079424974,518.0,887.0,679.0,5.18,8.870000000000001,6.79,19.151451725417253,22.37505809660643,19.459073719944588,1.7624556732014567,0.0266201999895502,mouse638330far86,0.1676867686768677,0.6270027002700272,0.2918991899189918,0
mouse638330,far,88,0.0349027599606898,0.0224583198752452,0.0134829455017381,2.618172625449374,4.322839281666363,1.0179761078502552,0.170736254142127,0.1485300945321101,0.1238532258213946,1214.0,1468.0,1394.0,12.14,14.68,13.94,19.151451725417253,22.37505809660643,19.459073719944588,1.7624556732014567,0.0354955611393596,mouse638330far88,0.1906390639063906,0.7352835283528353,0.3594059405940594,1
mouse638330,far,90,0.0380664037069082,0.0447963194425062,0.0127608036405446,2.29843768633423,3.1442469015667998,5.381404921613416,0.2876227906479823,0.2922307397203681,0.3327828669171039,307.0,341.0,283.0,3.0700000000000003,3.41,2.83,19.206402987972506,22.45126285781029,19.403664682929325,1.7636964024457271,0.0312639941722061,mouse638330far90,0.1811881188118812,0.6483348334833484,0.3140414041404139,1
mouse638330,far,89,0.0351142859126595,0.0159276054656193,0.0198318664601568,0.1243960506879594,2.4887351200485375,4.144994231253022,0.2816225495230913,0.2317972558755462,0.2285754459495117,251.0,553.0,495.0,2.5100000000000002,5.53,4.95,19.206402987972506,22.45126285781029,19.403664682929325,1.7636964024457271,0.0470991824808237,mouse638330far89,0.1936093609360937,0.6866786678667868,0.3945094509450947,1
mouse638330,far,94,0.0361562788123975,0.0189065860095176,0.0092634057218574,5.117919235481682,2.823499737351273,4.843717858066282,0.2530668953416128,0.15215580525258202,0.1515921522824392,626.0,1026.0,988.0,6.26,10.26,9.88,18.572160369042184,22.09550429663394,18.672533772750693,1.7636964024457271,0.0478488956241877,mouse638330far94,0.1633663366336633,0.6186318631863188,0.325112511251125,0
mouse638330,far,103,0.0149393929358377,0.0624553018611816,0.0397797770024839,3.8479189585759648,2.3422465590351518,5.308942773968102,0.1349118932687632,0.2601234936696997,0.2063944310052724,998.0,632.0,950.0,9.98,6.32,9.5,19.26534415026508,22.87077218351925,19.637311471146955,1.7652903443909729,0.036837022064766,mouse638330far103,0.2054905490549056,0.6172817281728173,0.3483348334833486,1
mouse638330,far,101,0.0194979487135561,0.0598967950694579,0.0622708181072629,0.5294253695234593,0.7124688140730981,0.1443746255510199,0.2112000344961379,0.2396297916527533,0.2116719517331525,722.0,726.0,619.0,7.22,7.26,6.19,19.26534415026508,22.87077218351925,19.637311471146955,1.7652903443909729,0.0229377299214114,mouse638330far101,0.1614761476147614,0.700720072007201,0.3812781278127811,1
mouse638330,far,105,0.0120470615176694,0.0127193423035193,0.0199311016845485,6.174807715021276,3.4107592893811693,0.2668434309359186,0.0930343588359297,0.0834413591216896,0.1524935849876208,2742.0,3268.0,3038.0,27.42,32.68,30.38,18.76741974592072,22.340861072201925,18.78669480428075,1.7672365433070922,0.0312721796034305,mouse638330far105,0.2365436543654365,0.6315931593159316,0.3969396939693969,1
mouse638330,far,104,0.0333005707417658,0.0507910450484894,0.0155204021034165,4.780914189445999,2.256987544194861,0.4275102360785585,0.2077399749418638,0.2524881278960263,0.2282896733942216,805.0,532.0,532.0,8.05,5.32,5.32,18.76741974592072,22.340861072201925,18.78669480428075,1.7672365433070922,0.022740843359506,mouse638330far104,0.1587758775877588,0.5449144914491449,0.2881188118811882,0
mouse638330,far,98,0.0175139258404414,0.0391127798534845,0.0198139574260579,4.8478487115822535,2.4940379406448883,0.5920623961174657,0.1939155173777597,0.2150770219063185,0.2067438987663847,854.0,618.0,660.0,8.540000000000001,6.18,6.6000000000000005,18.76741974592072,22.340861072201925,18.78669480428075,1.7672365433070922,0.0246547749543886,mouse638330far98,0.17308730873087302,0.5403240324032403,0.2886588658865887,0
mouse638330,far,111,0.0076791015933635,0.021612847591661,0.0227133851056212,6.239688707371178,5.630628820051688,0.7217051545069921,0.1507880768335911,0.1250601976817932,0.1366635694040768,1792.0,2491.0,2401.0,17.92,24.91,24.01,18.28549959077643,22.602473702278395,18.502024538445387,1.7737671775066763,0.0110426258968355,mouse638330far111,0.1312331233123312,0.2308730873087309,0.200900090009001,0
mouse638330,far,112,0.1048659594578999,0.101397418835725,0.1481510510689301,3.8960316432674134,0.9620708033285206,3.884163900732468,0.3896047012339119,0.4857073307824172,0.4480095656651249,76.0,52.0,76.0,0.76,0.52,0.76,18.52121734826812,23.03513674782839,18.76303218911892,1.7764078923490516,0.0421253142824717,mouse638330far112,0.1625562556255626,0.6607560756075609,0.3083708370837082,0
mouse638330,far,113,0.0294667290652772,0.0257311330087769,0.020503018664582002,4.591340052024597,4.964023873164358,5.841082287452685,0.14029248862435997,0.1295314669244028,0.1439030227575252,1588.0,1774.0,1719.0,15.88,17.740000000000002,17.19,18.72015132762225,22.948531426139326,18.902124639981178,1.7793959649274247,0.0171434734081579,mouse638330far113,0.2076507650765077,0.5578757875787579,0.4147614761476147,1
mouse638330,far,114,0.0135059001961128,0.0145427332259476,0.0315436992501125,4.4705787399974986,0.0374763604673628,3.5861205134835026,0.1281771983968917,0.1105427704529909,0.1630262631993157,1606.0,1861.0,1698.0,16.06,18.61,16.98,18.72015132762225,22.948531426139326,18.902124639981178,1.7793959649274247,0.0294095657855836,mouse638330far114,0.197929792979298,0.6418541854185419,0.4042304230423043,1
mouse638330,far,120,0.015112207549661999,0.022049706658267998,0.0447391932880395,5.575478225817252,0.0997900003504217,0.6681495686930666,0.1440124774555453,0.1200908261682231,0.18288788302628198,1396.0,1990.0,1664.0,13.96,19.900000000000002,16.64,18.35537916950139,23.670057423093876,18.602500183399567,1.7827296486007067,0.012036150662945,mouse638330far120,0.1423042304230423,0.2986498649864987,0.2603060306030602,0
mouse638330,far,122,0.0943015651388658,0.1770992343871791,0.1987064554915728,5.089698469155357,1.5902846997818691,4.78886255637643,0.4706957806810464,0.5113612579733754,0.4920662870722447,65.0,85.0,57.0,0.65,0.85,0.5700000000000001,18.571669025493755,23.43020750485284,18.752664044295468,1.7827296486007067,0.0509444324190041,mouse638330far122,0.2192619261926193,0.5967596759675967,0.3637263726372638,1
mouse638330,far,142,0.0114451536467437,0.0320065229682004,0.0349224744353902,2.783322596758328,2.9346989476894305,0.9403641237809129,0.2453937771107498,0.2025963237129819,0.15758903623437698,892.0,644.0,898.0,8.92,6.44,8.98,18.237971433244947,24.126464751402853,18.44452562134372,1.7755280904564703,0.0170071609703124,mouse638330far142,0.2173717371737173,0.5608460846084611,0.3372637263726372,1
mouse638330,far,125,0.035718976995429,0.0432956842873968,0.0232894029582613,4.000895815778091,3.3238552668282413,4.3285560215262535,0.2511913391872841,0.1703379339237953,0.208817214960118,764.0,767.0,719.0,7.640000000000001,7.67,7.19,17.955278065434996,25.03315579133513,18.230358285728663,1.7755280904564703,0.017549889013396002,mouse638330far125,0.2065706570657065,0.6383438343834384,0.360756075607561,1
mouse638330,far,227,0.1561760717512817,0.1088640302667736,0.0902254055610007,4.379227133075304,4.441916090695149,2.1042501699325933,0.3871981839505579,0.512437419638762,0.5740746038787932,153.0,104.0,96.0,1.53,1.04,0.96,17.955278065434996,25.03315579133513,18.230358285728663,1.7755280904564703,0.0432965062539267,mouse638330far227,0.1652565256525653,0.5805580558055807,0.4217821782178218,1
mouse638330,far,140,0.0168233965693664,0.0232364182671266,0.0555819221028233,1.901853529749136,3.7338087821291346,1.3937681653838525,0.1694669841904836,0.2102311957587722,0.2414162870909542,623.0,694.0,557.0,6.23,6.94,5.57,18.23978313179277,24.807370747830486,18.5804022382698,1.7799227511327562,0.0052591897069395,mouse638330far140,0.1671467146714672,0.5878487848784879,0.2867686768676867,0
mouse638330,far,139,0.0311315482373867,0.0173301327945837,0.0180920849750086,2.985502319339373,4.095526962945857,1.070902716105751,0.1967677990206932,0.2148948372368982,0.1732988813974822,464.0,876.0,667.0,4.64,8.76,6.67,17.9857103802159,25.4289727169106,18.50153890909728,1.7799227511327562,0.0364829854680169,mouse638330far139,0.1838883888388839,0.5851485148514853,0.3407740774077408,0
mouse638330,far,224,0.06431211398664799,0.0234140642782672,0.0714710042630962,4.9686285014701035,3.3875215597895267,2.345840353991433,0.4663901042835943,0.3910586096976944,0.5060308360351636,58.0,121.0,68.0,0.58,1.21,0.68,17.9857103802159,25.4289727169106,18.50153890909728,1.7799227511327562,0.0681906173210175,mouse638330far224,0.1614761476147614,0.3923492349234924,0.3421242124212422,0
mouse638330,far,228,0.0511824562444663,0.0674526725641973,0.0854412230903175,0.640280014219891,4.486493223980366,4.658035862260127,0.2438830069605183,0.2926483561325333,0.2675236825048031,590.0,284.0,452.0,5.9,2.84,4.5200000000000005,18.12560529795968,25.776231867085013,18.165826595594016,1.804335057576613,0.0627733401124662,mouse638330far228,0.2292529252925292,0.6515751575157517,0.393159315931593,1
mouse638330,far,147,0.0203129757119899,0.0452989169392608,0.0525494166694168,2.231628588182311,0.2596692916031227,4.446285826400786,0.2543728290394114,0.2245005782188647,0.1708923900852548,685.0,827.0,883.0,6.8500000000000005,8.27,8.83,17.879705427411192,26.12362082351264,17.995864355377964,1.7949582167838896,0.0121051111275811,mouse638330far147,0.1717371737173717,0.6739873987398741,0.3207920792079207,1
mouse638330,far,150,0.0459228769255068,0.032101601548892,0.0610804117319928,3.5635217967159885,6.125630442832785,5.372274738748062,0.1817784480381061,0.1470726700966251,0.2008320902012605,956.0,1185.0,991.0,9.56,11.85,9.91,18.30627180098667,26.24618998627667,18.2239540787658,1.7949582167838896,0.031864165886873,mouse638330far150,0.1954995499549955,0.5789378937893791,0.3175517551755176,0
mouse638330,far,151,0.0313399481340848,0.0245016845597458,0.0124486904980396,5.374993656454892,0.0638913013871518,0.826743326816788,0.2750691680443272,0.32399868724838504,0.2199346764537767,402.0,280.0,416.0,4.0200000000000005,2.8000000000000003,4.16,18.30627180098667,26.24618998627667,18.2239540787658,1.7949582167838896,0.0259078592154539,mouse638330far151,0.1830783078307831,0.6556255625562558,0.3839783978397838,1
mouse638330,far,127,0.029075121284241,0.0137592151101454,0.0180633071778171,5.604707438415184,6.223906809806527,0.0954426247037504,0.1498292933969853,0.1237425319691656,0.1100933944619967,1502.0,2156.0,2104.0,15.02,21.56,21.04,18.06696001597292,27.509951109737248,17.821989158757297,1.8003471887388836,0.0253296070087714,mouse638330far127,0.1652565256525653,0.2505850585058505,0.3666966696669667,0
mouse638330,far,155,0.0330272546514146,0.0467336772335672,0.0289236953198067,3.8613890452817166,5.045533339194347,4.502758466467157,0.1933027682469296,0.1513308657876194,0.1327747061160829,946.0,1194.0,1187.0,9.46,11.94,11.870000000000001,18.06696001597292,27.509951109737248,17.821989158757297,1.8003471887388836,0.0117019810848235,mouse638330far155,0.1695769576957696,0.6253825382538255,0.3788478847884787,1
mouse638330,far,153,0.0516370205575544,0.065488415612666,0.0925131849646957,3.5991339301641245,0.1885237536866663,3.5048955432837348,0.23331962336479803,0.3467237640578496,0.3938058156153399,422.0,120.0,175.0,4.22,1.2,1.75,18.08882039086621,26.91176942458652,18.115698018072536,1.8003471887388836,0.0323268479539681,mouse638330far153,0.2014401440144014,0.6091809180918094,0.3658865886588657,1
mouse638330,far,157,0.1138120736242728,0.0453435484777485,0.0888843324517146,1.1484227813380306,6.167478547300358,5.118912658843148,0.4248573126176432,0.2673390350539575,0.3748499589519926,157.0,313.0,147.0,1.57,3.13,1.47,17.950104598631302,27.734155239855056,17.792017168071357,1.8060661671157008,0.0198848619592679,mouse638330far157,0.164986498649865,0.6891089108910892,0.4255625562556254,1
mouse638330,far,159,0.027116325096784997,0.0163629890730841,0.0415983012594505,5.644768564061872,3.7759370308795734,0.8878447054877837,0.17637004220568203,0.2115496360964301,0.1611881376657519,1215.0,1140.0,1373.0,12.15,11.4,13.73,17.950104598631302,27.734155239855056,17.792017168071357,1.8060661671157008,0.0165238674567363,mouse638330far159,0.1423042304230423,0.3113411341134113,0.2543654365436545,0
mouse638330,far,230,0.0599275422307069,0.0771904195916563,0.0469807841071141,2.069217241603325,0.49049778500499097,2.527529745737873,0.3510904855445161,0.3688973690336442,0.3302369475925054,103.0,185.0,158.0,1.03,1.85,1.58,17.950104598631302,27.734155239855056,17.792017168071357,1.8060661671157008,0.0274213150845475,mouse638330far230,0.1906390639063907,0.7601260126012603,0.3021602160216022,1
mouse638330,far,165,0.0626951209809835,0.0150283397387214,0.0669845314871011,5.753692910928487,5.8812773953229724,0.016590217646903,0.220820826300722,0.1949976008689997,0.2369867465946955,658.0,580.0,606.0,6.58,5.8,6.0600000000000005,17.950104598631302,27.734155239855056,17.792017168071357,1.8060661671157008,0.0207980893718552,mouse638330far165,0.1898289828982898,0.3348334833483349,0.2603060306030602,0
mouse638330,far,160,0.054833790917469004,0.0256445498412656,0.1198296708130177,1.6452862784734292,1.5551256922017105,0.3076903707154205,0.2183248075409073,0.3247373431708245,0.3068738582134118,425.0,359.0,239.0,4.25,3.59,2.39,18.155990745290037,27.25941151474539,18.04855046910384,1.8060661671157008,0.0443741509021301,mouse638330far160,0.2476147614761477,0.6197119711971201,0.4666066606660667,1
mouse638330,far,154,0.1619307515475227,0.0756198630466851,0.1105449355855879,4.699694195844148,5.575967982130893,1.0780593687655522,0.5375606917284304,0.3942458466479741,0.4948010625443444,55.0,140.0,46.0,0.55,1.4000000000000001,0.46,18.30627180098667,26.24618998627667,18.2239540787658,1.7949582167838896,0.0589360649316829,mouse638330far154,0.1628262826282628,0.6696669666966698,0.4090909090909093,1
mouse638330,far,62,0.021908275764054,0.0379472982442145,0.1232743891141621,5.248845303880298,2.9043418028511376,4.711324656238347,0.3648877510619472,0.3471812082738911,0.4569392477072535,102.0,119.0,65.0,1.02,1.19,0.65,19.17496215614885,21.59178222383818,19.34921610933808,1.7762319668331612,0.0519167140252646,mouse638330far62,0.2092709270927092,0.5527452745274529,0.3958595859585958,1
mouse657905,far,41,0.0350272704992127,0.0390738486639681,0.0158804520543445,5.727218632417082,6.15273486873005,1.8652210157976399,0.2397346778400438,0.3099983591027102,0.3068659330826178,233.0,251.0,228.0,2.33,2.5100000000000002,2.2800000000000002,14.691525570040806,14.87025568803358,15.290066881082444,2.645042532739313,0.0525612083982498,mouse657905far41,0.2427542754275428,0.7420342034203422,0.6594059405940594,1
mouse657905,far,42,0.0515983219270568,0.0551137009196613,0.0218262118280701,3.7072895397948495,2.7823320457837832,3.1524032438843452,0.1758079191900472,0.2767629107315344,0.1760073438743555,873.0,744.0,986.0,8.73,7.44,9.86,15.056579259566455,14.887295914251794,15.552190333195073,2.6463418146566027,0.0345330441755103,mouse657905far42,0.27893789378937894,0.9256525652565256,0.4860486048604863,1
mouse657905,far,207,0.0617871731253763,0.0532882433478924,0.0358865868937513,2.6443591131041937,4.960321584570243,4.448868091105062,0.2989892657608868,0.2986765415579084,0.3540833698746016,240.0,226.0,203.0,2.4,2.2600000000000002,2.0300000000000002,15.155183798432686,15.115188888600988,15.735850405831616,2.6463418146566027,0.0439508648651243,mouse657905far207,0.21899189918991896,0.7444644464446446,0.5727272727272729,1
mouse657905,far,206,0.0125942481644057,0.0204417561757546,0.0942856524986056,2.7569682113419347,4.993041705450155,5.619203214669068,0.2318943904178516,0.2433449384868682,0.2675537274009059,388.0,284.0,340.0,3.88,2.84,3.4,15.214245671760647,15.020240723617992,15.742026031660547,2.6478765076944204,0.0672580552073453,mouse657905far206,0.1963096309630964,0.8370837083708372,0.5168316831683167,1
mouse657905,far,50,0.0489292485837506,0.0643866093582634,0.0243935546966367,2.950892780411746,4.22591887718471,3.5998783119450763,0.2214887558551406,0.2303991525351083,0.2228842036562612,378.0,512.0,725.0,3.7800000000000002,5.12,7.25,15.452359005974483,15.077406140797464,15.907123783360472,2.649646202797649,0.0444224472570678,mouse657905far50,0.2397839783978398,0.8092709270927094,0.4088208820882087,1
mouse657905,far,56,0.0386632853550738,0.0219494190805098,0.03448505957145,5.9086004326933255,6.0501695545237375,6.280638313928376,0.1736734108944974,0.21182514210095202,0.1705517741300884,1089.0,797.0,1059.0,10.89,7.97,10.59,15.772902918478641,15.275804776501278,16.021572969369654,2.6516504294495533,0.0242265229419992,mouse657905far56,0.160936093609361,0.2862286228622862,0.2465346534653466,0
mouse657905,far,234,0.0681377812575589,0.1320223458409644,0.0410543364481259,0.845581048704652,4.35362177450912,1.4258747436096233,0.4361350786477173,0.3982849345248364,0.4144180478514713,80.0,183.0,82.0,0.8,1.83,0.8200000000000001,15.320808893983846,14.970996490851052,15.64764595039036,2.653888656292875,0.0537651113815878,mouse657905far234,0.1784878487848785,0.7166516651665167,0.3353735373537353,1
mouse657905,far,64,0.0447499205489429,0.0212966095856817,0.0439872095912388,5.2465031440750245,0.4228977486255138,6.178544419770002,0.2179973296611702,0.2267281241729351,0.194021244070739,646.0,412.0,581.0,6.46,4.12,5.8100000000000005,15.448501718931176,15.23522314901281,15.917932611545849,2.6423237878806605,0.0527677860183243,mouse657905far64,0.1882088208820882,0.7396039603960396,0.3124212421242124,1
mouse657905,far,63,0.1469471328398851,0.0140681382393983,0.0508013254331047,1.3578677904815102,1.0388974450063264,5.9397730855310895,0.4311991205372835,0.1920888680264481,0.2565275902715143,150.0,608.0,227.0,1.5,6.08,2.27,15.448501718931176,15.23522314901281,15.917932611545849,2.6423237878806605,0.0646458035684353,mouse657905far63,0.1617461746174617,0.3178217821782179,0.2338433843384338,0
mouse657905,far,213,0.0278991675533889,0.0351642896787446,0.0920459155384115,5.945114701510942,1.0386141077155289,2.4770962566485766,0.4266769766428961,0.2902837681766078,0.6001587221966218,85.0,250.0,20.0,0.85,2.5,0.2,15.752139819189171,15.484987900905715,16.242633701029085,2.6479945241635225,0.0545686581690364,mouse657905far213,0.2195319531953196,0.7528352835283529,0.3596759675967599,1
mouse657905,far,72,0.0280592786473427,0.0399874073166266,0.0244240071435432,0.0658603065866549,0.1207316449482414,1.713485547143691,0.1811793719171154,0.2758018365077055,0.213207961801913,657.0,500.0,622.0,6.57,5.0,6.22,15.806897073827061,16.165288133891533,16.208170795921163,2.658241900203968,0.0551719596605095,mouse657905far72,0.1209720972097209,0.8524752475247526,0.4485148514851486,1
mouse657905,far,73,0.0598678389269568,0.023750799510121,0.0276928252864449,4.048441741447833,1.4668484820638097,0.7351203272157713,0.1947969809338235,0.1554450634956872,0.1745421504718204,970.0,755.0,1096.0,9.700000000000001,7.55,10.96,15.972404401348625,16.296221716526738,16.709569085132408,2.6444517390188844,0.0530634901849228,mouse657905far73,0.1663366336633663,0.5368136813681369,0.4892889288928895,1
mouse657905,far,74,0.049968904935041,0.0373524979290885,0.162256897656332,3.7437700991863214,4.113971147871137,5.974252121797603,0.4287856603372392,0.2569464154209367,0.4291125921554729,116.0,207.0,95.0,1.16,2.07,0.9500000000000001,15.738937036223355,16.543436625581045,16.405657158052144,2.6444517390188844,0.0346481159177763,mouse657905far74,0.1671467146714672,0.7026102610261027,0.3483348334833483,1
mouse657905,far,77,0.0761580723009972,0.0378849918772,0.0102192068476893,2.8748684498543446,4.5563790680421405,1.0229478834164862,0.285203987268971,0.1904485793525561,0.1730359399096298,767.0,574.0,691.0,7.67,5.74,6.91,15.803786639173882,16.250798875497285,16.34619510904435,2.6483485420163264,0.067382110593428,mouse657905far77,0.2724572457245725,0.8017101710171017,0.4760576057605762,1
mouse657905,far,78,0.018896632591743,0.0147611372054541,0.0124948832216885,1.0067299924440931,5.58100241435987,6.019345680664357,0.2433141251814166,0.1805623621487489,0.1886024097985747,691.0,882.0,719.0,6.91,8.82,7.19,16.00932405216409,16.692713273552766,16.531760817829777,2.6483485420163264,0.0487833691724054,mouse657905far78,0.1765976597659766,0.7747074707470748,0.3313231323132312,1
mouse657905,far,81,0.03983947584517201,0.0395269203258498,0.0498027805435799,5.525350099735592,3.6757314800770873,0.027811813422147003,0.3042478964418894,0.1846763808503027,0.2551174223047124,181.0,676.0,477.0,1.81,6.76,4.7700000000000005,15.655959130722227,17.061235973105937,16.21139158893101,2.656830818851664,0.0662525448914656,mouse657905far81,0.1898289828982898,0.6939693969396941,0.3243024302430243,1
mouse657905,far,86,0.0267394963694182,0.0704022698332111,0.0931955879627554,3.0986628406596033,5.512964838067151,4.9284174931459805,0.2859053664926875,0.4638116079921355,0.3777697994691656,153.0,71.0,128.0,1.53,0.71,1.28,15.823075646074575,18.222162734894248,16.29981056346856,2.678269030549396,0.0887118869908395,mouse657905far86,0.2030603060306031,0.7090909090909091,0.3075607560756078,1
mouse657905,far,88,0.0114657697996401,0.0253138440872599,0.0210254261497832,0.3521439447140777,3.1829502539836576,1.1042706950859165,0.1828483093021326,0.2038241066755613,0.1940747534929915,765.0,645.0,765.0,7.65,6.45,7.65,16.141198551590836,18.10466422544693,16.60759087098048,2.683514486638744,0.07330214452167401,mouse657905far88,0.1884788478847884,0.7369036903690369,0.3178217821782177,1
mouse657905,far,91,0.0262411246861328,0.0120419689340009,0.0057427045849604,0.7871426880070562,4.897600447396093,0.0564592597399729,0.1329769623676903,0.178130247301007,0.1114502535827544,2237.0,1628.0,2260.0,22.37,16.28,22.6,16.271864215356395,19.10893558275197,16.531956837754965,2.683514486638744,0.0747839377193728,mouse657905far91,0.1366336633663366,0.3548154815481548,0.2179117911791179,0
mouse657905,far,95,0.0804472703738983,0.046242081053433,0.0482420217981559,5.6527974978552225,0.3410387379833824,5.566207040466645,0.284147335578336,0.253036243378923,0.3154915552417427,329.0,527.0,333.0,3.29,5.2700000000000005,3.33,16.46007554351307,21.109771331286872,16.500287461872166,2.6936267373190375,0.0880199927495131,mouse657905far95,0.2200720072007201,0.7252925292529255,0.3513051305130512,1
mouse657905,far,99,0.0181871886976971,0.0119430763542503,0.0212270523732612,5.548134098068337,5.7786653608094225,5.746884657703593,0.0994360043313952,0.1016734156777234,0.1256425440157393,3650.0,2901.0,3451.0,36.5,29.01,34.51,16.46007554351307,21.109771331286872,16.500287461872166,2.6936267373190375,0.0600923417456806,mouse657905far99,0.1822682268226823,0.2900090009000899,0.2411341134113412,0
mouse657905,far,103,0.022475211278816,0.028781704398417998,0.0280315540617551,0.3803186035539705,0.5069573166830016,6.251857033574481,0.1119439690557312,0.1346619243599577,0.11908843521157801,2792.0,3009.0,2784.0,27.92,30.09,27.84,16.657645080962567,22.54312437255456,16.807447772905626,2.687122066449532,0.0575291888083979,mouse657905far103,0.1441944194419442,0.2673267326732673,0.2346534653465346,0
mouse657905,far,104,0.0121594640851814,0.0220348809894843,0.0088723767678048,1.9839182209089512,1.2669664563188279,5.935153596422043,0.1172107455247361,0.1715656128833571,0.1614267317578687,1254.0,1089.0,1294.0,12.540000000000001,10.89,12.94,16.657645080962567,22.54312437255456,16.807447772905626,2.687122066449532,0.0483079922213706,mouse657905far104,0.1833483348334833,0.4582358235823582,0.3116111611161116,0
mouse657905,far,105,0.07823413685005401,0.009942662980271001,0.0808889130884237,5.889910250378,1.8652879426042857,2.632515224954392,0.2993071994548891,0.1891177523327846,0.2814359600749671,228.0,549.0,261.0,2.2800000000000002,5.49,2.61,16.657645080962567,22.54312437255456,16.807447772905626,2.687122066449532,0.0796872326994655,mouse657905far105,0.1806480648064806,0.4952295229522953,0.3175517551755176,0
mouse657905,far,106,0.0355207728911588,0.0232336450521442,0.0655200421586617,5.707609452707826,5.892847000132858,5.105635017650672,0.2943602049066108,0.1934054604518982,0.3094335360409118,349.0,718.0,370.0,3.49,7.18,3.7,16.373035197702198,21.83546562885612,16.708910850674904,2.687122066449532,0.0804765580129476,mouse657905far106,0.1298829882988298,0.2430243024302429,0.2292529252925293,0
mouse657905,far,108,0.0265499354995117,0.0455586962140369,0.0414500782551342,1.747167857389296,2.3052091446378773,2.2353312893534123,0.1753739610743127,0.2224436903071268,0.2003606398803876,744.0,457.0,737.0,7.44,4.57,7.37,16.54651014568505,22.77083925238994,16.796504589538785,2.693742749410196,0.072131095581687,mouse657905far108,0.2095409540954096,0.8665166516651668,0.3756075607560757,1
mouse657905,far,115,0.0195889455153495,0.0282094904792451,0.0418643508369488,1.9519174425959869,0.5417249000721653,0.8809339520667379,0.1434435768993118,0.1245935788748304,0.1413932547167556,2370.0,3186.0,2533.0,23.7,31.86,25.330000000000002,16.350256232926455,22.561150130453058,16.663244636093893,2.7005786416988493,0.0994575485952504,mouse657905far115,0.1687668766876687,0.3364536453645365,0.2605760576057606,0
mouse657905,far,125,0.0517122499377583,0.0154779224467637,0.070477200689727,3.9211989042664817,3.2091624823693428,5.26358044405625,0.2805761696101933,0.1717792095357793,0.2217447482768199,353.0,1013.0,489.0,3.5300000000000002,10.13,4.89,16.472073510094955,23.196269483911287,16.743829842872795,2.727980021920982,0.0912853538009156,mouse657905far125,0.2106210621062106,0.6421242124212422,0.3294329432943295,1
mouse657905,far,119,0.0130746349983287,0.0228508770142629,0.0181062357829935,0.19792035398271401,5.222773578288487,4.244562017500968,0.1528511802769518,0.1690046618281689,0.1431978539340901,1329.0,902.0,1253.0,13.290000000000001,9.02,12.530000000000001,16.472073510094955,23.196269483911287,16.743829842872795,2.727980021920982,0.0518689288156038,mouse657905far119,0.1803780378037803,0.6353735373537355,0.3102610261026102,0
mouse657905,far,117,0.0622701638766697,0.0163478863635717,0.0187167325630181,1.2869477492349637,5.5980833172637805,0.8899314853208848,0.3014052629164544,0.1192208098780647,0.1813000617332971,305.0,1291.0,594.0,3.0500000000000003,12.91,5.94,16.472073510094955,23.196269483911287,16.743829842872795,2.727980021920982,0.0747814541686014,mouse657905far117,0.1304230423042305,0.2395139513951395,0.18901890189018897,0
mouse657905,far,126,0.0715736671474252,0.0867769680316843,0.0645495847453262,4.873145022581001,1.8135898570461115,3.9922448617587936,0.2313867714103049,0.3196619408798043,0.3256990739001872,605.0,300.0,241.0,6.05,3.0,2.41,16.628664707747184,24.587688233673468,16.682133840563058,2.7301556732171885,0.0619841016856074,mouse657905far126,0.2324932493249325,0.6882988298829884,0.3707470747074707,1
mouse657905,far,132,0.0345048239603952,0.0246076520944688,0.0316123097594322,0.7649342885792285,5.793658662506005,5.919950078939603,0.1943841416010012,0.1840787097963782,0.1782298215641883,746.0,882.0,834.0,7.46,8.82,8.34,17.052941105041636,26.03307614804708,16.837110384212384,2.7378139089426807,0.0709802413895111,mouse657905far132,0.2594959495949595,0.6623762376237624,0.3475247524752475,1
mouse657905,far,224,0.024919080147399,0.03202763361939,0.0522795036489825,4.270861801882283,1.5416563831176453,3.7259476938450913,0.1610408142921097,0.2498938687273774,0.2161402799187243,863.0,497.0,831.0,8.63,4.97,8.31,17.464375216588152,27.63883054938529,17.04023998363991,2.7415780127510505,0.0310012451155917,mouse657905far224,0.2505850585058506,0.7371737173717372,0.3769576957695769,1
mouse657905,far,225,0.0663639347375954,0.0622529432119452,0.0380918774079299,5.3513588427155065,4.440320137307001,4.110461105473863,0.2266352078323716,0.3387254220117885,0.2250948306416186,599.0,142.0,525.0,5.99,1.42,5.25,17.082900721171516,28.733301968941173,16.482378484227432,2.749886361288408,0.0536380749108649,mouse657905far225,0.20792079207920802,0.5108910891089111,0.4317731773177319,1
mouse657905,far,141,0.0158171762384855,0.0225739157279916,0.0502042598893071,1.2326566393041751,4.260631225323401,4.055927813296963,0.1567422653091709,0.1047459290066125,0.1946098848049847,1136.0,1635.0,1298.0,11.36,16.35,12.98,17.082900721171516,28.733301968941173,16.482378484227432,2.749886361288408,0.09039389503191199,mouse657905far141,0.2017101710171017,0.6345634563456346,0.3351035103510352,1
mouse657905,far,138,0.0431669498927438,0.09764824612706599,0.0450255376118832,1.1471312594268157,2.659396194448426,3.209625042207042,0.2837260673994582,0.2878688365787783,0.3235610686488846,305.0,330.0,279.0,3.0500000000000003,3.3000000000000003,2.79,17.497796560725774,28.39047446476922,16.746623636118905,2.749886361288408,0.0771897104953899,mouse657905far138,0.2454545454545454,0.6869486948694872,0.395049504950495,1
mouse657905,far,144,0.0393202674134571,0.0369931609815065,0.2264394137432686,0.5009469470034396,4.222248123364731,6.20512788420112,0.2586068799669438,0.320410489208644,0.5874399699895504,294.0,211.0,17.0,2.94,2.11,0.17,17.497796560725774,28.39047446476922,16.746623636118905,2.749886361288408,0.0890753290315736,mouse657905far144,0.1423042304230424,0.7414941494149415,0.3742574257425742,1
mouse657905,far,227,0.077919134510496,0.0303211334209277,0.0850618813767193,5.15752998755225,2.5488813017786245,3.3935216301000284,0.3100203598637934,0.3337750252128881,0.3335757002041282,263.0,137.0,293.0,2.63,1.37,2.93,17.497796560725774,28.39047446476922,16.746623636118905,2.749886361288408,0.0522206526570268,mouse657905far227,0.1884788478847885,0.632943294329433,0.3388838883888391,1
mouse657905,far,152,0.023083543487994997,0.0279043216617644,0.0237965196258692,5.933849020229819,0.077454239795371,4.934826809940409,0.1608765877652779,0.1796924383462791,0.1494339820641896,1163.0,1005.0,1207.0,11.63,10.05,12.07,17.559179066473,28.628902353341513,16.91350331504345,2.7583962731993386,0.0657533734118513,mouse657905far152,0.2584158415841584,0.6758775877587759,0.3453645364536454,1
mouse657905,far,150,0.0384037774074481,0.049685815424232,0.057111853115354,3.3720737723763485,4.98071040109682,5.9278662806396865,0.3829704072786752,0.2428896590983914,0.2907057921888701,98.0,262.0,215.0,0.98,2.62,2.15,17.559179066473,28.628902353341513,16.91350331504345,2.7583962731993386,0.0719173052327794,mouse657905far150,0.1927992799279928,0.6602160216021603,0.3318631863186317,1
mouse657905,far,149,0.0531998067089704,0.0278225436694359,0.0481262204834809,4.7899986063112765,2.013682571400292,4.666995336099653,0.2848581020254181,0.3339906087774383,0.2252513117744103,425.0,376.0,313.0,4.25,3.7600000000000002,3.13,17.559179066473,28.628902353341513,16.91350331504345,2.7583962731993386,0.0868940341759807,mouse657905far149,0.1485148514851485,0.6772277227722774,0.3272727272727272,0
mouse657905,far,147,0.0986791020903927,0.0619526795595744,0.0467115762512961,3.3611822042034665,3.9494115470286117,3.5434036896334886,0.4307952434030344,0.2292216122610351,0.3572144894362695,142.0,572.0,109.0,1.42,5.72,1.09,17.464375216588152,27.63883054938529,17.04023998363991,2.7415780127510505,0.0861186530773291,mouse657905far147,0.1795679567956796,0.6094509450945096,0.3297029702970298,0
