mouse,probe_position,unitID,VL_pre,VL_stimOn,VL_post,angle_pre_ch15,angle_stimOn_ch15,angle_post_ch15,MMR_Pre,MMR_stimOn,MMR_Post,Nspikes_pre,Nspikes_StimOn,Nspikes_post,Fspikes_pre,Fspikes_StimOn,Fspikes_post,inst_amp_pre_peak_ch,inst_amp_StimOn_peak_ch,inst_amp_post_peak_ch,distance_peakch_stim_tip,error_waveform,universal_ID,waveform_halfwidth,waveform_duration,waveform_REP,cluster
mouse577578,far,265,0.0684309982768358,0.0759431757112524,0.0363003149356097,6.260688868951433,4.414114649951626,4.493653768637925,0.3255097749609322,0.3015030377495923,0.3481075489489337,235.0,174.0,274.0,2.35,1.74,2.74,39.54763014000756,196.702940145789,30.990969832895033,2.6068419591528755,0.0251951227824139,mouse577578far265,0.2241224122412242,0.7506750675067508,0.4895589558955894,1
mouse577578,far,264,0.0663572551636689,0.0525313643364255,0.0394644100430764,5.055528665598068,2.8483981913641503,5.255486688212124,0.2528372004515021,0.2255375038848802,0.2467757336979646,341.0,213.0,388.0,3.41,2.13,3.88,39.54763014000756,196.702940145789,30.990969832895033,2.6068419591528755,0.0308647478603078,mouse577578far264,0.1722772277227723,0.8117011701170118,0.4714671467146717,1
mouse577578,far,263,0.0434103622003069,0.0509485274938713,0.1300149972237065,5.4476810372608915,0.2608382961157982,4.860687547953195,0.29017868748687103,0.2911099915805676,0.5027019986897355,237.0,337.0,61.0,2.37,3.37,0.61,39.54763014000756,196.702940145789,30.990969832895033,2.6068419591528755,0.0294621034571501,mouse577578far263,0.2435643564356435,0.751755175517552,0.6394239423942393,1
mouse577578,far,262,0.027060152472768998,0.0703707661946488,0.1071692468378543,2.5403094039976457,0.550539338390148,4.9083642603740385,0.3297278043909747,0.3306455700074655,0.3219728716571864,194.0,168.0,279.0,1.94,1.68,2.79,39.54763014000756,196.702940145789,30.990969832895033,2.6068419591528755,0.028166329751770004,mouse577578far262,0.1606660666066606,0.4066606660666068,0.4898289828982898,0
mouse577578,far,271,0.0914525901077904,0.0356999505820621,0.1412371888356235,5.038735796955406,2.3017195404148723,4.333242959592839,0.35997548716977606,0.1712744916604338,0.3813945559986483,140.0,590.0,177.0,1.4000000000000001,5.9,1.77,40.163574890201424,200.51297501121482,31.39317761577157,2.6068419591528755,0.0644293726693328,mouse577578far271,0.18901890189018897,0.8146714671467148,0.5616561656165616,1
mouse577578,far,268,0.0057549719417615,0.0321053024134647,0.0297062134985451,2.9728993937166237,3.278800111450662,2.2377012031955283,0.1375884387139372,0.1442325478507816,0.1575384357251175,1090.0,1337.0,1194.0,10.9,13.370000000000001,11.94,40.163574890201424,200.51297501121482,31.39317761577157,2.6068419591528755,0.0303648235880775,mouse577578far268,0.1976597659765977,0.6045904590459048,0.3518451845184518,1
mouse577578,far,267,0.0496030746703104,0.0301216482717103,0.164467530056219,6.039252927655247,2.24528650258028,4.053010379316744,0.3495696140021342,0.2719170269816023,0.3725236629572269,172.0,393.0,216.0,1.72,3.93,2.16,40.163574890201424,200.51297501121482,31.39317761577157,2.6068419591528755,0.0137764122734407,mouse577578far267,0.1655265526552656,0.7377137713771379,0.4282628262826281,1
mouse577578,far,273,0.0162199581157657,0.0810471969637993,0.0814422603351177,5.468160913924663,0.6394460491304096,4.075721554974356,0.2186171021161499,0.3115021097221988,0.3113274527199098,365.0,330.0,354.0,3.65,3.3000000000000003,3.54,40.122939680644016,205.7658824130069,31.493098891873398,2.5938629493479413,0.0195349829841173,mouse577578far273,0.1882088208820882,0.8387038703870389,0.4466246624662465,1
mouse577578,far,275,0.029162577463649,0.0085600682291702,0.1093259794288891,6.205103168261782,2.8486559743397732,4.340134561794132,0.2166121071684491,0.2748341756114119,0.3364994148628523,589.0,226.0,241.0,5.89,2.2600000000000002,2.41,40.34877199887212,209.13578507184462,31.89620944613463,2.5896428325157124,0.0314625271668459,mouse577578far275,0.18901890189018897,0.7790279027902791,0.6683168316831681,1
mouse577578,far,281,0.0507088891973826,0.0322757521472681,0.0551108521668814,4.2200025416142335,1.0244311333189589,4.529043824985943,0.2295721959427897,0.1597396130180949,0.2718033089587436,469.0,880.0,366.0,4.69,8.8,3.66,39.55307123343936,209.751841122812,30.98412146089987,2.5896428325157124,0.0525210020452147,mouse577578far281,0.1782178217821782,0.8287128712871289,0.4887488748874887,1
mouse577578,far,282,0.0190677259427328,0.0508652300020204,0.1098463644411928,0.3070766701250373,4.511733401989258,5.0918424022293385,0.2973327142568226,0.3535723346059039,0.37404037935721995,326.0,428.0,257.0,3.2600000000000002,4.28,2.57,40.761889994706365,213.52270053289425,32.00437177161146,2.5813029655582858,0.0230699886357022,mouse577578far282,0.1882088208820882,0.8432943294329434,0.4528352835283528,1
mouse577578,far,283,0.043251225143136,0.045105390438001,0.0812100484130141,5.57960096679694,0.2458612231141758,4.189803927487533,0.2668539107473743,0.4606421642646129,0.2674625506292946,253.0,96.0,365.0,2.5300000000000002,0.96,3.65,40.761889994706365,213.52270053289425,32.00437177161146,2.5813029655582858,0.0624144450559018,mouse577578far283,0.2673267326732673,0.8762376237623763,0.6361836183618361,1
mouse577578,far,284,0.0823803819358685,0.0302424756045745,0.097864262072024,2.6721392575169682,3.608390585099768,3.5384389545725874,0.3430910817957446,0.2049617494385932,0.3796500792536824,266.0,608.0,167.0,2.66,6.08,1.67,40.761889994706365,213.52270053289425,32.00437177161146,2.5813029655582858,0.0509148198568966,mouse577578far284,0.2613861386138614,0.7598559855985599,0.7747074707470748,1
mouse577578,far,285,0.1966718595117287,0.0565305430435926,0.0631175640241162,6.057702937741377,0.9522851907224236,5.6367558920730545,0.4630625321707552,0.2572710691574016,0.3199505472506076,257.0,405.0,319.0,2.57,4.05,3.19,40.06509618619339,214.10239093090905,31.36041384182981,2.577304793771974,0.0364951782944841,mouse577578far285,0.2414041404140414,0.8686768676867688,0.5856885688568859,1
mouse577578,far,288,0.1156388270895573,0.0216373399335388,0.0999999079872526,5.052432917741481,0.7162805027318057,4.239455460790191,0.3239544266747971,0.1724543749034784,0.2955478657066163,321.0,732.0,394.0,3.21,7.32,3.94,40.06509618619339,214.10239093090905,31.36041384182981,2.577304793771974,0.0711508064544309,mouse577578far288,0.2111611161116111,0.7090909090909093,0.6340234023402339,1
mouse577578,far,291,0.0237908733988586,0.0262006107160845,0.1045883714164655,0.4200455905484878,1.5827523562319692,0.2859758698146895,0.3180481321499086,0.3521660790720402,0.32922203350904605,186.0,139.0,236.0,1.86,1.3900000000000001,2.36,40.789213225684755,219.083727216891,31.755639197263513,2.577304793771974,0.0219582275640002,mouse577578far291,0.1763276327632763,0.7298829882988299,0.5192619261926191,1
mouse577578,far,293,0.0441046185400289,0.0945452072081926,0.0862026857227614,5.471732740775703,5.902150808136913,0.6416606563142265,0.3313128203285969,0.288572312337527,0.3453982465724721,160.0,378.0,157.0,1.6,3.7800000000000002,1.57,39.818677507702105,219.0672940726106,31.395678248623508,2.60060089210167,0.073753648445433,mouse577578far293,0.116921692169217,1.0296129612961296,0.4639063906390639,1
mouse577578,far,478,0.030429910377365,0.056330645877682994,0.1075705507341881,2.8390824509998507,1.709472457615086,4.430494143211644,0.3136461354324301,0.5453692144879122,0.3400225187548901,207.0,78.0,142.0,2.07,0.78,1.42,40.009823675626585,223.6281183259669,31.51493705291521,2.5887979836209705,0.04424152656144001,mouse577578far478,0.2370837083708371,0.8473447344734475,0.588928892889289,1
mouse577578,far,302,0.0549035789978738,0.0629605745233402,0.0722858343385499,6.060514772424872,0.2254207032265824,3.1015519240668343,0.2250007635759936,0.5432691098800416,0.3068957431234793,380.0,70.0,181.0,3.8000000000000003,0.7000000000000001,1.81,40.009823675626585,223.6281183259669,31.51493705291521,2.5887979836209705,0.066168847213477,mouse577578far302,0.1747074707470747,0.9048604860486048,0.4279927992799283,1
mouse577578,far,479,0.1487251244018101,0.1874889093858317,0.11838724913330902,5.478088867977902,2.2217634920199627,3.2705897879522663,0.5406457609015141,0.4483480873661977,0.5030825041739603,118.0,86.0,59.0,1.18,0.86,0.59,40.009823675626585,223.6281183259669,31.51493705291521,2.5887979836209705,0.0663879974240327,mouse577578far479,0.2819081908190819,0.827902790279028,0.6969396939693969,1
mouse577578,far,315,0.0500380389813591,0.1272113585627597,0.0710767323349647,5.288532104829416,1.5361769415688133,4.274626366090935,0.2844358449940458,0.3588860969693329,0.2704689992811218,284.0,245.0,244.0,2.84,2.45,2.44,39.465341853527605,232.96027555971835,30.85314155154244,2.577426041615938,0.0258692648062505,mouse577578far315,0.1647164716471647,0.9126912691269128,0.4331233123312331,1
mouse577578,far,308,0.0799104292877203,0.0520905968262437,0.0308518815778218,0.7488007425744417,2.703404670625116,3.6434203350593597,0.4125020275015985,0.2520178147934555,0.2974916221129878,88.0,296.0,165.0,0.88,2.96,1.6500000000000001,39.803628520903374,241.13973219470432,31.01480717677468,2.577426041615938,0.0343090283122669,mouse577578far308,0.1903690369036903,0.8300630063006302,0.3923492349234924,1
mouse577578,far,321,0.0246058414255294,0.0123056213541368,0.0728020114273787,4.805204848330061,2.903541155918517,4.6775575495835815,0.1787003794096978,0.2028294521456528,0.2018225177504671,1630.0,880.0,821.0,16.3,8.8,8.21,39.43625327202703,240.58735614153358,30.4831601012057,2.5741503452595773,0.0235041650655043,mouse577578far321,0.1425742574257426,0.4855085508550856,0.2586858685868587,0
mouse577578,far,322,0.0310651804478985,0.0303447759952316,0.0344983029880997,1.372675308302545,4.9523008644893185,3.7977766242393796,0.1866051740412745,0.3004580151937661,0.2301845181852133,673.0,611.0,590.0,6.73,6.11,5.9,39.43625327202703,240.58735614153358,30.4831601012057,2.5741503452595773,0.034285104172179,mouse577578far322,0.3094509450945094,1.0042304230423045,0.7925292529252923,1
mouse577578,far,324,0.0320603373023123,0.126611527224178,0.0864075002150673,4.664640687746495,5.4062243487967505,4.415503820095577,0.27342971912055103,0.3372669458221713,0.3935948600155681,203.0,90.0,194.0,2.0300000000000002,0.9,1.94,39.43625327202703,240.58735614153358,30.4831601012057,2.5741503452595773,0.0153774678198416,mouse577578far324,0.1825382538253825,0.8565256525652566,0.4174617461746174,1
mouse577578,far,314,0.0490002188184602,0.0810530088771339,0.1224174591198864,5.391325322986775,0.1079208113813175,4.539840437951977,0.2598432528121451,0.3551651953615969,0.4334064563023651,295.0,121.0,140.0,2.95,1.21,1.4000000000000001,39.43625327202703,240.58735614153358,30.4831601012057,2.5741503452595773,0.0109193996069588,mouse577578far314,0.1706570657065707,0.7855085508550856,0.5662466246624663,1
mouse577578,far,325,0.0432331080203839,0.0783695163928604,0.1461759267307169,5.158687431912502,4.086340536466768,5.124598329747416,0.3224399330614275,0.2995751794383042,0.378493354923262,202.0,241.0,202.0,2.02,2.41,2.02,39.624371375965964,246.22566132914983,30.32918596068098,2.5741503452595773,0.0486400665350465,mouse577578far325,0.22196219621962196,0.6942394239423944,0.6216021602160219,1
mouse577578,far,326,0.0678781464670799,0.0524195082928819,0.0199853480587848,1.03348629342526,0.0138315266642205,0.0203505064249623,0.2941874847347275,0.2421240434563167,0.2490383332297945,230.0,288.0,267.0,2.3000000000000003,2.88,2.67,39.624371375965964,246.22566132914983,30.32918596068098,2.5741503452595773,0.0296710740386564,mouse577578far326,0.1857785778577858,0.7998199819981999,0.43285328532853296,1
mouse577578,far,327,0.0333772948168637,0.0897119991076227,0.1615061049320862,4.492585664678855,5.773128576763963,4.524601533029389,0.2513984784439562,0.3761432848240158,0.495154169583972,237.0,104.0,51.0,2.37,1.04,0.51,2.9784997551947936,8.74302834845823,2.679387681948786,2.5664907948403006,0.0472753308635683,mouse577578far327,0.2357335733573358,0.9024302430243024,0.4779477947794778,1
mouse577578,far,484,0.0353291070207996,0.006451068668821,0.0239746795418086,4.8338822081543515,2.262521872867293,4.775063242874385,0.2015095233466355,0.2387802966320465,0.2847298515507723,611.0,450.0,362.0,6.11,4.5,3.62,2.9784997551947936,8.74302834845823,2.679387681948786,2.5664907948403006,0.0482000434683832,mouse577578far484,0.21197119711971202,0.8724572457245726,0.5368136813681369,1
mouse577578,far,483,0.0501511221542445,0.0447353180963186,0.0829638598419399,5.0655677374378945,1.4501912120455678,5.100369942743316,0.2738375634154566,0.3085110418299744,0.325001842021903,279.0,394.0,192.0,2.79,3.94,1.92,2.9784997551947936,8.74302834845823,2.679387681948786,2.5664907948403006,0.0266352737418406,mouse577578far483,0.1720072007200721,0.8195319531953196,0.4082808280828084,1
mouse577578,far,328,0.0362531398648438,0.0216796856960723,0.0824998663914505,4.892644297000454,5.3745559074059654,5.3925996335271345,0.1820674368157416,0.1352990099641467,0.2482961816576549,848.0,791.0,674.0,8.48,7.91,6.74,2.9784997551947936,8.74302834845823,2.679387681948786,2.5664907948403006,0.0312713047562003,mouse577578far328,0.1647164716471647,0.5878487848784878,0.8505850585058509,1
mouse577578,far,332,0.0544143915246831,0.042687162112251,0.0685814946313222,5.6217613729071525,4.636696478013553,4.796142643167499,0.261394355399335,0.2407531542614151,0.2157382726131265,845.0,517.0,614.0,8.45,5.17,6.140000000000001,40.18314186788232,192.90222285634871,31.227860379152347,2.5871074581470332,0.0778959652636934,mouse577578far332,0.2735373537353736,0.8432943294329436,0.4412241224122414,1
mouse577578,far,331,0.024204703139,0.1608202117385623,0.1737348585571503,3.0738152322592884,4.569039490954793,5.107873854836623,0.2821907521067092,0.3946449617326644,0.4652336409630727,207.0,103.0,59.0,2.07,1.03,0.59,40.18314186788232,192.90222285634871,31.227860379152347,2.5871074581470332,0.0494876151570509,mouse577578far331,0.261926192619262,0.9137713771377138,0.5192619261926191,1
mouse577578,far,336,0.0654259503523213,0.1098459869438745,0.2487949145288296,5.0894809684551845,4.4751054053697095,2.9877919913899618,0.3634198608382089,0.4010014264131556,0.4484606512140803,137.0,134.0,117.0,1.37,1.34,1.17,39.24215269898983,259.16439475511083,29.08770077514822,2.5871074581470332,0.0185891710923741,mouse577578far336,0.1612061206120612,0.8141314131413142,0.4396039603960399,1
mouse577578,far,513,0.0784380844141671,0.0787859651765956,0.0505727505697433,2.030598090844384,3.3503679044102532,3.2304708450289863,0.3510178411249003,0.4324375122654716,0.4661536098583202,179.0,149.0,47.0,1.79,1.49,0.47000000000000003,38.898536324805114,261.74155224945497,29.34306541532689,2.576941016011038,0.0874474559334977,mouse577578far513,0.2324932493249325,0.8821782178217824,0.476057605760576,1
mouse577578,far,487,0.0447105182516564,0.1036517122050945,0.1376977305864056,0.2775806258933986,5.898818064831032,4.1221111136977004,0.3053661948468365,0.4995500223210873,0.4300361640548923,246.0,76.0,124.0,2.46,0.76,1.24,38.90595073064243,267.2980764768927,28.551301945871568,2.576941016011038,0.0362858131681644,mouse577578far487,0.1644464446444644,0.794959495949595,0.4425742574257426,1
mouse577578,far,348,0.0451329936414187,0.015891767739763002,0.0522353249833473,4.478418796107407,2.9962102901757866,4.5535973754451335,0.1468834918187841,0.2038171650816881,0.1638386795858347,2296.0,724.0,1206.0,22.96,7.24,12.06,37.841331958443,274.79800513859277,27.246017012632734,2.5672212604292604,0.0348938570946403,mouse577578far348,0.1493249324932494,0.2794779477947795,0.2295229522952295,0
mouse577578,far,353,0.0180315535775554,0.0198353059337336,0.0324657417742281,3.3611490197545453,4.224880285995779,5.289572367265379,0.19552573992893,0.1601072876431508,0.2124564051839353,1064.0,665.0,592.0,10.64,6.65,5.92,37.817971477475645,281.55314389681337,27.016657212925736,2.5672212604292604,0.0616288881089859,mouse577578far353,0.2127812781278127,0.6110711071107112,0.3318631863186319,1
mouse577578,far,350,0.0810719730465008,0.010301498584986,0.0736429459998859,5.378034680541044,5.9734578850199735,5.494385316099295,0.2345674773007192,0.2494789833415668,0.1804805913584305,1004.0,289.0,1162.0,10.040000000000001,2.89,11.620000000000001,37.817971477475645,281.55314389681337,27.016657212925736,2.5672212604292604,0.0570208531201179,mouse577578far350,0.1428442844284428,0.36507650765076505,0.2405940594059408,0
mouse577578,far,356,0.0423874022273619,0.006653377128498,0.0743192345586378,5.86836048950277,3.0639406961633684,5.107536843424796,0.1307289435607876,0.1226148273711717,0.1823287899483249,1791.0,1191.0,1262.0,17.91,11.91,12.620000000000001,37.69378766633944,284.47273384160735,26.901134572404327,2.5672212604292604,0.0629930090265394,mouse577578far356,0.2306030603060306,0.7074707470747076,0.3918091809180921,1
mouse577578,far,359,0.0452073744369261,0.0639261633525887,0.1580654934462858,4.5388712699906275,5.818751594473838,5.015329818791949,0.2232928314676304,0.3418099154044836,0.3592962935484527,534.0,280.0,534.0,5.34,2.8000000000000003,5.34,37.801010702279896,288.7248018468186,26.109076082663364,2.5649074057361214,0.0486161274273779,mouse577578far359,0.1277227722772278,0.9070207020702072,0.4080108010801081,1
mouse577578,far,365,0.0773590724062373,0.0908708850038212,0.1952428878205055,4.868200508317797,3.5418650439696098,5.214016903465815,0.3138022311114266,0.4428892719150373,0.4201338072926657,297.0,91.0,173.0,2.97,0.91,1.73,37.801010702279896,288.7248018468186,26.109076082663364,2.5649074057361214,0.0618201287632777,mouse577578far365,0.1725472547254726,0.7792979297929795,0.4093609360936093,1
mouse577578,far,362,0.0712595406038154,0.0455048240949509,0.1628255727721417,4.678370873627647,2.492134077964905,5.267191846518248,0.21714612942473102,0.2647162831433686,0.3058444846731512,916.0,438.0,1028.0,9.16,4.38,10.28,37.661910575921205,292.16544112400913,26.137074924732733,2.5579532833888896,0.0985851681021445,mouse577578far362,0.2365436543654365,0.6928892889288929,0.8403240324032403,1
mouse577578,far,370,0.0133197355227678,0.0255896885592677,0.0197191971110005,3.14537300277256,6.036532532399039,5.1331742980539765,0.150667446028069,0.1667994893042926,0.1387564095839823,1022.0,952.0,775.0,10.22,9.52,7.75,37.53585933036643,300.3725068475859,25.391521804184233,2.581908209057789,0.0399308642497503,mouse577578far370,0.1957695769576958,0.5198019801980198,0.3070207020702071,0
mouse577578,far,368,0.0783878972374843,0.0312601750139996,0.1231811301995888,5.620263383097327,4.9871790810119965,5.061114794076825,0.2322012875285421,0.1771868996062169,0.2739548803620505,1027.0,919.0,1052.0,10.27,9.19,10.52,37.53585933036643,300.3725068475859,25.391521804184233,2.581908209057789,0.0221252270605963,mouse577578far368,0.1622862286228622,0.5470747074707472,0.3207920792079208,0
mouse577578,far,490,0.0490971614811822,0.0951852617665157,0.1534350355472507,0.3205352638601758,6.236800749860581,5.246975162609918,0.3209086090785553,0.3512748681976535,0.3909984763700647,257.0,120.0,200.0,2.57,1.2,2.0,37.53585933036643,300.3725068475859,25.391521804184233,2.581908209057789,0.0915263245573409,mouse577578far490,0.2797479747974798,0.6961296129612963,0.3920792079207923,1
mouse577578,far,374,0.1135100134254363,0.0231873190181016,0.043188868508199994,4.18436428689448,1.8159987973365919,3.1629532877682305,0.3406477295343525,0.3546454008194873,0.253453196248678,296.0,139.0,277.0,2.96,1.3900000000000001,2.77,37.08322841724089,309.00063632787703,24.76449609780743,2.5798498018295564,0.0495024324164409,mouse577578far374,0.1736273627362736,0.8457245724572461,0.2948694869486946,1
mouse577578,far,309,0.2677530707387822,0.0145205817853602,0.2769440817519151,3.0609524479686003,5.16985113419089,5.240491119085222,0.541166166877825,0.3408298893722312,0.5709943148214881,60.0,251.0,31.0,0.6,2.5100000000000002,0.31,39.421289595768364,229.75507671231202,31.081019158165823,2.5887979836209705,0.031960004654357,mouse577578far309,0.2292529252925292,0.7938793879387941,0.6002700270026999,1
mouse577578,far,311,0.0205095069899909,0.0388183843180346,0.0744013490849854,0.7339887595985133,2.8022703583044666,4.375622679868338,0.1785492609619297,0.3267142653556405,0.4619864714253674,438.0,178.0,99.0,4.38,1.78,0.99,40.235130798293106,233.6184894822381,31.194971251804123,2.577426041615938,0.0324420395365787,mouse577578far311,0.1895589558955895,0.8189918991899191,0.5495049504950494,1
mouse577578,far,286,0.0554651499967934,0.0219927930416318,0.0716123971881527,6.1768832596830805,0.1827714514522952,4.401237213639883,0.3851175921896054,0.2560875411013483,0.2626692669711833,167.0,290.0,268.0,1.67,2.9,2.68,40.06509618619339,214.10239093090905,31.36041384182981,2.577304793771974,0.0733842924515049,mouse577578far286,0.2133213321332133,0.8457245724572459,0.5265526552655267,1
mouse577578,far,300,0.1533530275698463,0.2035250125152532,0.2529092384495086,4.809486333347191,4.397756506829335,5.961798160223713,0.42596525616787606,0.5798975513444428,0.527985826314134,95.0,57.0,46.0,0.9500000000000001,0.5700000000000001,0.46,40.009823675626585,223.6281183259669,31.51493705291521,2.5887979836209705,0.0341968114535002,mouse577578far300,0.1798379837983797,0.8538253825382539,0.3450945094509449,1
mouse577578,far,481,0.0596882543840643,0.0187621146839211,0.0887126134070722,4.75268252873645,4.789046709649459,5.545710785693698,0.3161273457997839,0.2158549067303797,0.2761565496319462,195.0,731.0,300.0,1.95,7.3100000000000005,3.0,39.43625327202703,240.58735614153358,30.4831601012057,2.5741503452595773,0.0505251703030964,mouse577578far481,0.26003600360035994,0.8886588658865887,0.5073807380738075,1
mouse577578,far,364,0.0541362266974471,0.0811589437658052,0.5054509184214523,5.6623230371101325,0.2554713704372899,5.327836681722255,0.2466345544749304,0.3423660683570369,0.6449604249802883,232.0,52.0,50.0,2.32,0.52,0.5,37.661910575921205,292.16544112400913,26.137074924732733,2.5579532833888896,0.0652335091906116,mouse577578far364,0.1973897389738974,0.8972997299729976,0.5759675967596757,1
mouse577578,far,477,0.1733425493027865,0.0455377836295816,0.0839510002492381,0.1893440221596081,1.9556245884961057,5.885340394462996,0.4507804959352319,0.2701815952386397,0.4339410474994597,64.0,141.0,70.0,0.64,1.41,0.7000000000000001,40.06509618619339,214.10239093090905,31.36041384182981,2.577304793771974,0.0152253854777084,mouse577578far477,0.1263726372637263,0.6113411341134115,0.6675067506750675,1
mouse577578,far,306,0.0526889108242569,0.1053873217749047,0.1263779481020309,4.568811464057781,1.7204421585651406,6.237053239341799,0.4522873861402638,0.5861337984371509,0.5634681417894176,59.0,97.0,43.0,0.59,0.97,0.43,40.37032947084171,229.26425882824697,31.450156366614532,2.5887979836209705,0.0619577649293838,mouse577578far306,0.2184518451845185,0.7938793879387941,0.5319531953195319,1
mouse598180,far,2,0.0601399411255465,0.0561032533669793,0.0729397905160517,3.9465809159115928,3.4254532970806335,3.8528402993830153,0.1988758183779615,0.1790360687162047,0.2498300232334647,916.0,794.0,872.0,9.16,7.94,8.72,24.451892978108788,133.31024211208114,26.82826806218982,1.8201991649267395,0.0116354071867242,mouse598180far2,0.2225022502250225,0.6637263726372639,0.4161116111611164,1
mouse598180,far,3,0.1769288942022746,0.0881560397908845,0.1311551429398721,3.7474922544966662,2.234929037550791,1.506577214309496,0.4978204838871049,0.3347229719390346,0.4389751617797588,78.0,128.0,139.0,0.78,1.28,1.3900000000000001,24.451892978108788,133.31024211208114,26.82826806218982,1.8201991649267395,0.0294112936168836,mouse598180far3,0.1792979297929793,0.7579657965796581,0.3926192619261924,1
mouse598180,far,4,0.0314493673754674,0.0276273704039821,0.09312739885380099,5.522572932048527,3.364587175576393,4.066792613602159,0.1596316052910989,0.18510651133260297,0.2606223375878871,1177.0,1113.0,1038.0,11.77,11.13,10.38,24.451892978108788,133.31024211208114,26.82826806218982,1.8201991649267395,0.021446011893834,mouse598180far4,0.2427542754275428,0.7876687668766877,0.3885688568856887,1
mouse598180,far,8,0.0395960283937934,0.0175963541673309,0.0397755758794059,3.9186787524607123,3.437123950035045,3.483565365330314,0.2335060841596459,0.2768275279303738,0.2506515449933394,336.0,362.0,463.0,3.36,3.62,4.63,22.623370032344603,174.65276737780476,25.0319838768839,1.8148691412881537,0.0301903767994652,mouse598180far8,0.2030603060306031,0.7034203420342036,0.38505850585058504,1
mouse598180,far,88,0.0781699172397468,0.1100132056927164,0.0612571617085188,1.058561261964147,2.2907983957599245,0.0839448295258635,0.3007530600318249,0.3733061827000218,0.3497188959240884,160.0,195.0,219.0,1.6,1.95,2.19,22.623370032344603,174.65276737780476,25.0319838768839,1.8148691412881537,0.0437641238319183,mouse598180far88,0.19387938793879397,0.6783078307830784,0.4234023402340233,1
mouse598180,far,5,0.0473950521183448,0.0620462950843572,0.0720914360016328,3.7849427089061236,4.334618615973012,3.8505770185047434,0.274357585384969,0.1956318229744847,0.2777759180301309,331.0,364.0,344.0,3.31,3.64,3.44,22.623370032344603,174.65276737780476,25.0319838768839,1.8148691412881537,0.0228490117938761,mouse598180far5,0.1590459045904589,0.6515751575157517,0.3464446444644463,0
mouse598180,far,6,0.1326692188858792,0.1690270665435245,0.1036482981866015,3.6958462146569406,4.64918038273346,3.4988412034794587,0.4188901066076097,0.4095269659740054,0.3243469615054784,94.0,141.0,310.0,0.9400000000000001,1.41,3.1,22.623370032344603,174.65276737780476,25.0319838768839,1.8148691412881537,0.0240895553073467,mouse598180far6,0.1828082808280827,0.6140414041404142,0.3936993699369938,1
mouse598180,far,10,0.0921528243749515,0.1201238740691942,0.0541350001139727,1.6672642754449236,2.036444131550593,3.9341201121789413,0.2389124576633771,0.29207572628613204,0.3280054085419248,419.0,366.0,318.0,4.19,3.66,3.18,22.77090869753845,171.83811829790037,24.9683304975407,1.8148691412881537,0.0595443810902914,mouse598180far10,0.2835283528352836,0.7936093609360938,0.3796579657965798,1
mouse598180,far,11,0.0240438055261843,0.1047615074097651,0.0424294895572418,1.2113630894041725,3.309535374193846,0.9396339834992332,0.4873910215919003,0.4843042317349688,0.4384757512707873,82.0,130.0,86.0,0.8200000000000001,1.3,0.86,22.970018181745232,171.5019797742612,25.504565635404877,1.8093507122722232,0.0195499972894639,mouse598180far11,0.2368136813681368,0.7401440144014402,0.5702970297029705,1
mouse598180,far,12,0.0262519473840764,0.0969089545660672,0.0920896722827459,2.764290259630384,5.415197232559611,3.816052577805675,0.1625199663517909,0.2536671767215278,0.3001178019735094,797.0,611.0,669.0,7.97,6.11,6.69,22.970018181745232,171.5019797742612,25.504565635404877,1.8093507122722232,0.0263261074611004,mouse598180far12,0.317011701170117,0.7420342034203421,0.413951395139514,1
mouse598180,far,92,0.0397375381315964,0.0453865517733744,0.0144404856570598,2.5522947447515256,2.7941830842277557,2.8611618565589505,0.1808130857626377,0.2152588618067754,0.2292637178510957,546.0,479.0,547.0,5.46,4.79,5.47,22.970018181745232,171.5019797742612,25.504565635404877,1.8093507122722232,0.0153516820239138,mouse598180far92,0.2095409540954096,0.6855985598559857,0.4288028802880287,1
mouse598180,far,91,0.1514758174076913,0.02306328202521,0.1064609444023197,2.7812016037959886,4.915701715110021,3.5517725598180085,0.4808365590010371,0.3172443911197017,0.4619189483464124,89.0,150.0,175.0,0.89,1.5,1.75,22.970018181745232,171.5019797742612,25.504565635404877,1.8093507122722232,0.030094854844982998,mouse598180far91,0.2233123312331233,0.8168316831683169,0.4458145814581459,1
mouse598180,far,15,0.0702918001539386,0.0862993028164567,0.1290111987216183,5.3771337953605745,3.4614601179377686,4.640235146509968,0.3528523922064687,0.303511121701323,0.4050526698290714,193.0,310.0,359.0,1.93,3.1,3.59,22.956325816829967,167.1241523740768,25.307197094301337,1.8093507122722232,0.0377078669073991,mouse598180far15,0.2362736273627362,0.6828982898289829,0.43879387938793896,1
mouse598180,far,16,0.0853625126950379,0.0835648135823421,0.0585966766915904,4.062313142522976,3.1354194354650553,2.7189294678086973,0.2456345201096604,0.2681424680793934,0.322945135511365,529.0,550.0,425.0,5.29,5.5,4.25,22.956325816829967,167.1241523740768,25.307197094301337,1.8093507122722232,0.0160935696544057,mouse598180far16,0.2268226822682268,0.7301530153015302,0.4544554455445545,1
mouse598180,far,93,0.1254684990841764,0.0416213874361714,0.1768435762373888,2.9334443033491002,0.8828692246036,5.590558711390114,0.4621709041183947,0.4003070220304979,0.4541572539579874,62.0,153.0,93.0,0.62,1.53,0.93,22.956325816829967,167.1241523740768,25.307197094301337,1.8093507122722232,0.0431598160791843,mouse598180far93,0.1744374437443744,0.6945094509450945,0.4182718271827185,1
mouse598180,far,18,0.0377549432639801,0.0109148600235932,0.0465250668270226,0.7407315263115516,4.395541411510503,3.3572772673122904,0.23684784121863398,0.2155325295307139,0.2075106344052977,347.0,388.0,413.0,3.47,3.88,4.13,23.1755734582438,165.737984301445,25.746718462879663,1.8292758129926718,0.018415282402069,mouse598180far18,0.1882088208820882,0.7323132313231323,0.3909990999099914,1
mouse598180,far,23,0.07618240366718901,0.0518738335459899,0.0778370906461856,3.4993178356558663,3.328338402134214,1.2017427437991326,0.3199338072154543,0.3068767176724624,0.3427554809720741,116.0,227.0,154.0,1.16,2.27,1.54,23.293677441936808,164.63147700754394,25.869709248949427,1.829104972384035,0.0382116300708794,mouse598180far23,0.253015301530153,0.7522952295229524,0.4290729072907292,1
mouse598180,far,28,0.0321791946205141,0.0362613028434706,0.0733329579380982,3.5761341422015342,1.3771735482046474,2.5776215742724427,0.2148696476609826,0.2665238824887856,0.244678519873753,457.0,421.0,715.0,4.57,4.21,7.15,23.29876063683495,159.65942355202768,25.755576661892697,1.829104972384035,0.0540951068616802,mouse598180far28,0.1722772277227723,0.6804680468046806,0.4782178217821781,1
mouse598180,far,29,0.0205277920670452,0.0449457786871901,0.0759494332746486,6.1254516451732375,3.5447827972492383,5.191127699608735,0.3922491605333354,0.34760245389629996,0.3717741653857763,112.0,166.0,192.0,1.12,1.6600000000000001,1.92,23.29876063683495,159.65942355202768,25.755576661892697,1.829104972384035,0.07140713237684401,mouse598180far29,0.332943294329433,0.8009000900090011,0.4301530153015304,1
mouse598180,far,26,0.17320971550075598,0.0687250846507466,0.2035833242113266,4.620483549974232,2.0614553165862968,4.450851277500085,0.3711864547190161,0.2244174693325285,0.3436137221967609,184.0,284.0,401.0,1.84,2.84,4.01,23.29876063683495,159.65942355202768,25.755576661892697,1.829104972384035,0.0222294700811419,mouse598180far26,0.1247524752475247,0.2611161116111612,0.2073807380738074,0
mouse598180,far,27,0.0912338431351651,0.0828887122269224,0.0469787806449294,2.763197329596495,5.515151771032595,0.1245164213496408,0.3758572306507106,0.3463770201377834,0.4801977174462252,117.0,148.0,156.0,1.17,1.48,1.56,23.29876063683495,159.65942355202768,25.755576661892697,1.829104972384035,0.0129053597511715,mouse598180far27,0.16903690369036903,0.655895589558956,0.3450945094509453,1
mouse598180,far,32,0.041909146949393995,0.0243839382046388,0.032924678399744,2.8624092154799134,4.202571416915301,3.7902232722090443,0.1514096738913281,0.1356646820993401,0.1050931361065203,2164.0,2149.0,2342.0,21.64,21.490000000000002,23.42,23.43348139747896,158.72966729448336,26.044819802374807,1.8248287590894658,0.0156887232731051,mouse598180far32,0.1960396039603961,0.7363636363636364,0.4074707470747075,1
mouse598180,far,36,0.0805306712697816,0.0404506051780084,0.0892637680397327,4.013154840288097,3.5815991666830254,4.1109375660516365,0.230945296928256,0.2804189059134394,0.2938855907514062,490.0,432.0,558.0,4.9,4.32,5.58,23.976437942483845,155.7087506657494,26.347556122486786,1.8496621313093915,0.0251470212780216,mouse598180far36,0.1833483348334834,0.5729972997299732,0.2829882988298831,0
mouse598180,far,34,0.1221862895288519,0.015117085714271,0.14923321609733098,3.4834948706238995,2.18261246425068,4.550804719369909,0.3822986482381468,0.2739749767418086,0.3925365009666058,138.0,136.0,198.0,1.3800000000000001,1.36,1.98,23.976437942483845,155.7087506657494,26.347556122486786,1.8496621313093915,0.0554394646609194,mouse598180far34,0.1825382538253825,0.6423942394239426,0.6035103510351035,1
mouse598180,far,49,0.0871321049582645,0.0279717098118586,0.10749482305246501,4.367837675513329,3.7631284783350587,4.431224815156144,0.2534122493376048,0.1543099661516517,0.3241080737054909,528.0,768.0,673.0,5.28,7.68,6.73,23.562767961134657,152.89557996502018,26.214113891445304,1.8457721961282223,0.0276666499769358,mouse598180far49,0.1765976597659766,0.3094509450945094,0.2392439243924393,0
mouse598180,far,40,0.0699604257256249,0.0361306284518133,0.09226395310845599,4.784724374610334,3.62051702327437,4.745983412468923,0.18649642800937302,0.1525057944831434,0.2428543486711045,1057.0,1175.0,995.0,10.57,11.75,9.950000000000001,23.562767961134657,152.89557996502018,26.214113891445304,1.8457721961282223,0.0121081011237566,mouse598180far40,0.1477047704770476,0.3264626462646265,0.2306030603060307,0
mouse598180,far,96,0.0536591546196965,0.1757021398666145,0.0754452080327592,5.905414580803509,2.3814457822267063,4.762864884401768,0.3765480287843595,0.4140188152811998,0.3479457127383608,201.0,236.0,224.0,2.0100000000000002,2.36,2.24,23.562767961134657,152.89557996502018,26.214113891445304,1.8457721961282223,0.0257240464465756,mouse598180far96,0.2044104410441044,0.7549954995499549,0.3769576957695769,1
mouse598180,far,39,0.0173952861966905,0.0842980100722895,0.0629886470641691,5.08312190311346,2.787364112610647,1.175745826019272,0.1980725067430614,0.2548567312503845,0.2776464302624312,482.0,462.0,475.0,4.82,4.62,4.75,23.562767961134657,152.89557996502018,26.214113891445304,1.8457721961282223,0.0195380758761811,mouse598180far39,0.2824482448244825,0.7209720972097209,0.4412241224122414,1
mouse598180,far,44,0.0346467689564102,0.0859132084768904,0.0956894537121659,2.6512254160684208,5.026448897375945,1.261910248899439,0.2207663711894106,0.3062665688635064,0.3890256595274934,408.0,300.0,243.0,4.08,3.0,2.43,23.815017713443197,150.57870798629992,26.41277936998065,1.8462800437636755,0.0357493795568401,mouse598180far44,0.2284428442844284,0.7074707470747077,0.4317731773177317,1
mouse598180,far,46,0.01884919280837,0.0397381442086865,0.0429571089113362,1.5596194077493977,5.476017871374097,0.5881590642828108,0.2262640783583101,0.3176692140650009,0.2961038112213836,558.0,258.0,367.0,5.58,2.58,3.67,24.29534840323955,147.51108568931468,26.86617759856591,1.8462800437636755,0.0414936919845928,mouse598180far46,0.1838883888388839,0.8570657065706573,0.4552655265526552,1
mouse598180,far,47,0.0297965116608752,0.0807290684742556,0.0288572341211167,1.4911999289156028,0.4311959001898769,2.869077341981469,0.3752867475864951,0.4440316537743509,0.2784138550405762,67.0,122.0,179.0,0.67,1.22,1.79,24.29534840323955,147.51108568931468,26.86617759856591,1.8462800437636755,0.0512446647497845,mouse598180far47,0.2605760576057606,0.8346534653465348,0.5030603060306029,1
mouse598180,far,50,0.0512022337869332,0.1054079857173817,0.0168239744658862,3.0325642619123085,4.7845755892250965,1.3032655177214068,0.3318493697052283,0.3751607622109761,0.2668167291208013,215.0,197.0,194.0,2.15,1.97,1.94,24.055873891171842,142.76271839612497,26.758613483134884,1.8427221711370383,0.0195190821803819,mouse598180far50,0.1768676867686769,0.662916291629163,0.55004500450045,1
mouse598180,far,51,0.1099291940258088,0.0408535755849994,0.1052468961749814,3.6751169650214615,2.6391670865766734,5.121709761275138,0.3810567537856572,0.3791721394195045,0.3779465679452256,212.0,175.0,156.0,2.12,1.75,1.56,24.055873891171842,142.76271839612497,26.758613483134884,1.8427221711370383,0.0250320597394604,mouse598180far51,0.1741674167416741,0.8684068406840685,0.4957695769576961,1
mouse598180,far,52,0.0757288054063271,0.0279969195981791,0.0777727696192972,2.1982050468233103,0.0091141851156106,4.496667844265905,0.3679212098919276,0.3707297646001121,0.3154399991807797,151.0,107.0,181.0,1.51,1.07,1.81,24.45762610503825,140.9487542698806,27.106092280389014,1.868321439153338,0.026196823688921,mouse598180far52,0.187128712871287,0.8357335733573359,0.5581458145814581,1
mouse598180,far,53,0.0717696072138395,0.0225470093837766,0.1048172611930735,4.67864714978402,0.5519175212691766,4.901395068639033,0.303870571194002,0.2592167229166179,0.3101993166760365,222.0,266.0,216.0,2.22,2.66,2.16,24.34452190897036,140.6674468213942,27.15209375607625,1.8651407453594488,0.0311763797814805,mouse598180far53,0.1698469846984698,0.7860486048604861,0.3561656165616563,1
mouse598180,far,56,0.0347701162201616,0.0343695918552175,0.0318831443548379,5.2336605491651715,0.1263634227809999,0.9880794245101792,0.5241714826277941,0.3095840588904433,0.2061243990757705,71.0,170.0,335.0,0.71,1.7,3.35,24.231904084775728,135.13181299540364,26.782902164229696,1.8651407453594488,0.0387638594044541,mouse598180far56,0.1571557155715571,0.8422142214221424,0.4088208820882087,1
mouse598180,far,59,0.0790449106757192,0.0190361007396078,0.0476159142029271,5.3007236188901885,2.728336150329377,4.427869283896466,0.2932098490638358,0.2231416709961965,0.2902869767698975,243.0,347.0,387.0,2.43,3.47,3.87,22.115684097497052,80.70094177127321,23.80174448393796,1.8634645153584224,0.0180814532898351,mouse598180far59,0.1698469846984699,0.9432043204320434,0.4266426642664266,1
mouse598180,far,60,0.0285521618197627,0.0380054042194574,0.0998640609363595,4.530873367163552,5.178916081085363,4.5426129725795725,0.2377910017076455,0.241929749078952,0.2746405443608914,505.0,374.0,499.0,5.05,3.74,4.99,22.50616987976338,79.69789974029001,23.89596203621301,1.888286260078169,0.0203577601537406,mouse598180far60,0.1339333933393339,0.7355535553555357,0.3226822682268225,0
mouse598180,far,64,0.0975357762158894,0.0941689558594084,0.0765579909576485,3.7868709412954487,2.0146807606329884,3.8176717485010094,0.4963418204079916,0.3915262136400396,0.3561092830022344,85.0,126.0,181.0,0.85,1.26,1.81,24.2473630538512,131.24616445159242,26.642835877901067,1.888286260078169,0.0490274971507222,mouse598180far64,0.1879387938793879,0.8484248424842485,0.4911791179117913,1
mouse598180,far,62,0.027653615189017003,0.0489629959817385,0.1029855731994519,4.8857056896633875,0.4793896506450784,5.333230301311838,0.2395755141189993,0.2788869831091413,0.3350125876469034,527.0,263.0,342.0,5.2700000000000005,2.63,3.42,24.448831625729643,126.95763171462052,27.150470332282,1.8872930350107269,0.0248937004883747,mouse598180far62,0.2144014401440144,0.9054005400540056,0.4979297929792979,1
mouse598180,far,69,0.131998234684902,0.203625255347719,0.065995254870632,4.501793891025111,4.091512157554177,4.642123613453082,0.3731555593450031,0.4159958931811639,0.3973393640527341,99.0,131.0,105.0,0.99,1.31,1.05,24.525163168664648,126.99367049559065,27.298417365690327,1.8872930350107269,0.0200773221151849,mouse598180far69,0.1541854185418542,0.7512151215121512,0.3504950495049505,1
mouse598180,far,71,0.1286048687481966,0.024473713692072,0.0675266782347128,5.1698449467577205,4.823578983043049,4.387158051705131,0.4020949178823991,0.2771142824043837,0.2767947645535737,190.0,213.0,162.0,1.9000000000000001,2.13,1.62,24.590118265455718,125.90381303097044,27.104819579898056,1.8872930350107269,0.0107268323396167,mouse598180far71,0.15391539153915398,0.7393339333933394,0.38991899189919005,1
mouse598180,far,73,0.0339842020159985,0.0281973669173773,0.0910357262766686,3.9221729704712702,3.2170495222225024,5.212752970050569,0.1902156528518698,0.1975289065838414,0.2686719536416925,586.0,392.0,567.0,5.86,3.92,5.67,24.16707627725242,120.29407494720331,26.845462961907224,1.8872930350107269,0.0388336433781033,mouse598180far73,0.1590459045904591,0.8462646264626466,0.5846084608460843,1
mouse598180,far,101,0.1016050476959218,0.0179699303511354,0.1100992883556922,4.738214064154484,3.4040230258375015,4.727489431344152,0.2326495315836055,0.0855459715473098,0.2583264481606125,1774.0,2510.0,2336.0,17.740000000000002,25.1,23.36,22.835655389357647,93.336631610415,24.50315563240925,1.939555361416632,0.0057156973688468,mouse598180far101,0.1236723672367237,0.2611161116111611,0.1663366336633663,0
mouse598180,far,38,0.0711867562383664,0.0185652542531205,0.0317273100311966,4.354241750033686,4.622302491076954,3.087801612195293,0.26568043009992,0.1753232724601157,0.2999054255951413,453.0,488.0,318.0,4.53,4.88,3.18,23.562767961134657,152.89557996502018,26.214113891445304,1.8457721961282223,0.0682042478878689,mouse598180far38,0.2481548154815481,0.7072007200720073,0.4944194419441944,1
mouse598180,far,82,0.0185396202909809,0.0648840118577914,0.0221052452519511,3.3685563243115744,2.6881755201736253,5.605396161347934,0.4256256056792999,0.2687239692789747,0.2947378042034806,130.0,204.0,183.0,1.3,2.04,1.83,23.421790358420765,107.20367038309587,26.003146910569825,1.9106608804285496,0.0252080395203019,mouse598180far82,0.1090909090909091,0.3945094509450946,0.2446444644464445,0
mouse598180,far,17,0.0816145130104167,0.2168806823091905,0.1358504888094373,2.9725268324057383,1.4809060880185263,4.022302780300333,0.3174211681169485,0.5922013356781335,0.4653639622403319,192.0,63.0,64.0,1.92,0.63,0.64,22.956325816829967,167.1241523740768,25.307197094301337,1.8093507122722232,0.0192583453603297,mouse598180far17,0.1495949594959496,0.5767776777677769,0.3226822682268226,0
mouse598180,far,33,0.2493254061466605,0.1412381327592248,0.0827735316531991,1.603250971201155,3.9308249871646574,1.3484649871177574,0.47590533829244,0.4890523135083976,0.5168962186820648,61.0,140.0,80.0,0.61,1.4000000000000001,0.8,23.344435063206983,158.8172630111582,26.044789343642773,1.825,0.0175799706431517,mouse598180far33,0.1852385238523852,0.7123312331233125,0.4990099009900989,1
mouse598180,far,98,0.0360231585540559,0.1574466824535292,0.1210901630906838,4.050328852742084,5.305959979764894,0.3883116945872193,0.3973919431114546,0.4510792470160236,0.4518889613783925,93.0,78.0,53.0,0.93,0.78,0.53,24.231904084775728,135.13181299540364,26.782902164229696,1.8651407453594488,0.0332930249741639,mouse598180far98,0.1671467146714672,0.7909090909090909,0.3942394239423944,1
mouse622179,far,53,0.0299389743838937,0.061739650896141994,0.0216249409875899,5.842328064297688,3.7743126255050528,3.4741330788995266,0.1081402241941011,0.1834095990064873,0.1546185764096369,1463.0,1190.0,1251.0,14.63,11.9,12.51,48.67427464298746,73.82058603759523,48.03162052293296,2.4204854884919267,0.0173454558897556,mouse622179far53,0.19495949594959502,0.3453645364536454,0.2481548154815481,0
mouse622179,far,61,0.0448395280581467,0.0402445829059919,0.0147076144027243,5.144596202348494,3.4054007705793237,3.0443428124638805,0.1934046034411659,0.2236362438327118,0.1727658504533413,1271.0,1058.0,1257.0,12.71,10.58,12.57,48.04058986954799,102.37485361779612,47.43690635358322,2.411042305725887,0.0392835666656889,mouse622179far61,0.2006300630063007,0.6567056705670569,0.4787578757875789,1
mouse622179,far,62,0.0295355160407769,0.0314976434212452,0.0231324466778323,4.452916234590957,5.287765833904905,3.0108639312308316,0.1382126910901188,0.1292140362837334,0.1757810112691658,2138.0,2018.0,1951.0,21.38,20.18,19.51,48.04058986954799,102.37485361779612,47.43690635358322,2.411042305725887,0.0126346935369573,mouse622179far62,0.1682268226822681,0.3861386138613861,0.2414041404140414,0
mouse622179,far,131,0.0466812522744032,0.0576131319113608,0.0370232862765712,4.9837533388967925,5.633699407412298,3.0659504770366954,0.2869500581832788,0.1892813746128597,0.1975894465859743,639.0,815.0,847.0,6.390000000000001,8.15,8.47,49.61582940906537,132.79732592182225,48.169152727933614,2.4193232524819828,0.0219872267924452,mouse622179far131,0.1733573357335733,0.6194419441944197,0.2927092709270926,0
mouse622179,far,66,0.045514226302088,0.0485061131486484,0.0576520832376109,1.8591437167244131,2.997711212889028,3.7347745427456633,0.2165540479111607,0.3200434933596872,0.2462334883092758,759.0,404.0,461.0,7.59,4.04,4.61,49.61582940906537,132.79732592182225,48.169152727933614,2.4193232524819828,0.0173241681476079,mouse622179far66,0.1693069306930693,0.5643564356435644,0.7385238523852385,1
mouse622179,far,68,0.0360302342157461,0.0296673827404721,0.0467691088448934,4.692654234588137,3.272632586387148,3.9618637336215,0.1531297150997848,0.1250878417769326,0.1693603007120059,1631.0,1544.0,1667.0,16.31,15.44,16.67,49.097883144089096,139.3895444039661,47.654448957951296,2.4220342689565735,0.0140988167656068,mouse622179far68,0.2000900090009001,0.3224122412241225,0.2594959495949596,0
mouse622179,far,71,0.0456844958979785,0.0321889428165586,0.0121797663925083,2.674944744456434,3.0308773394997983,3.537611587428392,0.193486536836496,0.21471075041984397,0.184014812599242,643.0,739.0,517.0,6.43,7.390000000000001,5.17,48.21059391087349,141.82072601892682,47.185318524610615,2.4041630560342617,0.0288016198242792,mouse622179far71,0.1981998199819983,0.6572457245724572,0.3785778577857789,1
mouse622179,far,69,0.0872969059855478,0.0547957816159958,0.040647334463664,2.9714523581683747,4.316145836697518,3.3393864537531264,0.2473111992336504,0.2367508438535105,0.2497954173977243,432.0,460.0,458.0,4.32,4.6000000000000005,4.58,48.69000617461568,149.61886693820188,47.747201692804076,2.4074104344710316,0.0134262355212849,mouse622179far69,0.1806480648064806,0.7204320432043205,0.3075607560756076,1
mouse622179,far,74,0.0087183171016831,0.0398088638566627,0.0197327936517127,1.420318286497623,4.199786823535507,3.2455419917966366,0.1642000775032046,0.217568834405586,0.2274998564768591,667.0,689.0,659.0,6.67,6.890000000000001,6.59,47.890124641527215,155.0321952314647,46.6247862391788,2.4109126902482387,0.0137081484142633,mouse622179far74,0.1698469846984698,0.5989198919891991,0.3094509450945093,0
mouse622179,far,115,0.2006236532277806,0.0758657835850039,0.1127520129949088,2.83658266198992,5.619418792093698,2.044358360499166,0.5318784193051171,0.31961471721031104,0.2655433980261187,63.0,329.0,284.0,0.63,3.29,2.84,48.78763842003957,165.513630950338,48.256443364920216,2.4109126902482387,0.0343826190234384,mouse622179far115,0.1782178217821782,0.5972997299729974,0.3507650765076509,0
mouse622179,far,75,0.0221693892863336,0.0178911925505443,0.0190460928778408,4.442754781155827,2.5350605730699782,4.540895194094711,0.124196417494489,0.0772172094294414,0.1044749067225661,1824.0,1864.0,2046.0,18.240000000000002,18.64,20.46,48.78763842003957,165.513630950338,48.256443364920216,2.4109126902482387,0.0176932841392389,mouse622179far75,0.2441044104410441,0.4323132313231324,0.2905490549054905,0
mouse622179,far,73,0.0451958147846066,0.0602920684603479,0.1696355980994645,2.8636915123804805,1.395094188625771,2.8622762189654383,0.2963590080947769,0.2958709371184124,0.4196100387638554,196.0,293.0,180.0,1.96,2.93,1.8,48.78763842003957,165.513630950338,48.256443364920216,2.4109126902482387,0.0334281501978316,mouse622179far73,0.21899189918991896,0.7325832583258327,0.3448244824482448,1
mouse622179,far,77,0.1335811833680913,0.1173760571324052,0.2365788253691004,6.021012693584372,5.325653734271074,3.5670257851713534,0.3813651826709541,0.4524080203294936,0.3760224557010757,95.0,145.0,173.0,0.9500000000000001,1.45,1.73,48.210488764668,170.4673732011046,47.17881968516057,2.405332617331749,0.0324230700739081,mouse622179far77,0.1954995499549955,0.6896489648964899,0.395049504950495,1
mouse622179,far,80,0.0296862859115526,0.0277526383613514,0.061684977037355,4.7344256357447305,2.06240528771402,4.811554659959077,0.1542061773180644,0.1848272261305156,0.2193481127042575,1301.0,1135.0,905.0,13.01,11.35,9.05,48.60120162811761,184.95821245265537,47.83813572025749,2.405332617331749,0.0489012479547727,mouse622179far80,0.2349234923492349,0.7579657965796581,0.3553555355535552,1
mouse622179,far,79,0.0352646552784548,0.0199235511829752,0.070535149104331,5.8910038431532445,0.0600462166286827,0.1572045192792501,0.1681232276135669,0.1706524030005842,0.1751267814066984,1107.0,1125.0,1275.0,11.07,11.25,12.75,48.60120162811761,184.95821245265537,47.83813572025749,2.405332617331749,0.0141036680672465,mouse622179far79,0.2897389738973898,0.3545454545454546,0.2667866786678667,0
mouse622179,far,81,0.0315064429512877,0.040266623119099,0.0226331985976606,5.983895457910662,5.495027701556015,3.270989059426734,0.1527987833346012,0.1475301368619719,0.1358750154726579,1555.0,1405.0,1332.0,15.55,14.05,13.32,48.3833470655584,203.8934967188252,47.7805934438816,2.414150989478496,0.02362731584528,mouse622179far81,0.2327632763276328,0.6953195319531954,0.3685868586858686,1
mouse622179,far,116,0.0415184129606979,0.0229543053162783,0.0218204592674322,2.083570842832453,4.5538244799671554,2.9647377936526382,0.3786142992023819,0.3041511665275596,0.2775467833526261,175.0,198.0,181.0,1.75,1.98,1.81,48.3833470655584,203.8934967188252,47.7805934438816,2.414150989478496,0.0407010322333544,mouse622179far116,0.2624662466246625,0.7144914491449146,0.38991899189919005,1
mouse622179,far,117,0.0276777531105557,0.0445730938730092,0.0394256680592599,1.1846649675330998,1.3571945729729589,3.3585861116263924,0.23090190334841798,0.2080540952444836,0.1940636228096529,421.0,522.0,577.0,4.21,5.22,5.7700000000000005,47.774383139460156,199.70375734872368,47.08236359262866,2.418935716384377,0.0299683958510944,mouse622179far117,0.258955895589559,0.7377137713771379,0.3553555355535555,1
mouse622179,far,118,0.0310791788669142,0.0578033172321454,0.0440832970499872,3.6885704063914706,4.1585589574602695,3.6588088040494435,0.2643249508057196,0.2744876095999088,0.2115900330040027,622.0,720.0,768.0,6.22,7.2,7.68,48.718525035426744,214.20221862153892,48.24949413413246,2.418935716384377,0.0338443163786638,mouse622179far118,0.2206120612061206,0.7223222322232223,0.3442844284428444,1
mouse622179,far,119,0.0110242024468345,0.0455616015376647,0.0230946069818955,2.596283666805111,2.994793360628584,2.6373586349721228,0.184589439599615,0.1996905191102286,0.1469351477621178,854.0,862.0,845.0,8.540000000000001,8.620000000000001,8.45,47.24836848206896,206.4897782982637,46.87494748643708,2.4239688529352024,0.0133810413020539,mouse622179far119,0.2162916291629163,0.6453645364536454,0.396129612961296,1
mouse622179,far,85,0.0299312900329711,0.0515870908317149,0.0497392633889304,4.879879606012512,3.5871483319816337,2.4548900453089524,0.3231962045399539,0.32279848704674197,0.2351240949895484,496.0,631.0,626.0,4.96,6.3100000000000005,6.26,47.27621866648268,219.51639110069968,47.05875615864922,2.4239688529352024,0.0173874365617762,mouse622179far85,0.2117011701170117,0.6950495049504951,0.3764176417641766,1
mouse622179,far,83,0.0489358528618503,0.0493724899713046,0.0333318092681941,4.1569274744828215,3.329535779772957,4.187822990717762,0.218169411024811,0.228019797748997,0.2137986241692528,290.0,448.0,497.0,2.9,4.48,4.97,47.27621866648268,219.51639110069968,47.05875615864922,2.4239688529352024,0.0464930703104835,mouse622179far83,0.1587758775877588,0.7023402340234025,0.3272727272727272,1
mouse622179,far,86,0.0447849106810816,0.0320334389217972,0.0159826815977779,0.1564716549470189,3.7511820498886816,5.199204890361166,0.1993144829755753,0.1917494782242922,0.2146794825998546,555.0,567.0,650.0,5.55,5.67,6.5,46.70699398687468,234.65413701114915,46.45300140238221,2.434774116833017,0.0217125919460722,mouse622179far86,0.1911791179117912,0.6966696669666967,0.3415841584158415,1
mouse622179,far,88,0.0340380479932265,0.035171699404601,0.0590680752684383,5.284548945911969,2.409134619291183,4.560222632594984,0.1629357309490668,0.1925778818049063,0.2423531908139494,1188.0,966.0,1070.0,11.88,9.66,10.700000000000001,46.996392211399744,250.6351683104491,46.839462725097505,2.4217762076624667,0.0142228926987979,mouse622179far88,0.18199819981998197,0.3124212421242124,0.2381638163816382,0
mouse622179,far,122,0.0396675114371294,0.07314689002332901,0.0899531438198558,3.4445887644643163,4.793823002116821,3.5940961547114303,0.2137680265914494,0.2995804111267459,0.3327375147783833,289.0,274.0,195.0,2.89,2.74,1.95,46.30084476410805,244.96227172313505,46.84641527486498,2.4275759514379773,0.029911906379071,mouse622179far122,0.2071107110711071,0.7120612061206121,0.3799279927992799,1
mouse622179,far,120,0.0753119941952143,0.0812535329056511,0.1455600114520117,3.0642323614985956,0.3189894630272621,2.814018318374483,0.4345792178895617,0.4791111592651556,0.4727397209350545,63.0,100.0,86.0,0.63,1.0,0.86,46.996392211399744,250.6351683104491,46.839462725097505,2.4217762076624667,0.0491113242072675,mouse622179far120,0.1728172817281729,0.8044104410441045,0.3891089108910891,1
mouse634572,far,313,0.0633600315267136,0.0422602170536871,0.2375609285805397,2.4063977452184555,4.050357033285262,5.274989414325853,0.3881603318308611,0.38416831447880895,0.4913618127481554,91.0,84.0,48.0,0.91,0.84,0.48,44.802630509702226,101.92410258424007,38.432374352550504,2.351329411205499,0.0708169148540584,mouse634572far313,0.1790279027902791,0.7585058505850586,0.4714671467146717,1
mouse634572,far,151,0.1130936896039663,0.0401678208910333,0.0558178798983259,1.4386729661171458,0.4006307747685976,1.6457549199793364,0.2669908580937192,0.2138844953424615,0.2478327267453244,928.0,659.0,671.0,9.28,6.59,6.71,47.5071751768984,128.84024164403567,41.57184315432347,2.371840003035618,0.0137227942606719,mouse634572far151,0.1714671467146715,0.2832583258325833,0.223042304230423,0
mouse634572,far,152,0.1593751285111131,0.1484953336757589,0.0824518381059421,1.3253285872524576,0.5596831620705212,1.5661761954969455,0.3797486190585104,0.5181573742474842,0.3470706865989213,186.0,103.0,164.0,1.86,1.03,1.6400000000000001,47.5071751768984,128.84024164403567,41.57184315432347,2.371840003035618,0.0184507764627583,mouse634572far152,0.1228622862286228,0.6413141314131414,0.2581458145814581,0
mouse634572,far,166,0.0838694814914789,0.1368644320911841,0.0872203411242651,2.8940722707273285,5.201833688348537,1.3315884648640015,0.3848962788916489,0.4772508181840059,0.4352645871351633,92.0,54.0,122.0,0.92,0.54,1.22,47.281501759974425,120.7515319274861,41.07684801925133,2.3738154940938445,0.0519753431361878,mouse634572far166,0.2203420342034203,0.7814581458145815,0.4190819081908193,1
mouse634572,far,164,0.0938871148265755,0.110575344639195,0.1090171973050166,0.9263365748243589,5.87029326802957,2.3524283683110716,0.4014473214847592,0.5100667493476964,0.4145963778642292,118.0,80.0,139.0,1.18,0.8,1.3900000000000001,47.281501759974425,120.7515319274861,41.07684801925133,2.3738154940938445,0.033591917007790004,mouse634572far164,0.1639063906390638,0.7846984698469849,0.3726372637263725,1
mouse634572,far,165,0.0385235779422579,0.0310564565198854,0.0840724861300839,4.504420752212064,4.744580895046191,2.7071844199662842,0.2749375020740651,0.17930596786404002,0.2527006997107914,360.0,506.0,413.0,3.6,5.0600000000000005,4.13,47.33301515729596,117.97183317770036,40.89011586948,2.375,0.0328269271397204,mouse634572far165,0.2125112511251125,0.8362736273627365,0.4895589558955898,1
mouse634572,far,169,0.025531623891070002,0.0232610458740414,0.0471702829261886,2.550582472291805,3.453627324310203,1.5740782671538849,0.1449551891042824,0.1389017524250562,0.2040531365861114,1054.0,1183.0,1083.0,10.540000000000001,11.83,10.83,45.930264634794256,115.07374734144905,39.882137676691436,2.376446927663229,0.0148374719859127,mouse634572far169,0.21602160216021601,0.6461746174617463,0.3864086408640862,1
mouse634572,far,175,0.055288573696079,0.0147332921157631,0.0332317647118207,2.5154897824862235,4.114627892841028,4.026624350845225,0.1460105522232161,0.136636530372858,0.1212749205900554,1861.0,1902.0,1931.0,18.61,19.02,19.31,45.739945234283866,111.23777031520956,39.32080063523152,2.376446927663229,0.0174023373838125,mouse634572far175,0.1801080108010802,0.2927092709270927,0.2384338433843386,0
mouse634572,far,177,0.0766847119268952,0.0209237731975078,0.1035269847586827,3.2110186877002485,3.1986406999736428,2.518434999653966,0.1768782957712122,0.1246236907268634,0.2443155924098581,1864.0,1740.0,1736.0,18.64,17.400000000000002,17.36,45.739945234283866,111.23777031520956,39.32080063523152,2.376446927663229,0.0068806762670412,mouse634572far177,0.1528352835283528,0.2513951395139514,0.2003600360036003,0
mouse634572,far,178,0.0327863150410523,0.0126684266280028,0.0369380100509087,4.8922895814869545,4.368359360331938,5.129788605110748,0.1363151977748655,0.1426682576114634,0.1641446300156418,1330.0,1710.0,1541.0,13.3,17.1,15.41,47.20067234671104,114.08531639361344,40.42883170045405,2.378155798092295,0.0248162957129443,mouse634572far178,0.1522952295229522,0.2486948694869487,0.197929792979298,0
mouse634572,far,188,0.1798228168975693,0.0748647871773938,0.0607090808582359,3.171766868398633,4.895348497504222,3.9435389309555537,0.4413503580892937,0.3394201952597624,0.2806558233348653,81.0,144.0,226.0,0.81,1.44,2.2600000000000002,46.954341531207454,109.43214261517412,40.558245675952,2.368279966558008,0.0524846966092629,mouse634572far188,0.1844284428442844,0.7736273627362737,0.3934293429342933,1
mouse634572,far,187,0.0843386139787488,0.0644106107569313,0.0562642520200169,3.7526191290945334,0.9260201243647496,0.9601869813414884,0.3446697538955705,0.40405610739558295,0.3287921734144523,107.0,392.0,194.0,1.07,3.92,1.94,46.954341531207454,109.43214261517412,40.558245675952,2.368279966558008,0.0294469925286614,mouse634572far187,0.2033303330333034,0.6523852385238524,0.3510351035103513,1
mouse634572,far,189,0.0195876830173019,0.0727130174179673,0.0248090043540939,2.4158211934456535,5.921027861349628,2.600022907736685,0.1500676313416595,0.20683576481932398,0.1596713710921105,1030.0,998.0,940.0,10.3,9.98,9.4,41.11991106740512,93.45336784986195,37.185458486784384,2.368279966558008,0.0306012899923215,mouse634572far189,0.1266426642664265,0.7158415841584159,0.3302430243024302,0
mouse634572,far,190,0.0590593681883467,0.0139484345913462,0.0353247275294935,3.872273427092247,0.47015636198247096,5.628200167633536,0.2183869384335283,0.1348688216015063,0.2086732997696768,676.0,900.0,767.0,6.76,9.0,7.67,41.71127355192356,93.85683848251301,37.536923436486795,2.391390808713624,0.0390837775129264,mouse634572far190,0.1706570657065707,0.6386138613861386,0.2613861386138616,0
mouse634572,far,193,0.0333816313244932,0.0380524712986449,0.0826993978699301,4.494915654917891,3.330675148832817,3.4145253077010502,0.2308412623045411,0.2478861602135002,0.2612493622459378,513.0,336.0,362.0,5.13,3.36,3.62,40.830577185075825,95.1551589793823,37.09715432441133,2.391390808713624,0.0181541456932813,mouse634572far193,0.1833483348334833,0.7655265526552656,0.3353735373537355,1
mouse634572,far,194,0.0483959678430211,0.0331263114474074,0.0293059009785362,2.245001239832352,4.481124326228078,0.7259411261501779,0.2041136467788775,0.1643763624028383,0.1848638916605634,737.0,755.0,730.0,7.37,7.55,7.3,40.830577185075825,95.1551589793823,37.09715432441133,2.391390808713624,0.0176399057428542,mouse634572far194,0.1954995499549955,0.7684968496849686,0.3818181818181819,1
mouse634572,far,196,0.0189487925777635,0.0117513344462923,0.0200259164617484,1.9316440460994482,4.5409186573226235,1.9316517033274407,0.0787521722101711,0.0882375917901034,0.0804238868821311,4398.0,4494.0,3838.0,43.980000000000004,44.94,38.38,41.320972926411365,95.46046019273057,37.28332721140466,2.394133454926855,0.0174964825882075,mouse634572far196,0.1458145814581458,0.2840684068406841,0.2395139513951394,0
mouse634572,far,182,0.043542344918461,0.0181939382504264,0.0261195799011168,2.791025547960528,1.7861009773117191,2.2357265187427258,0.1697645354233033,0.143510564146595,0.13313387793866802,1527.0,1567.0,1459.0,15.27,15.67,14.59,41.320972926411365,95.46046019273057,37.28332721140466,2.394133454926855,0.0703594137802443,mouse634572far182,0.2427542754275428,0.7728172817281729,0.4579657965796578,1
mouse634572,far,198,0.0533957198965536,0.0726803879093769,0.0693865764502072,4.734258254573306,5.327085323163691,5.095684950074953,0.2286105065495982,0.2692381890845747,0.2101172420257504,578.0,649.0,618.0,5.78,6.49,6.18,41.320972926411365,95.46046019273057,37.28332721140466,2.394133454926855,0.019618180026404,mouse634572far198,0.2540954095409541,0.7490549054905492,0.3391539153915389,1
mouse634572,far,197,0.0236423791040669,0.0348365370453072,0.0168148186712305,1.911129258016653,4.860179176018443,2.3649252430074883,0.1154141601484224,0.1992567350645751,0.1414477726856719,1667.0,1730.0,1977.0,16.67,17.3,19.77,40.33590249179593,97.83123391682152,37.01042932559782,2.394133454926855,0.0223802138851135,mouse634572far197,0.1728172817281729,0.3839783978397841,0.8662466246624664,1
mouse634572,far,204,0.0624163536874964,0.0436794045543014,0.0396526490775789,3.2151984830890425,4.2029266910525,5.553614334652304,0.2721951050571425,0.2254177083352327,0.37690526676665903,332.0,319.0,135.0,3.3200000000000003,3.19,1.35,44.845440021031315,98.26144308910843,38.66029938861017,2.397133705073624,0.0145204561951956,mouse634572far204,0.1693069306930693,0.6024302430243026,0.3197119711971197,0
mouse634572,far,205,0.0700661887624599,0.0239350704683403,0.0861935364685391,2.9777109874900383,4.329420871891152,4.302965313134136,0.2859413534795167,0.2999931735748385,0.28709521739384597,416.0,326.0,398.0,4.16,3.2600000000000002,3.98,44.845440021031315,98.26144308910843,38.66029938861017,2.397133705073624,0.0309880348438679,mouse634572far205,0.2252025202520252,0.6845184518451848,0.3772277227722772,1
mouse634572,far,207,0.1172406613189267,0.035831727272708,0.0452997539189456,4.471966882831178,5.956546478868099,1.9756490200089687,0.4444346025898591,0.3213732182613406,0.2913366454239234,124.0,203.0,240.0,1.24,2.0300000000000002,2.4,44.845440021031315,98.26144308910843,38.66029938861017,2.397133705073624,0.0312396049800561,mouse634572far207,0.1814581458145815,0.7544554455445546,0.3364536453645365,1
mouse634572,far,209,0.0843366284178111,0.0497134027976628,0.0941675212414785,4.337688670505841,3.9869077063260687,2.2992739283367216,0.322916353181217,0.4042195008201433,0.3761677896307854,185.0,192.0,218.0,1.85,1.92,2.18,45.19519272134018,97.60047811302401,38.66771742473684,2.4003905932160294,0.0824292777018647,mouse634572far209,0.1531053105310531,0.8208820882088209,0.2589558955895591,1
mouse634572,far,212,0.0511168323057042,0.0605270131145773,0.0254050585273206,2.7213402374377833,3.4853526608345198,4.87625105786328,0.2994469135767623,0.2994112800264909,0.2101231432591239,571.0,452.0,465.0,5.71,4.5200000000000005,4.65,44.70446962824197,96.94652266832806,38.7157508070821,2.4003905932160294,0.0283331062611877,mouse634572far212,0.1544554455445544,0.655895589558956,0.30405040504050396,0
mouse634572,far,326,0.0833322053315468,0.0397702458383442,0.062686720058207,3.0290486779501005,2.3847411760444297,1.734353055670532,0.2977475491148696,0.2369000642780184,0.236017245133811,347.0,668.0,502.0,3.47,6.68,5.0200000000000005,44.70446962824197,96.94652266832806,38.7157508070821,2.4003905932160294,0.029359751522375,mouse634572far326,0.2265526552655266,0.6545454545454547,0.4166516651665167,1
mouse634572,far,213,0.0264359473175037,0.0101753578882851,0.0365062164087771,5.254360984913547,4.659637178307099,0.001013664736241,0.2028760241450333,0.1349386155582033,0.1797785956785996,1045.0,1120.0,1193.0,10.450000000000001,11.200000000000001,11.93,45.05560879272335,96.4762573566173,38.82206929823535,2.403903076249124,0.0164555761103921,mouse634572far213,0.1903690369036904,0.5954095409540955,0.3639963996399641,1
mouse634572,far,329,0.0588197316836256,0.0705593007213374,0.0468287752702263,2.7391428367418658,2.8152330832538968,2.357895423222798,0.2121541352794267,0.2685934262562631,0.1976287524808383,716.0,726.0,692.0,7.16,7.26,6.92,44.27963988474679,95.17450830702693,38.81036176360409,2.403903076249124,0.0201084683149333,mouse634572far329,0.2486948694869487,0.6893789378937895,0.4379837983798381,1
mouse634572,far,215,0.0291953776441576,0.0051334920384967,0.0161163908128179,2.9950888017882473,3.2850129933649397,2.2910659092276404,0.2061073465031491,0.1606498942793399,0.1958671894743585,826.0,938.0,848.0,8.26,9.38,8.48,44.27963988474679,95.17450830702693,38.81036176360409,2.403903076249124,0.0161035790201123,mouse634572far215,0.1992799279927992,0.6396939693969399,0.3475247524752475,1
mouse634572,far,216,0.0587983790268145,0.0163887792613077,0.0366931525438451,2.5225606626186337,2.076675676498237,2.6738699876752015,0.2050329572879946,0.1610006506791466,0.2487095949202457,819.0,967.0,866.0,8.19,9.67,8.66,44.27963988474679,95.17450830702693,38.81036176360409,2.403903076249124,0.0226289419493416,mouse634572far216,0.1371737173717372,0.2732673267326733,0.2176417641764176,0
mouse634572,far,221,0.0384632766360164,0.00663021066468,0.0124676058782918,5.4709805107446865,5.11706904356158,4.092502427355392,0.1868600509674862,0.1793118930690528,0.1740896826357869,1087.0,1394.0,1102.0,10.870000000000001,13.94,11.02,44.01677613595624,93.78624579671823,38.919011193539994,2.403903076249124,0.0136757064985654,mouse634572far221,0.2357335733573357,0.6826282628262828,0.3928892889288927,1
mouse634572,far,223,0.0824496297699875,0.0224334424684266,0.0444584399006678,3.8413379031729002,3.286497117962246,3.6576338562858335,0.367020686897591,0.1984233993405429,0.2081027408372698,448.0,565.0,459.0,4.48,5.65,4.59,44.42641916422978,92.78773194225724,38.77588805336434,2.4076700355322784,0.0095373328289739,mouse634572far223,0.1936093609360936,0.6383438343834386,0.3445544554455445,1
mouse634572,far,224,0.0585476112086084,0.0889800078425384,0.1223163781524198,3.099256845932015,0.7075029214209413,1.701066168878997,0.4672318554716793,0.3437909618490306,0.4117810272404122,86.0,153.0,94.0,0.86,1.53,0.9400000000000001,44.42641916422978,92.78773194225724,38.77588805336434,2.4076700355322784,0.0185311013175474,mouse634572far224,0.1560756075607561,0.7117911791179118,0.2932493249324933,0
mouse634572,far,332,0.0351810702093382,0.028228830994066,0.026063336743793,4.362213132533103,0.0919201192812865,6.0449635426154735,0.1985213902641464,0.2350706362951121,0.2280189886310363,673.0,624.0,693.0,6.73,6.24,6.93,44.42641916422978,92.78773194225724,38.77588805336434,2.4076700355322784,0.0224059231084112,mouse634572far332,0.2162916291629163,0.831953195319532,0.3675067506750676,1
mouse634572,far,334,0.0418017764539717,0.0490939225470968,0.0249496019993502,6.250080143495262,5.3945520802451625,6.0794735648821465,0.2026542965946178,0.2423820815176634,0.2600739515001219,372.0,351.0,418.0,3.72,3.5100000000000002,4.18,44.42641916422978,92.78773194225724,38.77588805336434,2.4076700355322784,0.0201839167617445,mouse634572far334,0.2009000900090009,0.6704770477047706,0.40396039603960404,1
mouse634572,far,228,0.0537422323909392,0.0598435981795096,0.0265283710276092,1.6634527903669567,3.5368834418035786,3.6636130785717214,0.2941675835406634,0.3379346652258591,0.27004434135879996,318.0,237.0,429.0,3.18,2.37,4.29,43.8986282368132,91.61642982091892,38.958211940191596,2.4076700355322784,0.0142171695509471,mouse634572far228,0.2492349234923492,0.6685868586858688,0.3969396939693969,1
mouse634572,far,231,0.0209048061364476,0.019779984210486,0.0406800223181977,4.5255783093918485,3.247056842524381,3.8298587138344318,0.11914047045663198,0.1123305983887255,0.1267190685070036,2093.0,2374.0,2207.0,20.93,23.740000000000002,22.07,43.777151135938865,91.1939532896223,38.55932309029971,2.4116902786220296,0.0203837056298662,mouse634572far231,0.1498649864986498,0.3097209720972097,0.2684068406840685,0
mouse634572,far,226,0.040551441411123004,0.0155579738395972,0.0187819553943051,3.715943080377965,1.362951705007152,3.4189327407911163,0.1701583232054716,0.2372761328240681,0.1609778775186073,637.0,694.0,580.0,6.37,6.94,5.8,43.777151135938865,91.1939532896223,38.55932309029971,2.4116902786220296,0.0355558114102676,mouse634572far226,0.2459945994599459,0.723942394239424,0.3939693969396943,1
mouse634572,far,233,0.0694607029670068,0.0656920914760073,0.0981028192708257,4.48238979811938,2.339404415661249,4.15278683550385,0.2486356511261053,0.2023014133401422,0.28849205776032105,576.0,607.0,549.0,5.76,6.07,5.49,43.014249508933545,91.26642061111623,38.14772633558025,2.4116902786220296,0.05862648413474401,mouse634572far233,0.1633663366336634,0.8621962196219624,0.3153915391539156,1
mouse634572,far,236,0.0934961757469795,0.0545879143467174,0.0790712431590284,4.3859902653810225,5.912001866187165,5.219491558008985,0.4193097803723907,0.3868502880155186,0.355139380281664,131.0,143.0,117.0,1.31,1.43,1.17,43.014249508933545,91.26642061111623,38.14772633558025,2.4116902786220296,0.0624833855746003,mouse634572far236,0.1806480648064806,0.7725472547254728,0.4147614761476149,1
mouse634572,far,234,0.0658803786356427,0.056096226989567004,0.0441059474065197,3.005311694295607,3.1231892042023457,3.4978396781163723,0.2822879527223045,0.2169842488000952,0.1902562701636278,771.0,666.0,680.0,7.71,6.66,6.8,43.014249508933545,91.26642061111623,38.14772633558025,2.4116902786220296,0.015575764777276001,mouse634572far234,0.1439243924392439,0.6928892889288929,0.3440144014401441,0
mouse634572,far,336,0.0558453393683357,0.0306583286234358,0.1367215566325575,5.469286528373729,5.688709083378639,3.3374229574961736,0.4120310970957368,0.4013571719509564,0.5020718906269992,57.0,109.0,58.0,0.5700000000000001,1.09,0.58,43.79307522622081,91.56628777296741,38.68766486566196,2.415962541100338,0.0345489283172984,mouse634572far336,0.2351935193519352,0.7846984698469849,0.4741674167416739,1
mouse634572,far,238,0.0626683542664535,0.0676962517024587,0.0212280114968357,0.0191868378124206,4.615616702554952,0.8871218699916661,0.2341609281479596,0.3157528510873322,0.1874450131872776,329.0,327.0,450.0,3.29,3.27,4.5,43.79307522622081,91.56628777296741,38.68766486566196,2.415962541100338,0.0120549124523571,mouse634572far238,0.1698469846984699,0.7279927992799281,0.4347434743474346,1
mouse634572,far,237,0.0928037696982491,0.0703504693817741,0.1947820170180806,4.968695977131253,4.83694636039757,4.070105310509472,0.3814108541083408,0.28247921971938694,0.545524353146361,86.0,140.0,41.0,0.86,1.4000000000000001,0.41000000000000003,43.79307522622081,91.56628777296741,38.68766486566196,2.415962541100338,0.0322392433062454,mouse634572far237,0.1625562556255626,0.7506750675067508,0.3407740774077407,1
mouse634572,far,338,0.0374702873781351,0.0100088674278137,0.0333215820639369,5.432645867307493,2.8461666354440114,4.807187153932583,0.2081330905420786,0.1776460916620924,0.2011637316246122,846.0,725.0,770.0,8.46,7.25,7.7,42.95212734885408,91.42054955548448,38.088079909098646,2.415962541100338,0.0257706463045682,mouse634572far338,0.2478847884788479,0.6918091809180918,0.4174617461746174,1
mouse634572,far,230,0.0447291673608955,0.0340809838815796,0.0526462582766295,4.6380594320289585,4.2859443402687125,5.12261868267796,0.2339756255506411,0.2685876262461669,0.2297383373124559,540.0,381.0,484.0,5.4,3.81,4.84,42.95212734885408,91.42054955548448,38.088079909098646,2.415962541100338,0.0388889509892219,mouse634572far230,0.2084608460846084,0.7163816381638164,0.3966696669666968,1
mouse634572,far,241,0.04971693846110299,0.0302842850294289,0.0385016441822361,4.843778920129231,2.0253578807617907,4.324469034645276,0.1560735176135411,0.1430300894465488,0.1511190153815881,1340.0,1168.0,1332.0,13.4,11.68,13.32,42.95212734885408,91.42054955548448,38.088079909098646,2.415962541100338,0.0111368940247679,mouse634572far241,0.20306030603060302,0.6523852385238526,0.3891089108910893,1
mouse634572,far,242,0.0417841999782467,0.0242909801780074,0.0395321971381537,2.79036938692792,4.846446972167347,3.703652546841541,0.2260049054686871,0.1766348700376785,0.21507451163501395,789.0,906.0,884.0,7.890000000000001,9.06,8.84,42.95212734885408,91.42054955548448,38.088079909098646,2.415962541100338,0.0131880680291361,mouse634572far242,0.1744374437443744,0.6553555355535555,0.3440144014401441,1
mouse634572,far,243,0.0305736887507611,0.0270490925015189,0.0251878428436138,4.044136990656879,2.0091943753517127,5.264860429218632,0.20353542769569102,0.2230420799729729,0.198721730697962,554.0,721.0,660.0,5.54,7.21,6.6000000000000005,42.95212734885408,91.42054955548448,38.088079909098646,2.415962541100338,0.0300026997527977,mouse634572far243,0.2673267326732674,0.7633663366336634,0.4153015301530153,1
mouse634572,far,343,0.0791649429146348,0.1175586795118817,0.0540923259605862,2.1044184931892898,2.3401408479007024,0.0486036595786031,0.334631979779289,0.3332023327367216,0.3361405999455374,259.0,164.0,160.0,2.59,1.6400000000000001,1.6,43.17131343310671,91.96272202977869,38.520485243852676,2.415962541100338,0.041224593400760005,mouse634572far343,0.2270927092709271,0.7312331233123313,0.3675067506750674,1
mouse634572,far,244,0.04285832669397499,0.0440740615961266,0.05439620059620901,5.802167832270031,1.1456532485812128,1.3298958727721084,0.3346094114517402,0.4436763444989224,0.4985705878570964,136.0,63.0,55.0,1.36,0.63,0.55,43.17131343310671,91.96272202977869,38.520485243852676,2.415962541100338,0.0671351730809397,mouse634572far244,0.1933393339333933,0.7234023402340236,0.49981998199820005,1
mouse634572,far,245,0.0185716553801058,0.0696917387853425,0.025262436221359,2.3258485423797843,2.017217895894884,1.3934526815901755,0.2368745623696955,0.2894852933792801,0.2400849716342502,270.0,310.0,338.0,2.7,3.1,3.38,42.46848793827464,91.63102383721065,37.7308518944448,2.4204854884919267,0.0251196074764773,mouse634572far245,0.1990099009900989,0.6839783978397841,0.4558055805580557,1
mouse634572,far,248,0.0428485756529894,0.0442032801399527,0.0278659014612872,3.054115742183648,4.6337509873614335,0.8727148674534198,0.1685233612435253,0.1738030751785478,0.1977159193595617,806.0,798.0,845.0,8.06,7.98,8.45,42.332044756354776,91.28196789103315,37.74479623280444,2.4204854884919267,0.0178339246189961,mouse634572far248,0.1965796579657965,0.6345634563456347,0.3434743474347436,1
mouse634572,far,247,0.0359427656575402,0.0125392968926517,0.0372490742362319,1.979594630548618,2.827125512351885,2.627159720374164,0.1349571472050742,0.14966023111149698,0.1310359060846028,2565.0,2580.0,2840.0,25.650000000000002,25.8,28.400000000000002,42.332044756354776,91.28196789103315,37.74479623280444,2.4204854884919267,0.0075915561897765,mouse634572far247,0.1879387938793879,0.3037803780378039,0.2438343834383438,0
mouse634572,far,250,0.0608336325877087,0.0374584318914878,0.0381726250285537,4.200296254653738,1.1467986509136434,0.0550453691794404,0.2827625950983747,0.24471933206003302,0.2223681518510511,367.0,422.0,364.0,3.67,4.22,3.64,41.75143007655265,91.66415034490078,37.10992277440109,2.4252577182641852,0.0901423522996399,mouse634572far250,0.233033303330333,0.7863186318631863,0.5003600360036004,1
mouse634572,far,249,0.0478555460028862,0.1083295905611687,0.0347845316270886,2.4625696575111125,5.827762477271584,1.0731064731242934,0.3077555781766223,0.2872555910202958,0.452996465024198,229.0,320.0,154.0,2.29,3.2,1.54,41.75143007655265,91.66415034490078,37.10992277440109,2.4252577182641852,0.012089636251805001,mouse634572far249,0.2041404140414041,0.6688568856885689,0.3934293429342933,1
mouse634572,far,345,0.0274254529594918,0.0563174713531244,0.0884365766243982,1.2325590537150175,3.733041629306747,0.2910246796853197,0.2274219451733113,0.3004233165010911,0.2600053834316675,565.0,623.0,480.0,5.65,6.23,4.8,41.75143007655265,91.66415034490078,37.10992277440109,2.4252577182641852,0.0310234159883252,mouse634572far345,0.1846984698469846,0.7099009900990101,0.4620162016201622,1
mouse634572,far,384,0.0369444146568253,0.09148072045525901,0.1106193751846853,1.727714619475221,0.8881185552862241,6.1061432234957325,0.4821868219072437,0.4270024834992201,0.4458720415686085,60.0,75.0,75.0,0.6,0.75,0.75,42.44139736959032,93.44412256067116,37.92377160919128,2.4252577182641852,0.0521247886878018,mouse634572far384,0.1995499549954995,0.7971197119711974,0.3488748874887487,1
mouse634572,far,347,0.034127940669129,0.0582318925475622,0.0204288810933876,0.5396351822239638,2.930431318015533,4.474013620009156,0.2436105226088551,0.2088042295930619,0.2301812209368411,358.0,357.0,384.0,3.58,3.5700000000000003,3.84,42.44139736959032,93.44412256067116,37.92377160919128,2.4252577182641852,0.020925877943488,mouse634572far347,0.1301530153015301,0.8422142214221422,0.33186318631863204,1
mouse634572,far,349,0.1120118933232898,0.0574817412804396,0.0953272759775377,0.2908342766411038,5.376665641736898,6.121154705803028,0.3987239437252947,0.3436526308078121,0.4109294972815708,110.0,141.0,126.0,1.1,1.41,1.26,42.44139736959032,93.44412256067116,37.92377160919128,2.4252577182641852,0.0463853668794331,mouse634572far349,0.17605760576057602,0.688838883888389,0.3788478847884787,1
mouse634572,far,255,0.0231441787205398,0.0282258804643498,0.019838260443735,4.317460392907597,3.5052451044111685,4.635291530170582,0.1902390588112766,0.1815181736813712,0.17366713583111,611.0,860.0,821.0,6.11,8.6,8.21,38.14431076028257,174.67605799154347,35.51402200467507,2.4302777619029485,0.0119859127963277,mouse634572far255,0.197929792979298,0.6726372637263727,0.3469846984698469,1
mouse634572,far,258,0.0328688684250745,0.0282990875142186,0.042001301521659,0.366681147250769,5.172607601157941,3.4071131954218252,0.1362565858540046,0.1149331091280137,0.1509908023053909,1372.0,1677.0,1730.0,13.72,16.77,17.3,38.02185493402607,187.66283576333518,35.03900173641059,2.4302777619029485,0.027653888377148,mouse634572far258,0.1636363636363637,0.3453645364536455,0.2643564356435643,0
mouse634572,far,261,0.0777433413765605,0.0157109087959861,0.0742857702828942,0.4076981680086081,1.3682864738273937,3.1779578690556765,0.3486466772287692,0.225432859189251,0.3943407521532399,173.0,335.0,257.0,1.73,3.35,2.57,38.21552400602425,187.71997357166984,35.69374265771303,2.435544087057346,0.0436925390603934,mouse634572far261,0.1317731773177318,0.8473447344734476,0.3456345634563454,1
mouse634572,far,260,0.0436544759226945,0.0444021821465262,0.0723096311740259,1.6096188025953608,1.99347120518952,4.763723112786659,0.3684924247419541,0.3672269316497732,0.4035563972263017,117.0,135.0,124.0,1.17,1.35,1.24,38.21552400602425,187.71997357166984,35.69374265771303,2.435544087057346,0.0250735672041946,mouse634572far260,0.1269126912691269,0.8916291629162919,0.3483348334833483,1
mouse634572,far,385,0.074291495903252,0.0263342824946172,0.0744079061165855,3.8280806540990935,2.618089454992457,0.4358167221113381,0.3529797844369179,0.2884301623687623,0.3217224807265778,100.0,108.0,149.0,1.0,1.08,1.49,37.35361928713506,202.5899708117413,34.745213146091245,2.435544087057346,0.0584987641297601,mouse634572far385,0.1698469846984699,0.7660666066606661,0.37290729072907297,1
mouse634572,far,269,0.0331244575606122,0.0963274469437269,0.0514059805932121,5.286717649977724,5.745467550982891,0.5871181337583252,0.2891203926569062,0.3862397918821867,0.2873166166746187,298.0,191.0,202.0,2.98,1.9100000000000001,2.02,39.6816504769649,100.38447780814163,36.26829564320028,2.441055099746829,0.0280600932987758,mouse634572far269,0.1531053105310531,0.8006300630063008,0.3653465346534651,1
mouse634572,far,268,0.0485352013228449,0.0586088456059666,0.0442429070452215,1.2936684624824724,5.21306643177859,1.524449351262652,0.2333618431200041,0.2447327704262213,0.2687179303741309,371.0,398.0,349.0,3.71,3.98,3.49,39.6816504769649,100.38447780814163,36.26829564320028,2.441055099746829,0.0540600396044316,mouse634572far268,0.2152115211521151,0.3685868586858686,0.3985598559855987,0
mouse634572,far,270,0.1572344130290669,0.1035647895438686,0.1290685620922022,4.792013376131345,5.275481535976559,0.7110258784338935,0.4690026927467266,0.3981222653761948,0.5051545005054014,81.0,117.0,60.0,0.81,1.17,0.6,39.6816504769649,100.38447780814163,36.26829564320028,2.441055099746829,0.0306255825668525,mouse634572far270,0.1755175517551755,0.7822682268226824,0.378847884788479,1
mouse634572,far,386,0.0327186329050298,0.0386314985160428,0.0397428118769696,2.757819155427001,5.066467262466008,0.5341310057763202,0.2167467822177586,0.2755625938417741,0.3030002979083292,265.0,391.0,401.0,2.65,3.91,4.01,39.6816504769649,100.38447780814163,36.26829564320028,2.441055099746829,0.0302430186237793,mouse634572far386,0.1633663366336634,0.5060306030603061,0.6145814581458148,1
mouse634572,far,273,0.047090112564796,0.0401299541601058,0.0158145468891746,5.2442595939683665,4.588919800622388,4.9471414699485,0.1763356839885096,0.1155059655856246,0.1285424016766372,1354.0,1703.0,1730.0,13.540000000000001,17.03,17.3,39.694377812878216,99.9373923359628,36.36135203158179,2.4333618719787653,0.026765360042752005,mouse634572far273,0.1811881188118811,0.3386138613861387,0.2775877587758776,0
mouse634572,far,275,0.0580909366075789,0.0469516783678119,0.0321738259114842,4.824499385305821,5.381579551955639,5.744612824123221,0.1836737948956633,0.2303069760826974,0.1864318341542756,586.0,918.0,643.0,5.86,9.18,6.43,39.51478134357329,105.07550230870304,36.098703827042314,2.4333618719787653,0.0216737138989078,mouse634572far275,0.1676867686768677,0.302970297029703,0.2932493249324933,0
mouse634572,far,274,0.0297145516137011,0.0442224073773929,0.0570757778055545,1.1903218954617008,4.483466063175767,1.6190314967367088,0.2423232190724646,0.3788826538459484,0.3131471802623294,292.0,145.0,171.0,2.92,1.45,1.71,39.51478134357329,105.07550230870304,36.098703827042314,2.4333618719787653,0.0323035623470686,mouse634572far274,0.1606660666066607,0.8451845184518453,0.3018901890189019,1
mouse634572,far,276,0.1306824595858266,0.1156603819537875,0.1414326678263323,5.78574960135867,5.609744681518449,4.748447756670117,0.5033960664181557,0.4006025007671401,0.4849228356361211,74.0,116.0,62.0,0.74,1.16,0.62,39.287768068136344,109.35899414132736,36.14907037977535,2.459674775249769,0.030797836467486,mouse634572far276,0.1981998199819983,0.7093609360936095,0.5905490549054905,1
mouse634572,far,277,0.0444293890384767,0.0173738845182358,0.008735108148107,3.521073313805401,4.03918530764507,4.4755494449658375,0.2654198755494546,0.1973770266583762,0.2463355694223971,391.0,527.0,382.0,3.91,5.2700000000000005,3.8200000000000003,39.287768068136344,109.35899414132736,36.14907037977535,2.459674775249769,0.0434984064642412,mouse634572far277,0.1271827182718272,0.6062106210621063,0.3407740774077408,0
mouse634572,far,363,0.0607052423563907,0.0163077498583637,0.0291138879730821,3.9850316943949773,3.855635669051199,2.955448166707092,0.2928483482979039,0.3011158260472716,0.2949111249384749,191.0,230.0,212.0,1.9100000000000001,2.3000000000000003,2.12,39.287768068136344,109.35899414132736,36.14907037977535,2.459674775249769,0.046191446287096,mouse634572far363,0.1598559855985599,0.6056705670567057,0.2546354635463546,0
mouse634572,far,361,0.1462275738721778,0.1023996329345909,0.0787604559694974,6.13016613071784,0.3533281935833157,4.34379528971061,0.4301744322209045,0.4787892089771051,0.4262874703454886,96.0,80.0,61.0,0.96,0.8,0.61,39.287768068136344,109.35899414132736,36.14907037977535,2.459674775249769,0.0412670766000699,mouse634572far361,0.1363636363636363,0.8689468946894691,0.308100810081008,1
mouse634572,far,282,0.0218026908394691,0.0176190378898794,0.023460152582842998,4.910223528790446,4.864099421939429,5.710221797823291,0.1322868919422229,0.154489052476835,0.1537132956507014,1254.0,1301.0,1322.0,12.540000000000001,13.01,13.22,39.28689934973124,115.81153270405237,36.30890828776443,2.46589233341604,0.0297822339041997,mouse634572far282,0.19387938793879397,0.3394239423942394,0.3083708370837085,0
mouse634572,far,281,0.0489478969779413,0.0215351517226822,0.0429577424978272,4.379983876882879,1.1289319348127609,5.045054070792206,0.3806282581115379,0.2916675581071958,0.3210438087437641,137.0,154.0,171.0,1.37,1.54,1.71,39.28689934973124,115.81153270405237,36.30890828776443,2.46589233341604,0.0236112523091781,mouse634572far281,0.1498649864986498,0.5954095409540956,0.2762376237623762,0
mouse634572,far,280,0.075857376414815,0.0347447523250296,0.0534099656870768,5.141407794724682,1.4849430076056964,0.6152942664467419,0.3436847356469147,0.2104371278183341,0.2197720796462986,314.0,351.0,304.0,3.14,3.5100000000000002,3.04,39.28689934973124,115.81153270405237,36.30890828776443,2.46589233341604,0.0380136274699409,mouse634572far280,0.3777677767776778,0.5141314131413142,0.0631863186318633,1
mouse634572,far,219,0.1738195935186096,0.0442882315059662,0.10639088027364399,3.496590418153293,4.069490085731567,3.2931285419158605,0.4574355168771152,0.3874144450057134,0.4735547764936967,122.0,70.0,69.0,1.22,0.7000000000000001,0.6900000000000001,44.85062387193286,94.14705963975706,38.74869584274093,2.3834061760430183,0.0936148316367184,mouse634572far219,0.4412241224122414,0.8238523852385241,0.3202520252025205,1
mouse634572,far,210,0.1593081244453092,0.0116424882442769,0.093119737316341,1.152474780211015,3.888897751036986,3.638304463040995,0.4177513178815463,0.3469432698075412,0.4349691065263162,86.0,104.0,150.0,0.86,1.04,1.5,45.19519272134018,97.60047811302401,38.66771742473684,2.4003905932160294,0.0365092689408328,mouse634572far210,0.1798379837983799,0.7539153915391541,0.40288028802880294,1
mouse638330,far,13,0.0127085663644363,0.0377202320012884,0.0156459244716237,3.487039929421053,1.168047478698773,5.721148780014238,0.1648402438189652,0.2074469881963308,0.170434555153957,675.0,630.0,711.0,6.75,6.3,7.11,46.803270719358025,79.89754600332763,49.09094101822282,1.854218164078866,0.0194639849277305,mouse638330far13,0.2025202520252026,0.9245724572457248,0.4406840684068408,1
mouse638330,far,19,0.0609649408171531,0.0448200301408254,0.0656231862693853,4.893439671467842,5.187873287117721,1.8272576405413463,0.3563856623271151,0.2862860685826688,0.2368004251644677,144.0,263.0,374.0,1.44,2.63,3.74,46.25694906343266,79.10084763377318,48.682606733908756,1.8420437019788647,0.0355075749822396,mouse638330far19,0.21899189918991896,0.6756075607560758,0.4047704770477046,1
mouse638330,far,18,0.0501651572279101,0.0653437411687879,0.0376564791219018,3.609899764640337,4.458421616044587,5.6365692981929865,0.2412733941992717,0.2808302101243589,0.2000659487274308,316.0,471.0,600.0,3.16,4.71,6.0,46.25694906343266,79.10084763377318,48.682606733908756,1.8420437019788647,0.0323982077933945,mouse638330far18,0.1676867686768677,0.7517551755175518,0.3540054005400542,1
mouse638330,far,21,0.0929168037059378,0.0830585296681207,0.0451432853169407,1.7644266850149268,1.9390201776089642,1.6294575828537068,0.2971874391521495,0.2353633661750302,0.1604375473947646,198.0,590.0,870.0,1.98,5.9,8.700000000000001,47.499985583836356,82.8201865860112,49.633838034794685,1.8420437019788647,0.01007562756189,mouse638330far21,0.1706570657065707,0.8832583258325835,0.4917191719171917,1
mouse638330,far,20,0.0633672741180596,0.0285569720592675,0.0437708692294477,5.371899000733781,4.577147151835106,1.4400631131284076,0.3932758610777644,0.1775144073849519,0.2911788714935281,237.0,389.0,721.0,2.37,3.89,7.21,46.76231118690289,80.33342178348114,48.607008933276894,1.8360964026978541,0.0486286779886853,mouse638330far20,0.2357335733573358,0.7298829882988299,0.3237623762376239,1
mouse638330,far,201,0.0840589988661344,0.094022931210636,0.0190437975327453,2.154410927673637,2.6207226033860413,6.077100634439313,0.3728129128536925,0.3134399321824418,0.2235539152936254,170.0,307.0,392.0,1.7,3.0700000000000003,3.92,46.76231118690289,80.33342178348114,48.607008933276894,1.8360964026978541,0.030496366860134,mouse638330far201,0.1892889288928892,0.6891089108910892,0.5362736273627365,1
mouse638330,far,27,0.0615824473120961,0.0715635614756291,0.0594719025600207,2.255680650603612,2.581641164886533,1.7901732810528443,0.3435449162473318,0.2722350661762256,0.2242712300161319,307.0,362.0,439.0,3.0700000000000003,3.62,4.39,46.42574130843053,78.09585222925234,48.070947517360885,1.8360964026978541,0.0610928310275655,mouse638330far27,0.1555355535553556,0.7444644464446446,0.3170117011701169,1
mouse638330,far,26,0.0524188001186028,0.0374868056363312,0.0212594910553847,5.994779840502405,0.6278066596986398,0.2348139825826215,0.1815027858015477,0.1624234437815924,0.1735726182159889,914.0,1308.0,2058.0,9.14,13.08,20.580000000000002,46.42574130843053,78.09585222925234,48.070947517360885,1.8360964026978541,0.0181057559922125,mouse638330far26,0.1336633663366336,0.26300630063006303,0.2403240324032404,0
mouse638330,far,29,0.0471846925654704,0.0884255769351557,0.0441512229549785,5.075182950304645,1.0315956182509831,4.54018116173909,0.1965109697070698,0.3115343088841644,0.3507855116022452,719.0,287.0,301.0,7.19,2.87,3.0100000000000002,47.31690738640661,82.35739959757515,49.5232134763354,1.8251712248443983,0.0693141750093561,mouse638330far29,0.2081908190819081,0.7725472547254726,0.4868586858685869,1
mouse638330,far,30,0.0340652960694636,0.0116748031894911,0.026921152011824,0.4614489073392158,1.8569555437489496,5.501064470148706,0.3061699507656342,0.1673743392059498,0.1730600404911535,357.0,760.0,997.0,3.5700000000000003,7.6000000000000005,9.97,47.31690738640661,82.35739959757515,49.5232134763354,1.8251712248443983,0.0298412239837962,mouse638330far30,0.20900090009000896,0.7034203420342037,0.4382538253825382,1
mouse638330,far,203,0.2043351727496637,0.0858386761361938,0.2487442660898878,4.09539152771741,3.686497416509492,2.784370003246253,0.5634820176478228,0.4649450227908392,0.5942622823950212,55.0,75.0,73.0,0.55,0.75,0.73,46.59771618875702,81.51334909025101,48.87985153890018,1.8034688796871432,0.07919172602306199,mouse638330far203,0.21494149414941502,0.7085508550855086,0.3502250225022502,1
mouse638330,far,38,0.0798851188539692,0.0831428687818371,0.0102646719397509,2.4418417778846253,3.02969703178091,6.205331015391932,0.4010539819073401,0.5748040728566183,0.3492769258423441,87.0,63.0,84.0,0.87,0.63,0.84,45.097304356201754,76.21795959310202,47.3680054510462,1.8169342310606624,0.0595150641735424,mouse638330far38,0.21899189918991896,0.6326732673267327,0.311071107110711,1
mouse638330,far,41,0.009131154401733,0.032384277933177004,0.0183626220359876,3.0965251704187127,3.138532403499976,5.9060165929673465,0.20086029908434902,0.1499556789991,0.1758658983285576,1087.0,1309.0,1452.0,10.870000000000001,13.09,14.52,45.717349656285094,78.28916575859563,48.07464519448693,1.8126293057324216,0.043806871948637006,mouse638330far41,0.2273627362736274,0.5557155715571558,0.3464446444644464,1
mouse638330,far,42,0.1280326572635816,0.050193690650705,0.0753420741830255,4.781332480923711,1.495137537986998,3.802968493757436,0.4787141303720987,0.3760570979361051,0.328725351419427,95.0,68.0,162.0,0.9500000000000001,0.68,1.62,45.404168647242,79.79968273234309,47.71490941616436,1.8126293057324216,0.0353778831185863,mouse638330far42,0.1682268226822683,0.6604860486048606,0.3280828082808281,0
mouse638330,far,46,0.20448169890755802,0.0376623858646524,0.0838793616834794,3.1470985822926174,2.979680016528312,2.3594162158411254,0.4512200070031174,0.2200561421141932,0.3965011822319715,84.0,246.0,121.0,0.84,2.46,1.21,3.7236087490218455,5.19008628200878,8.16817769376547,1.7885049622519924,0.0414776431644528,mouse638330far46,0.1952295229522953,0.6164716471647165,0.4747074707470747,1
mouse638330,far,48,0.1395916044198391,0.0442146526786721,0.0890468516439034,1.1452370501974352,1.490676127099115,1.140808457311556,0.2949335293940834,0.1153509605901939,0.2248712376940547,766.0,1151.0,1332.0,7.66,11.51,13.32,44.34359877129524,73.79481805260221,46.83852963323577,1.7822036920621618,0.0208937290499381,mouse638330far48,0.1630963096309631,0.7363636363636366,0.3218721872187219,1
mouse638330,far,50,0.0272178704137286,0.0303693680781959,0.019374541720375997,5.674728171159798,1.8894959016619242,5.702493415991774,0.2592190639180148,0.2518578623146029,0.2334512030932938,307.0,313.0,443.0,3.0700000000000003,3.13,4.43,43.41756768378851,74.7398308877691,46.10677871122936,1.7795715776557008,0.0345807970855699,mouse638330far50,0.1722772277227723,0.7009900990099011,0.3256525652565259,1
mouse638330,far,55,0.0336902990074262,0.010496178534266,0.0382414455820025,0.8492570605429199,0.5172773421955648,1.0134298208307664,0.0972902207467937,0.0914728864053538,0.0939141545742281,3911.0,4409.0,4620.0,39.11,44.09,46.2,43.98155677337828,73.58041445248334,46.711653162036804,1.7795715776557008,0.0657522403964592,mouse638330far55,0.1239423942394239,0.2022502250225022,0.1774077407740775,0
mouse638330,far,52,0.0500816289441446,0.0125721897229535,0.0176461814142908,2.6021505840574006,1.5301043172276796,5.471173788167837,0.1708212309883136,0.1431159895772784,0.1106339969700586,1279.0,1300.0,1384.0,12.790000000000001,13.0,13.84,43.98155677337828,73.58041445248334,46.711653162036804,1.7795715776557008,0.0290993696819676,mouse638330far52,0.1801080108010802,0.5670567056705671,0.3369936993699371,0
mouse638330,far,57,0.0450722868402577,0.0234338989202606,0.0335567507915986,0.2492593379647671,1.8662301068807832,1.3239266843196364,0.2280193221112154,0.1339879149136435,0.1624287484347578,868.0,1164.0,1323.0,8.68,11.64,13.23,43.91195535353359,72.59020107525474,46.1728692759587,1.7778146697561028,0.0459484125078459,mouse638330far57,0.1836183618361836,0.2567956795679569,0.2168316831683169,0
mouse638330,far,56,0.0616065074020747,0.0274674898748454,0.1528257306165015,4.850576476221881,5.680461084219106,5.0826418866204905,0.4816726937828227,0.3662596386657997,0.5236897716713164,102.0,83.0,76.0,1.02,0.8300000000000001,0.76,43.91195535353359,72.59020107525474,46.1728692759587,1.7778146697561028,0.0214873009357934,mouse638330far56,0.1698469846984699,0.6518451845184519,0.3610261026102611,1
mouse638330,far,59,0.1146247058775928,0.0332036618826415,0.0193244744651548,4.05616557363514,5.354878734453188,5.1455044969837065,0.4757085990659784,0.3220120403890967,0.3349594509205449,53.0,326.0,378.0,0.53,3.2600000000000002,3.7800000000000002,43.25965740943038,71.02779948030492,45.87386508900587,1.7762319668331612,0.0585548455286234,mouse638330far59,0.1412241224122412,0.6459045904590459,0.2991899189918994,0
mouse638330,far,209,0.0155932294912717,0.1302272330818411,0.18801523617394802,4.03735379207213,1.26307095967017,4.876981070222237,0.3475033422264808,0.4652978378179753,0.4558308548210886,184.0,76.0,57.0,1.84,0.76,0.5700000000000001,43.25965740943038,71.02779948030492,45.87386508900587,1.7762319668331612,0.0468181541680551,mouse638330far209,0.1576957695769576,0.6726372637263728,0.2819081908190819,0
mouse638330,far,208,0.0846136270551457,0.0635807558787473,0.1119768527206009,5.0939409552803605,0.0993528735565041,2.0772628277731355,0.5333597431910339,0.4663362435423361,0.5841213616933962,52.0,76.0,56.0,0.52,0.76,0.56,43.25965740943038,71.02779948030492,45.87386508900587,1.7762319668331612,0.0389538333345777,mouse638330far208,0.1714671467146714,0.7055805580558057,0.3405040504050404,1
mouse638330,far,66,0.0333003397362866,0.0445769205794947,0.1308150245486886,6.134216514752227,6.000056438110657,0.8733666019554739,0.2618809012415622,0.3456513273494613,0.3698246721041465,330.0,235.0,265.0,3.3000000000000003,2.35,2.65,43.74439045965757,67.38355170149569,45.30988193006865,1.775,0.0627882497473515,mouse638330far66,0.1355535553555356,0.4828082808280828,0.4555355535553558,0
mouse638330,far,71,0.0479190502978468,0.027871368326753996,0.0043372946664292,2.7432421921287853,2.187159585603049,4.514738605264147,0.266501983236422,0.1459498578303471,0.1413553169908403,608.0,903.0,1160.0,6.08,9.03,11.6,42.24866868022588,63.513961442622445,43.76076529406432,1.7574839970821927,0.0420046373461464,mouse638330far71,0.1595859585958595,0.7803780378037805,0.3909990999099909,1
mouse638330,far,213,0.0749376173093798,0.0067938648530218,0.0898969303795252,0.0619502475409323,4.591932691612622,0.9449034047924876,0.2016005184935086,0.1342081627687683,0.2380982791586918,807.0,860.0,925.0,8.07,8.6,9.25,42.24866868022588,63.513961442622445,43.76076529406432,1.7574839970821927,0.0446944816193274,mouse638330far213,0.1398739873987398,0.2767776777677768,0.1946894689468946,0
mouse638330,far,76,0.0482239023371817,0.0625261653652546,0.058723032168055,4.825306440778505,1.2300931588341806,1.536066904387415,0.3339356781020977,0.2565006677047999,0.2601609445439322,208.0,329.0,248.0,2.08,3.29,2.48,43.10011787148979,67.23796240791418,45.02761555769433,1.7573061770789975,0.0363486092353097,mouse638330far76,0.1965796579657965,0.6121512151215122,0.3513051305130513,1
mouse638330,far,80,0.2281087029961667,0.1856236643149653,0.1293362485807707,5.992086662356251,5.6716216862501,0.9010228692271278,0.4496792396802582,0.520304403685664,0.4408502218653792,87.0,74.0,190.0,0.87,0.74,1.9000000000000001,42.71217237460037,64.88409919509765,44.446314201013706,1.7767596911231411,0.0559303615202261,mouse638330far80,0.1185418541854185,0.6675067506750676,0.2854185418541856,0
mouse638330,far,81,0.13294869819476,0.0461122705280458,0.0793618232984046,0.1286936693849001,0.4415395820626789,0.9051035921027084,0.2924521911822345,0.2169208126630931,0.2647431918998468,430.0,704.0,993.0,4.3,7.04,9.93,42.71217237460037,64.88409919509765,44.446314201013706,1.7767596911231411,0.0336244509976297,mouse638330far81,0.2006300630063006,0.7417641764176419,0.3383438343834383,1
mouse638330,far,84,0.0888632884974764,0.0669852431313779,0.0452060131203754,0.6768659926205083,2.0022485807414188,0.8294381828753274,0.2830898930859773,0.2644722136941164,0.2085443039456052,416.0,434.0,582.0,4.16,4.34,5.82,41.977254313666904,58.751393573586206,43.486465950988986,1.7624556732014567,0.0651434135352604,mouse638330far84,0.0977497749774978,0.2068406840684068,0.1587758775877588,0
mouse638330,far,86,0.0765913123790313,0.0363358507914017,0.0266655410849518,3.65590074966486,3.1319363717830084,2.187414690177455,0.3246109672601989,0.2097705978689938,0.190527559871433,602.0,553.0,700.0,6.0200000000000005,5.53,7.0,42.94084130208951,62.06122630439472,44.79102028860526,1.7624556732014567,0.0150910371351981,mouse638330far86,0.1676867686768677,0.6270027002700272,0.2918991899189918,0
mouse638330,far,88,0.0569597538033539,0.0236819636159022,0.0101519222407957,4.626961449370731,3.127113924576509,4.268324402172391,0.1951752303112477,0.1760616658408739,0.1558317909611677,949.0,1315.0,1270.0,9.49,13.15,12.700000000000001,42.94084130208951,62.06122630439472,44.79102028860526,1.7624556732014567,0.0553908587825911,mouse638330far88,0.1906390639063906,0.7352835283528353,0.3594059405940594,1
mouse638330,far,90,0.014819094681656,0.0452429483807047,0.0347369568379314,1.6425793863391138,5.749603427878336,4.542875947542691,0.2879351383133458,0.2883366085449671,0.190930915825751,154.0,304.0,310.0,1.54,3.04,3.1,42.62778733356864,61.05110674311518,44.528239293156005,1.7636964024457271,0.0553357772243723,mouse638330far90,0.1811881188118812,0.6483348334833484,0.3140414041404139,1
mouse638330,far,89,0.1599396693640426,0.016430642657013998,0.0294914899297501,6.116021031050353,0.8333338933743235,3.30892658061072,0.3589266171440434,0.2814393800808459,0.2517915817509102,161.0,230.0,323.0,1.61,2.3000000000000003,3.23,42.62778733356864,61.05110674311518,44.528239293156005,1.7636964024457271,0.0447525150454194,mouse638330far89,0.1936093609360937,0.6866786678667868,0.3945094509450947,1
mouse638330,far,94,0.0316475803799447,0.0767585546840014,0.0618672777115323,2.4559176138466343,1.1907878553093931,2.209182707127466,0.1574077149807569,0.236873616380851,0.1793232262014246,830.0,865.0,792.0,8.3,8.65,7.92,41.423569417182655,55.49156664124157,43.17961828637756,1.7636964024457271,0.0201993380664614,mouse638330far94,0.1633663366336633,0.6186318631863188,0.325112511251125,0
mouse638330,far,103,0.0326187232745743,0.0742429919664073,0.034310535040384,4.575241800622474,2.730064370350309,3.493322404558009,0.1527966272105439,0.2270006228772287,0.2064645445822499,1201.0,680.0,755.0,12.01,6.8,7.55,42.72578828736579,58.63533572548594,44.77670868410034,1.7652903443909729,0.0215595822918548,mouse638330far103,0.2054905490549056,0.6172817281728173,0.3483348334833486,1
mouse638330,far,101,0.0096230265159675,0.0109374750296396,0.0335306739243651,5.5216185033552145,5.6504807662486165,0.5947986819070537,0.1260421794131452,0.1819435002821921,0.1268647702252407,1586.0,1621.0,1790.0,15.860000000000001,16.21,17.900000000000002,42.72578828736579,58.63533572548594,44.77670868410034,1.7652903443909729,0.0291313132798394,mouse638330far101,0.1614761476147614,0.700720072007201,0.3812781278127811,1
mouse638330,far,105,0.0122290988640878,0.0185618199201908,0.0309877363774326,2.5790381840882834,0.8040119508213192,1.116678206960855,0.0934632979193499,0.0697718201596095,0.1060534786178112,2606.0,2950.0,3251.0,26.060000000000002,29.5,32.51,41.1158582353861,53.45705743096928,42.60316239235427,1.7672365433070922,0.057022159772804,mouse638330far105,0.2365436543654365,0.6315931593159316,0.3969396939693969,1
mouse638330,far,98,0.0489071194005143,0.0328478164728416,0.0494770688693366,3.1536524104372976,3.4957585986431687,3.9669595239405537,0.2171920167649562,0.1503934911162215,0.1620792030494382,893.0,867.0,778.0,8.93,8.67,7.78,41.1158582353861,53.45705743096928,42.60316239235427,1.7672365433070922,0.086506069776855,mouse638330far98,0.17308730873087302,0.5403240324032403,0.2886588658865887,0
mouse638330,far,111,0.0211787541735964,0.0129763617692775,0.0321229568463809,3.137740438423001,0.8941138702612667,2.7842576032029345,0.1434183101011176,0.1289650866551653,0.1197762905314709,1458.0,1835.0,1883.0,14.58,18.35,18.830000000000002,41.04191250700315,52.02289627698785,42.10413911615027,1.7737671775066763,0.0154486879832803,mouse638330far111,0.1312331233123312,0.2308730873087309,0.200900090009001,0
mouse638330,far,113,0.0250494290416473,0.0204487955914403,0.0141269948440363,6.2446685563661575,4.699881413632954,5.157332372768618,0.1410927290452783,0.1303254989997458,0.2249538418082861,1482.0,1434.0,1434.0,14.82,14.34,14.34,41.696387025637776,53.50942104576666,43.30519740774913,1.7793959649274247,0.0428872922592411,mouse638330far113,0.2076507650765077,0.5578757875787579,0.4147614761476147,1
mouse638330,far,114,0.0373087983176352,0.0106224100146393,0.0110150077267525,3.8208821967314974,5.0631470521799855,2.173432954879923,0.17612070358467496,0.1635827646338546,0.0997636885139088,1068.0,1362.0,1655.0,10.68,13.620000000000001,16.55,41.696387025637776,53.50942104576666,43.30519740774913,1.7793959649274247,0.0206389755878707,mouse638330far114,0.197929792979298,0.6418541854185419,0.4042304230423043,1
mouse638330,far,120,0.0539845033817377,0.0193692609376842,0.0561437506306276,5.831047852172032,0.0568093779202934,0.2863482298753551,0.1703075818952568,0.1412702650221436,0.1523738261550642,941.0,1298.0,1692.0,9.41,12.98,16.92,41.72739793868122,51.733374602892454,43.09867002441156,1.7827296486007067,0.0329008169464673,mouse638330far120,0.1423042304230423,0.2986498649864987,0.2603060306030602,0
mouse638330,far,142,0.0368783922818777,0.0312104674935659,0.0326926809430207,4.542873807284316,4.6402716696437585,0.5814099753955942,0.2197340463113154,0.2531629281924872,0.2257118009714347,1044.0,706.0,729.0,10.44,7.0600000000000005,7.29,41.5777387002908,51.69007952942953,43.42733853727485,1.7755280904564703,0.0236258882860225,mouse638330far142,0.2173717371737173,0.5608460846084611,0.3372637263726372,1
mouse638330,far,125,0.0608126969352884,0.0265602003150552,0.0311571167106966,5.655684640875699,5.9989699756184205,5.061138875698262,0.2532772060141331,0.1963743461911787,0.2454347549537176,574.0,621.0,773.0,5.74,6.21,7.73,40.9893998985375,54.21914577719675,43.12533853536693,1.7755280904564703,0.0939075473420038,mouse638330far125,0.2065706570657065,0.6383438343834384,0.360756075607561,1
mouse638330,far,227,0.0606284358839665,0.1048038730900397,0.0869921754481191,4.7357858500213545,5.456787025644095,2.1225923456257823,0.2916185250258959,0.361107577802108,0.4350579673083613,236.0,160.0,89.0,2.36,1.6,0.89,40.9893998985375,54.21914577719675,43.12533853536693,1.7755280904564703,0.0422704068548048,mouse638330far227,0.1652565256525653,0.5805580558055807,0.4217821782178218,1
mouse638330,far,140,0.0349055116176382,0.0521633276202069,0.029503048639323997,5.034425703279871,5.781212593009565,2.402994481711602,0.2267422519704584,0.2841027312806865,0.2688909836483102,495.0,383.0,499.0,4.95,3.83,4.99,41.77519101597578,53.77847597103828,43.22583896835142,1.7799227511327562,0.0373837407337154,mouse638330far140,0.1671467146714672,0.5878487848784879,0.2867686768676867,0
mouse638330,far,139,0.0137803154615178,0.0259565755264789,0.085093257339825,2.6424263081583006,2.576472339736338,1.233375728254134,0.2405498047118982,0.1891193715060297,0.322404003711844,456.0,531.0,557.0,4.5600000000000005,5.3100000000000005,5.57,41.21071380350314,54.88354508072986,43.16663528006827,1.7799227511327562,0.0339199088376797,mouse638330far139,0.1838883888388839,0.5851485148514853,0.3407740774077408,0
mouse638330,far,224,0.1263787312781614,0.0898232303519188,0.1587088686223835,6.167621026058858,1.3591352135128598,5.420548560096709,0.515474321059896,0.3842309591381913,0.5481519713190616,66.0,68.0,45.0,0.66,0.68,0.45,41.21071380350314,54.88354508072986,43.16663528006827,1.7799227511327562,0.0618458415209163,mouse638330far224,0.1614761476147614,0.3923492349234924,0.3421242124212422,0
mouse638330,far,228,0.0520368771005949,0.0562208419955393,0.0321837988890165,3.13101964787123,1.9667362491485847,0.7762677680119623,0.2314991330960105,0.2455505632549002,0.2925641653618726,803.0,700.0,595.0,8.03,7.0,5.95,41.31760469756059,55.69356999419973,43.53914451921472,1.804335057576613,0.015439012136373,mouse638330far228,0.2292529252925292,0.6515751575157517,0.393159315931593,1
mouse638330,far,147,0.041040345280338,0.0351704814061059,0.0068132552797354,5.147849916001499,6.110319257984265,4.941029388821129,0.1745967396521842,0.1900255251139712,0.2294502535166409,703.0,794.0,790.0,7.03,7.94,7.9,41.07536287677405,57.699939946032636,43.18413637905004,1.7949582167838896,0.0459333005626495,mouse638330far147,0.1717371737173717,0.6739873987398741,0.3207920792079207,1
mouse638330,far,150,0.0620262836213339,0.0208483370200707,0.0353367155593389,4.950835175435204,4.521503797078821,0.2711885909390554,0.2001681059347136,0.1701635687099528,0.2034525931688988,588.0,751.0,970.0,5.88,7.51,9.700000000000001,41.99774513340015,57.34760557300726,44.07758000223211,1.7949582167838896,0.036262177531110995,mouse638330far150,0.1954995499549955,0.5789378937893791,0.3175517551755176,0
mouse638330,far,151,0.0806856298950368,0.0624194094411207,0.0300222695015843,0.8837925023996073,6.194955032141227,1.5903195600819362,0.3035822596012212,0.3061899273171527,0.224061378982768,380.0,398.0,406.0,3.8000000000000003,3.98,4.0600000000000005,41.99774513340015,57.34760557300726,44.07758000223211,1.7949582167838896,0.0244070473696801,mouse638330far151,0.1830783078307831,0.6556255625562558,0.3839783978397838,1
mouse638330,far,127,0.0272558863675114,0.0240079365240988,0.0277215386999977,4.294850757943288,4.250886158274678,2.8090878558059624,0.1526492512778576,0.1404287539730263,0.14355014922318302,980.0,1587.0,1661.0,9.8,15.870000000000001,16.61,41.01856114297751,60.76876069759322,43.644639885461025,1.8003471887388836,0.0185487806881099,mouse638330far127,0.1652565256525653,0.2505850585058505,0.3666966696669667,0
mouse638330,far,155,0.0472667859744848,0.0637281292973668,0.0359335233783424,4.3183370305017,5.435816082832691,6.112379779050099,0.2129834978058551,0.2169424293842728,0.2138514076142363,869.0,1058.0,1100.0,8.69,10.58,11.0,41.01856114297751,60.76876069759322,43.644639885461025,1.8003471887388836,0.0204411531039475,mouse638330far155,0.1695769576957696,0.6253825382538255,0.3788478847884787,1
mouse638330,far,153,0.053518324646675,0.0120720006400471,0.0586720889651926,3.827203876650339,4.4633520547197865,5.724239738438067,0.2176864094323492,0.2536911651835346,0.2543464664832671,532.0,318.0,252.0,5.32,3.18,2.52,41.68902984089452,59.766528674348095,44.146407153475565,1.8003471887388836,0.0471178050597473,mouse638330far153,0.2014401440144014,0.6091809180918094,0.3658865886588657,1
mouse638330,far,157,0.0084175915897403,0.0395452319919841,0.0664148067903841,2.8877398629836817,5.574174700937781,0.1813855389949052,0.3229242607710781,0.3204884913242902,0.3299987239034606,249.0,198.0,207.0,2.49,1.98,2.07,41.27319413061967,62.39520838708419,43.91500132580672,1.8060661671157008,0.0269508104700035,mouse638330far157,0.164986498649865,0.6891089108910892,0.4255625562556254,1
mouse638330,far,159,0.0076941745493359,0.0063162830996259,0.0160036781498777,6.253437989352774,4.716505626214391,0.0666749603495282,0.1205391824835422,0.1586912130167576,0.1696574618861919,1306.0,1201.0,1074.0,13.06,12.01,10.74,41.27319413061967,62.39520838708419,43.91500132580672,1.8060661671157008,0.0368365506761757,mouse638330far159,0.1423042304230423,0.3113411341134113,0.2543654365436545,0
mouse638330,far,230,0.0154652993180102,0.1642077549438587,0.0660211644455354,3.6789556235289833,1.5939263904827032,0.8972463955264189,0.4005007076255371,0.4503305006827941,0.3499832800636653,80.0,75.0,108.0,0.8,0.75,1.08,41.27319413061967,62.39520838708419,43.91500132580672,1.8060661671157008,0.0665758700779297,mouse638330far230,0.1906390639063907,0.7601260126012603,0.3021602160216022,1
mouse638330,far,165,0.0746064152581237,0.0319660109755586,0.0688037404582021,4.856895906435879,0.6559196836949189,1.8169553995566607,0.2547184607412863,0.2140065737291194,0.3045427470375462,365.0,517.0,351.0,3.65,5.17,3.5100000000000002,41.27319413061967,62.39520838708419,43.91500132580672,1.8060661671157008,0.0310352346313135,mouse638330far165,0.1898289828982898,0.3348334833483349,0.2603060306030602,0
mouse638330,far,160,0.0480739695918968,0.0313950193629707,0.038054863381141,4.778444689627981,4.705403849997153,4.6605317925582925,0.1520351866904561,0.1192355430484656,0.151247452485821,1881.0,2056.0,2113.0,18.81,20.56,21.13,41.79601277460331,60.925969237410854,44.45373158369125,1.8060661671157008,0.0323150662040723,mouse638330far160,0.2476147614761477,0.6197119711971201,0.4666066606660667,1
mouse638330,far,51,0.1899314893734968,0.07673721439862201,0.1250131562684952,0.7793122611438406,1.5126084181797388,1.4835327441381685,0.4483500789851711,0.3542225591249698,0.4097056777541942,114.0,147.0,118.0,1.1400000000000001,1.47,1.18,43.98155677337828,73.58041445248334,46.711653162036804,1.7795715776557008,0.0281967288299901,mouse638330far51,0.1169216921692168,0.6810081008100811,0.288118811881188,0
mouse638330,far,61,0.0876538140540159,0.0313230642236183,0.0881625546982415,4.1029414477942385,2.405639989690692,0.6626402075519039,0.3079208216064671,0.2353010151336668,0.2779525793046542,414.0,455.0,280.0,4.14,4.55,2.8000000000000003,43.47165959487783,70.91941492412238,45.63117047742703,1.775,0.017192001289334,mouse638330far61,0.1487848784878488,0.7868586858685871,0.3483348334833481,1
mouse638330,far,118,0.1193674962517662,0.0523159784325556,0.1265241386245326,1.4174846333538378,0.173459099311741,2.707403628307892,0.3245171406359565,0.4486736514396104,0.4212199337150523,133.0,84.0,112.0,1.33,0.84,1.12,41.816752687269336,51.817453361181144,43.12720096128176,1.7793959649274247,0.0734123977024183,mouse638330far118,0.1390639063906391,0.5041404140414043,0.2338433843384337,0
mouse638330,far,62,0.0588816540882918,0.1068802769532764,0.1559169035893761,2.6744382060735887,1.6303816447209132,1.065514064660128,0.3513384323194193,0.5308681599961199,0.3881886953802423,63.0,55.0,96.0,0.63,0.55,0.96,43.25965740943038,71.02779948030492,45.87386508900587,1.7762319668331612,0.0872422833075643,mouse638330far62,0.2092709270927092,0.5527452745274529,0.3958595859585958,1
mouse638330,far,16,0.0338041362858549,0.0216533672225143,0.1887268372483036,3.0425513496442207,0.09917479486938,2.1678808522943585,0.3884655592084716,0.3605740513366252,0.5039580230612585,122.0,162.0,75.0,1.22,1.62,0.75,48.30407153539466,84.44244966559742,51.194170055890815,1.8483100389274525,0.030602513500651,mouse638330far16,0.1641764176417641,0.7636363636363638,0.3996399639963998,1
mouse657905,far,41,0.0497107754569521,0.0577338781331211,0.0449125442804283,0.3922119930016306,5.883093901445576,1.7790224904483494,0.3014958149159897,0.2726075797683803,0.3342627683529426,233.0,236.0,228.0,2.33,2.36,2.2800000000000002,13.873103281803338,27.2370167855817,13.31800620609827,2.645042532739313,0.0409281949621539,mouse657905far41,0.2427542754275428,0.7420342034203422,0.6594059405940594,1
mouse657905,far,42,0.0252185362963507,0.0196878021823129,0.0380487816126885,5.338159185005264,0.6060448899153508,3.493733826692768,0.1914835810784473,0.1711581165478232,0.1964292773079466,873.0,896.0,986.0,8.73,8.96,9.86,13.871243672864887,23.63040379632772,13.366239181854048,2.6463418146566027,0.0209179125074045,mouse657905far42,0.27893789378937894,0.9256525652565256,0.4860486048604863,1
mouse657905,far,207,0.0764268355759823,0.080882027792002,0.047960376117033,4.417529995406492,1.9782511447750497,4.098662156432251,0.28710262292597605,0.3597239636243455,0.3469211036580065,240.0,198.0,203.0,2.4,1.98,2.0300000000000002,14.530403821748724,25.900627779735732,14.051103956347733,2.6463418146566027,0.0252976325069478,mouse657905far207,0.21899189918991896,0.7444644464446446,0.5727272727272729,1
mouse657905,far,206,0.0761048823001199,0.0444226271612249,0.0533222495568875,5.296283912761151,2.8963917328562276,4.7152221946137916,0.2448254001736602,0.2744461996314253,0.3592457243880939,388.0,329.0,340.0,3.88,3.29,3.4,13.722930367975136,20.14921746939603,13.50100967234294,2.6478765076944204,0.0522492339379547,mouse657905far206,0.1963096309630964,0.8370837083708372,0.5168316831683167,1
mouse657905,far,50,0.062616962361431,0.0871421969964881,0.0120286267510251,2.8822413641159637,5.68746615906896,4.440580659057981,0.2869706882661277,0.3159942012562273,0.1591152700256803,378.0,465.0,725.0,3.7800000000000002,4.65,7.25,14.517313647450257,20.759177652279448,14.239426638580944,2.649646202797649,0.0380754479055841,mouse657905far50,0.2397839783978398,0.8092709270927094,0.4088208820882087,1
mouse657905,far,56,0.0257596421806728,0.0193359762075509,0.0186053955823442,1.0456020139777813,2.9109674780564814,1.8581249809499472,0.1496626593697156,0.1324361396926667,0.1360010059833509,1089.0,994.0,1059.0,10.89,9.94,10.59,14.643713678520589,17.649670310996534,14.80843857140065,2.6516504294495533,0.0151199296437388,mouse657905far56,0.160936093609361,0.2862286228622862,0.2465346534653466,0
mouse657905,far,209,0.0315536743838215,0.0426319660484916,0.0472940946512942,2.803719804170251,5.852879675758919,1.2546033186496972,0.3431076417682687,0.2616776221124712,0.3397655344745491,227.0,495.0,247.0,2.27,4.95,2.47,13.400914936358365,15.914751740994234,13.331753112834516,2.653888656292875,0.0875940236215127,mouse657905far209,0.2052205220522053,1.0155715571557156,0.5635463546354638,1
mouse657905,far,234,0.0445849514637697,0.0612348597545663,0.0846251175335255,4.6246197212057565,1.753164446518408,5.1957558357427285,0.4621286476823454,0.3752143253423913,0.4476942891341658,80.0,111.0,82.0,0.8,1.11,0.8200000000000001,13.400914936358365,15.914751740994234,13.331753112834516,2.653888656292875,0.0853291469716608,mouse657905far234,0.1784878487848785,0.7166516651665167,0.3353735373537353,1
mouse657905,far,64,0.0787454024613563,0.0141910035289287,0.0804920787312558,2.1853663594505184,2.3608857892861788,2.2630612947525246,0.2173446927734703,0.1641430845903555,0.2690397072207148,646.0,524.0,581.0,6.46,5.24,5.8100000000000005,13.657685637092051,17.120118719961187,13.385493066468408,2.6423237878806605,0.0278854093827228,mouse657905far64,0.1882088208820882,0.7396039603960396,0.3124212421242124,1
mouse657905,far,63,0.1251474050632481,0.0403356139662598,0.0558521967144939,0.3333618828297187,2.1243174447155595,0.4631172082163522,0.3497987799446694,0.1766624498294536,0.27304778840585997,150.0,622.0,227.0,1.5,6.22,2.27,13.657685637092051,17.120118719961187,13.385493066468408,2.6423237878806605,0.0647808896746114,mouse657905far63,0.1617461746174617,0.3178217821782179,0.2338433843384338,0
mouse657905,far,213,0.2044044585132157,0.0899797434659671,0.3804427806359622,3.5050726580011538,4.498337571572275,2.546130470702131,0.5161043440051751,0.4645514016256811,0.7121634876737982,85.0,56.0,20.0,0.85,0.56,0.2,14.502491394514001,17.278895546281653,14.439649663174743,2.6479945241635225,0.0700723976868882,mouse657905far213,0.2195319531953196,0.7528352835283529,0.3596759675967599,1
mouse657905,far,72,0.0711575935245951,0.0536875263549086,0.0221274823659902,0.0606732597091043,4.57837291386559,0.4845224117678538,0.1920689857926644,0.2467592217913204,0.1951301808879538,657.0,514.0,622.0,6.57,5.14,6.22,13.891191447150526,26.96085986360137,13.572575089831016,2.658241900203968,0.016730732281225,mouse657905far72,0.1209720972097209,0.8524752475247526,0.4485148514851486,1
mouse657905,far,73,0.0371058171474545,0.0439822289960229,0.0551458505291179,5.311436864583003,4.725604890165112,5.492152053671356,0.2566011359662159,0.1868155712392316,0.1679622574490496,970.0,984.0,1096.0,9.700000000000001,9.84,10.96,14.771066359240676,24.92123972830128,14.412452575751018,2.6444517390188844,0.0534276770343184,mouse657905far73,0.1663366336633663,0.5368136813681369,0.4892889288928895,1
mouse657905,far,74,0.0403667225601906,0.0639654395970852,0.0694046244197979,1.7146323717853111,2.331230737717196,1.2964373023856728,0.3614320187476216,0.3123965509084307,0.3847314748103579,116.0,234.0,95.0,1.16,2.34,0.9500000000000001,13.780537326436475,31.15328747788053,13.41271724094542,2.6444517390188844,0.021411093029322,mouse657905far74,0.1671467146714672,0.7026102610261027,0.3483348334833483,1
mouse657905,far,77,0.020800744875956,0.0400047920920979,0.042636597335885,0.8214434786196776,1.8368482355443692,5.02722901774514,0.1848288373815886,0.213429637394309,0.1988045061378135,767.0,429.0,691.0,7.67,4.29,6.91,14.064488051475475,28.74027130153657,13.84449112207345,2.6483485420163264,0.039003788474516,mouse657905far77,0.2724572457245725,0.8017101710171017,0.4760576057605762,1
mouse657905,far,78,0.0258823970286537,0.0670755358263683,0.0446323677459859,4.9045277278186585,2.6514724613152287,5.108801017083813,0.2231419747912194,0.2211603388003486,0.18654661790114702,691.0,821.0,719.0,6.91,8.21,7.19,14.048685209941935,33.10126521640386,13.981301276547956,2.6483485420163264,0.0362731099936089,mouse657905far78,0.1765976597659766,0.7747074707470748,0.3313231323132312,1
mouse657905,far,81,0.0789372376877736,0.0371486525971233,0.0610167482930014,0.1503806368973464,5.34075709288402,4.8253593795703535,0.3347793567370913,0.2406945673238197,0.23166756251918302,181.0,348.0,477.0,1.81,3.48,4.7700000000000005,13.855239794276805,38.82270783629703,13.692484360573163,2.656830818851664,0.0333830680994708,mouse657905far81,0.1898289828982898,0.6939693969396941,0.3243024302430243,1
mouse657905,far,86,0.0412685869584113,0.0867611291096361,0.0518599189628703,4.187945791549587,4.748911548636868,5.7553649085706695,0.3320826306370332,0.3693846870043914,0.3585040633346635,153.0,124.0,128.0,1.53,1.24,1.28,13.908122515151524,48.7712475599679,13.582835627757614,2.678269030549396,0.0482578833927706,mouse657905far86,0.2030603060306031,0.7090909090909091,0.3075607560756078,1
mouse657905,far,88,0.0342773190362433,0.05860570566939499,0.0286556972199568,5.648959752489097,4.639494866080972,0.1915187587315487,0.1925818143430752,0.2137001284236541,0.1975826351715627,765.0,692.0,765.0,7.65,6.92,7.65,14.490126019275966,47.654541423848435,14.293590910078787,2.683514486638744,0.0517631936033279,mouse657905far88,0.1884788478847884,0.7369036903690369,0.3178217821782177,1
mouse657905,far,91,0.0143908380553546,0.0217709085458313,0.0109149651411384,2.4040806334649436,0.5644067324960812,3.768028734102247,0.1259069359779562,0.1397898374175882,0.0966073112314077,2237.0,1805.0,2260.0,22.37,18.05,22.6,13.84259688009989,56.06229993226938,13.568948927213311,2.683514486638744,0.0374257942764627,mouse657905far91,0.1366336633663366,0.3548154815481548,0.2179117911791179,0
mouse657905,far,95,0.0406657300660262,0.0843906773111837,0.026715430505492993,1.1284740200933627,3.9961747990932204,0.9733935323022024,0.2825175674629899,0.2699881074590869,0.2243934886536561,329.0,383.0,333.0,3.29,3.83,3.33,14.009488235106964,70.48334263337236,13.58434732740282,2.6936267373190375,0.0605450924922753,mouse657905far95,0.2200720072007201,0.7252925292529255,0.3513051305130512,1
mouse657905,far,99,0.0226412538094998,0.0176883865220221,0.0262903392662643,2.1363015753127534,1.9712746619194352,1.7033518419419948,0.1022067824656455,0.1264350249010193,0.1035779853386184,3650.0,3055.0,3451.0,36.5,30.55,34.51,14.009488235106964,70.48334263337236,13.58434732740282,2.6936267373190375,0.0337293202920755,mouse657905far99,0.1822682268226823,0.2900090009000899,0.2411341134113412,0
mouse657905,far,103,0.0086212328924057,0.0199586852034934,0.0053441838726692,5.711002795725375,0.4396953774597945,4.701636575501942,0.1086601139922081,0.0916693538584308,0.0833282529406598,2792.0,2348.0,2784.0,27.92,23.48,27.84,14.069330117734632,78.6227086796377,14.071103746776565,2.687122066449532,0.0352329853957904,mouse657905far103,0.1441944194419442,0.2673267326732673,0.2346534653465346,0
mouse657905,far,104,0.0358421950252948,0.0168668161408893,0.012706103456523002,3.702542128167678,0.1110746904056603,2.2203889950938667,0.1437362194616321,0.1571832627300269,0.1471620591990624,1254.0,1014.0,1294.0,12.540000000000001,10.14,12.94,14.069330117734632,78.6227086796377,14.071103746776565,2.687122066449532,0.0271705510061116,mouse657905far104,0.1833483348334833,0.4582358235823582,0.3116111611161116,0
mouse657905,far,214,0.1320870673483405,0.0851105815934963,0.072126641101648,3.88231391028689,4.783004655070844,6.1241748451618205,0.3460216661404584,0.3910289391741431,0.3574979516509505,182.0,115.0,187.0,1.82,1.1500000000000001,1.87,14.069330117734632,78.6227086796377,14.071103746776565,2.687122066449532,0.05872876227722,mouse657905far214,0.2011701170117011,0.6928892889288929,0.4042304230423043,1
mouse657905,far,105,0.07971737987163499,0.028740250207977002,0.0562124382189083,6.17828409541466,1.8120707715787536,4.381080368840722,0.3567904839623385,0.2129859984042094,0.2894482119334097,228.0,413.0,261.0,2.2800000000000002,4.13,2.61,14.069330117734632,78.6227086796377,14.071103746776565,2.687122066449532,0.0679733180464302,mouse657905far105,0.1806480648064806,0.4952295229522953,0.3175517551755176,0
mouse657905,far,106,0.0315307043235404,0.045148887594190994,0.0445516315399187,5.950262437256472,4.224592925034728,4.357345157100027,0.2756986542743252,0.1967261184897599,0.2695237772552978,349.0,567.0,370.0,3.49,5.67,3.7,14.23183705439082,74.35798472823046,13.922257472917005,2.687122066449532,0.0579199177261776,mouse657905far106,0.1298829882988298,0.2430243024302429,0.2292529252925293,0
mouse657905,far,108,0.0793077299606358,0.046100067347915004,0.0801159770454898,2.8106915543334865,5.762623249775621,3.2758745456874294,0.2502087359637797,0.2285194860319881,0.2471616146108609,744.0,443.0,737.0,7.44,4.43,7.37,14.325436593219896,80.00445764731145,13.963130226242855,2.693742749410196,0.0338631035438638,mouse657905far108,0.2095409540954096,0.8665166516651668,0.3756075607560757,1
mouse657905,far,115,0.0157133802960223,0.0234280167795284,0.0253315293608981,2.9158112985879128,1.2016928168600751,2.007419815017584,0.0928085768727361,0.1086947606940782,0.10222547277701599,2370.0,3030.0,2533.0,23.7,30.3,25.330000000000002,14.235408831209588,80.59738194356733,14.204366950001262,2.7005786416988493,0.0728285051137929,mouse657905far115,0.1687668766876687,0.3364536453645365,0.2605760576057606,0
mouse657905,far,125,0.0204095217129857,0.0248247474163605,0.0298251027721659,5.423326978529521,3.9295785643423344,4.631329787297204,0.2526373220253563,0.2120463736612348,0.2188229029351001,353.0,988.0,489.0,3.5300000000000002,9.88,4.89,14.507912739120815,83.94971398910859,14.261887011879782,2.727980021920982,0.0764945365200635,mouse657905far125,0.2106210621062106,0.6421242124212422,0.3294329432943295,1
mouse657905,far,119,0.0335111396849077,0.0263405203447246,0.0359878290035134,3.7415109552980654,4.750054741461113,3.979849697088628,0.1491219918196274,0.1414733020984434,0.1931375594036707,1329.0,1045.0,1253.0,13.290000000000001,10.450000000000001,12.530000000000001,14.507912739120815,83.94971398910859,14.261887011879782,2.727980021920982,0.0305060478888578,mouse657905far119,0.1803780378037803,0.6353735373537355,0.3102610261026102,0
mouse657905,far,117,0.0337884518024624,0.0592769588385996,0.0158317472502495,4.8700033416300395,1.9500973729156719,0.854739509738174,0.3017759049269898,0.18802266569481302,0.214194813706522,305.0,942.0,594.0,3.0500000000000003,9.42,5.94,14.507912739120815,83.94971398910859,14.261887011879782,2.727980021920982,0.0650208817274797,mouse657905far117,0.1304230423042305,0.2395139513951395,0.18901890189018897,0
mouse657905,far,128,0.0804457126093169,0.0292647045564279,0.0517470143624007,5.876485343030564,2.7176620049649443,5.5184032908904985,0.3642211187962919,0.3020557315118862,0.2339634066408392,272.0,347.0,522.0,2.72,3.47,5.22,14.136556430160208,93.80252038044742,13.835677619944752,2.7227054559757287,0.0521600056493062,mouse657905far128,0.1968496849684968,0.7015301530153017,0.3280828082808279,1
mouse657905,far,126,0.0240004287736889,0.0401121443703119,0.0686401089714028,2.641076500948308,2.3865082547083682,2.973287248187624,0.1849548604830514,0.2517384153247158,0.3670597759060676,605.0,258.0,241.0,6.05,2.58,2.41,14.668291886217313,92.02780994885012,14.524137120507731,2.7301556732171885,0.0476876690070027,mouse657905far126,0.2324932493249325,0.6882988298829884,0.3707470747074707,1
mouse657905,far,132,0.0305843403980782,0.0088006568360348,0.0172572581867024,3.6282349329112353,1.2832632223803435,1.639043146761992,0.1867981408394015,0.1843633891193586,0.2040656365493619,746.0,747.0,834.0,7.46,7.47,8.34,14.966274941231966,99.24595764088085,14.81220503356992,2.7378139089426807,0.056817149088570995,mouse657905far132,0.2594959495949595,0.6623762376237624,0.3475247524752475,1
mouse657905,far,135,0.0619886363513027,0.0115536016162426,0.0339046511889751,0.1081803935631477,5.0938649828875,5.130607551671159,0.2699422883719646,0.1651266287331118,0.2360514325276943,473.0,596.0,497.0,4.73,5.96,4.97,14.947334690877485,110.77771003421628,14.521783936801784,2.7415780127510505,0.0684769842573328,mouse657905far135,0.2000900090009001,0.6275427542754276,0.3685868586858688,1
mouse657905,far,224,0.0409002371063791,0.1051635684070615,0.0152342770722807,2.9158069897228995,2.0355364084723018,3.2705026844255283,0.1726059571758255,0.3200188009720405,0.1783965824552409,863.0,618.0,831.0,8.63,6.18,8.31,15.484452484535069,108.59914128268179,15.082203387035813,2.7415780127510505,0.0246452850669886,mouse657905far224,0.2505850585058506,0.7371737173717372,0.3769576957695769,1
mouse657905,far,225,0.0767441881125234,0.0355885700909795,0.0265226872106818,3.054351179281378,2.482357249087344,3.7024559957405474,0.2235705869807574,0.2882668487808414,0.2377279053661249,599.0,287.0,525.0,5.99,2.87,5.25,14.648619992927518,116.3274350975435,14.235311749865296,2.749886361288408,0.0353651749464586,mouse657905far225,0.20792079207920802,0.5108910891089111,0.4317731773177319,1
mouse657905,far,141,0.0109616960209604,0.0029756306773924,0.0112604705782126,1.2049327817136588,4.087194128412482,2.7219484538053207,0.1682163461114253,0.1092049340452749,0.1297851735178307,1136.0,1680.0,1298.0,11.36,16.8,12.98,14.648619992927518,116.3274350975435,14.235311749865296,2.749886361288408,0.0645519817968999,mouse657905far141,0.2017101710171017,0.6345634563456346,0.3351035103510352,1
mouse657905,far,138,0.0179458974667141,0.0347944372207056,0.0318864463462401,5.0381095504927424,5.13734495145391,0.4977969880603984,0.29621161051094896,0.2954745044295946,0.2667041896560649,305.0,246.0,279.0,3.0500000000000003,2.46,2.79,15.01017065655233,113.674034923446,14.616423113005686,2.749886361288408,0.043618027069696,mouse657905far138,0.2454545454545454,0.6869486948694872,0.395049504950495,1
mouse657905,far,144,0.0248301747408851,0.0852757059719775,0.1018302354050934,3.541317156560955,0.4063235378882504,0.4432307698905074,0.221953041287892,0.3076222359646844,0.6573436687863297,294.0,160.0,17.0,2.94,1.6,0.17,15.01017065655233,113.674034923446,14.616423113005686,2.749886361288408,0.0378845072503433,mouse657905far144,0.1423042304230424,0.7414941494149415,0.3742574257425742,1
mouse657905,far,227,0.0292099246128454,0.0474893687387778,0.0685277876405794,5.321441094409157,5.951217034394529,5.691378287433115,0.2329142404921927,0.3662244960362055,0.2554294796170923,263.0,195.0,293.0,2.63,1.95,2.93,15.01017065655233,113.674034923446,14.616423113005686,2.749886361288408,0.0458685152487232,mouse657905far227,0.1884788478847885,0.632943294329433,0.3388838883888391,1
mouse657905,far,152,0.0339753829752293,0.0482708041644023,0.0222108161136886,0.7366680306859456,6.167766122190759,2.8957969683541105,0.1549180687953354,0.2014389097671528,0.1952003024292511,1163.0,1007.0,1207.0,11.63,10.07,12.07,15.216546912647441,115.95938327913024,15.042859312968645,2.7583962731993386,0.0313391808577683,mouse657905far152,0.2584158415841584,0.6758775877587759,0.3453645364536454,1
mouse657905,far,150,0.054294958839227005,0.048714050506395,0.0127682862671858,1.2260405721769274,0.0156242739862353,5.191096103367972,0.3828306566142082,0.2756791079204873,0.409295319209324,98.0,213.0,215.0,0.98,2.13,2.15,15.216546912647441,115.95938327913024,15.042859312968645,2.7583962731993386,0.0676466361477987,mouse657905far150,0.1927992799279928,0.6602160216021603,0.3318631863186317,1
mouse657905,far,149,0.0169632183813654,0.039373970691363995,0.0450378872370151,5.4516754228379165,1.3086665456251625,6.206349201587144,0.2237100816033639,0.2563511063715445,0.3267555414901285,425.0,380.0,313.0,4.25,3.8000000000000003,3.13,15.216546912647441,115.95938327913024,15.042859312968645,2.7583962731993386,0.0494991975837628,mouse657905far149,0.1485148514851485,0.6772277227722774,0.3272727272727272,0
mouse657905,far,51,0.0306161062067711,0.0325381835714671,0.0643072184834867,1.0086780036316867,2.3816693944309737,0.3934949985179165,0.2370000698071424,0.3058284421492874,0.27058845314986496,467.0,333.0,272.0,4.67,3.33,2.72,13.478622584563599,16.734146472738814,13.375625686501465,2.649646202797649,0.091520190189979,mouse657905far51,0.2152115211521152,0.6801980198019802,0.3969396939693971,1
mouse657905,far,101,0.0157656893681548,0.0231536579209857,0.0119545028266704,3.3389415147142056,0.9149523414059876,2.3949897733433434,0.0784651223110203,0.1056801920756703,0.0998145629678804,3490.0,3204.0,3053.0,34.9,32.04,30.53,14.73198358581395,68.50643599396193,14.194757705081587,2.7,0.0667451132966081,mouse657905far101,0.2875787578757877,0.3818181818181819,0.3,0
mouse657905,far,147,0.1030454854058544,0.0416291844040993,0.1306862324888316,4.8880333281991435,0.3554506823422558,4.002271458994427,0.3234514455341403,0.2905958897452189,0.3846184045829118,142.0,522.0,109.0,1.42,5.22,1.09,15.484452484535069,108.59914128268179,15.082203387035813,2.7415780127510505,0.0868983235563422,mouse657905far147,0.1795679567956796,0.6094509450945096,0.3297029702970298,0
mouse657905,far,129,0.0243159275525597,0.0377712279154332,0.0192789816898193,3.122652520854535,1.7463902413400805,2.8566020555000087,0.2316192591823897,0.1481731058079378,0.1292602181294873,1136.0,982.0,1367.0,11.36,9.82,13.67,14.45499629425328,100.20057630708678,14.021202544842456,2.7301556732171885,0.0936341383163824,mouse657905far129,0.32997299729973,0.6210621062106212,0.4452745274527453,1
mouse657905,far,222,0.0595005641368335,0.104095398740949,0.1906105843565924,1.8070840370786962,1.1822945317112452,2.6505565047095967,0.2998587745781351,0.3373657689678556,0.4453932664753134,231.0,78.0,99.0,2.31,0.78,0.99,14.947334690877485,110.77771003421628,14.521783936801784,2.7415780127510505,0.0892953085348953,mouse657905far222,0.2125112511251125,0.7250225022502251,0.3496849684968496,1
