mouse,probe_position,unitID,VL_pre,VL_stimOn,VL_post,angle_pre_ch15,angle_stimOn_ch15,angle_post_ch15,MMR_Pre,MMR_stimOn,MMR_Post,Nspikes_pre,Nspikes_StimOn,Nspikes_post,Fspikes_pre,Fspikes_StimOn,Fspikes_post,inst_amp_pre_peak_ch,inst_amp_StimOn_peak_ch,inst_amp_post_peak_ch,distance_peakch_stim_tip,error_waveform,universal_ID,waveform_halfwidth,waveform_duration,waveform_REP,cluster
mouse598180,close,260,0.0286064910064134,0.0325510189628559,0.0730406735496765,4.271843307959289,4.1860672407355635,5.29475874489214,0.3472179550170833,0.1833164560051209,0.3139795105335081,356.0,456.0,338.0,3.56,4.5600000000000005,3.38,15.200163573423461,336.9270286422854,15.433877277602255,1.024084957413202,0.0238217651065573,mouse598180close260,0.2000900090009001,0.7655265526552656,0.3429342934293432,0
mouse598180,close,263,0.0254407851505479,0.0476551423531495,0.0502110374206371,3.6003684132382165,4.067204697404431,5.548339756590254,0.2602684910348502,0.1956567542866807,0.2563865961888845,444.0,536.0,531.0,4.44,5.36,5.3100000000000005,15.218793671159391,339.1951376936936,15.699891269191212,1.024084957413202,0.0254265535287142,mouse598180close263,0.2335733573357336,0.661836183618362,0.3315931593159317,0
mouse598180,close,277,0.0183797395383881,0.1698919346696548,0.1805329293514426,5.776956682431635,4.273522045961457,4.490847177024105,0.4430999806792414,0.4755927797351645,0.4955069307804136,64.0,77.0,49.0,0.64,0.77,0.49,15.347783142828273,349.68907347512686,15.692056116921322,0.9705024471890836,0.0505320007335894,mouse598180close277,0.1628262826282629,0.5627362736273629,0.3575157515751574,0
mouse598180,close,278,0.0876049524585052,0.0355647786706367,0.0182092226523433,2.5852250574511118,3.187424662543324,0.6309808956151455,0.2691903013662268,0.2435542544916478,0.1839182679739696,302.0,933.0,579.0,3.02,9.33,5.79,15.846270092779708,352.2572739194575,15.965422508356358,0.9705024471890836,0.0637207778686251,mouse598180close278,0.1973897389738974,0.7177317731773177,0.3380738073807382,0
mouse598180,close,280,0.1392947617504236,0.1471495807074484,0.0534683724907627,2.2762671610219423,0.9667105389217204,0.014180408439829999,0.3614485505870494,0.4200420549309748,0.2984947733213252,152.0,169.0,160.0,1.52,1.69,1.6,15.638689820699835,351.95882968195986,15.947285005138367,0.9490126448051154,0.0298113355040038,mouse598180close280,0.1574257425742574,0.5162916291629163,0.2684068406840685,1
mouse598180,close,283,0.0449362757434112,0.2613156693358889,0.0770540138285533,1.5586900415603888,0.5654289609587628,1.2747243523082126,0.3257106474756556,0.5351253091028167,0.3127742689816636,177.0,134.0,155.0,1.77,1.34,1.55,15.679848316968153,358.97190976558676,15.921902381166936,0.9490126448051154,0.0220946664574528,mouse598180close283,0.2381638163816382,0.4493249324932494,0.288928892889289,0
mouse598180,close,284,0.0683504122010891,0.051714001850573,0.0696141242101668,0.3152765526996993,2.372430635141419,4.544141192194902,0.4016708380036158,0.47415856863809497,0.3348298337407095,151.0,118.0,150.0,1.51,1.18,1.5,15.679848316968153,358.97190976558676,15.921902381166936,0.9490126448051154,0.0343156166636154,mouse598180close284,0.1795679567956796,0.6467146714671469,0.3718271827182716,0
mouse598180,close,287,0.0294053591723687,0.0260856540053516,0.0260351076964219,4.654249607214492,5.30346297847254,4.371379533797604,0.1618019740262538,0.1553658746413552,0.1776543149856719,736.0,609.0,718.0,7.36,6.09,7.18,15.769841748382206,359.260841676105,16.049839800973608,0.9320675941153624,0.0949986141578583,mouse598180close287,0.2387038703870386,0.7242124212421244,0.2573357335733574,0
mouse598180,close,291,0.0260352805623756,0.0247840008154931,0.0126287431317507,6.136272216028375,3.5309520151794933,5.5943036214230695,0.1600565131884413,0.1864048590186657,0.1356836031889044,1751.0,2505.0,1777.0,17.51,25.05,17.77,15.457443238496845,364.0572332112132,15.775661677161848,0.9154916711800278,0.0281043605518932,mouse598180close291,0.1369036903690369,0.2373537353735373,0.223852385238524,1
mouse598180,close,294,0.0769799534694261,0.0527145006080187,0.0434582213263944,6.071771650522371,5.31510115909299,0.9177646976913656,0.2832520589431889,0.1949845431205946,0.1770449202701394,345.0,990.0,674.0,3.45,9.9,6.74,15.66840006046308,368.2838521742038,15.848960344558986,0.9154916711800278,0.0526023508889115,mouse598180close294,0.2000900090009001,0.7271827182718272,0.2711071107110711,0
mouse598180,close,295,0.0475351187658004,0.0330827473419309,0.0419280423011033,0.18241254307040602,4.8161050918515755,0.1091303876437574,0.16106669982724,0.2073510180083335,0.1512668246210794,1635.0,1932.0,1807.0,16.35,19.32,18.07,15.66840006046308,368.2838521742038,15.848960344558986,0.9154916711800278,0.012154709675608,mouse598180close295,0.1347434743474347,0.2686768676867688,0.2192619261926192,1
mouse598180,close,296,0.0664519531735756,0.3637767446433301,0.0142732475498718,4.698192250241648,0.6693796200508206,4.515589250861142,0.3842520026841468,0.5276373886980453,0.3039765020508899,144.0,139.0,184.0,1.44,1.3900000000000001,1.84,15.599784564615366,364.15415687452764,15.888038102124856,0.8806957476904268,0.0335167999235411,mouse598180close296,0.1849684968496849,0.5516651665166518,0.3361836183618361,0
mouse598180,close,297,0.0639910357756416,0.0278718500904945,0.0680105222892417,0.0182843898193059,6.013445369935385,5.862221554131224,0.17962700468317003,0.1287424085558154,0.1818213813840183,1196.0,1410.0,1402.0,11.96,14.1,14.02,15.874328882169532,372.26956477689333,16.055622845862974,0.8806957476904268,0.0087094229086605,mouse598180close297,0.1163816381638164,0.2044104410441044,0.1898289828982898,1
mouse598180,close,304,0.0097993949680339,0.0424194907137762,0.0270823175524968,3.2405642683034785,6.1797334694002455,5.7936584448989095,0.1580144836243733,0.2591095399375895,0.1689007822578962,887.0,649.0,791.0,8.870000000000001,6.49,7.91,16.02101592245625,378.5017930422934,16.16177388182799,0.8645808232895291,0.0241963984087156,mouse598180close304,0.1871287128712871,0.6426642664266428,0.2794779477947795,0
mouse598180,close,311,0.0510167671747228,0.0430886700436832,0.0538871251346068,0.0084625672990305,2.7651586783776807,5.917997632844845,0.3187828186188904,0.2298518694587349,0.3760163463819043,234.0,340.0,131.0,2.34,3.4,1.31,15.722924520684295,383.3787879351397,15.996976919153793,0.8336666000266533,0.0372854148830616,mouse598180close311,0.1841584158415842,0.8052205220522053,0.5624662466246625,0
mouse598180,close,312,0.0644903311012992,0.0800427833003519,0.0735533633869037,6.2239244900440225,5.8456276121035184,5.976826708520126,0.1872231513366836,0.2033358282355615,0.2256227890465811,1599.0,1398.0,1443.0,15.99,13.98,14.43,15.697364885707438,385.16635837753836,16.06437167276431,0.8295330011518529,0.0163600849145986,mouse598180close312,0.1374437443744374,0.2287128712871287,0.1973897389738975,1
mouse598180,close,315,0.0311631900763479,0.0167661322488434,0.0888035020331255,3.4770079542763237,0.8762889113390144,5.671619654031793,0.2192024799637943,0.4006764704464859,0.2813433295792366,401.0,249.0,416.0,4.01,2.49,4.16,15.607973129351967,390.8990500435463,15.939640015785189,0.8147085368400163,0.0502835781547845,mouse598180close315,0.0772277227722771,0.1574257425742574,0.0969396939693969,1
mouse598180,close,738,0.0599345651316097,0.1036715026498516,0.0278261988073845,3.406236173811984,0.637578593657444,1.4634568833789818,0.3877437008989821,0.3955859476869518,0.3609698026921177,88.0,65.0,104.0,0.88,0.65,1.04,15.607973129351967,390.8990500435463,15.939640015785189,0.8147085368400163,0.0874794481957953,mouse598180close738,0.1887488748874888,0.6000000000000001,0.31998199819982,0
mouse598180,close,317,0.0108781060270388,0.201698777195092,0.0453949391178205,0.3558075766579166,0.3983801391198252,0.8107680229457851,0.2395517408939579,0.4717410763138696,0.2083107702577813,520.0,244.0,400.0,5.2,2.44,4.0,15.607973129351967,390.8990500435463,15.939640015785189,0.8147085368400163,0.0299193460259356,mouse598180close317,0.19900990099009902,0.3685868586858687,0.2473447344734474,1
mouse598180,close,316,0.0477165947689251,0.2213583362310796,0.0509930332525841,1.7732877740577062,0.3392774477785177,1.0536550948186885,0.1659262331430948,0.3082170564620121,0.1905909281575049,1270.0,993.0,1202.0,12.700000000000001,9.93,12.02,15.607973129351967,390.8990500435463,15.939640015785189,0.8147085368400163,0.0043892613097447,mouse598180close316,0.1655265526552656,0.5913591359135915,0.3693969396939696,0
mouse598180,close,322,0.0401701534759082,0.0717354109429804,0.2279984631358479,5.1047150706069315,4.791224983050835,1.4582002721126444,0.2445485507527808,0.32194912312690993,0.6615875001588931,394.0,185.0,47.0,3.94,1.85,0.47000000000000003,15.644597315964269,386.93134882540636,15.885384653540386,0.8003905296791061,0.0239896388638795,mouse598180close322,0.1328532853285329,0.7390639063906392,0.3162016201620162,0
mouse598180,close,323,0.0455219105629867,0.1740262014325813,0.0775682110633394,2.4327896224623813,0.7666511797265555,1.6362083764625737,0.2385040650021772,0.3170464215109587,0.2332851051389035,601.0,595.0,739.0,6.01,5.95,7.390000000000001,15.534077982183984,394.86301814906005,15.892781164460585,0.8003905296791061,0.0281472311545054,mouse598180close323,0.3243024302430243,0.6189018901890191,0.3305130513051307,0
mouse598180,close,324,0.0285379156738549,0.0261048379349118,0.0111499823276353,0.6327021879400129,0.0235092661679129,0.9932650631110808,0.2656015778571102,0.2948706708434302,0.2279801200097584,296.0,340.0,371.0,2.96,3.4,3.71,15.534077982183984,394.86301814906005,15.892781164460585,0.8003905296791061,0.0222809742950906,mouse598180close324,0.1979297929792979,0.648874887488749,0.396129612961296,0
mouse598180,close,327,0.1103596386609298,0.0653433157893145,0.0507943865218511,4.780745037464703,4.042879742115187,0.8955697168239501,0.38478329192646293,0.4624940196310662,0.3920083669522051,164.0,61.0,97.0,1.6400000000000001,0.61,0.97,15.880690989787427,395.90919241404436,15.971187243907142,0.7866066361276137,0.0537774504120599,mouse598180close327,0.187128712871287,0.582988298829883,0.3837083708370837,0
mouse598180,close,632,0.0228568701680483,0.1092391321352847,0.058197290862362,3.8532557531174776,5.402236681570746,5.885263015506082,0.1840078879054128,0.3310531973770636,0.248522337396377,568.0,613.0,445.0,5.68,6.13,4.45,15.880690989787427,395.90919241404436,15.971187243907142,0.7866066361276137,0.0191430458473553,mouse598180close632,0.2540954095409541,0.5970297029702971,0.3880288028802879,0
mouse598180,close,329,0.0565530480936978,0.1535453590689339,0.0540947614323909,6.016242659844023,5.835266998389614,3.95466527598481,0.2035810337410225,0.3357271903643956,0.2020078361489944,695.0,678.0,470.0,6.95,6.78,4.7,15.744871392407338,389.60745455157615,16.012158298915054,0.7866066361276137,0.0142586843337909,mouse598180close329,0.1536453645364537,0.6602160216021603,0.3882988298829882,0
mouse598180,close,336,0.1913639412620798,0.0734458524066686,0.1347919102725243,6.254108478685148,5.6543923757626935,0.2235369836234286,0.4787467814609839,0.4118999721897969,0.383192056631454,81.0,64.0,203.0,0.81,0.64,2.0300000000000002,15.65318068529016,390.00530652139673,15.994447328645036,0.760756202735147,0.0227506612879122,mouse598180close336,0.1774077407740774,0.6413141314131414,0.38505850585058504,0
mouse598180,close,337,0.0613768300414556,0.1015167081313225,0.0433982220325119,0.8581654764210861,0.0727092984868586,6.1257526255288735,0.1999143115373575,0.2317469768485214,0.1330404194102514,1071.0,1145.0,1469.0,10.71,11.450000000000001,14.69,15.65318068529016,390.00530652139673,15.994447328645036,0.760756202735147,0.0151443901094942,mouse598180close337,0.1393339333933393,0.2141314131413141,0.2044104410441044,1
mouse598180,close,343,0.0631488799622203,0.0484044227931506,0.0669413537273196,1.1984231621574362,0.5175384537853744,1.391490245508224,0.1932980137414638,0.1811343662899759,0.2025802070369591,741.0,988.0,1104.0,7.41,9.88,11.040000000000001,15.527701067773688,395.3414926432405,15.819117423635676,0.760756202735147,0.0208120897649229,mouse598180close343,0.1755175517551755,0.2762376237623762,0.2316831683168316,1
mouse598180,close,351,0.0801406420669918,0.0794639262670779,0.0278889172743903,2.726333546065572,6.046346070114624,4.636785034456873,0.3850815124991122,0.3729786289910803,0.395885351910043,176.0,167.0,156.0,1.76,1.67,1.56,15.53108533705551,384.0457134433549,16.091615151298793,0.7487489565935969,0.0205294338196126,mouse598180close351,0.1306930693069308,0.7744374437443746,0.4528352835283528,0
mouse598180,close,355,0.0166644002255593,0.1164011929735659,0.0565489210901556,5.369437394932717,5.072426846577825,4.729559294209872,0.221304263696076,0.3016465458612241,0.2806974933403729,658.0,627.0,390.0,6.58,6.2700000000000005,3.9,14.947940163085045,378.30315560346634,15.455005434247562,0.7335700375560605,0.0120373108185285,mouse598180close355,0.1846984698469846,0.6118811881188121,0.4163816381638164,0
mouse598180,close,642,0.105263063247895,0.3599869343220175,0.0600003938390159,1.1420442367999688,0.3478667276535713,0.5883297385565707,0.2606340979738233,0.4133243083927475,0.22707346855131,748.0,501.0,679.0,7.48,5.01,6.79,14.493655057791223,368.0196119391629,15.169124749981485,0.7335700375560605,0.0158852790180472,mouse598180close642,0.1517551755175518,0.5765076507650765,0.4298829882988301,0
mouse598180,close,358,0.1466793917657855,0.0918748535090354,0.0888455148940559,4.585839475367292,6.023554304382468,1.472035387839893,0.4896151711691907,0.4966804544453828,0.4214427067644891,74.0,74.0,140.0,0.74,0.74,1.4000000000000001,14.493655057791223,368.0196119391629,15.169124749981485,0.7335700375560605,0.0570385906550281,mouse598180close358,0.1522952295229522,0.7015301530153017,0.3364536453645362,0
mouse598180,close,357,0.0506865702938632,0.0194306101297344,0.0377299824357794,5.879726530886074,0.6567814887526884,5.439805870780831,0.1827949980130276,0.2156929027908507,0.1424526180996541,1690.0,2386.0,1855.0,16.9,23.86,18.55,14.493655057791223,368.0196119391629,15.169124749981485,0.7335700375560605,0.0494541527022887,mouse598180close357,0.2419441944194419,0.6016201620162017,0.4180018001800179,0
mouse598180,close,365,0.0368483954859118,0.0430053617230341,0.0271852922838735,4.5472659437442555,5.407741284918053,4.389470815108885,0.1740860737015753,0.2058180697082665,0.2045052524330886,830.0,1017.0,613.0,8.3,10.17,6.13,14.425267592646945,361.1255554889758,15.119399125639967,0.7228416147400479,0.0179287994261526,mouse598180close365,0.2457245724572457,0.6283528352835285,0.4987398739873986,0
mouse598180,close,363,0.0325063218821419,0.116021814108679,0.0779408866917504,4.109069043057073,5.0490568401606755,5.248708587001342,0.3017326578634979,0.3018098588929925,0.3362547391592931,270.0,566.0,321.0,2.7,5.66,3.21,14.425267592646945,361.1255554889758,15.119399125639967,0.7228416147400479,0.021004295644898998,mouse598180close363,0.1512151215121512,0.6237623762376239,0.344824482448245,0
mouse598180,close,362,0.0365230222003193,0.1789269635972799,0.032997449683734,3.6668342152951214,1.4979708026826293,5.9963744206230745,0.2475791292939228,0.5125774704713736,0.2417734796900598,406.0,681.0,321.0,4.0600000000000005,6.8100000000000005,3.21,14.425267592646945,361.1255554889758,15.119399125639967,0.7228416147400479,0.0104328344382835,mouse598180close362,0.1722772277227723,0.7514851485148515,0.5133213321332136,0
mouse598180,close,364,0.1383795873353588,0.1636946593892785,0.0813288932013253,0.237869743771059,2.9273670150163795,0.8248273920578099,0.4171108786349113,0.5016575138909383,0.4254766311519746,88.0,95.0,91.0,0.88,0.9500000000000001,0.91,14.425267592646945,361.1255554889758,15.119399125639967,0.7228416147400479,0.0651563425749883,mouse598180close364,0.1695769576957696,0.6097209720972098,0.4034203420342034,0
mouse598180,close,643,0.126168653334595,0.0366559311904919,0.0330929689312019,4.503931861661986,2.6326148471293505,1.2764225729194352,0.3569551694500924,0.381214659230106,0.3185628209996309,125.0,195.0,175.0,1.25,1.95,1.75,14.214004709645328,348.9783336328152,14.921138497428524,0.7128288714691626,0.0207122952662032,mouse598180close643,0.2071107110711071,0.6664266426642667,0.4458145814581457,0
mouse598180,close,368,0.0288506074909603,0.0358071508062225,0.0223376858202157,2.022490588517402,2.6593262550643666,1.5696572289399715,0.1721687318011482,0.2035673646912542,0.1538894371266316,1072.0,1167.0,1042.0,10.72,11.67,10.42,14.026796378163114,327.6244637533867,14.661369482361936,0.7035623639735145,0.030702134449624,mouse598180close368,0.21197119711971202,1.0458145814581459,0.4674167416741674,0
mouse598180,close,648,0.0529969153460959,0.0861808864478668,0.0203363653100304,5.357652952924041,2.2937807799938605,4.603623765483343,0.2991359970804604,0.3364360137462089,0.2932905337294608,280.0,258.0,178.0,2.8000000000000003,2.58,1.78,13.878874258633212,324.005639373354,14.60433866051377,0.7267220926874317,0.0710352894516303,mouse598180close648,0.2894689468946894,0.6491449144914492,0.4614761476147618,0
mouse598180,close,375,0.0226464049621256,0.350189723991573,0.0452583859406637,0.1622109056311674,0.4476671325140668,1.1849776521545918,0.2396579152019205,0.5378154788698256,0.2271042129218598,476.0,488.0,415.0,4.76,4.88,4.15,13.424277187344314,293.63644362661637,14.487001713197214,0.7185053931599957,0.0272663457376615,mouse598180close375,0.1450045004500449,0.3194419441944195,0.3226822682268226,1
mouse598180,close,376,0.0267199721595584,0.074468728441017,0.06901462165888701,4.3061253312475785,5.350819946004272,5.946145992314858,0.2071459622643776,0.3477156201157075,0.2927710580966438,582.0,747.0,586.0,5.82,7.47,5.86,13.622679139254306,303.70564906899637,14.566033328306641,0.7185053931599957,0.0148877251973683,mouse598180close376,0.1803780378037803,0.7666066606660668,0.4074707470747077,0
mouse598180,close,380,0.0452917887429685,0.0594306628455611,0.0520020371149546,1.569587825579047,2.3445539738893166,1.6781718994854464,0.1850021501298369,0.2691387004572894,0.2214164731156612,1218.0,1254.0,829.0,12.18,12.540000000000001,8.290000000000001,13.622679139254306,303.70564906899637,14.566033328306641,0.7185053931599957,0.0198259037338953,mouse598180close380,0.2616561656165617,0.5235823582358236,1.3385238523852387,0
mouse598180,close,386,0.0411408417935141,0.1216310143693429,0.0671982653231296,5.555965025261946,5.531079272537201,5.789808551684329,0.1514133944912156,0.2342931742582063,0.2050276593697333,950.0,951.0,915.0,9.5,9.51,9.15,13.39973353011175,272.8990858879622,14.39763334472251,0.7079901129253149,0.0148480425676907,mouse598180close386,0.2079207920792078,0.6715571557155717,0.3799279927992799,0
mouse598180,close,387,0.0798892410889272,0.170317084460692,0.1015634521168202,2.5094386503008472,6.026045648091785,5.279956863661537,0.4749147368032281,0.3573931836740457,0.3659034179480773,65.0,119.0,142.0,0.65,1.19,1.42,13.503243582523108,253.55887202005297,14.543436775932864,0.7079901129253149,0.018801576022961997,mouse598180close387,0.1495949594959496,0.7441944194419444,0.3226822682268225,0
mouse598180,close,650,0.1573396251932001,0.1865927844515586,0.1683556636003877,2.7159208391087093,0.5655108508983566,6.257956664681176,0.537364832347312,0.4470515470818825,0.4817560528578272,54.0,113.0,50.0,0.54,1.1300000000000001,0.5,13.503243582523108,253.55887202005297,14.543436775932864,0.7079901129253149,0.0827737220486944,mouse598180close650,0.21494149414941502,0.8260126012601261,0.3936993699369938,0
mouse598180,close,391,0.0413782327653488,0.1227971999577124,0.0461507642069352,0.7808990979130863,5.250489068530138,5.075691294768802,0.2837507709777822,0.3654638888549296,0.3683479149947755,265.0,289.0,318.0,2.65,2.89,3.18,13.183833058743913,259.9668386460463,14.38393541130478,0.7013380069552769,0.0151635727582105,mouse598180close391,0.1474347434743474,0.7169216921692171,0.3407740774077407,0
mouse598180,close,392,0.0353362499473525,0.2068786379614974,0.0250637743976733,0.2039664449449145,1.1991362528929017,3.1338697562172415,0.2201473047957292,0.5828524369329176,0.2528000859877483,617.0,824.0,411.0,6.17,8.24,4.11,13.575659378199516,241.6380235918065,14.524535701965153,0.7013380069552769,0.0142533569560115,mouse598180close392,0.1566156615661567,0.5829882988298831,0.3780378037803783,0
mouse598180,close,388,0.0139890086984228,0.0498001335480847,0.0270958315663327,1.7218169172678666,0.4065344835137574,3.2508078605776314,0.2133272111384779,0.3278126116172152,0.1795112939942678,566.0,349.0,588.0,5.66,3.49,5.88,13.575659378199516,241.6380235918065,14.524535701965153,0.7013380069552769,0.0166300193503096,mouse598180close388,0.2087308730873087,0.6027002700270029,0.4082808280828084,0
mouse598180,close,400,0.0590471034560343,0.1728336943860985,0.0558071176728304,5.557827605908893,0.1309183922552405,5.748811904773884,0.2276846136670758,0.4625792229092907,0.1835759386931212,877.0,981.0,946.0,8.77,9.81,9.46,13.575659378199516,241.6380235918065,14.524535701965153,0.7013380069552769,0.0331666340426151,mouse598180close400,0.2265526552655266,0.6091809180918093,0.3745274527452746,0
mouse598180,close,394,0.0244877402269545,0.1170044339835569,0.1054651771127461,3.4019835612031013,5.713962905319993,5.5336273854231735,0.2939288870702575,0.4720844350779001,0.4098888602797546,220.0,307.0,241.0,2.2,3.0700000000000003,2.41,13.329752080003653,222.85172193872668,14.405462043584164,0.7013380069552769,0.0246980240970502,mouse598180close394,0.1811881188118812,0.5284428442844284,0.3264626462646265,0
mouse598180,close,395,0.0300972197338491,0.2373071193751984,0.1034349650809538,4.195006833218809,1.7347012308310767,6.2679529302339025,0.3057095397588577,0.6459075147946558,0.4114813048313806,183.0,290.0,132.0,1.83,2.9,1.32,13.329752080003653,222.85172193872668,14.405462043584164,0.7013380069552769,0.0359592250642281,mouse598180close395,0.2527452745274527,0.6097209720972099,0.4252925292529254,0
mouse598180,close,396,0.071006762188164,0.1679841778278306,0.0675285043277876,3.146094868864587,1.3527294822086635,0.4974669745065576,0.3705463493853486,0.4557438357001647,0.2906029958208668,193.0,238.0,288.0,1.93,2.38,2.88,13.359595094026231,195.7789780343276,14.124807997691484,0.6955213871621778,0.0229638915345201,mouse598180close396,0.1587758775877588,0.5640864086408642,0.3297029702970298,0
mouse598180,close,397,0.0255701469101923,0.2204275315843247,0.0589292578587615,6.241543640020787,6.215225058655982,0.5609181877823283,0.1727262664161837,0.3717283968947723,0.2485870863708147,668.0,234.0,472.0,6.68,2.34,4.72,13.359595094026231,195.7789780343276,14.124807997691484,0.6955213871621778,0.023794676553018,mouse598180close397,0.2387038703870387,0.5851485148514852,0.3920792079207921,0
mouse598180,close,399,0.0498462649550633,0.326087791729484,0.0324695862737121,5.4839191112616374,1.8726961921866765,5.2911358295153,0.1515312792355153,0.5859291226163871,0.1364859974387945,1887.0,1930.0,1708.0,18.87,19.3,17.080000000000002,13.347632955718195,201.65215116049183,14.316007439470207,0.6955213871621778,0.0146709862186964,mouse598180close399,0.1566156615661565,0.6361836183618363,0.3224122412241222,0
mouse598180,close,401,0.0337368076535138,0.2471037809621482,0.09485073115238901,5.096033322344555,2.1465410976635804,5.4300950712599345,0.2843751494147041,0.698842931457272,0.3664615780859818,146.0,70.0,123.0,1.46,0.7000000000000001,1.23,13.025996295970799,180.11542243900826,13.897513080047574,0.6661456297237115,0.0363154386300028,mouse598180close401,0.1709270927092709,0.6000000000000001,0.3405040504050405,0
mouse598180,close,404,0.0200846249875175,0.077029549609069,0.0259028886889065,5.650920914522341,6.150409146157896,4.474881308825747,0.2236894194022549,0.2797605263146259,0.1584553463928954,523.0,379.0,756.0,5.23,3.79,7.5600000000000005,12.830623814971226,131.6013103412329,13.612721097659314,0.6661456297237115,0.0263316633309864,mouse598180close404,0.2044104410441044,0.5430243024302431,0.3693969396939693,0
mouse598180,close,405,0.0558671675776357,0.1706264782671701,0.0609901282338902,5.494678711691099,0.9311212333218796,5.895900581218581,0.2419833739533722,0.5962391417973588,0.2328643974984446,523.0,821.0,580.0,5.23,8.21,5.8,13.110649997832345,137.46665961610347,14.162699056497276,0.6619101147436863,0.0288775546199796,mouse598180close405,0.1863186318631864,0.564896489648965,0.3766876687668767,0
mouse598180,close,406,0.021103726130827,0.1487228846080048,0.0393262527247412,5.12415478195193,5.229360938317301,5.7784678179482505,0.163907132771673,0.2176727220022236,0.2495970416346855,744.0,902.0,895.0,7.44,9.02,8.950000000000001,13.110649997832345,137.46665961610347,14.162699056497276,0.6619101147436863,0.0150703285995855,mouse598180close406,0.1863186318631864,0.6113411341134113,0.3796579657965798,0
mouse598180,close,407,0.0136965406698443,0.2094140885392947,0.016667627487757002,1.8383342426740144,1.2139566023677368,2.0985516333229355,0.2509017332626463,0.5485583892940571,0.2349428118522541,403.0,498.0,280.0,4.03,4.98,2.8000000000000003,13.110649997832345,137.46665961610347,14.162699056497276,0.6619101147436863,0.0160417476348478,mouse598180close407,0.1587758775877588,0.4671467146714673,0.3108010801080108,1
mouse598180,close,411,0.0400322272712034,0.218217973536436,0.0174910731706615,5.8602728769146495,0.5467026735630537,4.454507052074341,0.1728269534123984,0.5386953132133365,0.1680845072598655,1028.0,727.0,675.0,10.28,7.2700000000000005,6.75,12.708432306924891,106.18886073939434,13.430020950961962,0.6619101147436863,0.0296639875691375,mouse598180close411,0.17308730873087302,0.6105310531053106,0.3531953195319534,0
mouse598180,close,414,0.0349634614570038,0.1787789846989486,0.0279191159404079,2.2092960113976963,2.9522592668519905,4.1639075639901915,0.1785051242192953,0.4492623931811817,0.2059757599858658,764.0,613.0,508.0,7.640000000000001,6.13,5.08,13.004448495397625,91.8220746226419,13.748242948381526,0.6585969936159746,0.0161206546847845,mouse598180close414,0.1652565256525652,0.5619261926192621,0.3213321332133214,0
mouse598180,close,415,0.0678447273149924,0.1509805234280483,0.0199808611801304,5.553477586778683,6.1203879495004765,5.123388848205133,0.4092960734342255,0.3830607150618343,0.3733771342425301,73.0,131.0,178.0,0.73,1.31,1.78,12.66736947806502,58.43964524224899,13.341917033557198,0.6585969936159746,0.0352503126276871,mouse598180close415,0.1301530153015301,0.7428442844284429,0.3172817281728174,0
mouse598180,close,419,0.08749679688528798,0.2035120135364083,0.1106622589213675,3.8598583667603212,0.8176738200688737,5.608829644439652,0.4497929446013357,0.5113349108454444,0.4160872151847768,85.0,111.0,124.0,0.85,1.11,1.24,12.586935270577511,56.47688542771486,13.416955385194138,0.6585969936159746,0.0448299042005844,mouse598180close419,0.200900090009001,0.5867686768676871,0.3753375337533752,0
mouse598180,close,652,0.0435057632734756,0.3217220913040529,0.0545316765077638,4.732463268512804,0.6494437009733152,4.749977787128443,0.2294976754063788,0.5229917692193774,0.2409816405056138,460.0,363.0,444.0,4.6000000000000005,3.63,4.44,12.586935270577511,56.47688542771486,13.416955385194138,0.6585969936159746,0.0325238633773066,mouse598180close652,0.1285328532853284,0.7112511251125114,0.264896489648965,0
mouse598180,close,417,0.0812178444950537,0.225842709014698,0.0433604528445277,5.082971211588968,5.7269617446599765,4.657075725543313,0.256241947117743,0.4244406473952318,0.2544804900530139,418.0,231.0,392.0,4.18,2.31,3.92,12.586935270577511,56.47688542771486,13.416955385194138,0.6585969936159746,0.0357623088115861,mouse598180close417,0.16795679567956798,0.5343834383438345,0.2883888388838884,0
mouse598180,close,416,0.1238528949954573,0.2243282838725475,0.1339948451341399,5.0067402695893,5.9557498665473805,3.317444558272252,0.3509528164673433,0.5528259053398055,0.3661613874547181,146.0,90.0,118.0,1.46,0.9,1.18,12.633339685878806,45.93120165198245,13.35140341994329,0.6562202374203344,0.0413903578638277,mouse598180close416,0.146084608460846,0.5805580558055807,0.3683168316831683,0
mouse598180,close,422,0.0186736444457952,0.224401978711113,0.0422758479776731,1.4030763692422534,0.9609122567158068,4.079362335572993,0.2116643745786395,0.6032122738486232,0.2924028745025956,456.0,469.0,511.0,4.5600000000000005,4.69,5.11,12.469336180687039,85.17469663601075,13.098794280606205,0.6523994175349945,0.0296953389190452,mouse598180close422,0.2335733573357336,0.6286228622862287,0.3958595859585959,0
mouse598180,close,423,0.0243689743948128,0.2800862916450462,0.0566409599028345,4.05079362585834,2.000992953625955,4.199943145958201,0.2476712863468123,0.6776051405102983,0.2676334057776302,365.0,300.0,374.0,3.65,3.0,3.74,12.494853962656446,86.13240863298907,13.401505652441351,0.6523994175349945,0.0169879621306446,mouse598180close423,0.146084608460846,0.7217821782178219,0.4549954995499551,0
mouse598180,close,424,0.0273639529759826,0.1009644491075572,0.0255812638463178,6.272414946559402,1.0391806291259948,0.2671006946504153,0.1081229075159818,0.3813622399823536,0.1156443247831255,3395.0,3024.0,4023.0,33.95,30.240000000000002,40.230000000000004,12.494853962656446,86.13240863298907,13.401505652441351,0.6523994175349945,0.0131165433750489,mouse598180close424,0.1331233123312332,0.2257425742574257,0.187938793879388,1
mouse598180,close,425,0.04523467182042901,0.4419721372240726,0.0638335103654805,0.9705059815351746,1.1498768696866863,0.1319050374337331,0.3833211685216177,0.7390614215337643,0.3574090239672068,101.0,86.0,124.0,1.01,0.86,1.24,12.494853962656446,86.13240863298907,13.401505652441351,0.6523994175349945,0.0250542918112875,mouse598180close425,0.2006300630063006,0.5886588658865888,0.3861386138613859,0
mouse598180,close,428,0.1305733122735203,0.0936101044220657,0.0333538000040514,6.013960464588408,0.5922754832328814,1.3699641112629708,0.3794159334340795,0.4325901444394882,0.3186712732059686,158.0,122.0,184.0,1.58,1.22,1.84,12.565374408842278,121.9828102958253,13.112168250735692,0.6523994175349945,0.0314176338723595,mouse598180close428,0.14095409540954099,0.7914491449144916,0.3396939693969395,0
mouse598180,close,430,0.0980236026625707,0.5419748262236365,0.0288436536128165,6.278208143162924,1.9311316232639315,5.072166310059762,0.3935300134729668,0.8333830575648888,0.3867374599761596,162.0,633.0,156.0,1.62,6.33,1.56,12.482227286766006,142.33855832214158,13.231950317605861,0.651920240520265,0.0427175358021459,mouse598180close430,0.1417641764176417,0.6982898289828984,0.3086408640864085,0
mouse598180,close,436,0.0406888328386382,0.221943911458424,0.0261362793827903,4.862865176058837,1.2175680320226323,5.47891954979547,0.2066063167414911,0.5881383896281888,0.23000259948676002,504.0,363.0,440.0,5.04,3.63,4.4,12.378564770622473,207.4781484889072,13.123302017928387,0.6523994175349945,0.0332812859859305,mouse598180close436,0.1698469846984699,0.5840684068406843,0.3232223222322232,0
mouse598180,close,437,0.0479961673809406,0.1669511554506269,0.0149832097241555,4.416495415731856,1.2806346717130084,6.090500643897253,0.2003123270704504,0.5728216663082045,0.17818422195363198,761.0,860.0,915.0,7.61,8.6,9.15,12.378564770622473,207.4781484889072,13.123302017928387,0.6523994175349945,0.0151965850889585,mouse598180close437,0.1887488748874888,0.5754275427542754,0.3224122412241226,0
mouse598180,close,443,0.0448447900940426,0.2149609278121685,0.0449465025720959,5.208251474551919,1.505229549560906,0.7825627561120473,0.2154103413290288,0.5459777654059921,0.2480288926460683,645.0,395.0,653.0,6.45,3.95,6.53,12.265453236891913,238.77552560972384,13.049580901112282,0.6523994175349945,0.0324360424813845,mouse598180close443,0.1949594959495949,0.6086408640864088,0.3051305130513051,0
mouse598180,close,434,0.062118171044827,0.1639101630818957,0.0607059570599371,3.0801629096506646,6.206416999606103,1.6476342845216974,0.3504802547538713,0.4634960850131028,0.4963334844145124,147.0,87.0,79.0,1.47,0.87,0.79,12.265453236891913,238.77552560972384,13.049580901112282,0.6523994175349945,0.0599146570430154,mouse598180close434,0.2036003600360036,0.6337533753375338,0.4139513951395138,0
mouse598180,close,446,0.0779408704183266,0.1144574691703024,0.1255378981414124,4.206892781949133,6.038726534008736,2.6971724792752703,0.4079119801260128,0.3739683887108731,0.4471872943721782,150.0,152.0,98.0,1.5,1.52,0.98,12.319708244391053,268.4559862776837,12.973370140060942,0.6523994175349945,0.019354651464723,mouse598180close446,0.17605760576057602,0.8743474347434745,0.3596759675967594,0
mouse598180,close,453,0.0909347508351353,0.1269916168018057,0.0268793532356087,4.599196131134819,5.8541572563209545,5.129682878357934,0.3899575478734898,0.3656262187112428,0.1907933107857207,145.0,320.0,628.0,1.45,3.2,6.28,12.159968493184605,378.8881310939942,12.732843231148108,0.6562202374203344,0.0168673592114186,mouse598180close453,0.1684968496849684,0.6734473447344735,0.4285328532853286,0
mouse598180,close,456,0.0309225872407908,0.5596797528490075,0.0470689371247058,5.211438309736121,3.5108302989023783,5.138101705987356,0.1956680308097092,0.7322449031434259,0.2008025535483802,734.0,799.0,788.0,7.34,7.99,7.88,11.942732914795064,535.467038706676,12.65242224679634,0.659545297913646,0.04976021772621499,mouse598180close456,0.1171917191719171,0.258955895589559,0.2079207920792078,1
mouse598180,close,459,0.0615292602912635,0.1925552540049016,0.06227210125147,3.3241350117837114,2.6351281734357817,5.559347096903953,0.2829255600246629,0.4328562138977518,0.2424625832867943,364.0,127.0,568.0,3.64,1.27,5.68,12.036363729807473,639.3731754552402,12.537152078366491,0.6623820649745885,0.0380003589665376,mouse598180close459,0.1946894689468946,0.6216021602160218,0.3356435643564354,0
mouse598180,close,460,0.0124031377440784,0.1389765579106265,0.0305715232093578,2.6956371684965936,2.778069142783897,3.7886153237687523,0.2385133169015291,0.3587543905641647,0.2129397564365954,596.0,398.0,569.0,5.96,3.98,5.69,12.036363729807473,639.3731754552402,12.537152078366491,0.6623820649745885,0.0337017011430971,mouse598180close460,0.1776777677767778,0.8025202520252026,0.5149414941494149,0
mouse598180,close,466,0.0718397113455091,0.1042916854836746,0.0504151689380039,4.647351280500748,4.067055892512114,4.002265947890373,0.2683077293554979,0.4640391186217008,0.3325894132491614,340.0,76.0,180.0,3.4,0.76,1.8,12.024862829109844,797.9427842269777,12.443838470784122,0.6736096792653741,0.0421236184197817,mouse598180close466,0.1266426642664266,0.8781278127812784,0.2727272727272726,0
mouse598180,close,469,0.1053506524764568,0.0623058430340369,0.0814407058173971,4.746969822376114,3.324014406609445,4.740188295766059,0.4268983885384612,0.4605574728647794,0.4183940830728962,142.0,76.0,126.0,1.42,0.76,1.26,11.946424995096994,808.6609101647379,12.418421437828385,0.6805328794408101,0.0418076314150149,mouse598180close469,0.1325832583258326,0.7072007200720073,0.4209720972097209,0
mouse598180,close,471,0.0257676365941415,0.2054027941314799,0.0188041116683164,5.162936509203898,3.7830127026632776,0.0587403596104114,0.1570734718489235,0.4780661801218124,0.1695028837203038,974.0,378.0,957.0,9.74,3.7800000000000002,9.57,11.946424995096994,808.6609101647379,12.418421437828385,0.6805328794408101,0.0273048108672087,mouse598180close471,0.1795679567956796,0.7479747974797479,0.2702970297029706,0
mouse598180,close,475,0.0947982625697839,0.7412265239923361,0.07141362049016499,5.831482043529543,4.714319564656444,5.11098344231328,0.4481973913213178,0.8192876140273582,0.3579066617562722,68.0,176.0,167.0,0.68,1.76,1.67,11.74871116147624,925.6302075980673,12.148320801375785,0.6805328794408101,0.0523174404179975,mouse598180close475,0.1693069306930693,0.7890189018901891,0.4234023402340233,0
mouse598180,close,476,0.0652059551575994,0.2766798926536124,0.0352119673518839,5.033120092869316,3.9483758527858814,4.39185681722049,0.2565772641984414,0.5828157255350082,0.18486522059461702,608.0,238.0,837.0,6.08,2.38,8.370000000000001,11.574711761268842,848.3121882775971,11.938030521426553,0.6805328794408101,0.0322354413744151,mouse598180close476,0.1242124212421242,0.2308730873087309,0.1771377137713772,1
mouse598180,close,742,0.0218608031317029,0.169169630455038,0.0921462539396612,3.4252109697907085,3.063828331401759,3.733623678122092,0.3056627515139463,0.4474136725295494,0.3704720770128596,247.0,109.0,210.0,2.47,1.09,2.1,11.694968962617695,904.8980063209152,12.15258188959546,0.6882949948968102,0.0339813042442545,mouse598180close742,0.1055805580558056,0.7563456345634565,0.3153915391539156,0
mouse598180,close,272,0.0670473325719902,0.0747875934321508,0.0905009266253548,0.3418891477544908,2.691227069378082,0.7654126119802069,0.31628756369093897,0.3629435093338257,0.2950776580145234,129.0,202.0,216.0,1.29,2.02,2.16,15.5678136834909,347.86440919167586,15.755027115317592,0.9880536422684753,0.0949305914444515,mouse598180close272,0.1963096309630962,0.6423942394239425,0.4695769576957697,0
mouse598180,close,412,0.08534292068718399,0.0666442715852315,0.0231339637905422,2.4181184843110604,0.5647655729137249,5.368137684397953,0.4787608519437187,0.4342050050295781,0.3296573519038949,100.0,561.0,187.0,1.0,5.61,1.87,12.708432306924891,106.18886073939434,13.430020950961962,0.6619101147436863,0.0747223013979966,mouse598180close412,0.2154815481548155,0.8130513051305133,0.6680468046804681,0
mouse598180,close,736,0.0542123134295342,0.1050086519036997,0.1399138159281308,0.9634861697606412,6.2227071101231965,0.6136937208320684,0.4976880849472879,0.4422759216370592,0.4965415727718203,80.0,86.0,61.0,0.8,0.86,0.61,15.5678136834909,347.86440919167586,15.755027115317592,0.9880536422684753,0.0248738835800856,mouse598180close736,0.17497749774977497,0.6048604860486049,0.3272727272727274,0
mouse598180,close,282,0.0834681436954742,0.1104750091703063,0.0227944096545904,3.0587430557394284,2.5081228143844863,4.256006862871505,0.2961186117135909,0.4428307215304003,0.2716331249999485,256.0,115.0,269.0,2.56,1.1500000000000001,2.69,15.959111685814806,362.84884307686633,15.965831104463511,0.9320675941153624,0.0117311123774409,mouse598180close282,0.1552655265526552,0.7641764176417642,0.3291629162916291,0
mouse598180,close,300,0.0826778201029524,0.1440379083750833,0.0633217264619102,2.9649396990144945,2.7886604388653726,6.201023065527773,0.5187713280264893,0.4521478029488117,0.4342332446595158,69.0,130.0,63.0,0.6900000000000001,1.3,0.63,15.991875359297119,378.62147838555467,16.09229187659566,0.8806957476904268,0.0286692783362944,mouse598180close300,0.1695769576957696,0.6680468046804681,0.3294329432943296,0
mouse598180,close,359,0.0730416555097188,0.1508565037232309,0.1719983119674355,5.4670683940685665,3.539509113170084,1.9373691033973441,0.3249865963055983,0.4927216571084779,0.4306415931805027,118.0,104.0,95.0,1.18,1.04,0.9500000000000001,14.493655057791223,368.0196119391629,15.169124749981485,0.7335700375560605,0.0235579300156262,mouse598180close359,0.1903690369036904,0.6785778577857786,0.3796579657965798,0
mouse598180,close,647,0.1564100025491135,0.1498857375250192,0.0500583416857285,1.298137724179674,6.282770735923707,2.3002600280127425,0.4845018125177505,0.4924039201251541,0.3631470125685831,71.0,85.0,64.0,0.71,0.85,0.64,14.425267592646945,361.1255554889758,15.119399125639967,0.7228416147400479,0.0724174882057335,mouse598180close647,0.2173717371737173,0.6275427542754277,0.4096309630963096,0
mouse598180,close,429,0.0381146756831299,0.1021450311263789,0.1145315856736919,0.5332216731507483,1.2892942030472196,3.755902747760853,0.3603850812717381,0.6705433808934231,0.4703102018505524,97.0,109.0,93.0,0.97,1.09,0.93,12.565374408842278,121.9828102958253,13.112168250735692,0.6523994175349945,0.0261023561512255,mouse598180close429,0.1779477947794779,0.5333033303330335,0.5233123312331235,0
mouse598181,far,28,0.2064883523832214,0.0433713220899509,0.0587834406608028,5.057149036259234,3.0720603504032886,0.8720710999125135,0.4745515899476109,0.4328523533496324,0.4629325255846318,54.0,73.0,71.0,0.54,0.73,0.71,22.576908987430482,22.998990091727556,23.07890846693957,2.0895573693966862,0.0694749206332287,mouse598181far28,0.1917191719171918,0.6310531053105312,0.5559855985598562,0
mouse598181,far,31,0.0078311963289706,0.0157366839380338,0.0110363957849894,1.4279335500664188,5.555976899701811,3.6776428549800686,0.2263660856208699,0.2087889543015371,0.2087969395860403,740.0,557.0,696.0,7.4,5.57,6.96,22.57599162209716,22.749511047289484,22.957151736713087,2.057911562725668,0.0476233390023153,mouse598181far31,0.2748874887488749,0.7849684968496851,0.4414941494149415,0
mouse598181,far,35,0.0188707918211308,0.0392957906309734,0.032632711276424003,1.1735205133317868,3.076580960114035,3.9607528465217454,0.2422148650485549,0.3053100940843605,0.2533821687400517,474.0,342.0,214.0,4.74,3.42,2.14,22.682472889887762,23.59603553662274,22.99366258571652,2.0519807503970404,0.0229391624618934,mouse598181far35,0.1927992799279928,0.6666966696669667,0.3013501350135016,0
mouse598181,far,79,0.0264889738148069,0.1214257122161,0.0731409557771703,0.7396315508873019,5.451890287683175,1.3456837655223757,0.2880607487019408,0.44185033817507297,0.4614389686123714,113.0,96.0,77.0,1.1300000000000001,0.96,0.77,22.32206350172875,24.735051264928092,22.67363949674896,2.042975770781436,0.0468613711945517,mouse598181far79,0.1784878487848784,0.6089108910891091,0.3264626462646265,0
mouse598181,far,37,0.0462731055977249,0.1839262387991037,0.0807513908188782,2.239581679053715,1.5003235972264282,3.0430382108349714,0.3636049777472125,0.3770878390993332,0.4205361146826568,116.0,231.0,135.0,1.16,2.31,1.35,22.96093555480648,23.683393251192808,23.28693837125565,2.042975770781436,0.0194787252926422,mouse598181far37,0.1261026102610261,0.6742574257425743,0.2640864086408643,0
mouse598181,far,69,0.1087973156429872,0.0986042812550812,0.0474372787377246,5.0193557431013565,6.1551080300697825,0.0373832198785129,0.3737858178302674,0.4961330349111815,0.3561391175923704,175.0,55.0,287.0,1.75,0.55,2.87,23.052581936946343,25.358823206952263,23.002544375915857,2.0342381866438357,0.0416216310901899,mouse598181far69,0.1495949594959496,0.7474347434743475,0.2972997299729972,0
mouse598181,far,42,0.0268279490080321,0.1092415886198834,0.0441551719728565,3.3184449116457366,4.488783721319118,5.911361017535134,0.2656673983977031,0.3292143513752504,0.329846258857513,294.0,176.0,304.0,2.94,1.76,3.04,22.543018245558557,30.52900020109679,22.915014566764146,2.0175789947360183,0.0119510580394278,mouse598181far42,0.1431143114311431,0.6842484248424844,0.3402340234023403,0
mouse598181,far,71,0.0338884719865704,0.0341418945412046,0.0170768283286709,5.920006153734264,3.861335829603516,2.093395319546401,0.2302892564569494,0.2026553459409983,0.2228209111884071,697.0,622.0,680.0,6.97,6.22,6.8,22.543018245558557,30.52900020109679,22.915014566764146,2.0175789947360183,0.0199459727191662,mouse598181far71,0.2287128712871287,0.7050405040504051,0.3415841584158415,0
mouse598181,far,43,0.0453664630889728,0.0916747447402568,0.0750087746575659,5.280037742860057,0.0536294746911149,1.235479743478935,0.3388877195348018,0.3889602291001798,0.3243697314307275,228.0,103.0,106.0,2.2800000000000002,1.03,1.06,22.94098486885673,28.60964933303821,23.33029777118885,2.0175789947360183,0.047383500206881,mouse598181far43,0.1676867686768677,0.684788478847885,0.2964896489648964,0
mouse598181,far,47,0.0383600579671515,0.0244819651189979,0.0373746298147729,3.282285315331444,0.1905939406400325,5.277990701540419,0.2219551575364834,0.3452619533977752,0.2981374827205789,309.0,178.0,360.0,3.09,1.78,3.6,23.09441210660735,28.84187317391921,23.41012828492766,1.9866743568083824,0.0199874947859967,mouse598181far47,0.1166516651665166,0.2287128712871288,0.1760576057605759,1
mouse598181,far,46,0.119769346667993,0.0396807959733804,0.0455772915896317,0.263492932927752,5.474419057438882,0.7208342490297843,0.3555820377773716,0.3841677095557376,0.2892294501539606,220.0,106.0,175.0,2.2,1.06,1.75,23.09441210660735,28.84187317391921,23.41012828492766,1.9866743568083824,0.04559365071673901,mouse598181far46,0.1223222322232223,0.1995499549954995,0.1760576057605761,1
mouse598181,far,49,0.0654395156963815,0.0214119349773852,0.0454631380700123,2.350316287635145,5.157955031784934,3.740653517203032,0.2611563659731867,0.191523853349438,0.1600833109697128,733.0,741.0,857.0,7.33,7.41,8.57,22.528318718751887,35.32347439686434,22.850411985134322,1.9866743568083824,0.0166693406268582,mouse598181far49,0.1360936093609361,0.5792079207920793,0.2441044104410441,1
mouse598181,far,48,0.0143865429208747,0.0247418483524958,0.0101434962282317,5.090802112719458,1.7644945724752796,6.215234339667883,0.1967808923983839,0.1866268631644617,0.1703813261504016,957.0,836.0,967.0,9.57,8.36,9.67,22.528318718751887,35.32347439686434,22.850411985134322,1.9866743568083824,0.0082376362033779,mouse598181far48,0.1541854185418542,0.4188118811881188,0.4838883888388841,0
mouse598181,far,53,0.0879504198661364,0.0982005236700171,0.1173844836869778,1.9414452775827993,4.76529607619938,4.127852482524236,0.4286740271702111,0.4488752737967827,0.4314496626651236,121.0,110.0,114.0,1.21,1.1,1.1400000000000001,21.627782324967548,39.015217893827355,21.980541027828192,1.9715159142142367,0.0379019207792391,mouse598181far53,0.1382538253825382,0.4282628262826283,0.2422142214221423,1
mouse598181,far,54,0.0135585330489441,0.0597198396491673,0.0323321886354336,5.96335705332781,0.1975082995129998,2.4504258204648157,0.2604742768473986,0.2528124163497369,0.2439873703003455,677.0,466.0,596.0,6.7700000000000005,4.66,5.96,22.11557197053964,35.485548742202724,22.18293609373121,1.9643701280563195,0.0346650278959351,mouse598181far54,0.1992799279927992,0.9035103510351036,0.0448244824482451,0
mouse598181,far,74,0.1361435999972761,0.1326914985656402,0.1652089956314451,1.452599334870556,2.8899819621324605,3.0784297145700377,0.5318252774883322,0.5044213776225592,0.4263319964298214,59.0,55.0,97.0,0.59,0.55,0.97,22.10205318923435,35.88437345832041,22.222624910500702,1.957517560585345,0.0264162885773323,mouse598181far74,0.1628262826282628,0.7784878487848786,0.3607560756075606,0
mouse598181,far,60,0.0256031112027484,0.0653735989004834,0.0176334122066904,5.875348681392653,6.034324449070323,1.2790145261947297,0.3864114571046588,0.4377540030535751,0.2973230832516272,185.0,111.0,179.0,1.85,1.11,1.79,21.69951438675973,50.42265705659374,21.873979011418506,1.9212626056840847,0.0326313543161067,mouse598181far60,0.1752475247524753,0.3723672367236724,0.1995499549954995,1
mouse598181,far,61,0.0340592100373502,0.1323762633142544,0.0394852009106158,1.0237967565595405,5.121711439255075,2.5494743605534436,0.3597660488747362,0.4148897830654075,0.3113961483545066,163.0,82.0,127.0,1.6300000000000001,0.8200000000000001,1.27,22.18304753488153,46.27753135450239,22.295272434786128,1.9091883092036783,0.0420707149837744,mouse598181far61,0.1922592259225922,0.3783078307830785,0.2095409540954094,1
mouse598181,far,39,0.062845614610076,0.0352002797754838,0.0390936522952268,0.9634139108638381,5.1496146351829735,4.901727683559869,0.3777469386272205,0.2730177256260376,0.2407199596232392,191.0,307.0,361.0,1.9100000000000001,3.0700000000000003,3.61,23.052581936946343,25.358823206952263,23.002544375915857,2.0342381866438357,0.0324708744515714,mouse598181far39,0.2027902790279028,0.7387938793879392,0.3275427542754275,0
mouse598181,far,29,0.0335334041889215,0.0077709285926158,0.0109777517298872,0.3339892657652543,5.103730806450966,1.0090408507656603,0.1142218264419525,0.1541941399494402,0.1093740320427807,2465.0,2069.0,2311.0,24.650000000000002,20.69,23.11,22.170279295454396,22.561066267390572,22.53854523656092,2.0766559657295187,0.0543680319857403,mouse598181far29,0.5711071107110713,1.4432943294329434,0.0,0
mouse655957,far,277,0.0426941076163682,0.0555538364661818,0.0312364274943546,0.1831113045800173,2.2831855721601317,0.42050164070474794,0.2686040995647334,0.2748189845765492,0.2806275872704131,332.0,260.0,347.0,3.3200000000000003,2.6,3.47,17.600705491569894,38.51102860925052,22.444247787361945,2.0977666695798183,0.039256434083863,mouse655957far277,0.1779477947794779,0.8181818181818183,0.4109810981098108,0
mouse655957,far,278,0.0521483921952488,0.0421534115463022,0.1154087439470203,3.117053629519383,1.9261542719346407,3.3953382114613415,0.3417815078648681,0.4243298688073595,0.385291108981583,120.0,99.0,126.0,1.2,0.99,1.26,17.600705491569894,38.51102860925052,22.444247787361945,2.0977666695798183,0.0723092242637468,mouse655957far278,0.1606660666066607,0.7760576057605761,0.39666966696669703,0
mouse655957,far,655,0.0364405154647439,0.032339713698082,0.0466137814283902,1.747709730809031,4.359939931565432,1.0796121858489809,0.2570718895365817,0.2396371259171809,0.2709776459622687,307.0,344.0,426.0,3.0700000000000003,3.44,4.26,17.600705491569894,38.51102860925052,22.444247787361945,2.0977666695798183,0.0305088760383245,mouse655957far655,0.2011701170117011,0.7714671467146715,0.4039603960396042,0
mouse655957,far,287,0.0190791232428781,0.0275435334398392,0.0216787955947829,0.7798078951443029,5.005170216999515,0.7847867799593088,0.1632325250313462,0.1358314744514244,0.1596352646508085,1070.0,1364.0,1181.0,10.700000000000001,13.64,11.81,18.11559802832273,40.509593663964964,23.014620367512784,2.091948852147203,0.0157531906330611,mouse655957far287,0.1471647164716472,0.3437443744374439,0.2171017101710172,1
mouse655957,far,289,0.0833197598939105,0.0648756332203894,0.0632169114734132,5.0091400363850695,6.1596093645168075,1.4438104359677142,0.4223084384850377,0.315075819835669,0.3113080305797959,159.0,190.0,198.0,1.59,1.9000000000000001,1.98,17.896828712189826,37.754274333881064,22.18613336926137,2.091948852147203,0.0312629173739449,mouse655957far289,0.1606660666066607,0.8918991899189921,0.4674167416741676,0
mouse655957,far,656,0.0365002015092406,0.0373422762055719,0.0439851333442873,0.2031443357972253,2.2555140322321074,1.3429731594203058,0.290428857210706,0.2620339327927909,0.2992864941319535,223.0,225.0,245.0,2.23,2.25,2.45,17.896828712189826,37.754274333881064,22.18613336926137,2.091948852147203,0.0229615532224646,mouse655957far656,0.1668766876687669,0.8692169216921692,0.4541854185418542,0
mouse655957,far,292,0.0161692854474435,0.0420986072878863,0.031083154014441002,5.930329667334143,5.894733518812591,1.5930365634553678,0.1933264904271477,0.1725442403376512,0.2669016184529216,605.0,512.0,486.0,6.05,5.12,4.86,18.381860315210513,41.03234292765121,23.18778225624728,2.091948852147203,0.0123275704792089,mouse655957far292,0.17497749774977497,0.8289828982898292,0.44203420342034205,0
mouse655957,far,298,0.0573271631802304,0.0076562473907016,0.0461178759014348,4.7687847163305666,4.2127288775911715,1.0376094087342906,0.2492275521417547,0.2075525669543241,0.2890385801898417,342.0,396.0,338.0,3.42,3.96,3.38,16.66011195782252,36.229280405899345,22.322128774222058,2.091948852147203,0.0157699852567945,mouse655957far298,0.1714671467146714,0.7582358235823584,0.4001800180018003,0
mouse655957,far,297,0.1173285650099608,0.0307778151492079,0.1054056956919501,3.86350631447351,4.726039729415058,3.6551690066644538,0.4145094555106498,0.3948290182971559,0.2912987463658741,152.0,207.0,288.0,1.52,2.07,2.88,16.66011195782252,36.229280405899345,22.322128774222058,2.091948852147203,0.0506369932496826,mouse655957far297,0.1898289828982898,0.8027902790279029,0.3629162916291631,0
mouse655957,far,296,0.0216879337040501,0.0370503586406512,0.0361969830075335,6.1549830389355025,1.7817558203681714,2.482603189983351,0.2086230546541825,0.2137732183139132,0.2324298331547715,474.0,681.0,464.0,4.74,6.8100000000000005,4.64,16.66011195782252,36.229280405899345,22.322128774222058,2.091948852147203,0.0197018566328326,mouse655957far296,0.1595859585958596,0.4687668766876689,0.5249324932493248,0
mouse655957,far,295,0.0339634285951794,0.0414279485992331,0.1322267758220258,2.679216656452497,4.224775369642651,3.0185193796205927,0.3628085023836079,0.4939139096525491,0.5798441289633721,121.0,87.0,65.0,1.21,0.87,0.65,16.66011195782252,36.229280405899345,22.322128774222058,2.091948852147203,0.0507630225049704,mouse655957far295,0.1703870387038704,0.8567956795679569,0.3342934293429344,0
mouse655957,far,299,0.0225252211487145,0.020539279477399,0.0145241102368602,5.705719408865463,5.60630450336055,4.267286228825046,0.1553975531503515,0.1692744759665384,0.1389775077452899,835.0,995.0,1083.0,8.35,9.950000000000001,10.83,16.60015358165518,38.76301254071977,23.201200540079423,2.0864143883706325,0.0148425120780157,mouse655957far299,0.1841584158415842,0.5810981098109813,0.5289828982898289,0
mouse655957,far,300,0.1083081686725297,0.065997562147011,0.0588047508365541,4.138710861604685,4.631606100235209,4.773767650630509,0.3997552011181319,0.3491883752432536,0.3348965425778482,127.0,77.0,150.0,1.27,0.77,1.5,17.595536942167485,35.99387632623669,22.216833118141583,2.0864143883706325,0.0437625408947631,mouse655957far300,0.1798379837983797,0.8783978397839787,0.4190819081908191,0
mouse655957,far,303,0.0444325525226367,0.0181710977083129,0.1241119088084215,1.575814092126535,1.2919266153544802,1.4091403637622364,0.2802117178322506,0.3147588352557025,0.3018955267969129,239.0,248.0,397.0,2.39,2.48,3.97,17.147212074006962,38.99335041332067,23.005986134459352,2.0932928605429293,0.0162265497819508,mouse655957far303,0.2003600360036004,0.6261926192619263,0.4946894689468947,0
mouse655957,far,304,0.0262690624570935,0.022180804831032002,0.0219263112659588,3.267263560694428,3.4533379714313837,2.946839718508917,0.1933424311585679,0.2490698573537737,0.2425849916187315,753.0,705.0,582.0,7.53,7.05,5.82,17.147212074006962,38.99335041332067,23.005986134459352,2.0932928605429293,0.0246291870567686,mouse655957far304,0.2295229522952295,0.7909090909090909,0.5289828982898291,0
mouse655957,far,305,0.0184768840612103,0.0921372691556514,0.0431903478485409,0.3284718549918092,3.250197322702814,4.801085757672958,0.2154020248174485,0.2411034848768902,0.2230969996392932,375.0,440.0,380.0,3.75,4.4,3.8000000000000003,17.147212074006962,38.99335041332067,23.005986134459352,2.0932928605429293,0.0420347408373629,mouse655957far305,0.3121512151215121,0.7279927992799281,0.7252925292529252,0
mouse655957,far,753,0.0554277588810452,0.0687436877856988,0.1007167876758187,3.118641225180568,1.5231235895975386,3.414152693883968,0.3941279558167963,0.3374067068257754,0.2700240064503962,169.0,215.0,302.0,1.69,2.15,3.02,17.830038235371664,34.48106700559763,22.200345262606568,2.0932928605429293,0.018355657652809,mouse655957far753,0.1914491449144915,0.9631863186318632,0.40396039603960404,0
mouse655957,far,306,0.0757110854002179,0.0880767747118694,0.1086910229225036,5.185364542902366,1.3381186497304256,0.6904686060086221,0.3626629479734865,0.3874117967172124,0.5022484103215816,140.0,190.0,60.0,1.4000000000000001,1.9000000000000001,0.6,17.830038235371664,34.48106700559763,22.200345262606568,2.0932928605429293,0.0181660167950372,mouse655957far306,0.2106210621062106,0.6996399639963998,0.3121512151215121,0
mouse655957,far,307,0.0544577693724802,0.0217388909719449,0.0893613651380904,2.8985482259024264,5.102865325529733,1.3331402699510324,0.3467058268333087,0.2664904207043606,0.3040479609580975,250.0,312.0,456.0,2.5,3.12,4.5600000000000005,17.830038235371664,34.48106700559763,22.200345262606568,2.0932928605429293,0.0213457250158587,mouse655957far307,0.19009900990099,0.7512151215121513,0.4884788478847884,0
mouse655957,far,788,0.0744468412535396,0.1156321753988271,0.0840842409469824,5.7267665433978845,3.8440970289947685,1.01022036954181,0.4112512542049334,0.3799693184930591,0.3415024493664488,142.0,186.0,146.0,1.42,1.86,1.46,17.892869211332286,31.760631066265447,22.027168903400604,2.0837166314064883,0.0356906932694793,mouse655957far788,0.2567956795679568,0.6866786678667867,0.5135913591359139,0
mouse655957,far,316,0.0378531805028474,0.0206496108960869,0.0240015031700531,0.6062035326497636,5.525697716260123,0.8361712959738202,0.2276579807404831,0.1359077791504722,0.1593987174189656,1143.0,1259.0,1296.0,11.43,12.59,12.96,16.794238521597244,33.971340137673835,22.519915342086787,2.0580634101018367,0.014789194542503001,mouse655957far316,0.1644464446444645,0.2551755175517551,0.2216921692169218,1
mouse655957,far,320,0.0659028683764259,0.0382436097232618,0.0272098188949363,0.3901223489313655,4.405537171014844,3.182599192388919,0.3768136018009651,0.2313582980743537,0.2609960104549798,499.0,490.0,254.0,4.99,4.9,2.54,16.809922122721115,32.670022041244785,22.39119328823534,2.053959590644373,0.025296057416348997,mouse655957far320,0.2430243024302429,0.9896489648964898,0.4987398739873989,0
mouse655957,far,322,0.0414108133335341,0.0416693246817375,0.0633920674055819,2.6398648938715916,2.602837606251964,5.837599291351882,0.3233666836190347,0.2836040794613472,0.2872459502517122,266.0,316.0,267.0,2.66,3.16,2.67,16.570587557880508,32.37760399204949,22.23371074251956,2.050152433357091,0.0403740693230747,mouse655957far322,0.1792979297929793,0.8870387038703873,0.3653465346534651,0
mouse655957,far,662,0.1004024775093999,0.0416420700777443,0.0834564483557843,0.8421847074416096,0.3082842611200961,0.9157484986281834,0.3404845189813456,0.3159140919203044,0.3353467479658374,331.0,297.0,274.0,3.31,2.97,2.74,15.812054257032713,30.6782174638247,22.2125491022048,2.056088519495209,0.0326537624321054,mouse655957far662,0.1822682268226823,0.6286228622862287,0.3893789378937894,0
mouse655957,far,664,0.0420473135719621,0.0748478050696254,0.0749353532192444,5.642229157601082,6.001962570738478,4.409432258472613,0.2974264673291783,0.2662540334925379,0.3730156319685278,198.0,279.0,159.0,1.98,2.79,1.59,16.63178978192326,28.46925145904892,22.140827333107037,2.0531987239427165,0.0354547533017482,mouse655957far664,0.1757875787578758,0.6405040504050407,0.3267326732673267,0
mouse655957,far,666,0.0080836415234363,0.0277402576849855,0.0439277821143275,1.3070123357034695,2.1872577891360994,0.4323849299885566,0.1379124821443488,0.2309822643668244,0.2330014795603025,790.0,605.0,516.0,7.9,6.05,5.16,15.666278106009802,28.44525195662711,21.74627115924875,2.0506096654409878,0.036208245756957,mouse655957far666,0.2084608460846084,0.6807380738073808,0.3718271827182721,0
mouse655957,far,333,0.1091538715402722,0.0238937970668128,0.0908367086511095,1.1955607231079233,1.5786771143740883,2.2677142466466873,0.37315259288990604,0.2981846612567183,0.3422949975797384,319.0,300.0,282.0,3.19,3.0,2.82,15.666278106009802,28.44525195662711,21.74627115924875,2.0506096654409878,0.0344815491820028,mouse655957far333,0.1798379837983799,0.7009900990099012,0.3297029702970296,0
mouse655957,far,334,0.0278997461924631,0.0257298624766639,0.0806405129878496,0.2679700031395503,1.9113633328219857,0.9912475000801804,0.1799092008804974,0.1753154034865774,0.2689941161574574,951.0,747.0,598.0,9.51,7.47,5.98,16.808651327748052,27.352795804428816,22.157659670245867,2.0506096654409878,0.0234876283909209,mouse655957far334,0.1944194419441944,0.6356435643564359,0.336993699369937,0
mouse655957,far,338,0.0689932127057134,0.0386446279390751,0.0191223690527388,0.7476245520148177,5.5390245524206945,1.3090052035548991,0.2577334073907206,0.1691086627441106,0.20315002598592102,509.0,681.0,654.0,5.09,6.8100000000000005,6.54,16.797905409880723,26.61414023211293,21.734737448933128,2.0463381929681126,0.0149854268667519,mouse655957far338,0.1055805580558055,0.1987398739873987,0.1844284428442845,1
mouse655957,far,337,0.0429030921526167,0.0125404163455744,0.0288273520422598,0.1964550919324817,1.134888281022388,0.9671738675538908,0.2455886640669764,0.1269854734025863,0.1041849983194798,2654.0,2540.0,2470.0,26.54,25.400000000000002,24.7,16.797905409880723,26.61414023211293,21.734737448933128,2.0463381929681126,0.0296175328027959,mouse655957far337,0.1460846084608461,0.3035103510351035,0.2527452745274527,1
mouse655957,far,339,0.118671644975565,0.0447310114449006,0.0175605383512121,5.539678549098772,3.657713099567069,0.7105438619571565,0.3418980655996195,0.2927878445885286,0.2396599699955193,199.0,285.0,270.0,1.99,2.85,2.7,15.528515806290994,25.48668619094831,21.76224854572529,2.0463381929681126,0.0423691448779651,mouse655957far339,0.1960396039603961,0.7117911791179119,0.3639963996399639,0
mouse655957,far,340,0.0573811117658909,0.1585725964999062,0.0215270845847547,4.9931715051983145,2.173329163094712,3.0022226729189736,0.45361644877551205,0.4484918389961895,0.3881075162022298,85.0,85.0,83.0,0.85,0.85,0.8300000000000001,13.278525273225288,26.32575989647069,21.790167137478058,2.0446576730592336,0.058642691545805994,mouse655957far340,0.1204320432043204,0.985868586858686,0.4873987398739872,0
mouse655957,far,670,0.0380502242554215,0.0518109124907225,0.0430227109756237,3.2858429285067117,0.2507555441066221,0.0442473655677928,0.3796503807654253,0.3228364845847598,0.2789833675819154,173.0,237.0,200.0,1.73,2.37,2.0,15.849057619689978,24.913228052381765,21.899143243091856,2.021911224559575,0.0321402233997155,mouse655957far670,0.1636363636363637,0.7339333933393342,0.5897389738973898,0
mouse655957,far,345,0.044618807478243004,0.0259233361149511,0.055342813646084,0.4076608577501293,5.107798736255743,3.101013869668552,0.2539364677345261,0.2252357579976131,0.2979110910952046,470.0,385.0,422.0,4.7,3.85,4.22,15.849057619689978,24.913228052381765,21.899143243091856,2.021911224559575,0.0208473414000859,mouse655957far345,0.2287128712871288,0.8214221422142215,0.547074707470747,0
mouse655957,far,341,0.0319024629516314,0.0385606671398153,0.0089913929939441,3.675415912411765,5.22177517075699,3.7740588756764506,0.31237668274626,0.2999745131192168,0.2852744174969541,310.0,243.0,256.0,3.1,2.43,2.56,15.849057619689978,24.913228052381765,21.899143243091856,2.021911224559575,0.0268738636126658,mouse655957far341,0.2081908190819081,0.7647164716471649,0.4671467146714673,0
mouse655957,far,347,0.0215689336577537,0.0202518872921421,0.0230697854002841,0.9320268723299816,0.5176386703418654,0.7882978660625848,0.1665246643538312,0.1233142768348954,0.138181586928961,2392.0,2058.0,1618.0,23.92,20.580000000000002,16.18,16.768837635194984,24.178556062212248,21.218578288523922,2.0208290377961218,0.0116786025068296,mouse655957far347,0.1714671467146715,0.2713771377137715,0.2225022502250224,1
mouse655957,far,350,0.0750008779048793,0.0475681000490892,0.0590813807199833,0.2604453492346444,5.630476936084134,5.72553186487217,0.2699291986567498,0.2734738651016194,0.1824133132303606,641.0,636.0,528.0,6.41,6.36,5.28,16.14098300990489,24.37388874773931,20.82754760303197,2.033930923114155,0.0496916435224807,mouse655957far350,0.1231323132313232,0.2222322232223222,0.2073807380738073,1
mouse655957,far,353,0.0246755669242509,0.0394690691450667,0.042768119664777,5.3140535512992155,0.058444639913863,4.428253294937196,0.1976479351995689,0.2764808541752886,0.22895638984982897,639.0,468.0,383.0,6.390000000000001,4.68,3.83,15.8693249191941,24.11542380606413,21.07607163576878,2.0331625611347457,0.0297827038231974,mouse655957far353,0.18307830783078302,0.7730873087308732,0.5135913591359135,0
mouse655957,far,359,0.0491086193864832,0.0263137380430394,0.1257093130515375,0.0577280866463804,0.2171739379187663,1.4051038010933703,0.2679622735501079,0.23731439792993697,0.3755038461863733,424.0,348.0,313.0,4.24,3.48,3.13,15.414075798998208,23.613871432005524,21.107817194009467,2.032701404535353,0.0308770568025808,mouse655957far359,0.2095409540954096,0.6885688568856887,0.4285328532853286,0
mouse655957,far,360,0.0336308439720761,0.031796762833722,0.0535145520119223,3.607913454495857,3.646476174625485,3.7393788938567214,0.2546504880798034,0.23699593698662602,0.2359641765189215,487.0,511.0,382.0,4.87,5.11,3.8200000000000003,15.471835968038954,23.52206703596552,20.99691396560328,2.0325476624177847,0.0116925349826685,mouse655957far360,0.1698469846984698,0.8365436543654365,0.37101710171017105,0
mouse655957,far,366,0.0158125674846024,0.044264336083128,0.0820119406692053,4.301384578981513,0.5088310554833171,5.155946597879307,0.177165171405055,0.2219006626243239,0.3175800888204756,633.0,621.0,422.0,6.33,6.21,4.22,15.845129670519535,23.242565930256024,20.79032459009716,2.032701404535353,0.0297711176637352,mouse655957far366,0.1922592259225923,0.6151215121512154,0.3388838883888386,0
mouse655957,far,367,0.0196005358712584,0.0227762255477093,0.03187048522466,6.1244480408536095,6.109791496895162,0.1119861123836745,0.1588703427834553,0.1563810347363988,0.1322909815129055,1702.0,1382.0,1442.0,17.02,13.82,14.42,15.845129670519535,23.242565930256024,20.79032459009716,2.032701404535353,0.0331133714961512,mouse655957far367,0.1401440144014402,0.2468046804680469,0.1852385238523852,1
mouse655957,far,362,0.06227161671845299,0.0781329235215346,0.0918172662671095,2.9104109003988947,5.1846759730389245,0.1634231651140259,0.3522353138132147,0.3853645499973653,0.2830180560570206,211.0,151.0,257.0,2.11,1.51,2.57,16.141799336490898,23.54430037175433,20.938148944961192,2.053959590644373,0.0282937776755782,mouse655957far362,0.1714671467146715,0.6796579657965798,0.3035103510351035,0
mouse655957,far,369,0.013247451040124,0.0158318410476173,0.0426031147085367,4.2005906192446965,0.892515919443167,6.163038846147356,0.1507257777769903,0.1617155993576086,0.1988007537115884,1252.0,1111.0,797.0,12.52,11.11,7.97,16.141799336490898,23.54430037175433,20.938148944961192,2.053959590644373,0.0162768498177953,mouse655957far369,0.2254725472547255,0.6483348334833485,0.4784878487848786,0
mouse655957,far,675,0.1209698462690019,0.1501450147718284,0.07845324451057001,0.9951339658734334,5.09097016310301,0.7634064997305386,0.4399220651019743,0.5082526732482735,0.396658091735557,92.0,73.0,100.0,0.92,0.73,1.0,15.795884871615238,23.43090721025441,20.85451812142195,2.054415975405176,0.0776415086234792,mouse655957far675,0.2211521152115212,0.8265526552655267,0.3882988298829882,0
mouse655957,far,372,0.0498383827074373,0.0821021406694048,0.0368327063005836,3.325331048525871,3.265290406963666,4.026047396233048,0.3989767922133448,0.4388731663768635,0.3938716513818603,169.0,120.0,163.0,1.69,1.2,1.6300000000000001,16.204593287856838,23.58797275516516,20.75939125505781,2.054415975405176,0.0703212055441591,mouse655957far372,0.2133213321332133,0.8017101710171018,0.4984698469846987,0
mouse655957,far,373,0.0421568403559407,0.0211942902031952,0.0477769322047264,0.2056678274826726,5.577133925150185,5.8621184621951565,0.2509306347976752,0.1691287877084063,0.26797394124110996,660.0,716.0,581.0,6.6000000000000005,7.16,5.8100000000000005,16.026376067526407,23.383000117838673,20.688264314117287,2.0331625611347457,0.015445961473828,mouse655957far373,0.1406840684068407,0.6672367236723674,0.3035103510351035,0
mouse655957,far,374,0.0270956798419372,0.0164973581067126,0.019256497398172,5.270180502739802,5.614853540809637,5.235220933425606,0.149802041248324,0.1671110971267165,0.1386524259351874,2073.0,2030.0,1663.0,20.73,20.3,16.63,16.026376067526407,23.383000117838673,20.688264314117287,2.0331625611347457,0.0298431783251863,mouse655957far374,0.226012601260126,0.3491449144914492,0.2592259225922591,1
mouse655957,far,378,0.0149088189473102,0.0327470787642024,0.0170849384368351,5.882127083848751,1.5930883325862677,3.082914121716983,0.1208170248514346,0.1567533928827875,0.1159404693127366,2100.0,1775.0,1500.0,21.0,17.75,15.0,15.258116862439833,24.22253729908411,20.816432782850303,2.033930923114155,0.0374576004777424,mouse655957far378,0.2225022502250225,0.5975697569756976,0.4706570657065706,0
mouse655957,far,376,0.0555483422778354,0.025842398912262997,0.0745054436520236,6.004168750040064,4.996507031029076,3.712651475189505,0.3338131795974898,0.2870393729593291,0.3031319262243649,163.0,238.0,313.0,1.6300000000000001,2.38,3.13,15.258116862439833,24.22253729908411,20.816432782850303,2.033930923114155,0.0144749222702045,mouse655957far376,0.1954995499549956,0.6156615661566157,0.3518451845184517,0
mouse655957,far,377,0.0870718533857148,0.0283876691487747,0.0726082896303364,2.5593805960724176,2.465334296163357,3.588863027604801,0.3482047781358423,0.2278530730123596,0.2683748016417489,177.0,270.0,251.0,1.77,2.7,2.5100000000000002,15.258116862439833,24.22253729908411,20.816432782850303,2.033930923114155,0.0216730114112502,mouse655957far377,0.1617461746174617,0.6645364536453645,0.3731773177317733,0
mouse655957,far,385,0.0328393818029322,0.0457439437429205,0.0301990247827483,0.6041948062815757,5.912378826078781,6.160443003330492,0.1565601996103582,0.1532125737580563,0.1448483627581764,2502.0,2442.0,2586.0,25.02,24.42,25.86,14.980855503698065,24.706141503743673,20.960498055960464,2.0350061424968717,0.0232870131301964,mouse655957far385,0.1336633663366337,0.2562556255625562,0.2160216021602161,1
mouse655957,far,387,0.04876992069344099,0.0890098511206532,0.116160774368762,3.6927727271699617,0.9308259422533721,5.269444338450802,0.4020352645722571,0.3420163706241471,0.3947251275300635,93.0,112.0,127.0,0.93,1.12,1.27,15.383007569411733,24.361939682325502,20.787992010994085,2.0350061424968717,0.012759463256712,mouse655957far387,0.1498649864986498,0.8146714671467148,0.4077407740774076,0
mouse655957,far,388,0.0286887952100926,0.0338152342928343,0.0701458111843041,6.206917242452861,5.155397725500702,3.8019642690705253,0.2083629821291467,0.1998975021780301,0.2041421401154984,656.0,681.0,627.0,6.5600000000000005,6.8100000000000005,6.2700000000000005,15.383007569411733,24.361939682325502,20.787992010994085,2.0350061424968717,0.0193794890092997,mouse655957far388,0.1922592259225922,0.7493249324932494,0.7328532853285331,0
mouse655957,far,391,0.0329462825743971,0.0078827371000961,0.0128596276702796,5.0753142299563345,0.5347456779851161,5.533817021825453,0.1729030484990079,0.1439213187024892,0.1764523648136643,1391.0,1439.0,1078.0,13.91,14.39,10.78,16.795335256378447,25.276087790762567,20.50568129738377,2.036387733217817,0.0229101425211037,mouse655957far391,0.1995499549954995,0.6237623762376239,0.3742574257425742,0
mouse655957,far,392,0.0305563831261752,0.0149456664383992,0.0322530103458962,5.0903941354864815,5.520447649635566,3.61509639344554,0.1564162286571411,0.1831604166191358,0.1632975740213362,1670.0,1631.0,1297.0,16.7,16.31,12.97,16.795335256378447,25.276087790762567,20.50568129738377,2.036387733217817,0.0232947156975015,mouse655957far392,0.2227722772277228,0.5916291629162916,0.4088208820882087,0
mouse655957,far,394,0.0281384363300567,0.0858182695042469,0.0452828825506388,0.18402690446467002,5.490033807640608,1.3534050444472114,0.2659231683718918,0.2969967772161083,0.2565534145583729,335.0,357.0,474.0,3.35,3.5700000000000003,4.74,16.795335256378447,25.276087790762567,20.50568129738377,2.036387733217817,0.0229734786636059,mouse655957far394,0.1938793879387939,0.6750675067506752,0.3594059405940594,0
mouse655957,far,396,0.0357440396727481,0.0143811240488753,0.0530139119316305,4.087285553120383,3.4574874469012014,6.234414870277058,0.3268022438519365,0.3379483907816826,0.3235204981373185,287.0,252.0,318.0,2.87,2.52,3.18,16.217864998728835,25.607960100321435,20.43865078921181,2.036387733217817,0.0262175250387324,mouse655957far396,0.1814581458145815,0.6040504050405042,0.3591359135913589,0
mouse655957,far,398,0.0314693660238807,0.0414485980080253,0.0075900213939861,5.897934846452628,2.951586351771314,3.4033285429537066,0.2581720791489005,0.2169039635400985,0.2092089797387929,434.0,513.0,574.0,4.34,5.13,5.74,14.9593211222585,25.205923776306825,20.44684353187793,2.038075072218882,0.0217881131665339,mouse655957far398,0.1782178217821782,0.7153015301530155,0.4293429342934293,0
mouse655957,far,399,0.0328866267246616,0.0289758592192785,0.0394901557139483,0.8882033971779438,0.1285438353566843,6.23688594743843,0.2087878463641807,0.2444783519102897,0.2145287015580747,653.0,506.0,592.0,6.53,5.0600000000000005,5.92,14.9593211222585,25.205923776306825,20.44684353187793,2.038075072218882,0.0317208074873615,mouse655957far399,0.1919891989198919,0.5805580558055806,0.36291629162916295,0
mouse655957,far,402,0.1097212985208959,0.0891843614411487,0.1646661667927557,4.803138355743818,2.6989591787375486,2.4266496726450564,0.4951052875612681,0.4265229759533797,0.4723904087789903,85.0,96.0,122.0,0.85,0.96,1.22,15.596693014254768,27.42713870903778,20.571345679068976,2.038075072218882,0.0910196705986003,mouse655957far402,0.2297929792979298,0.5970297029702971,0.3542754275427544,0
mouse655957,far,401,0.0274456743125258,0.0104951489603344,0.0186227191480763,5.905620108993238,5.1442297445590075,0.1320583138170623,0.1916992978810875,0.0978952700009799,0.155968638057673,2576.0,2319.0,1839.0,25.76,23.19,18.39,15.596693014254768,27.42713870903778,20.571345679068976,2.038075072218882,0.0227440126260478,mouse655957far401,0.2246624662466246,0.6264626462646267,0.4425742574257424,0
mouse655957,far,406,0.0281996897490854,0.0501656501549792,0.0632633816144195,0.3112998000761027,0.4307680702611245,1.1229320322754175,0.2659838184887579,0.3219985989680007,0.2685207448295699,253.0,258.0,370.0,2.5300000000000002,2.58,3.7,15.642952391102414,28.43541960369626,20.79311552529141,2.053350919838107,0.0202988948595346,mouse655957far406,0.200900090009001,0.6143114311431144,0.3553555355535555,0
mouse655957,far,405,0.0421623109685655,0.0170180954544183,0.0158880699725444,0.2799819303275846,0.3431842475273037,2.6397149246664093,0.1410145907246376,0.1405099726590849,0.1494778303067321,2053.0,2122.0,1628.0,20.53,21.22,16.28,15.642952391102414,28.43541960369626,20.79311552529141,2.053350919838107,0.0112623787382908,mouse655957far405,0.2511251125112512,0.6275427542754277,0.4112511251125114,0
mouse655957,far,407,0.05736776258377099,0.0310414186345751,0.0287737602345964,4.965981079652444,1.2713281541293842,3.5655276435660963,0.2533004147741386,0.2442673241595489,0.2234279719563357,328.0,423.0,488.0,3.2800000000000002,4.23,4.88,12.885244339733829,27.26030822972925,20.57529377134549,2.0556325060671714,0.0284871207575434,mouse655957far407,0.1925292529252925,0.6245724572457247,0.3604860486048605,0
mouse655957,far,412,0.0471350904396057,0.0333155718543194,0.0071277212662228,0.9637100645333015,0.565183143681798,0.508369671543772,0.1669797760366028,0.1377003014126525,0.1484169609592692,1888.0,1876.0,1509.0,18.88,18.76,15.09,16.162847280560342,29.98664143974198,20.48635766098632,2.0556325060671714,0.0217168185550816,mouse655957far412,0.24194419441944195,0.6437443744374439,0.3912691269126912,0
mouse655957,far,408,0.0590494102132342,0.0875048581815043,0.1080885313028217,2.181647629998,5.4310803266116165,3.187850727105931,0.3167482212081783,0.4080943178520418,0.4057993757639856,189.0,126.0,122.0,1.8900000000000001,1.26,1.22,15.296148940765905,28.817014353951958,20.55343907195848,2.0556325060671714,0.0709703416956729,mouse655957far408,0.2122412241224122,0.6278127812781279,0.4385238523852387,0
mouse655957,far,411,0.010720351044443,0.0342035577137727,0.0204243206919121,5.659505252427403,0.6717878045592063,3.5696387231679187,0.17918164555726,0.1934260107942975,0.20801751726345397,698.0,670.0,553.0,6.98,6.7,5.53,15.296148940765905,28.817014353951958,20.55343907195848,2.0556325060671714,0.0371737457907471,mouse655957far411,0.1871287128712871,0.7976597659765977,0.3726372637263725,0
mouse655957,far,421,0.0872922978724729,0.1573284968341056,0.1240149914248865,0.1525037245441209,4.714329946851611,2.314845450171564,0.4951766219054045,0.4593939619741011,0.4433456940092668,74.0,64.0,69.0,0.74,0.64,0.6900000000000001,15.296148940765905,28.817014353951958,20.55343907195848,2.0556325060671714,0.026545510547268,mouse655957far421,0.1830783078307831,0.6016201620162017,0.3442844284428443,0
mouse655957,far,416,0.04717738800791,0.047841138361528,0.0232956587892615,5.4472480420730935,4.9685290150717645,6.077313840419383,0.2821422219383198,0.2038555187059881,0.1869877943095889,480.0,468.0,547.0,4.8,4.68,5.47,15.296148940765905,28.817014353951958,20.55343907195848,2.0556325060671714,0.0219249361436799,mouse655957far416,0.1590459045904591,0.8781278127812782,0.4082808280828086,0
mouse655957,far,418,0.0432447713711724,0.0953568687066609,0.0852576909133401,5.598334138070157,0.246643209585849,2.9450197199998844,0.3145981578121061,0.3025913846004883,0.2817291722359341,318.0,264.0,245.0,3.18,2.64,2.45,15.69723124002699,30.636315821304308,20.772948789479578,2.0582152462752776,0.0296380558133683,mouse655957far418,0.2168316831683168,0.6180918091809181,0.3774977497749777,0
mouse655957,far,419,0.0516149992940079,0.0314578484465524,0.0121179639001096,0.0281985535872528,5.4523053450274785,3.2867020030661003,0.2603405278398231,0.2447914311588286,0.2908136243361317,554.0,505.0,410.0,5.54,5.05,4.1,15.69723124002699,30.636315821304308,20.772948789479578,2.0582152462752776,0.021180977013580002,mouse655957far419,0.1703870387038705,0.7806480648064807,0.4128712871287129,0
mouse655957,far,422,0.0688384616435134,0.0592523175685289,0.0735437312935473,3.0902494075456715,5.2453986577674945,5.783491855886506,0.3119983325520959,0.3239328550923776,0.3897389905944531,222.0,186.0,176.0,2.22,1.86,1.76,15.18792007020274,29.546052734700275,20.3706513929694,2.0582152462752776,0.0317658613992354,mouse655957far422,0.2125112511251126,0.6132313231323132,0.394779477947795,0
mouse655957,far,684,0.0211702422246251,0.0307021890790122,0.0486032858858741,3.1828556403994317,4.221511133437309,4.570550992912398,0.1610671157151756,0.1740522534245177,0.19923987857084602,679.0,678.0,797.0,6.79,6.78,7.97,15.18792007020274,29.546052734700275,20.3706513929694,2.0582152462752776,0.0225903077720932,mouse655957far684,0.2387038703870386,0.6062106210621063,0.3893789378937896,0
mouse655957,far,423,0.0417735001131502,0.0233403773598764,0.0174473189070725,3.424896507897853,0.16393231536104,3.5971516225947906,0.312617607054048,0.2779318045172305,0.2923804768113123,257.0,292.0,267.0,2.57,2.92,2.67,15.18792007020274,29.546052734700275,20.3706513929694,2.0582152462752776,0.0384167036811376,mouse655957far423,0.2373537353735374,0.632943294329433,0.3645364536453644,0
mouse655957,far,426,0.0575256745283611,0.0581871243756965,0.0499186768786982,5.3524785265930515,5.825909188403781,1.1312410499023955,0.31361494098463694,0.2898743151761409,0.2565847870442517,211.0,338.0,273.0,2.11,3.38,2.73,15.228418278693733,33.10908782996102,21.00108832432408,2.061098008344096,0.0382286262501547,mouse655957far426,0.1801080108010802,0.5802880288028803,0.2908190819081908,0
mouse655957,far,428,0.1208109734002838,0.0423918007640951,0.0218835463665556,3.804727414573718,4.4821496523964415,2.9122300673937294,0.3236795399131116,0.243567798947745,0.2742182160335968,236.0,309.0,401.0,2.36,3.09,4.01,15.228418278693733,33.10908782996102,21.00108832432408,2.061098008344096,0.0123678045981325,mouse655957far428,0.1547254725472547,0.5773177317731774,0.3129612961296131,0
mouse655957,far,430,0.0766000378737952,0.1176132031602677,0.0986343405631103,5.575432813345717,4.408272489460075,3.942697146619032,0.3501106976442934,0.4216758709651488,0.3470390738573753,160.0,117.0,198.0,1.6,1.17,1.98,15.307924050044349,31.75477256404145,20.623235241739227,2.061098008344096,0.0420328414000786,mouse655957far430,0.1776777677767776,0.7134113411341134,0.3491449144914492,0
mouse655957,far,433,0.0358477693603856,0.0799866251887336,0.0679963762333914,1.0013549414435017,1.0909074533673713,4.453147218125,0.2898234919238431,0.3944769128863116,0.3305508566246792,301.0,94.0,129.0,3.0100000000000002,0.9400000000000001,1.29,15.871638413634967,33.831461507922484,20.806626668318373,2.0642795353343018,0.0255154308902045,mouse655957far433,0.1379837983798381,0.6102610261026103,0.2848784878487849,0
mouse655957,far,434,0.0456819066290929,0.0401767401619591,0.0508227315526604,5.1604414067948445,4.455301440048891,5.3058095032489385,0.1925215773532263,0.2553901884862322,0.1829820206989582,835.0,641.0,686.0,8.35,6.41,6.86,15.330276396739144,32.55832445085529,20.320973229908358,2.0642795353343018,0.0252537769095782,mouse655957far434,0.2405940594059405,0.6099909990999101,0.3799279927992801,0
mouse655957,far,688,0.0538355257281215,0.0501589770374712,0.0170931471553943,4.036637696997655,4.853004728284295,2.7645670938863924,0.3211668098968394,0.2528430924178969,0.2402107275905042,235.0,417.0,384.0,2.35,4.17,3.84,15.330276396739144,32.55832445085529,20.320973229908358,2.0642795353343018,0.0294627032769794,mouse655957far688,0.2268226822682267,0.56003600360036,0.3531953195319532,0
mouse655957,far,689,0.0735589156203851,0.0278694645305424,0.0361061940716533,1.07732564388174,1.916821070823349,4.079277089794854,0.3243709492833611,0.2906700638391729,0.2108589906055392,257.0,368.0,409.0,2.57,3.68,4.09,15.330276396739144,32.55832445085529,20.320973229908358,2.0642795353343018,0.0214270743753638,mouse655957far689,0.2341134113411341,0.6475247524752477,0.3610261026102611,0
mouse655957,far,437,0.0469978196177486,0.0236285271488714,0.0449747622242052,1.4525626499154956,1.8466918291060213,4.617474339346958,0.22429008199922898,0.1955839981924374,0.1970977646342062,785.0,824.0,956.0,7.8500000000000005,8.24,9.56,15.143146723468814,36.153755385632266,20.562997682141773,2.0642795353343018,0.020274955560728,mouse655957far437,0.1895589558955895,0.4744374437443744,0.3216021602160217,0
mouse655957,far,447,0.0202062281400016,0.0347735003036855,0.0439081764453584,5.3852299668365395,5.968346875866565,0.0548400945953312,0.1679023203052494,0.1669987422585771,0.2109000703689989,689.0,790.0,819.0,6.890000000000001,7.9,8.19,15.143146723468814,36.153755385632266,20.562997682141773,2.0642795353343018,0.0481502661763891,mouse655957far447,0.3056705670567057,0.7026102610261028,0.4026102610261027,0
mouse655957,far,443,0.0168847926589201,0.014692116601449,0.0221875924595117,2.3019589172698423,2.114436047355594,2.4824012660395653,0.1932467077483242,0.1683214847825243,0.1818712387669959,884.0,953.0,914.0,8.84,9.53,9.14,15.790243692751329,35.71890487982647,20.315625783885874,2.050762053481584,0.0206082806153127,mouse655957far443,0.1968496849684968,0.5821782178217823,0.3305130513051306,0
mouse655957,far,441,0.0600435863228434,0.0214380254835493,0.0802951474301065,0.5719304349319269,4.624012106698621,4.898536452883311,0.2561457816291099,0.2468824881765269,0.3297594366348558,379.0,333.0,469.0,3.79,3.33,4.69,15.790243692751329,35.71890487982647,20.315625783885874,2.050762053481584,0.0237212894009268,mouse655957far441,0.2095409540954095,0.5486948694869488,0.4128712871287131,0
mouse655957,far,442,0.0588621546128808,0.0141655972548779,0.0210841488174492,0.7189755893618028,1.3762044123590158,1.2467555809712356,0.2562758626471477,0.1791842740828826,0.1946546693536922,1359.0,1245.0,1026.0,13.59,12.450000000000001,10.26,15.790243692751329,35.71890487982647,20.315625783885874,2.050762053481584,0.0186174779541043,mouse655957far442,0.1871287128712871,0.5694869486948696,0.3472547254725473,0
mouse655957,far,444,0.126362869445779,0.0355993995852537,0.0316765700306363,4.569812248937833,0.7470863409498242,4.852763241470177,0.3371265689711592,0.2408478026633978,0.2196797987047428,270.0,377.0,444.0,2.7,3.77,4.44,15.790243692751329,35.71890487982647,20.315625783885874,2.050762053481584,0.0422929321786977,mouse655957far444,0.2751575157515752,0.6974797479747976,0.3639963996399639,0
mouse655957,far,445,0.0371040965476028,0.0342025580692715,0.0374133124940139,2.539928759647499,1.5822426746092475,5.0109954138175326,0.2114230424566708,0.2012713817830075,0.2321103643641286,506.0,579.0,485.0,5.0600000000000005,5.79,4.8500000000000005,15.790243692751329,35.71890487982647,20.315625783885874,2.050762053481584,0.0309369143724597,mouse655957far445,0.2427542754275428,0.7212421242124214,0.3237623762376237,0
mouse655957,far,438,0.0159699818876903,0.0108642448656029,0.0256512247661235,2.8689703112171747,2.0920541043548058,2.6114675376589704,0.226087511113142,0.1189330589935074,0.1082473970748062,1761.0,1937.0,1906.0,17.61,19.37,19.06,15.750509651695854,40.26371983919232,20.80976371073786,2.050762053481584,0.0173585486076212,mouse655957far438,0.2165616561656165,0.6297029702970298,0.4080108010801079,0
mouse655957,far,446,0.0407583857657674,0.0882342081248444,0.023723916287861,5.313747046370258,2.707954510162547,4.012656186812455,0.3429351556268551,0.2970120989277873,0.295472257302141,156.0,221.0,392.0,1.56,2.21,3.92,15.750509651695854,40.26371983919232,20.80976371073786,2.050762053481584,0.0238688472851948,mouse655957far446,0.1506750675067507,0.5832583258325833,0.3172817281728173,0
mouse655957,far,448,0.0483311499618136,0.0411317842103688,0.0111245263148421,3.619109989909562,1.1166760782102083,4.682953672032793,0.2546594494322752,0.2345303656824274,0.2343495074550215,522.0,524.0,470.0,5.22,5.24,4.7,15.750509651695854,40.26371983919232,20.80976371073786,2.050762053481584,0.0296405175119102,mouse655957far448,0.1358235823582358,0.7023402340234025,0.4574257425742573,0
mouse655957,far,455,0.0276956174444396,0.0539246296249025,0.0151242230225772,2.5334937538283206,3.5514020406379014,0.3052447519172654,0.2322536046651293,0.2308762770840462,0.1675492895070491,729.0,770.0,886.0,7.29,7.7,8.86,15.750509651695854,40.26371983919232,20.80976371073786,2.050762053481584,0.0244026395558176,mouse655957far455,0.1636363636363635,0.6718271827182719,0.3548154815481547,0
mouse655957,far,454,0.0306526544353453,0.0197141833653814,0.0135596635619752,5.015548128198327,2.645508990206742,5.834105527291095,0.2974776776836492,0.1849601393997299,0.1584976829774097,893.0,919.0,995.0,8.93,9.19,9.950000000000001,14.417391626546328,38.325589487477814,20.640676773737848,2.054872258803452,0.0292205255702925,mouse655957far454,0.23006300630063,0.6126912691269126,0.3715571557155716,0
mouse655957,far,463,0.0289885242666951,0.0096196269390561,0.0193853103378825,2.8173900482085976,2.4786986101241224,4.6791552119564255,0.2349082672788986,0.1355013664244174,0.17899396427307895,1289.0,1227.0,1056.0,12.89,12.27,10.56,15.567534475910401,39.73947103018632,20.358551213510843,2.0727397328174133,0.0243860999945296,mouse655957far463,0.2154815481548155,0.5910891089108912,0.3718271827182718,0
mouse655957,far,694,0.1190158817517089,0.0600346757474515,0.0725875098525176,5.337323806509241,4.706469370142417,3.8108402071377117,0.4524925581444051,0.3612865063485658,0.2549236979138425,235.0,217.0,288.0,2.35,2.17,2.88,15.567534475910401,39.73947103018632,20.358551213510843,2.0727397328174133,0.038525793683639994,mouse655957far694,0.1828082808280828,0.6351035103510353,0.3602160216021602,0
mouse655957,far,460,0.0270171772085111,0.0339458372378782,0.0227391061372708,1.8167566229239631,4.823331258621648,5.226673402393162,0.1605202995662084,0.1624937505788424,0.1313183232886414,1580.0,1430.0,1559.0,15.8,14.3,15.59,15.649045835653748,44.392269398459426,21.048812888975608,2.0727397328174133,0.0221470734521542,mouse655957far460,0.1450045004500449,0.2886588658865886,0.1917191719171918,1
mouse655957,far,459,0.0174324507483107,0.0332810349393408,0.0270338577402963,0.6835915158426867,3.923839178428069,0.0079731583784872,0.1937602250544943,0.125638767883856,0.1388990808188283,1624.0,1866.0,1798.0,16.240000000000002,18.66,17.98,15.649045835653748,44.392269398459426,21.048812888975608,2.0727397328174133,0.0148524367016188,mouse655957far459,0.2211521152115212,0.6450945094509452,0.3226822682268225,0
mouse655957,far,458,0.0161628003867593,0.0204999618189411,0.018936684425373,3.756755193204092,6.105317068385304,4.169742633021566,0.1823670934486858,0.14354761009286401,0.1332630367145887,1112.0,1293.0,1503.0,11.120000000000001,12.93,15.030000000000001,14.856806971567035,42.337879458178186,20.380579857169828,2.0727397328174133,0.0121317694107185,mouse655957far458,0.2017101710171017,0.5154815481548156,0.3394239423942395,0
mouse655957,far,462,0.0308697952296628,0.0539434250510067,0.0619452526517856,4.989075489930775,4.188647519780996,4.593738216188172,0.2567715094286977,0.2584374646791378,0.2395956975510143,488.0,434.0,603.0,4.88,4.34,6.03,15.472999504211106,43.98933971996964,20.68123190706595,2.0774082410542234,0.0256739292940051,mouse655957far462,0.2289828982898289,0.5716471647164718,0.3850585058505851,0
mouse655957,far,464,0.0158026866381367,0.0546486518411732,0.0318516292191166,3.7817225242442163,1.595546962488506,5.287760885561304,0.2521843799146215,0.2329198374241398,0.2476768476694468,581.0,508.0,512.0,5.8100000000000005,5.08,5.12,15.472999504211106,43.98933971996964,20.68123190706595,2.0774082410542234,0.0144136136329072,mouse655957far464,0.1776777677767776,0.5616561656165616,0.3202520252025203,0
mouse655957,far,465,0.0235269025780892,0.0227571307109023,0.0139328442023804,3.865965791049725,6.139291651979475,5.1475741851713535,0.2447979822382007,0.1471538531119008,0.1810463139926748,1407.0,1003.0,1270.0,14.07,10.03,12.700000000000001,15.472999504211106,43.98933971996964,20.68123190706595,2.0774082410542234,0.016789910990534,mouse655957far465,0.1377137713771378,0.2362736273627363,0.1952295229522952,1
mouse655957,far,466,0.0545191621596898,0.0761445572018656,0.0902525140956127,4.795110838421799,2.591616369058748,5.393311591721171,0.3248332102734391,0.34118827589193895,0.2928449365480616,220.0,247.0,248.0,2.2,2.47,2.48,15.472999504211106,43.98933971996964,20.68123190706595,2.0774082410542234,0.0229933500228705,mouse655957far466,0.2154815481548155,0.6564356435643565,0.4371737173717375,0
mouse655957,far,467,0.0475484207529424,0.0599346873966904,0.0521379386941592,0.7356586078609242,0.5562028974683902,2.2300441597312854,0.2516651577219073,0.2136415936350973,0.2296481874592308,500.0,468.0,464.0,5.0,4.68,4.64,15.472999504211106,43.98933971996964,20.68123190706595,2.0774082410542234,0.021737080146793,mouse655957far467,0.2044104410441044,0.6045904590459048,0.3715571557155716,0
mouse655957,far,469,0.0946590548874122,0.0718381058842231,0.0196938664556606,1.1348785657676863,2.7882094747543444,1.8066982073196682,0.42454925793589005,0.3742376557323109,0.3135309419632108,81.0,130.0,183.0,0.81,1.3,1.83,15.910343891836822,47.98937370799863,20.61307292316427,2.08236644229588,0.0293787247370154,mouse655957far469,0.1479747974797479,0.4493249324932493,0.4647164716471648,0
mouse655957,far,472,0.0460809230127125,0.0077991292091954,0.0566996125045254,5.4159099656773435,0.2252724555220246,6.009627355311989,0.2220801721582148,0.1763107353039169,0.1720186749339384,1249.0,1273.0,1404.0,12.49,12.73,14.040000000000001,15.651324062754151,46.53051012132615,20.61467360338897,2.08236644229588,0.0130711014670679,mouse655957far472,0.2395139513951396,0.5797479747974799,0.3626462646264627,0
mouse655957,far,473,0.1760554045414642,0.0771457949144019,0.0654277072577248,3.0988483853579565,1.8054041109343129,3.6902599870689814,0.3898460742588832,0.3146161376919337,0.3575772951308777,143.0,189.0,181.0,1.43,1.8900000000000001,1.81,15.651324062754151,46.53051012132615,20.61467360338897,2.08236644229588,0.0275501057013468,mouse655957far473,0.1798379837983799,0.7320432043204322,0.4547254725472546,0
mouse655957,far,474,0.0430861389549207,0.0289015075354976,0.0177503107347351,3.0569429711053187,1.2443095573618799,2.7912050736054206,0.2739037087321758,0.244772143550888,0.2276480020729095,465.0,471.0,460.0,4.65,4.71,4.6000000000000005,16.15779895503313,48.45316154996836,20.664488269163762,2.0876122724299164,0.019207254798109,mouse655957far474,0.2527452745274529,0.6561656165616564,0.4163816381638164,0
mouse655957,far,476,0.0539842389958344,0.0237907177129895,0.0282954443437933,1.6814176609413076,1.471103775458118,4.458077266696645,0.2310247629536655,0.1498419234140992,0.1947978090635739,704.0,877.0,935.0,7.04,8.77,9.35,16.15779895503313,48.45316154996836,20.664488269163762,2.0876122724299164,0.0111856191211278,mouse655957far476,0.1930693069306931,0.5851485148514852,0.3486048604860488,0
mouse655957,far,495,0.0374491139101076,0.0053895975908679,0.0118535060548059,5.154863433814273,4.424859146202623,4.977632927648311,0.21593267838644198,0.112535074603508,0.1265866431901429,2289.0,2358.0,2598.0,22.89,23.580000000000002,25.98,15.482631258023217,62.656082008407495,21.69971019645415,2.111575241377868,0.0168373662760986,mouse655957far495,0.1752475247524753,0.3494149414941494,0.2643564356435643,1
mouse655957,far,321,0.1098820681876413,0.0853344187159828,0.0728958760037601,5.81078255881837,5.764798218588901,5.911945859345832,0.3707126576518675,0.3265926563136933,0.4181813184657718,173.0,152.0,106.0,1.73,1.52,1.06,16.947748002758928,31.34641061165905,22.608085885837248,2.050152433357091,0.0319384430942828,mouse655957far321,0.1582358235823583,0.5689468946894689,0.2756975697569759,0
mouse655957,far,348,0.1773521037350428,0.1356884483034017,0.1099583966723405,2.5440858671936395,3.2280893175599905,3.2989954580746264,0.4648729573776878,0.5046921189280705,0.704393007831537,66.0,59.0,19.0,0.66,0.59,0.19,16.768837635194984,24.178556062212248,21.218578288523922,2.0208290377961218,0.0310171623186608,mouse655957far348,0.1539153915391539,0.6456345634563457,0.2738073807380738,0
mouse655957,far,755,0.073332968731366,0.0641610131580891,0.1309903098757996,3.6951731097953218,2.379519598175465,5.506731929105909,0.3754219297533852,0.4062565182522789,0.3899018421972188,115.0,123.0,98.0,1.1500000000000001,1.23,0.98,16.14098300990489,24.37388874773931,20.82754760303197,2.033930923114155,0.0406099462917299,mouse655957far755,0.2303330333033303,0.6756075607560758,0.3696669666966697,0
mouse655957,far,395,0.080683384081934,0.0910104570482769,0.0506763683725503,0.6905291432233305,2.2084048177750932,3.367166019807082,0.4482720747296944,0.3647018445953429,0.4069275284297214,71.0,93.0,99.0,0.71,0.93,0.99,14.980855503698065,24.706141503743673,20.960498055960464,2.0350061424968717,0.0459375955761234,mouse655957far395,0.2149414941494148,0.6726372637263728,0.38883888388838894,0
mouse655957,far,680,0.0779401902256725,0.091906158838294,0.0291684020069785,5.222875038585001,4.849407621802491,2.224607572216576,0.4361764664144887,0.4402207177851095,0.3649830417848173,123.0,106.0,141.0,1.23,1.06,1.41,16.217864998728835,25.607960100321435,20.43865078921181,2.036387733217817,0.0662261374134749,mouse655957far680,0.1844284428442844,0.7336633663366338,0.4863186318631863,0
mouse655957,far,424,0.0825258654816964,0.0948787781051895,0.0997907299450807,5.9818695947856835,4.619485519447942,6.265846518276646,0.4709042180348378,0.4481639383273445,0.4015236361140075,126.0,86.0,123.0,1.26,0.86,1.23,15.307924050044349,31.75477256404145,20.623235241739227,2.061098008344096,0.0427228189756666,mouse655957far424,0.1830783078307831,0.7668766876687672,0.3966696669666968,0
mouse655957,far,457,0.16162781837546802,0.0207071015046447,0.0722386549463836,6.219191072472664,4.123661800343129,3.5499836206516986,0.5107212860824221,0.3071168641063603,0.357232711755532,147.0,193.0,154.0,1.47,1.93,1.54,15.567534475910401,39.73947103018632,20.358551213510843,2.0727397328174133,0.041890435945642,mouse655957far457,0.1838883888388839,0.7722772277227724,0.3359135913591361,0
mouse655957,far,696,0.1307793728683281,0.0899579357921319,0.1769347303574448,2.785504824298865,5.022440116629181,2.10329346161059,0.5047736110640391,0.4177258787749474,0.4984046602853099,63.0,81.0,72.0,0.63,0.81,0.72,15.472999504211106,43.98933971996964,20.68123190706595,2.0774082410542234,0.0264563177145787,mouse655957far696,0.1396039603960396,0.674797479747975,0.291089108910891,0
mouse655957,far,356,0.0696222868312415,0.0568315271133326,0.0201339770184457,2.1782708312015355,5.6646534025208215,3.3527550469798166,0.3457771099532301,0.3785728435975486,0.275520659795642,117.0,78.0,134.0,1.17,0.78,1.34,15.916904515751048,23.619881665005284,21.06654431692772,2.032701404535353,0.0129837006465768,mouse655957far356,0.1479747974797479,0.8573357335733574,0.5322232223222324,0
mouse657902,far,24,0.0176711609567472,0.039084760886852005,0.0163120003176323,6.011527363285038,0.7723685164165337,0.7030172885319923,0.0868293894562603,0.1273536040829185,0.0978683823032018,4034.0,4121.0,4528.0,40.34,41.21,45.28,24.47758412196,26.89158310342429,24.854291210614047,2.532414855429497,0.0366478105038555,mouse657902far24,0.06804680468046799,0.1609360936093609,0.0807380738073807,1
mouse657902,far,22,0.0504702217872412,0.0190860134096068,0.0343218302562784,4.326504921198893,4.760975565135867,2.830228013248568,0.2180374279749579,0.2215854305288898,0.2189113986012228,516.0,630.0,658.0,5.16,6.3,6.58,24.47758412196,26.89158310342429,24.854291210614047,2.532414855429497,0.0384175344417933,mouse657902far22,0.1803780378037804,0.6923492349234924,0.3105310531053106,0
mouse657902,far,23,0.0270200820420931,0.0060701534614254,0.0287270303053884,5.182037766992033,3.2322509865302718,4.47678559899822,0.1665677262155977,0.1046812101640019,0.1873520183724778,1253.0,1481.0,1226.0,12.530000000000001,14.81,12.26,24.158842152000254,30.678876977998947,24.35103233026537,2.532414855429497,0.0345976371680323,mouse657902far23,0.1892889288928894,0.6534653465346535,0.2900090009000902,0
mouse657902,far,25,0.010262931868533,0.0262532352196587,0.042785969861722,1.449045461779374,2.8707720992178722,2.1532075788273497,0.1462804159096822,0.1520975514448575,0.1664150933874356,1080.0,1453.0,1262.0,10.8,14.530000000000001,12.620000000000001,24.158842152000254,30.678876977998947,24.35103233026537,2.532414855429497,0.0120952435701654,mouse657902far25,0.1288028802880287,0.2503150315031504,0.22790279027902802,1
mouse657902,far,31,0.0236502974165121,0.0088449645044007,0.0350145292838353,5.680590439980758,5.174334504638995,3.8807338814716883,0.1469950713587036,0.1349899617907827,0.1622803196831842,1845.0,1137.0,1392.0,18.45,11.370000000000001,13.92,24.09759435648619,38.95293539454673,24.328256091800675,2.5113492389550287,0.0535834369388217,mouse657902far31,0.1765976597659766,0.5921692169216923,0.297029702970297,0
mouse657902,far,34,0.0242545557830369,0.0121114246807351,0.0210560243975491,0.3992642926400102,4.877212391695797,5.945645894008673,0.1549214842094054,0.1442661896372262,0.20166534713279102,1235.0,1239.0,1466.0,12.35,12.39,14.66,23.673932949558612,47.943890472108755,23.682095486738767,2.5107269863527577,0.042056001389102,mouse657902far34,0.2011701170117011,0.6720972097209722,0.3675067506750674,0
mouse657902,far,35,0.0286176966973275,0.0374434577763793,0.1193735194902947,1.9333479424476216,4.02296567759703,6.0040820287560415,0.3491110960403299,0.3270316508238579,0.3810238181062613,178.0,201.0,212.0,1.78,2.0100000000000002,2.12,23.8158461021668,46.32102070926444,23.86231566427616,2.510353560755935,0.0284686614697607,mouse657902far35,0.1968496849684968,0.6750675067506752,0.3126912691269125,0
mouse657902,far,239,0.1141168255744848,0.0622690439664126,0.1380570508030207,0.34402183867475605,0.6133735426203505,6.113619448592192,0.3704038608888326,0.3237037689178387,0.3854657151252528,137.0,165.0,145.0,1.37,1.6500000000000001,1.45,23.8158461021668,46.32102070926444,23.86231566427616,2.510353560755935,0.0581884947618394,mouse657902far239,0.1760576057605761,0.6159315931593159,0.3121512151215122,0
mouse657902,far,250,0.0344536156610696,0.0450794172539762,0.0104313073592663,4.339323288646846,4.871736640487559,4.0494356939079985,0.1717532085604201,0.2197198144104905,0.2154710723716933,844.0,552.0,647.0,8.44,5.5200000000000005,6.47,23.8158461021668,46.32102070926444,23.86231566427616,2.510353560755935,0.0318674028605769,mouse657902far250,0.1976597659765977,0.6191719171917193,0.2505850585058506,0
mouse657902,far,191,0.0250677408689324,0.0162228387881744,0.0424494463336,3.849665463302317,1.1583388570229471,5.494234858411699,0.1965621363880099,0.196003103702976,0.2005187400606681,775.0,908.0,838.0,7.75,9.08,8.38,23.41902000293685,52.176308438087,23.19803067883872,2.510353560755935,0.0219432491111906,mouse657902far191,0.1601260126012601,0.6224122412241224,0.3024302430243026,0
mouse657902,far,38,0.0307639242356398,0.0384829562316452,0.0822821638092338,6.196007235444355,3.3952380527209987,4.654020563777039,0.2477252899016649,0.2035669047713919,0.2538965848882007,496.0,633.0,378.0,4.96,6.33,3.7800000000000002,23.55232176972168,51.08456742653029,23.450250454185678,2.492614089665707,0.0650550386554404,mouse657902far38,0.2203420342034203,0.8808280828082808,0.37290729072907297,0
mouse657902,far,39,0.0152076552456115,0.0154010713401151,0.0360326959547339,0.6722219085719487,0.6822245285883362,0.2674551468383478,0.1543432288585612,0.1393580066365752,0.1798726040336329,1012.0,1065.0,813.0,10.120000000000001,10.65,8.13,23.714638147070016,54.6562847396428,23.45690446837468,2.492739456902787,0.0255169639972234,mouse657902far39,0.17200720072007197,0.5937893789378939,0.2767776777677768,0
mouse657902,far,41,0.0057599846998006,0.0197020363186885,0.019747041882167,6.015059297568686,2.503229774697643,4.0722661346168945,0.101169558774234,0.1319776071811285,0.1315761576349255,2039.0,2120.0,2190.0,20.39,21.2,21.900000000000002,23.36466647204103,60.08566477183953,22.937669022179843,2.492739456902787,0.0369084207039654,mouse657902far41,0.1639063906390639,0.5873087308730875,0.295139513951395,0
mouse657902,far,192,0.0173718211148816,0.0116345070784479,0.0026496087784815,0.7285363920240404,5.91064695597517,0.1707728538024643,0.1407712810788267,0.0923328724202785,0.1016890557812683,2233.0,2920.0,2815.0,22.330000000000002,29.2,28.150000000000002,23.36466647204103,60.08566477183953,22.937669022179843,2.492739456902787,0.0219340232075568,mouse657902far192,0.1517551755175518,0.2891989198919892,0.2346534653465346,1
mouse657902,far,43,0.020855708027163,0.0243047251645724,0.0119161137663915,5.7801116911367725,5.132638414574601,5.627094912478262,0.0947215235442469,0.1282986098220646,0.1014027227133787,3492.0,3640.0,3802.0,34.92,36.4,38.02,23.409416865016308,59.1910974393805,23.109552415130363,2.492739456902787,0.0162468166356968,mouse657902far43,0.1371737173717372,0.253015301530153,0.2397839783978398,1
mouse657902,far,193,0.0581544548142512,0.0387771301888145,0.1368337509521532,6.234159087423545,6.23115979369409,1.004936933037769,0.2648551216200175,0.2176362395736442,0.3294138918065282,352.0,473.0,298.0,3.52,4.73,2.98,23.433176222716032,64.06745991540365,23.10733191490233,2.4931155207892,0.0271399981667047,mouse657902far193,0.1738973897389739,0.5905490549054907,0.2554455445544554,0
mouse657902,far,47,0.0101033007136794,0.0101724882273582,0.0093607257996127,0.1829977747968856,2.39280983169774,1.1538910896077497,0.0817902240752851,0.0790559486694527,0.0947524217122067,4952.0,5661.0,5266.0,49.52,56.61,52.660000000000004,23.28867435617752,67.60413530901033,22.944041868627895,2.4937421679075005,0.0252075966888807,mouse657902far47,0.1747074707470747,0.2592259225922593,0.2411341134113411,1
mouse657902,far,240,0.0481607056998587,0.0419110244417289,0.04870776869013901,1.1011898231942483,2.376615693652893,5.990048913298062,0.2607294149253285,0.2778614298396837,0.3186590199709355,331.0,316.0,170.0,3.31,3.16,1.7,23.155270070117698,72.60126679331856,22.64924439798889,2.494619209418544,0.0384693931508568,mouse657902far240,0.2341134113411341,0.8233123312331234,0.5206120612061208,0
mouse657902,far,56,0.0234299896565118,0.0432640361786626,0.0523055544574532,0.5730293400073259,0.2775856418920747,3.861429013433884,0.1741575587667058,0.2138806706851128,0.2346277344714347,574.0,671.0,578.0,5.74,6.71,5.78,23.13996668417414,76.37248937010642,22.591879247382806,2.478280654001883,0.0273506177475441,mouse657902far56,0.2095409540954096,0.7495949594959498,0.4914491449144916,0
mouse657902,far,49,0.0295597636443907,0.0243529894345356,0.0274704433758957,1.5509084987242587,1.5762727372894807,2.5763363432377395,0.2147821303722039,0.2089377676322142,0.178509315518323,504.0,584.0,608.0,5.04,5.84,6.08,23.13996668417414,76.37248937010642,22.591879247382806,2.478280654001883,0.0239982966286537,mouse657902far49,0.1822682268226823,0.8052205220522054,0.4117911791179117,0
mouse657902,far,53,0.0281562749285686,0.0235763386922067,0.0181982847522845,0.3354050167950553,1.7236449781327603,1.22819791459076,0.2094804963500385,0.1733235103130548,0.1525057844707373,993.0,1258.0,1138.0,9.93,12.58,11.38,23.13996668417414,76.37248937010642,22.591879247382806,2.478280654001883,0.0079891743475329,mouse657902far53,0.1401440144014402,0.7036903690369039,0.3899189918991897,0
mouse657902,far,54,0.1138430672298215,0.0459936941488976,0.0585208857171673,5.749019550429933,4.033090595444792,5.553460819742528,0.4003093491917397,0.3315011134598611,0.3554229446319163,117.0,192.0,194.0,1.17,1.92,1.94,23.287507526930014,76.34843818263005,22.734090422994093,2.478280654001883,0.0445466821089319,mouse657902far54,0.1782178217821781,0.6472547254725473,0.3648064806480647,0
mouse657902,far,57,0.1102906359912004,0.0435199263312545,0.0381476207610824,1.1823447655543562,2.9299329878782308,1.9649887608199217,0.3283896034624855,0.2185851569087242,0.2534084108172145,313.0,364.0,308.0,3.13,3.64,3.08,23.214371876141087,81.20471485729188,22.485872749147283,2.478280654001883,0.0663253686150971,mouse657902far57,0.1644464446444644,0.7236723672367238,0.3507650765076507,0
mouse657902,far,59,0.0651447491323058,0.1025290467736927,0.0657638265694113,3.1735479702957834,1.8130156390228365,5.5278288518860075,0.3519606790175824,0.4085568069239659,0.4329174780381727,173.0,181.0,57.0,1.73,1.81,0.5700000000000001,23.400427502171677,80.85183590208013,22.82639131375718,2.4796673163954885,0.0333552239537093,mouse657902far59,0.1617461746174617,0.6189018901890191,0.2513951395139515,0
mouse657902,far,197,0.1452530054687244,0.0667449326952361,0.0912470359590827,1.6250423021518234,1.4605884352796807,2.4576661520367966,0.4778481747837351,0.4133336673713464,0.4272643664467334,78.0,98.0,95.0,0.78,0.98,0.9500000000000001,23.400427502171677,80.85183590208013,22.82639131375718,2.4796673163954885,0.0525476964097738,mouse657902far197,0.1687668766876688,0.6048604860486051,0.2724572457245724,0
mouse657902,far,60,0.0506573310096469,0.0149722545482472,0.0214084189658469,1.0104485167936366,3.086594999735397,2.6661553827321467,0.2266555734382405,0.1142096685262502,0.122792087312888,929.0,1320.0,1128.0,9.290000000000001,13.200000000000001,11.28,23.18134017691351,85.47173826602635,22.348215221191893,2.4796673163954885,0.038684913215791004,mouse657902far60,0.2022502250225023,0.7161116111611162,0.3224122412241225,0
mouse657902,far,62,0.021142987969873003,0.0176562173352284,0.0165883203723638,1.1400907368079118,2.7252698491268244,1.4861841455449836,0.0723813980276538,0.06950764780628099,0.062394695537571,7225.0,7527.0,7928.0,72.25,75.27,79.28,23.457521934449826,85.95992188796478,22.645688122721303,2.4992498874662377,0.0238253166520328,mouse657902far62,0.1371737173717372,0.2360036003600359,0.2214221422142215,1
mouse657902,far,63,0.0649996051612629,0.0258940524717204,0.0326804812786854,5.337321652020639,5.341592450559215,3.4112807841699504,0.3301397785648106,0.1879306316631153,0.2279516970291878,384.0,642.0,453.0,3.84,6.42,4.53,23.33846423121913,90.078194479208,22.639430952192736,2.4992498874662377,0.0227690323727851,mouse657902far63,0.1757875787578757,0.594869486948695,0.2927092709270926,0
mouse657902,far,69,0.0095858751726885,0.0097792873465422,0.0163877859052748,2.5507505127160637,2.3824272717146937,3.6203588784905336,0.098862788353884,0.1210031357616108,0.1478832619482889,1746.0,1777.0,1433.0,17.46,17.77,14.33,23.54114996954976,93.79723874515949,22.66979636460021,2.5011247469888422,0.02476436144994,mouse657902far69,0.2373537353735374,0.5530153015301531,0.40990099009901004,0
mouse657902,far,68,0.0246017922718965,0.0521570238846122,0.0143357693190376,4.113185157869664,3.9225402890204855,4.676748763462326,0.211047683531537,0.1722616632476207,0.191906111142878,683.0,873.0,916.0,6.83,8.73,9.16,23.54114996954976,93.79723874515949,22.66979636460021,2.5011247469888422,0.0223037267979181,mouse657902far68,0.1639063906390639,0.8373537353735375,0.4868586858685869,0
mouse657902,far,71,0.0971293231503676,0.0675308634191964,0.1015074872255968,5.951360047149272,5.467523773603103,2.0930661017083607,0.3468211926287751,0.3064992522052049,0.2847157993452921,316.0,251.0,324.0,3.16,2.5100000000000002,3.24,23.48685753300643,97.62126250240401,22.352706640535537,2.5032478902417954,0.0905951808808562,mouse657902far71,0.20900090009000896,0.645904590459046,0.3450945094509451,0
mouse657902,far,72,0.0050913514656458,0.0324996753248181,0.015052328681853999,4.797452563971839,1.2698116305622345,0.6504898103836795,0.0969300686582323,0.1095175775866641,0.0905020210580811,2984.0,2878.0,3083.0,29.84,28.78,30.830000000000002,23.48685753300643,97.62126250240401,22.352706640535537,2.5032478902417954,0.0207826057087391,mouse657902far72,0.1547254725472547,0.2910891089108911,0.3051305130513052,1
mouse657902,far,73,0.0233828381081432,0.0463876108467969,0.0274328819351315,2.415920111696251,0.6601772903030751,2.3355701125224546,0.2680062079040199,0.2118774751617921,0.1970594424456669,856.0,488.0,714.0,8.56,4.88,7.140000000000001,23.650271646959318,103.2910154117586,22.767908398663028,2.488473427625861,0.0262770492581435,mouse657902far73,0.2071107110711071,0.7420342034203421,0.4393339333933393,0
mouse657902,far,76,0.0453931627347864,0.0247192177357872,0.0484493145757252,1.7014968628747658,5.115353326877622,4.111116481322431,0.3297329383039746,0.3426646479834428,0.2289021241940819,159.0,169.0,564.0,1.59,1.69,5.64,23.563177757604016,103.08446847907572,22.54843520385468,2.488473427625861,0.0781934592058918,mouse657902far76,0.1917191719171918,0.6823582358235826,0.445004500450045,0
mouse657902,far,81,0.0055365027691317,0.0152946612715914,0.0282910627944821,0.1522289963776457,3.668951510643938,0.6843647024932478,0.2368299228751467,0.1291163303084293,0.1635094795230059,899.0,1108.0,1113.0,8.99,11.08,11.13,23.688616186917816,113.72322430011532,22.903168993203586,2.493992782667985,0.0271901132626593,mouse657902far81,0.1914491449144915,0.8657065706570658,0.3920792079207923,0
mouse657902,far,79,0.0141165842230627,0.0205401139425239,0.0111940948809851,4.955084166237271,3.7629922757451424,5.4179777326919805,0.1338700212029633,0.1247474937095731,0.1341516763723954,1151.0,1579.0,1571.0,11.51,15.790000000000001,15.71,23.688616186917816,113.72322430011532,22.903168993203586,2.493992782667985,0.0331475975423021,mouse657902far79,0.1331233123312332,0.2503150315031504,0.2192619261926192,1
mouse657902,far,82,0.010443832110513,0.0560455356122331,0.024470610216287002,4.541737322538372,5.8943341683347725,0.0829345454791175,0.082584909435246,0.2325004137834243,0.1106249634912115,2258.0,2201.0,2483.0,22.580000000000002,22.01,24.830000000000002,23.61042271563684,113.44436212991226,22.749618098705145,2.493992782667985,0.0415274333079083,mouse657902far82,0.2214221422142215,0.6396939693969398,0.3837083708370835,0
mouse657902,far,190,0.1023632773257118,0.0549285074278977,0.0589207263919924,3.345893630620848,3.2735497443320463,5.189699064279822,0.3371591303830069,0.38873935755092204,0.3644137106847371,219.0,197.0,177.0,2.19,1.97,1.77,23.8158461021668,46.32102070926444,23.86231566427616,2.510353560755935,0.0318456079062057,mouse657902far190,0.1879387938793879,0.5702970297029705,0.3043204320432042,0
mouse657902,far,67,0.0094838738280488,0.0208081567846906,0.0624288683211305,4.420149471671131,0.8502847592547679,1.1460352990042446,0.3587561839933887,0.2146889074839914,0.2624072537258821,324.0,423.0,357.0,3.24,4.23,3.5700000000000003,23.48264306980628,89.63332174197016,22.72976996168292,2.5011247469888422,0.0340813122095166,mouse657902far67,0.1722772277227722,0.6675067506750676,0.2897389738973899,0
mouse657902,far,40,0.1014928722511209,0.0537996169097573,0.0607181144838128,0.90732234910428,1.1376125077761408,1.9294292111436362,0.514356890462531,0.3238262889152997,0.4114149807074871,83.0,221.0,112.0,0.8300000000000001,2.21,1.12,23.36466647204103,60.08566477183953,22.937669022179843,2.492739456902787,0.0661482671450516,mouse657902far40,0.1506750675067506,0.7139513951395141,0.2732673267326732,0
mouse657902,far,45,0.0484071085912231,0.1049878413848414,0.0571979801047795,3.2428976493982797,2.3759339239564885,3.3306063844271545,0.2834674318899883,0.3674416014376945,0.2420446004433277,195.0,127.0,247.0,1.95,1.27,2.47,23.433176222716032,64.06745991540365,23.10733191490233,2.4931155207892,0.046354149058465,mouse657902far45,0.2252025202520252,0.7452745274527454,0.2813681368136816,0
mouse657902,far,198,0.0258977290819298,0.048371368607447,0.0577610504553571,3.6256936046595336,3.365587608023729,4.039788438747745,0.2869172362131162,0.2782964174143261,0.4242335619807268,154.0,254.0,157.0,1.54,2.54,1.57,23.48685753300643,97.62126250240401,22.352706640535537,2.5032478902417954,0.0506515113737055,mouse657902far198,0.21899189918991896,0.594869486948695,0.4050405040504049,0
mouse657904,far,245,0.1505853912007095,0.0152414336737761,0.1180771378131434,5.807032718925656,5.799433864754835,0.6125558598088803,0.4392182873040866,0.194073870160774,0.3934259161947046,59.0,1090.0,182.0,0.59,10.9,1.82,14.402298646183347,41.489175085599314,15.047881347414375,2.6100766272276377,0.0575761279754301,mouse657904far245,0.2211521152115211,0.5848784878487849,0.3920792079207923,0
mouse657904,far,376,0.0464371777761235,0.0729211677418195,0.1319672754099445,2.1330582549576502,1.5882547525370176,5.487129912711043,0.3063394725471812,0.3500219539427395,0.4409320636540993,131.0,127.0,99.0,1.31,1.27,0.99,13.881462541057386,27.326498805142545,14.408115865274851,2.577547283756401,0.0823379591982279,mouse657904far376,0.1774077407740774,0.6186318631863187,0.429072907290729,0
mouse657904,far,260,0.1177883456754826,0.0193845142610221,0.0510779275902673,1.281157802164704,6.2425945397155305,2.2018159133086144,0.3067663927927526,0.1970211659525815,0.2470597635118902,427.0,901.0,508.0,4.2700000000000005,9.01,5.08,14.005752676821803,21.477639582383045,14.525544823526726,2.5579532833888896,0.0262316125630364,mouse657904far260,0.2732673267326733,0.6099909990999101,0.34887488748874895,0
