mouse,probe_position,unitID,VL_pre,VL_stimOn,VL_post,angle_pre_ch15,angle_stimOn_ch15,angle_post_ch15,MMR_Pre,MMR_stimOn,MMR_Post,Nspikes_pre,Nspikes_StimOn,Nspikes_post,Fspikes_pre,Fspikes_StimOn,Fspikes_post,inst_amp_pre_peak_ch,inst_amp_StimOn_peak_ch,inst_amp_post_peak_ch,distance_peakch_stim_tip,error_waveform,universal_ID,waveform_halfwidth,waveform_duration,waveform_REP,cluster
mouse577578,far,265,0.1022611170162002,0.1045733016431501,0.0365498275992079,2.5075580278985767,3.292865449037909,2.3276202047483285,0.3895438895330326,0.2798842765574205,0.3270721132263923,166.0,250.0,203.0,1.6600000000000001,2.5,2.0300000000000002,10.50893305748151,110.75803761920919,10.238580525444982,2.6068419591528755,0.0255316656538783,mouse577578far265,0.2241224122412242,0.7506750675067508,0.4895589558955894,1
mouse577578,far,264,0.0634738550879756,0.0657453573001463,0.0310627030537107,3.3248866356188898,5.824887506880442,3.8818091779677886,0.2520941307714497,0.28614521180363106,0.2491375921601215,427.0,365.0,403.0,4.2700000000000005,3.65,4.03,10.50893305748151,110.75803761920919,10.238580525444982,2.6068419591528755,0.0435098888382864,mouse577578far264,0.1722772277227723,0.8117011701170118,0.4714671467146717,1
mouse577578,far,263,0.0655195602057175,0.0993804200662437,0.0888205367122847,5.0919887150144145,0.0873927111866682,5.384595823798877,0.4386653042950753,0.3986287373884028,0.3423465562140578,67.0,108.0,230.0,0.67,1.08,2.3000000000000003,10.50893305748151,110.75803761920919,10.238580525444982,2.6068419591528755,0.0706853664056785,mouse577578far263,0.2435643564356435,0.751755175517552,0.6394239423942393,1
mouse577578,far,262,0.0359978142937793,0.0655960779071012,0.0958107993380107,0.7732303014312772,6.253846457471257,3.6968173205598873,0.3391443977051686,0.2889847722477924,0.3856276494667683,165.0,223.0,110.0,1.6500000000000001,2.23,1.1,10.50893305748151,110.75803761920919,10.238580525444982,2.6068419591528755,0.0803527211601217,mouse577578far262,0.1606660666066606,0.4066606660666068,0.4898289828982898,0
mouse577578,far,268,0.0188106277453605,0.0343068274058101,0.0372453651430241,3.080331157100185,0.0153987103916025,0.8150192858486516,0.1468924317685006,0.13791975131320003,0.1836305062078236,1273.0,1289.0,1155.0,12.73,12.89,11.55,11.164998027207336,112.98889645428862,10.509083109682617,2.6068419591528755,0.0111882842471617,mouse577578far268,0.1976597659765977,0.6045904590459048,0.3518451845184518,1
mouse577578,far,523,0.09386097612616001,0.1029086439633453,0.08994854590559699,0.3215035820962527,3.8056189483509266,2.4641722979816487,0.4414512792972933,0.4090881716058812,0.4082491434648869,85.0,170.0,163.0,0.85,1.7,1.6300000000000001,11.164998027207336,112.98889645428862,10.509083109682617,2.6068419591528755,0.0592755052776661,mouse577578far523,0.20603060306030602,0.7460846084608462,0.4844284428442845,1
mouse577578,far,267,0.0716855028661285,0.0560639809325967,0.0516997385107114,2.429262091960075,2.648752203764936,2.5814439907187503,0.3061768143218739,0.3002466097942194,0.3332930572159525,289.0,225.0,166.0,2.89,2.25,1.6600000000000001,11.164998027207336,112.98889645428862,10.509083109682617,2.6068419591528755,0.0260474754940495,mouse577578far267,0.1655265526552656,0.7377137713771379,0.4282628262826281,1
mouse577578,far,273,0.0242761202527639,0.0576121022500771,0.0403875286868865,2.007542235477596,0.7191859182477982,1.3796933176988444,0.1960402769086973,0.2951831596137719,0.2240648661282572,557.0,341.0,410.0,5.57,3.41,4.1,11.444695719614739,115.12109240649104,10.90525398902492,2.5938629493479413,0.0230255177448915,mouse577578far273,0.1882088208820882,0.8387038703870389,0.4466246624662465,1
mouse577578,far,272,0.1351249471840188,0.0874882026234605,0.2695701089873116,3.5335080973115893,0.8229779494034316,5.21637490264437,0.4762238331662677,0.4313027362951823,0.5592785197244142,75.0,98.0,43.0,0.75,0.98,0.43,11.444695719614739,115.12109240649104,10.90525398902492,2.5938629493479413,0.0553665318170936,mouse577578far272,0.2141314131413142,0.8870387038703871,0.7061206120612061,1
mouse577578,far,275,0.0500688724640182,0.0288767126126481,0.0481913185587598,4.554454467188285,2.044282766508151,2.8186258191402698,0.2075273221984775,0.1773450113886033,0.2852749109633594,775.0,490.0,329.0,7.75,4.9,3.29,11.77748695685642,116.7813221466958,11.465316884448681,2.5896428325157124,0.0990147319348404,mouse577578far275,0.18901890189018897,0.7790279027902791,0.6683168316831681,1
mouse577578,far,276,0.0766979263852785,0.1060492956469327,0.0646816892619697,4.4110198155593725,2.5081092257137,2.5134263602306732,0.3907491996696926,0.5334956225320621,0.3566731948802166,97.0,54.0,160.0,0.97,0.54,1.6,11.77748695685642,116.7813221466958,11.465316884448681,2.5896428325157124,0.0538786240165908,mouse577578far276,0.1914491449144915,0.8333033303330334,0.4482448244824483,1
mouse577578,far,281,0.0438951914192781,0.0598560007664504,0.0224470949776938,5.171439380824123,2.1658744671784267,5.869525196066651,0.21821441278148604,0.3023558541303981,0.2533532512153016,571.0,426.0,317.0,5.71,4.26,3.17,11.745282063944774,117.01332372791799,11.102124378123877,2.5896428325157124,0.0415984121854094,mouse577578far281,0.1782178217821782,0.8287128712871289,0.4887488748874887,1
mouse577578,far,282,0.0991899173126102,0.0360372754510404,0.0603575284711544,3.68937572571132,1.2917157912123045,2.0964725572391383,0.3439961587017218,0.2141836441104877,0.3097921555878239,214.0,416.0,256.0,2.14,4.16,2.56,11.16908487892326,119.80575219020436,10.960851185052375,2.5813029655582858,0.0517684099434204,mouse577578far282,0.1882088208820882,0.8432943294329434,0.4528352835283528,1
mouse577578,far,283,0.0328419008418256,0.1041582596708762,0.1119643166238053,4.372562284485902,3.599263073091364,1.5483656400754702,0.25976619417290403,0.3362911802736519,0.4178242520603416,329.0,325.0,96.0,3.29,3.25,0.96,11.16908487892326,119.80575219020436,10.960851185052375,2.5813029655582858,0.030713883324216,mouse577578far283,0.2673267326732673,0.8762376237623763,0.6361836183618361,1
mouse577578,far,284,0.0299583883092066,0.063807044296832,0.0328288927154456,4.1116876668397495,1.3658083282378417,4.277293901963846,0.3248653824406304,0.2243949901807821,0.239829595565725,173.0,723.0,475.0,1.73,7.23,4.75,11.16908487892326,119.80575219020436,10.960851185052375,2.5813029655582858,0.0558454796406421,mouse577578far284,0.2613861386138614,0.7598559855985599,0.7747074707470748,1
mouse577578,far,476,0.0528663379181782,0.0449031177507678,0.0733281264926632,0.407379340925957,2.289839213499353,2.6186485245092292,0.4241044839279822,0.2857056453970527,0.3667454615623542,61.0,251.0,136.0,0.61,2.5100000000000002,1.36,11.618194136845837,119.69920514380405,11.001051924364576,2.577304793771974,0.0745646131927766,mouse577578far476,0.2349234923492349,0.841944194419442,0.5624662466246623,1
mouse577578,far,285,0.106968568667483,0.0381482690551584,0.0593723876702864,2.4250738779208536,2.7101983338440903,3.0731556806715568,0.4197033741549928,0.2947821067072447,0.2914828004813741,139.0,245.0,330.0,1.3900000000000001,2.45,3.3000000000000003,11.618194136845837,119.69920514380405,11.001051924364576,2.577304793771974,0.0594993231352424,mouse577578far285,0.2414041404140414,0.8686768676867688,0.5856885688568859,1
mouse577578,far,288,0.0371543425588749,0.0361611482654587,0.026039804146679002,4.986839087770688,3.6844290392792387,4.617033697182583,0.2412692716637231,0.179635187755803,0.2489299441478834,528.0,573.0,396.0,5.28,5.73,3.96,11.618194136845837,119.69920514380405,11.001051924364576,2.577304793771974,0.0364543344838819,mouse577578far288,0.2111611161116111,0.7090909090909093,0.6340234023402339,1
mouse577578,far,291,0.0336038470785971,0.0212304215327347,0.0777569715846918,1.9861462902956293,3.584859691381355,5.102845455866816,0.2580908577169647,0.2760085282500041,0.31990520716563997,273.0,145.0,263.0,2.73,1.45,2.63,11.037066102006984,122.77537057731087,10.767759509681197,2.577304793771974,0.0510473660662803,mouse577578far291,0.1763276327632763,0.7298829882988299,0.5192619261926191,1
mouse577578,far,299,0.019080423461961003,0.0418367266281577,0.0262050553385383,4.5426713046831235,3.770362397628902,2.0684559068397843,0.2190416695942573,0.249374912096794,0.2087479490500719,568.0,762.0,649.0,5.68,7.62,6.49,10.530409069693237,125.15261288955027,10.465855832676821,2.5887979836209705,0.0322289677738695,mouse577578far299,0.2608460846084609,0.9037803780378041,0.4477047704770477,1
mouse577578,far,302,0.0770266857228539,0.0307894998812378,0.0424839195144462,5.482663475899911,6.074851789127635,0.1277310409618935,0.40287452025510795,0.2633886966160583,0.3568819923456489,117.0,226.0,161.0,1.17,2.2600000000000002,1.61,10.867461217505241,124.11887684046042,10.631876801251435,2.5887979836209705,0.0410177904205426,mouse577578far302,0.1747074707470747,0.9048604860486048,0.4279927992799283,1
mouse577578,far,479,0.0721912466353061,0.1120914547905521,0.0606075143722321,3.6180275699443074,1.7314934560496107,3.3334328677022937,0.3623647141970316,0.3741087535832965,0.3378821920805119,199.0,122.0,179.0,1.99,1.22,1.79,10.867461217505241,124.11887684046042,10.631876801251435,2.5887979836209705,0.0718298845427788,mouse577578far479,0.2819081908190819,0.827902790279028,0.6969396939693969,1
mouse577578,far,305,0.030527466015165,0.0984207424027651,0.0370533433648004,1.0010168701552702,3.5146523922684145,4.866057171164084,0.2392422881239145,0.2604346757363343,0.2538443335663817,443.0,624.0,349.0,4.43,6.24,3.49,10.654836160975544,127.36027336541494,10.502645298612393,2.5887979836209705,0.0317306664090064,mouse577578far305,0.2443744374437444,0.6896489648964897,0.5489648964896491,1
mouse577578,far,315,0.0380761834027082,0.0281081983200742,0.0910806327317379,3.4458299944029585,3.0606789755714154,2.778995557144466,0.2869594864253501,0.3425639912275148,0.3419415981794601,285.0,326.0,151.0,2.85,3.2600000000000002,1.51,10.521019247118767,128.37924218762706,10.411920291156623,2.577426041615938,0.0279252704985486,mouse577578far315,0.1647164716471647,0.9126912691269128,0.4331233123312331,1
mouse577578,far,321,0.0263059869145201,0.0379869576187041,0.0227134876396579,4.6012232199490635,1.9604869071252635,4.391125402025647,0.1756048617345486,0.1144756820741064,0.1478752962786057,1111.0,1489.0,1566.0,11.11,14.89,15.66,10.975677173037708,132.27407499789788,10.047250861515217,2.5741503452595773,0.0526905903719484,mouse577578far321,0.1425742574257426,0.4855085508550856,0.2586858685868587,0
mouse577578,far,322,0.0468455351379639,0.0395754551612547,0.0349053741909283,0.9637204361262479,2.413091449881227,5.069992942242209,0.2165623976564912,0.2105120367712449,0.2245131329581046,747.0,744.0,648.0,7.47,7.44,6.48,10.975677173037708,132.27407499789788,10.047250861515217,2.5741503452595773,0.0575166040300123,mouse577578far322,0.3094509450945094,1.0042304230423045,0.7925292529252923,1
mouse577578,far,324,0.0670220537903833,0.1180799371308089,0.0689703285498345,4.587306564372507,2.1991976879682684,5.3634444748094365,0.3877540576233536,0.5030236788351982,0.3150219480300484,123.0,68.0,249.0,1.23,0.68,2.49,10.975677173037708,132.27407499789788,10.047250861515217,2.5741503452595773,0.0199748228057009,mouse577578far324,0.1825382538253825,0.8565256525652566,0.4174617461746174,1
mouse577578,far,314,0.0974407409613842,0.0469747281177481,0.0656422109784534,3.1405429199556893,0.6576188838057081,2.4900001823310864,0.3015590686765663,0.2641671717364336,0.2414632961008484,379.0,543.0,540.0,3.79,5.43,5.4,10.975677173037708,132.27407499789788,10.047250861515217,2.5741503452595773,0.0489984351808208,mouse577578far314,0.1706570657065707,0.7855085508550856,0.5662466246624663,1
mouse577578,far,325,0.0305181634989386,0.0331589522370938,0.0391803896612901,2.9403768661505727,4.1880454252240815,0.9512675826459268,0.280415152479979,0.3204616639968611,0.376818051132904,278.0,223.0,139.0,2.7800000000000002,2.23,1.3900000000000001,10.082788010033996,135.69904163374028,9.870330726229607,2.5741503452595773,0.0759974445471542,mouse577578far325,0.22196219621962196,0.6942394239423944,0.6216021602160219,1
mouse577578,far,327,0.0808500268652599,0.029893115583445998,0.0234574485909584,4.903275822332238,0.7338190262392645,4.636510318918137,0.2951123740429344,0.1993815918213392,0.22035157774854702,337.0,693.0,469.0,3.37,6.93,4.69,6.327353085776173,72.62322206629939,6.270223559518698,2.5664907948403006,0.0391310337882657,mouse577578far327,0.2357335733573358,0.9024302430243024,0.4779477947794778,1
mouse577578,far,484,0.0646387298293923,0.0186252761731169,0.0624930010977793,1.7130446261905883,6.1706424815176675,3.082186488814872,0.28853597558474603,0.2085408486739551,0.2774962211847381,284.0,649.0,337.0,2.84,6.49,3.37,6.327353085776173,72.62322206629939,6.270223559518698,2.5664907948403006,0.0413138326751319,mouse577578far484,0.21197119711971202,0.8724572457245726,0.5368136813681369,1
mouse577578,far,328,0.0380368989275537,0.0366600653000602,0.0437200579127425,5.598702478930243,0.9761838507020552,5.301987211780448,0.1510061339384252,0.1713067773147028,0.3352397414718514,1373.0,1044.0,161.0,13.73,10.44,1.61,6.327353085776173,72.62322206629939,6.270223559518698,2.5664907948403006,0.0289553844138768,mouse577578far328,0.1647164716471647,0.5878487848784878,0.8505850585058509,1
mouse577578,far,332,0.0524267395365996,0.019758388688525003,0.0215155358794576,5.322222089153789,1.2293135493247906,2.3392675211596408,0.2273491321437187,0.1465739066057061,0.17753691754013798,514.0,734.0,754.0,5.14,7.34,7.54,11.041765950879434,108.66081529063509,10.83365443047013,2.5871074581470332,0.0578357356948138,mouse577578far332,0.2735373537353736,0.8432943294329436,0.4412241224122414,1
mouse577578,far,331,0.0916229707397568,0.0411740517870422,0.1148510763095789,5.445245447381219,5.819189026112263,5.7477238035483875,0.4403521889761725,0.2169910026592959,0.3858505447008472,93.0,263.0,154.0,0.93,2.63,1.54,11.041765950879434,108.66081529063509,10.83365443047013,2.5871074581470332,0.0567946348610112,mouse577578far331,0.261926192619262,0.9137713771377138,0.5192619261926191,1
mouse577578,far,336,0.0250422384202687,0.0525273363458804,0.0472395483654289,6.194838108587036,2.5315251528686558,3.4512547402178333,0.2302037215072361,0.2351698097135875,0.2972682599138511,455.0,358.0,204.0,4.55,3.58,2.04,9.15680018152267,141.73234192689512,9.11387036228528,2.5871074581470332,0.0683055698618782,mouse577578far336,0.1612061206120612,0.8141314131413142,0.4396039603960399,1
mouse577578,far,341,0.1439173661282961,0.1025136802543662,0.0638330528651403,4.576692819689521,3.3107285430341866,4.432622548510833,0.4816564188865634,0.4284576993574855,0.4304575368337165,92.0,102.0,69.0,0.92,1.02,0.6900000000000001,9.2832918453955,145.52672630803596,9.290273417229207,2.576941016011038,0.0192953148789543,mouse577578far341,0.1882088208820882,0.8195319531953196,0.4525652565256527,1
mouse577578,far,487,0.0541811610454258,0.0689379619284682,0.057148404232782,1.0898617817165768,5.1698308433504785,1.6845239945886163,0.3100869654455454,0.2306998423727349,0.3520482326805304,258.0,362.0,181.0,2.58,3.62,1.81,9.2832918453955,145.52672630803596,9.290273417229207,2.576941016011038,0.0557101387272205,mouse577578far487,0.1644464446444644,0.794959495949595,0.4425742574257426,1
mouse577578,far,345,0.0603839789149063,0.0583137293427139,0.038081036024195,4.5385857676329335,4.0075446548781715,0.9919705371641268,0.2593997984440986,0.2352386064285603,0.3369495161912295,366.0,432.0,116.0,3.66,4.32,1.16,8.77390935050467,148.80172157809415,8.971429861017773,2.5743931323712004,0.0829634920630996,mouse577578far345,0.2532853285328533,0.7196219621962198,0.5462646264626464,1
mouse577578,far,348,0.0459919917900896,0.008855444898875,0.0333494946903788,4.364965491141163,0.6987489280637378,4.146617559662847,0.1470219955477416,0.1309578608315553,0.1385347272286975,2296.0,2376.0,1629.0,22.96,23.76,16.29,8.418248282155957,148.22141211176051,8.760394826509605,2.5672212604292604,0.0804322943603931,mouse577578far348,0.1493249324932494,0.2794779477947795,0.2295229522952295,0
mouse577578,far,353,0.0232226172309098,0.0290628650541482,0.0131401718532645,1.7143562709134077,2.9506903322780738,3.659977510591559,0.16178191880289902,0.2036139556632959,0.1669283211943329,1087.0,945.0,1114.0,10.870000000000001,9.450000000000001,11.14,8.753481765054081,151.59258147635632,9.63492450456592,2.5672212604292604,0.0764347924903506,mouse577578far353,0.2127812781278127,0.6110711071107112,0.3318631863186319,1
mouse577578,far,350,0.0687956832314678,0.0184492438366212,0.0745828823581707,4.193904738563213,4.889931277845441,3.2883173070206384,0.2621852443837495,0.23678894101454298,0.2409940991508317,396.0,630.0,624.0,3.96,6.3,6.24,8.753481765054081,151.59258147635632,9.63492450456592,2.5672212604292604,0.0990801506053717,mouse577578far350,0.1428442844284428,0.36507650765076505,0.2405940594059408,0
mouse577578,far,359,0.057200175263783,0.0430925775189385,0.0706735903510539,5.350892241429029,0.8572922771526005,4.8309684983413845,0.2141244407494894,0.2155326611151559,0.2880713826057333,524.0,361.0,379.0,5.24,3.61,3.79,8.248775308615517,155.82580214609658,8.558698346541343,2.5649074057361214,0.0502042696650097,mouse577578far359,0.1277227722772278,0.9070207020702072,0.4080108010801081,1
mouse577578,far,489,0.0508196883978006,0.0229351325788731,0.0331847637269185,2.7804428199553546,1.7505064556976202,3.469588523073641,0.2288714591256911,0.2297275025642741,0.2093391240217436,756.0,661.0,579.0,7.5600000000000005,6.61,5.79,7.959255961441704,157.06701459121354,8.189498542991492,2.5579532833888896,0.0753297342225439,mouse577578far489,0.2173717371737173,0.7377137713771378,0.6324032403240324,1
mouse577578,far,362,0.0719277096603439,0.012486072986244,0.0099641473501187,5.566475615659331,3.35728443827096,4.477726777892906,0.3119097208121664,0.2089296227241941,0.1208854383909663,233.0,864.0,1837.0,2.33,8.64,18.37,7.959255961441704,157.06701459121354,8.189498542991492,2.5579532833888896,0.0641698841173327,mouse577578far362,0.2365436543654365,0.6928892889288929,0.8403240324032403,1
mouse577578,far,370,0.0210738409863079,0.0548185614005269,0.0276288211542408,0.1445727366140869,4.919478709772814,2.2766080996976052,0.1708776020948111,0.221537380690005,0.1754315665686086,935.0,741.0,1017.0,9.35,7.41,10.17,7.957977137664777,161.2293357520306,7.8543067304896725,2.581908209057789,0.0411462459681239,mouse577578far370,0.1957695769576958,0.5198019801980198,0.3070207020702071,0
mouse577578,far,366,0.0598181649943517,0.27057680716421,0.0258769568789344,4.638291337680754,6.014199126315496,6.083318868888195,0.2256476469540224,0.3903775990213053,0.1904818063661606,623.0,773.0,751.0,6.23,7.73,7.51,7.957977137664777,161.2293357520306,7.8543067304896725,2.581908209057789,0.0324785703430923,mouse577578far366,0.1733573357335733,0.5495049504950497,0.6110711071107112,1
mouse577578,far,375,0.0484052248663849,0.0683657094773981,0.0717579130004485,5.019862453243012,5.763902183075112,0.5995959719532745,0.2847177408788485,0.2702337178695201,0.3038223720743693,299.0,337.0,218.0,2.99,3.37,2.18,7.41622659132702,165.1566184929962,7.155801345871662,2.5798498018295564,0.0505060232594425,mouse577578far375,0.1522952295229522,0.8786678667866789,0.3675067506750676,1
mouse577578,far,386,0.0281365813195684,0.0766128262562686,0.0711076619029557,5.365190115425475,0.6020294353527319,2.339394303987111,0.2567843432337284,0.5086211586132894,0.2812362151355486,318.0,56.0,335.0,3.18,0.56,3.35,6.879348074727633,175.6407724740211,6.6917391090825085,2.571356645819479,0.0769551448419168,mouse577578far386,0.1139513951395139,0.2465346534653465,0.0912691269126912,0
mouse577578,far,309,0.0489661732981009,0.096630561327842,0.0491113692676688,4.7120205339882,1.4784071552361542,4.310232512896723,0.2779033833673466,0.3754710465414528,0.3333678223021231,317.0,141.0,211.0,3.17,1.41,2.11,10.556851569432624,127.0247824447617,10.456105541800255,2.5887979836209705,0.0289848077892484,mouse577578far309,0.2292529252925292,0.7938793879387941,0.6002700270026999,1
mouse577578,far,311,0.0565254712086515,0.0088131009425745,0.0689648383583621,1.357109768743109,2.317190774947912,1.8392679540611843,0.2802774824216093,0.3451377406058994,0.4273149007692942,254.0,217.0,120.0,2.54,2.17,1.2,10.439083460250538,129.24578307482628,10.345285468082327,2.577426041615938,0.0594420170663014,mouse577578far311,0.1895589558955895,0.8189918991899191,0.5495049504950494,1
mouse577578,far,342,0.1653714451343114,0.0370466605294882,0.2230776398918443,5.284782019277474,5.4040215386056305,0.1886811243958957,0.5040364274609334,0.3670089594189701,0.5917490344976326,66.0,159.0,30.0,0.66,1.59,0.3,9.2832918453955,145.52672630803596,9.290273417229207,2.576941016011038,0.0615867447151521,mouse577578far342,0.1576957695769577,0.531953195319532,0.6715571557155718,1
mouse598180,far,2,0.0492454128055695,0.1158727822062216,0.0431521530434498,3.8458878560032654,3.1725044016085153,3.890684334259726,0.2128519946995033,0.3350086133356914,0.2203773780015401,957.0,730.0,687.0,9.57,7.3,6.87,6.5731379919965365,255.65444716177052,6.423539018065144,1.8201991649267395,0.0417637814110492,mouse598180far2,0.2225022502250225,0.6637263726372639,0.4161116111611164,1
mouse598180,far,3,0.0542220046636019,0.1324093251462774,0.0798385586773833,1.930748444348651,2.334560847687144,3.43169363147053,0.3122699222543165,0.4454876663619752,0.3891650966047917,181.0,168.0,123.0,1.81,1.68,1.23,6.5731379919965365,255.65444716177052,6.423539018065144,1.8201991649267395,0.0291137398172285,mouse598180far3,0.1792979297929793,0.7579657965796581,0.3926192619261924,1
mouse598180,far,4,0.025327138708142998,0.43215054810089604,0.0417834187336834,4.9782061121522805,3.4410449622689048,2.6437492096648274,0.1706721665841241,0.4461838362843228,0.1617037880928881,1095.0,766.0,1538.0,10.950000000000001,7.66,15.38,6.5731379919965365,255.65444716177052,6.423539018065144,1.8201991649267395,0.0638981451684732,mouse598180far4,0.2427542754275428,0.7876687668766877,0.3885688568856887,1
mouse598180,far,8,0.030310337685844,0.0853839853127062,0.0493874994512915,0.8910033612589041,3.241090162251634,1.3914624808137288,0.2242642276789455,0.2144581614082084,0.2754822481277497,556.0,411.0,383.0,5.5600000000000005,4.11,3.83,8.011755866208407,278.3661197891816,7.855289517286218,1.8148691412881537,0.083604359782269,mouse598180far8,0.2030603060306031,0.7034203420342036,0.38505850585058504,1
mouse598180,far,88,0.0535088718625886,0.04677132030609099,0.1813171764755165,3.4047641245173565,2.3818144469139124,3.46260228392524,0.3785687760491092,0.3943784057331958,0.478978978674668,105.0,134.0,78.0,1.05,1.34,0.78,8.011755866208407,278.3661197891816,7.855289517286218,1.8148691412881537,0.0503490559521561,mouse598180far88,0.19387938793879397,0.6783078307830784,0.4234023402340233,1
mouse598180,far,5,0.0497206342765636,0.0695999761403825,0.0436556422090156,3.7369226676061915,3.618768474504592,4.25612670028347,0.2089192114610958,0.2869382797621608,0.2785050369356512,796.0,372.0,297.0,7.96,3.72,2.97,8.011755866208407,278.3661197891816,7.855289517286218,1.8148691412881537,0.0406309221126941,mouse598180far5,0.1590459045904589,0.6515751575157517,0.3464446444644463,0
mouse598180,far,10,0.0394792227849576,0.1751480504133025,0.0537254567186416,4.1968253282217995,3.8706805542179503,2.6906550666836084,0.2654280915252563,0.3306797504250914,0.2973877722233288,347.0,344.0,301.0,3.47,3.44,3.0100000000000002,8.227191769588343,276.59119497294586,8.328362799615181,1.8148691412881537,0.0646538522142704,mouse598180far10,0.2835283528352836,0.7936093609360938,0.3796579657965798,1
mouse598180,far,90,0.0785876759425024,0.064527834886955,0.1241050475470958,2.3368108181891487,2.0449325966551744,0.4791272852984775,0.4423739671758757,0.3559211066848966,0.4162977992843572,65.0,145.0,103.0,0.65,1.45,1.03,8.227191769588343,276.59119497294586,8.328362799615181,1.8148691412881537,0.0478895048463772,mouse598180far90,0.1930693069306931,0.7655265526552656,0.493609360936094,1
mouse598180,far,11,0.1975140179387064,0.3795182851983923,0.0473701019534039,5.1649278326638655,3.1184643530003613,3.877701428637136,0.5045351847426175,0.525519827013983,0.3529902350400814,53.0,236.0,117.0,0.53,2.36,1.17,7.9813088134691474,278.1758841077342,7.871827157873744,1.8093507122722232,0.0802752768940675,mouse598180far11,0.2368136813681368,0.7401440144014402,0.5702970297029705,1
mouse598180,far,12,0.026630120920452006,0.1727060130156793,0.0508074983396209,3.638234142602424,3.4111568622477817,3.7031123867369,0.183928199748643,0.3895124171030136,0.2160759579508971,735.0,833.0,768.0,7.3500000000000005,8.33,7.68,7.9813088134691474,278.1758841077342,7.871827157873744,1.8093507122722232,0.0649191481026579,mouse598180far12,0.317011701170117,0.7420342034203421,0.413951395139514,1
mouse598180,far,92,0.0798595060382903,0.5768698384095973,0.0595570446727118,2.5933050973139404,0.2569978280891672,5.369046682914758,0.3659425646412834,0.6652052421572477,0.3308515607182581,139.0,736.0,343.0,1.3900000000000001,7.36,3.43,7.9813088134691474,278.1758841077342,7.871827157873744,1.8093507122722232,0.0683311756538732,mouse598180far92,0.2095409540954096,0.6855985598559857,0.4288028802880287,1
mouse598180,far,91,0.0925914277626297,0.1673606906668446,0.0856455062574973,4.710833752020687,3.5191994351568763,4.112526599462422,0.4491633685196434,0.4684142646213779,0.4784011500465278,88.0,75.0,64.0,0.88,0.75,0.64,7.9813088134691474,278.1758841077342,7.871827157873744,1.8093507122722232,0.0534573996970399,mouse598180far91,0.2233123312331233,0.8168316831683169,0.4458145814581459,1
mouse598180,far,15,0.0912504862217025,0.1193935596196955,0.0710458084373761,3.3625221489017116,3.9032261806239963,2.2833892635173454,0.3915561494895502,0.41896400740263107,0.3656268026440825,129.0,147.0,141.0,1.29,1.47,1.41,7.416133910463812,273.91154376429694,7.297224230057286,1.8093507122722232,0.06484284939892,mouse598180far15,0.2362736273627362,0.6828982898289829,0.43879387938793896,1
mouse598180,far,16,0.0606816584112812,0.2138443940786567,0.0297329362904877,3.2343998657548805,3.4156404262686233,3.805820624888438,0.2403392339051499,0.3733288476249697,0.1968784975364055,416.0,534.0,637.0,4.16,5.34,6.37,7.416133910463812,273.91154376429694,7.297224230057286,1.8093507122722232,0.0531373346893214,mouse598180far16,0.2268226822682268,0.7301530153015302,0.4544554455445545,1
mouse598180,far,23,0.0858492765704258,0.1199909268920718,0.1504884876586645,2.3725296769424924,5.566747988650506,2.7273869527040553,0.4327050029884682,0.5211830276872023,0.4770186282720727,91.0,210.0,141.0,0.91,2.1,1.41,7.198303526210594,275.03918350195306,7.142124743812671,1.829104972384035,0.0947882587576089,mouse598180far23,0.253015301530153,0.7522952295229524,0.4290729072907292,1
mouse598180,far,26,0.0778250231284837,0.0531491085756082,0.1359512376148701,1.819645251796744,0.1394150427710481,4.919791813911155,0.39735964247426003,0.3048073103533336,0.4216780286964656,94.0,174.0,136.0,0.9400000000000001,1.74,1.36,6.9336679907019505,270.7106833081102,6.9343021419025535,1.829104972384035,0.0279016191197047,mouse598180far26,0.1247524752475247,0.2611161116111612,0.2073807380738074,0
mouse598180,far,27,0.0582303895271963,0.0882645201004166,0.0893383058104355,4.4841852210114315,2.3737289838326654,5.4154768956517305,0.3306873035404957,0.3721937791973399,0.4162394611716445,238.0,192.0,127.0,2.38,1.92,1.27,6.9336679907019505,270.7106833081102,6.9343021419025535,1.829104972384035,0.0474766103412449,mouse598180far27,0.16903690369036903,0.655895589558956,0.3450945094509453,1
mouse598180,far,32,0.0159478897749129,0.242875830125008,0.0156234150814794,4.937865636188956,3.0579071197143595,4.567702302251091,0.11961934835105699,0.3005166719416065,0.1312240680856395,2733.0,2276.0,2269.0,27.330000000000002,22.76,22.69,7.008332757310737,270.9496764025659,6.957752011530224,1.8248287590894658,0.041141430660668,mouse598180far32,0.1960396039603961,0.7363636363636364,0.4074707470747075,1
mouse598180,far,36,0.0564035441749854,0.0757554244856283,0.0638158829503172,4.123010081355237,4.3761008959242815,4.906383672902695,0.2234148003210368,0.3036433064654951,0.2542063496051631,639.0,756.0,639.0,6.390000000000001,7.5600000000000005,6.390000000000001,7.1387128913170335,269.75633653054246,7.019221047632913,1.8496621313093915,0.0528844883340361,mouse598180far36,0.1833483348334834,0.5729972997299732,0.2829882988298831,0
mouse598180,far,34,0.1098662780613472,0.1638507934007145,0.085545425676683,3.4540351363306705,4.060683909426797,4.547079403581824,0.4887735145157023,0.4805829152212947,0.4289137630150558,57.0,85.0,112.0,0.5700000000000001,0.85,1.12,7.1387128913170335,269.75633653054246,7.019221047632913,1.8496621313093915,0.0441763961710292,mouse598180far34,0.1825382538253825,0.6423942394239426,0.6035103510351035,1
mouse598180,far,49,0.0319559081636109,0.1289457525580491,0.0398608123637744,3.895359023424162,2.4463793245660868,3.8958794137332635,0.215205167032736,0.3141709387641639,0.2131474665953086,979.0,597.0,654.0,9.790000000000001,5.97,6.54,7.0956505552242195,267.18842529168154,7.073679702057102,1.8457721961282223,0.0606923184296269,mouse598180far49,0.1765976597659766,0.3094509450945094,0.2392439243924393,0
mouse598180,far,40,0.0569159624783942,0.1595756177110161,0.029679004247438,3.8884194122116,3.4696749865013015,4.638286285533973,0.2215006168818285,0.3016109728696007,0.1609267542787195,906.0,698.0,939.0,9.06,6.98,9.39,7.0956505552242195,267.18842529168154,7.073679702057102,1.8457721961282223,0.042521311285597996,mouse598180far40,0.1477047704770476,0.3264626462646265,0.2306030603060307,0
mouse598180,far,44,0.0456140833387838,0.2506222501648905,0.0807792461717773,4.3955471521019485,3.2267570515316653,4.404362371834903,0.270889772895328,0.3915367076955578,0.3181328280116786,476.0,593.0,332.0,4.76,5.93,3.3200000000000003,7.350242148912398,266.9773100011472,7.286215261879296,1.8462800437636755,0.0674400761485667,mouse598180far44,0.2284428442844284,0.7074707470747077,0.4317731773177317,1
mouse598180,far,46,0.1223646606869508,0.1109975319058562,0.0895171623865594,2.68502516306569,2.247873098348456,2.809910598491639,0.371031135369839,0.3807870730310733,0.3438381556284477,249.0,217.0,205.0,2.49,2.17,2.05,6.8754644181125855,264.4427911618807,6.765688706914902,1.8462800437636755,0.0708177653131412,mouse598180far46,0.1838883888388839,0.8570657065706573,0.4552655265526552,1
mouse598180,far,47,0.1422700187863634,0.0922283353948671,0.0827896024313069,3.2087232014690086,3.704272733360141,0.7014119058351375,0.4718290930801899,0.4562587338342529,0.3862229734991304,75.0,133.0,153.0,0.75,1.33,1.53,6.8754644181125855,264.4427911618807,6.765688706914902,1.8462800437636755,0.0821342941379976,mouse598180far47,0.2605760576057606,0.8346534653465348,0.5030603060306029,1
mouse598180,far,50,0.1003805786798955,0.2868680474903972,0.05132082413968599,1.0386639039041452,3.1914137412456696,2.6165257473164067,0.4067300651274929,0.4869295534266721,0.3557862559762756,117.0,314.0,177.0,1.17,3.14,1.77,6.906585347427077,260.3555892427356,6.873236022880327,1.8427221711370383,0.0381882631578967,mouse598180far50,0.1768676867686769,0.662916291629163,0.55004500450045,1
mouse598180,far,51,0.0690111703991703,0.1050977600820588,0.0841948468091917,1.0338924029077958,2.7548006453032796,4.754032413082968,0.4239146542843184,0.4080952601896808,0.3395862262603156,98.0,177.0,192.0,0.98,1.77,1.92,6.906585347427077,260.3555892427356,6.873236022880327,1.8427221711370383,0.0511154050543945,mouse598180far51,0.1741674167416741,0.8684068406840685,0.4957695769576961,1
mouse598180,far,53,0.062737500388725,0.055276352392247,0.0668049343978594,4.48313380185964,4.611225957616383,5.50627751012061,0.3180569542594665,0.35260620613068605,0.3264695663687613,230.0,264.0,182.0,2.3000000000000003,2.64,1.82,6.8275148993000885,260.79432636571147,6.69634247649886,1.8651407453594488,0.0895877303525805,mouse598180far53,0.1698469846984698,0.7860486048604861,0.3561656165616563,1
mouse598180,far,54,0.1939765205983738,0.2654978954624514,0.1997012365761429,3.0914146938876237,3.0002871420211195,4.813263353711379,0.496491134931743,0.3993765795952582,0.5468178762868295,71.0,267.0,57.0,0.71,2.67,0.5700000000000001,6.8275148993000885,260.79432636571147,6.69634247649886,1.8651407453594488,0.0306862376110253,mouse598180far54,0.1736273627362736,0.6564356435643565,0.7390639063906391,1
mouse598180,far,56,0.1045716558660877,0.0502938297865813,0.0814262532524606,0.0757457372621992,3.0649041964645534,4.311760584810023,0.4038679478094468,0.2747618472927495,0.3648134570672135,105.0,305.0,163.0,1.05,3.0500000000000003,1.6300000000000001,6.537114766544456,255.52623519551742,6.4314620839754495,1.8651407453594488,0.0462916532068038,mouse598180far56,0.1571557155715571,0.8422142214221424,0.4088208820882087,1
mouse598180,far,59,0.1067249317124539,0.2658276102353704,0.0954862005470831,6.040708637202731,3.2950808534032565,3.4364169085145377,0.3019031936362186,0.3682446380771476,0.338142114016358,357.0,239.0,231.0,3.5700000000000003,2.39,2.31,4.160185410322026,207.51325052398715,4.268220954704462,1.8634645153584224,0.0402465424471576,mouse598180far59,0.1698469846984699,0.9432043204320434,0.4266426642664266,1
mouse598180,far,60,0.05184242447141701,0.426587206681632,0.0496138065186161,1.6412982968312646,3.2005108629927417,5.154630098541616,0.25650141834302104,0.4770957120329818,0.2346633956636598,449.0,283.0,446.0,4.49,2.83,4.46,4.134567393995589,202.56444108498658,4.25808478422169,1.888286260078169,0.0396230768365334,mouse598180far60,0.1339333933393339,0.7355535553555357,0.3226822682268225,0
mouse598180,far,62,0.040352895946013004,0.1939690256792035,0.0603691622043885,1.8819313395798445,2.9498340321232517,2.335925793769981,0.2040906593065927,0.4814628191590366,0.2605571177655503,607.0,445.0,492.0,6.07,4.45,4.92,6.494879746100162,253.9636985870383,6.256901953771264,1.8872930350107269,0.0586684479858393,mouse598180far62,0.2144014401440144,0.9054005400540056,0.4979297929792979,1
mouse598180,far,71,0.1280604284785925,0.060575142421377,0.1121305765664156,2.242188805606003,0.94434398211328,0.7149422500276661,0.4079234128213074,0.4436058437239461,0.46259228462477403,119.0,59.0,85.0,1.19,0.59,0.85,6.4882330982179335,253.82448911875431,6.210656899809332,1.8872930350107269,0.0449163351062896,mouse598180far71,0.15391539153915398,0.7393339333933394,0.38991899189919005,1
mouse598180,far,73,0.0525461493713219,0.2229515441045892,0.0324002196433337,5.1097879332335685,3.4784481291864084,0.0117711075760172,0.2143991837112971,0.3192302811086573,0.2190276494073431,627.0,467.0,567.0,6.2700000000000005,4.67,5.67,6.212886030945198,248.7863060209758,5.965655454307357,1.8872930350107269,0.0474260310735611,mouse598180far73,0.1590459045904591,0.8462646264626466,0.5846084608460843,1
mouse598180,far,38,0.055893986548257,0.3451200488824613,0.0262899996142809,4.481933583685482,3.036657681327852,3.803798271626052,0.3450441516108738,0.4081661021029081,0.2230179290872727,170.0,598.0,548.0,1.7,5.98,5.48,7.0956505552242195,267.18842529168154,7.073679702057102,1.8457721961282223,0.0226884859872496,mouse598180far38,0.2481548154815481,0.7072007200720073,0.4944194419441944,1
mouse598180,far,48,0.1145976149960728,0.0781906837201919,0.1487001258517745,4.082113341788223,4.04474987973035,1.9821547673768058,0.49612882189590296,0.5596708678973935,0.4938914441977508,56.0,85.0,80.0,0.56,0.85,0.8,6.8754644181125855,264.4427911618807,6.765688706914902,1.8462800437636755,0.0544115819279384,mouse598180far48,0.1865886588658866,0.8189918991899191,0.5897389738973898,1
mouse598180,far,82,0.0407447397807324,0.0647053976976855,0.0635746804038665,1.5376995111609757,2.4048265556106267,0.8323469247611001,0.3430385204506441,0.3609844321054531,0.35129904895321,188.0,199.0,178.0,1.8800000000000001,1.99,1.78,5.3610156120131505,238.81583504044457,5.237486762092967,1.9106608804285496,0.0649595147923323,mouse598180far82,0.1090909090909091,0.3945094509450946,0.2446444644464445,0
mouse622179,far,53,0.0488357378410615,0.0295122139354334,0.0463356315799076,5.283696821001379,4.080704712789632,6.133403974116129,0.2569506455639013,0.2121388355407408,0.1854743144693194,578.0,802.0,986.0,5.78,8.02,9.86,11.355973014584858,30.78113567352359,11.244142860844061,2.4204854884919267,0.0236200637335148,mouse622179far53,0.19495949594959502,0.3453645364536454,0.2481548154815481,0
mouse622179,far,61,0.0389483534320907,0.0784014139470507,0.0423189607267276,5.272722843193381,1.124059998518802,4.112223741244837,0.2502668297609784,0.3085140816499889,0.1746942647248232,332.0,445.0,952.0,3.3200000000000003,4.45,9.52,11.465460260995435,50.34490049270812,11.563300392863171,2.411042305725887,0.0434214920964898,mouse622179far61,0.2006300630063007,0.6567056705670569,0.4787578757875789,1
mouse622179,far,62,0.0167337838685117,0.0175048842476898,0.0138900392884653,4.583746347532004,4.699290074025144,4.478480181942034,0.1658323475723624,0.1534687755608234,0.147138114261451,814.0,1272.0,1860.0,8.14,12.72,18.6,11.465460260995435,50.34490049270812,11.563300392863171,2.411042305725887,0.0543158395749685,mouse622179far62,0.1682268226822681,0.3861386138613861,0.2414041404140414,0
mouse622179,far,131,0.0135430369535797,0.0972355647161506,0.0570465491133439,4.074012016670421,5.693308414802914,3.6280809054153065,0.2023824511900422,0.2341485451080825,0.2152948900224069,674.0,770.0,704.0,6.74,7.7,7.04,11.877471874118664,74.48907244016269,11.832696612662218,2.4193232524819828,0.0225943685633215,mouse622179far131,0.1733573357335733,0.6194419441944197,0.2927092709270926,0
mouse622179,far,66,0.0899937870712599,0.5328593180870836,0.0665005164528351,3.209042191556195,2.3125740148960943,3.7148148316029217,0.3268521329993825,0.6046128535288768,0.2233739066662556,183.0,533.0,606.0,1.83,5.33,6.0600000000000005,11.877471874118664,74.48907244016269,11.832696612662218,2.4193232524819828,0.0527419761340205,mouse622179far66,0.1693069306930693,0.5643564356435644,0.7385238523852385,1
mouse622179,far,68,0.0071690959272544,0.1637668221922238,0.044275571973598,3.9448910579749166,2.0215450755555366,5.5293600333221375,0.1533073321468318,0.3184684125134336,0.1514360747926121,1316.0,1479.0,1383.0,13.16,14.790000000000001,13.83,11.893250533671017,80.08406262118231,11.883587589623575,2.4220342689565735,0.0205385026539498,mouse622179far68,0.2000900090009001,0.3224122412241225,0.2594959495949596,0
mouse622179,far,71,0.0217360821082397,0.0830573722756858,0.0561995181507182,2.4791744968768668,3.4933825013272917,2.999554675204072,0.2121459100903112,0.3219440595114189,0.2628109220077105,475.0,365.0,448.0,4.75,3.65,4.48,11.750956608432412,82.82101671333818,11.593641348654671,2.4041630560342617,0.0173807305841544,mouse622179far71,0.1981998199819983,0.6572457245724572,0.3785778577857789,1
mouse622179,far,74,0.0540923903528863,0.0420682355032894,0.0424152095770769,4.48545291328658,3.4912060751863736,3.9536049469625127,0.298561746336565,0.2754594432414555,0.2437626754126606,499.0,273.0,665.0,4.99,2.73,6.65,11.650144017918274,93.36176768717009,11.565393485492187,2.4109126902482387,0.0416490543349983,mouse622179far74,0.1698469846984698,0.5989198919891991,0.3094509450945093,0
mouse622179,far,75,0.0228147466737141,0.0338486081484588,0.0441108780338697,3.823983218025334,2.164688503143471,5.52297296648908,0.1363371508270106,0.1532905046519707,0.1992270093805792,1402.0,1360.0,1417.0,14.02,13.6,14.17,11.914165639733696,101.88716927055694,11.893109807209086,2.4109126902482387,0.0353528896462235,mouse622179far75,0.2441044104410441,0.4323132313231324,0.2905490549054905,0
mouse622179,far,80,0.0231953344764851,0.1205089539830645,0.0233540811571243,1.3552003614730812,5.50892484018098,5.694431032508737,0.1618915397319195,0.3189683687104273,0.1525443074272997,1426.0,920.0,1014.0,14.26,9.200000000000001,10.14,12.177363574076136,117.57781704346228,11.89370823286124,2.405332617331749,0.0603422752730083,mouse622179far80,0.2349234923492349,0.7579657965796581,0.3553555355535552,1
mouse622179,far,79,0.0213652411199044,0.1075016354581113,0.0106344784814091,1.7977993191239217,6.044644168465247,3.9149046273261883,0.2001702805884715,0.3124668721303807,0.1818437572662755,1017.0,1039.0,1220.0,10.17,10.39,12.200000000000001,12.177363574076136,117.57781704346228,11.89370823286124,2.405332617331749,0.0432771507873692,mouse622179far79,0.2897389738973898,0.3545454545454546,0.2667866786678667,0
mouse622179,far,81,0.0489422990482809,0.0175471960777501,0.0089568676822869,5.585624359933552,5.846226990535584,4.95205130946762,0.21748761015057697,0.1474686184791918,0.1532773229617443,1224.0,1225.0,1295.0,12.24,12.25,12.950000000000001,12.063340893354187,133.0279815313684,11.893157848554273,2.414150989478496,0.0285227573360691,mouse622179far81,0.2327632763276328,0.6953195319531954,0.3685868586858686,1
mouse622179,far,116,0.1064448551583913,0.1837067051835408,0.0415762512553497,3.798580256684116,4.603378908344549,1.5880139547899792,0.4478463807159586,0.5277740718394707,0.40797528348561707,94.0,146.0,131.0,0.9400000000000001,1.46,1.31,12.063340893354187,133.0279815313684,11.893157848554273,2.414150989478496,0.0856771507556729,mouse622179far116,0.2624662466246625,0.7144914491449146,0.38991899189919005,1
mouse622179,far,117,0.012325448193514998,0.0401675854784938,0.0118513558894628,4.987798911656109,2.4748506910776062,4.088209009158391,0.1688207100555382,0.2287549718286124,0.1827050341072907,873.0,512.0,737.0,8.73,5.12,7.37,11.720982080950806,131.8878746610215,11.41324084077258,2.418935716384377,0.0537288539883587,mouse622179far117,0.258955895589559,0.7377137713771379,0.3553555355535555,1
mouse622179,far,118,0.0754096983876289,0.17388748437344398,0.0948783689542975,3.6009545977703215,3.4842701417240085,4.398268428050224,0.291838229754326,0.4152282689601203,0.342763335269345,300.0,391.0,559.0,3.0,3.91,5.59,11.987029208399367,140.2441936454,11.89715423549543,2.418935716384377,0.0569141693340702,mouse622179far118,0.2206120612061206,0.7223222322232223,0.3442844284428444,1
mouse622179,far,119,0.038131700698806996,0.014545841063024,0.0543155343016602,6.118345073308897,0.050667136653992,4.006199879493091,0.2541938910242456,0.2327036462257503,0.1903502267206694,590.0,635.0,895.0,5.9,6.3500000000000005,8.950000000000001,11.54170213882272,135.26313072208802,11.581371715322408,2.4239688529352024,0.0277548406795342,mouse622179far119,0.2162916291629163,0.6453645364536454,0.396129612961296,1
mouse622179,far,85,0.0652269852522486,0.048543342124196004,0.0753228538355105,4.854302611892513,2.1826519657640384,3.62833078460021,0.3717983856549379,0.4111288623974151,0.3288403785770463,125.0,151.0,316.0,1.25,1.51,3.16,11.664790448820245,144.20219385427117,11.653037855419766,2.4239688529352024,0.0268552224909141,mouse622179far85,0.2117011701170117,0.6950495049504951,0.3764176417641766,1
mouse622179,far,83,0.0408660409758093,0.0989633215280199,0.0434249653783547,2.581956184519701,2.485774773785458,0.1332394190020768,0.4033059344018167,0.3294439490962439,0.3225490355273053,120.0,110.0,200.0,1.2,1.1,2.0,11.664790448820245,144.20219385427117,11.653037855419766,2.4239688529352024,0.0603247497202244,mouse622179far83,0.1587758775877588,0.7023402340234025,0.3272727272727272,1
mouse622179,far,86,0.1033006595561739,0.0259693312993237,0.0765644220669605,4.0835621402787945,0.8725492376277441,4.0630742252552166,0.3164164922735571,0.2584800838407577,0.3166736028313613,277.0,449.0,383.0,2.77,4.49,3.83,11.460299169963957,158.96566363219205,11.252442056370263,2.434774116833017,0.0063131912440099,mouse622179far86,0.1911791179117912,0.6966696669666967,0.3415841584158415,1
mouse622179,far,88,0.0390422773279863,0.0368006731501912,0.0101615584409864,5.143956201346779,6.033793891171124,4.6920605855050335,0.1859825213432496,0.1747617215370639,0.1865389113874455,843.0,860.0,813.0,8.43,8.6,8.13,11.384732932117956,171.8581004409769,11.246510726680878,2.4217762076624667,0.0215837000118886,mouse622179far88,0.18199819981998197,0.3124212421242124,0.2381638163816382,0
mouse634572,far,151,0.0373059230828393,0.0479161706627688,0.0819258887507874,2.586336381639737,4.099633798656817,5.015760986470798,0.2324899083584722,0.2454001904556244,0.2386877358950027,518.0,589.0,730.0,5.18,5.89,7.3,8.151862764550696,18.637192431465007,7.833146583172632,2.371840003035618,0.0118502390304605,mouse634572far151,0.1714671467146715,0.2832583258325833,0.223042304230423,0
mouse634572,far,164,0.061599967405972,0.0773020803725254,0.0922742352535287,3.2277493935683785,4.712403731783257,2.500024859122874,0.3958094237758572,0.3064904940233457,0.3804743845645495,84.0,103.0,128.0,0.84,1.03,1.28,8.106573591300581,15.071717589427855,7.907076674061897,2.3738154940938445,0.0616419431717863,mouse634572far164,0.1639063906390638,0.7846984698469849,0.3726372637263725,1
mouse634572,far,165,0.0175122483912437,0.0202063852630325,0.0267842713014164,3.9484704406062185,5.478018300649266,2.8011594359221057,0.2035608390607662,0.1800405138551891,0.2004615449149505,852.0,818.0,807.0,8.52,8.18,8.07,8.243981910997997,14.62121065782676,7.887214857727356,2.375,0.0304704615349362,mouse634572far165,0.2125112511251125,0.8362736273627365,0.4895589558955898,1
mouse634572,far,169,0.0812962282293557,0.0477407063384787,0.0796061200776937,4.440008706965376,4.424202136720824,4.547773260826274,0.2064470318884903,0.1896983646949791,0.2195612521555295,979.0,992.0,920.0,9.790000000000001,9.92,9.200000000000001,8.59161454965319,14.938957651293856,8.324266764304271,2.376446927663229,0.0221174648308244,mouse634572far169,0.21602160216021601,0.6461746174617463,0.3864086408640862,1
mouse634572,far,175,0.0872053924491692,0.0506748312253581,0.0884900709300966,4.558621354657438,4.2792998915075495,4.705598348920988,0.2452957533780505,0.17407822596784497,0.2276060395019271,1179.0,1392.0,1329.0,11.790000000000001,13.92,13.290000000000001,9.494810141929484,15.694798976967435,9.05907416246092,2.376446927663229,0.0172452571103941,mouse634572far175,0.1801080108010802,0.2927092709270927,0.2384338433843386,0
mouse634572,far,177,0.0855593732569588,0.0529942845092538,0.0951224552676046,5.217738545532615,5.0760594881989185,5.181066714697091,0.2602768656974506,0.2204173098497531,0.21730175200094196,718.0,975.0,1079.0,7.18,9.75,10.790000000000001,9.494810141929484,15.694798976967435,9.05907416246092,2.376446927663229,0.0175497102703527,mouse634572far177,0.1528352835283528,0.2513951395139514,0.2003600360036003,0
mouse634572,far,178,0.0922652086665855,0.0544538190394596,0.0938221197846178,4.29451551684711,4.478675053412,4.1783906506647215,0.2499501462090839,0.2136469732065719,0.2371772112728019,1176.0,1120.0,1019.0,11.76,11.200000000000001,10.19,8.534482628580077,15.517398790709436,8.319926861705131,2.378155798092295,0.0128858838961496,mouse634572far178,0.1522952295229522,0.2486948694869487,0.197929792979298,0
mouse634572,far,189,0.0392484808726842,0.0318025742633943,0.0351585033692876,1.0726688121833772,4.0673826904229555,2.0085821027467907,0.1813765377975188,0.1943010336373354,0.1920035887964244,1070.0,1071.0,948.0,10.700000000000001,10.71,9.48,10.800584676756143,63.92324877358979,10.677412419990826,2.368279966558008,0.0131851103224704,mouse634572far189,0.1266426642664265,0.7158415841584159,0.3302430243024302,0
mouse634572,far,190,0.0957539399826605,0.0452692536281094,0.0805052477276703,3.4634655192763315,3.0416626036147165,3.203380664134756,0.2931707308099745,0.2266286944770859,0.2631333323812832,566.0,619.0,668.0,5.66,6.19,6.68,9.594689446375826,63.70753580401284,9.589671970710024,2.391390808713624,0.0200230546621253,mouse634572far190,0.1706570657065707,0.6386138613861386,0.2613861386138616,0
mouse634572,far,193,0.0479233802036043,0.0955157523472081,0.0760581755433891,5.888243694032433,0.2622694929240066,3.952947949571896,0.2925789443741022,0.3184346600508798,0.2985887528642076,294.0,328.0,365.0,2.94,3.2800000000000002,3.65,9.548114494077772,68.79570913031057,9.486812538689188,2.391390808713624,0.0252389904125342,mouse634572far193,0.1833483348334833,0.7655265526552656,0.3353735373537355,1
mouse634572,far,194,0.1121660685108284,0.0627931220356235,0.0836938610973251,3.3682197831182985,5.2767927399180286,5.549698357438266,0.2647504701244579,0.2170611532416681,0.2681704977041915,885.0,923.0,775.0,8.85,9.23,7.75,9.548114494077772,68.79570913031057,9.486812538689188,2.391390808713624,0.0178363737566336,mouse634572far194,0.1954995499549955,0.7684968496849686,0.3818181818181819,1
mouse634572,far,196,0.0603367285444188,0.0434568756731697,0.0520243968845136,4.498569246543073,5.364515866413897,3.6241818819661766,0.1410803918997014,0.1285760871157664,0.1388794647131564,5603.0,5530.0,5199.0,56.03,55.300000000000004,51.99,9.138308365822775,69.01560767419092,9.224601762611474,2.394133454926855,0.0341399600411671,mouse634572far196,0.1458145814581458,0.2840684068406841,0.2395139513951394,0
mouse634572,far,182,0.1191759183788148,0.0588257739033877,0.1139531892821345,3.3727614779401813,2.538535315310773,3.5580612285840583,0.24637078065259602,0.1805532923247449,0.2394174643553059,1760.0,1854.0,1536.0,17.6,18.54,15.36,9.138308365822775,69.01560767419092,9.224601762611474,2.394133454926855,0.0488253125083379,mouse634572far182,0.2427542754275428,0.7728172817281729,0.4579657965796578,1
mouse634572,far,198,0.1045103464098892,0.0591083819961826,0.1031541875619569,3.1722414276277315,3.864506245434655,3.3614247678461915,0.2856504509193858,0.2169815027579612,0.2757165129535838,482.0,645.0,629.0,4.82,6.45,6.29,9.138308365822775,69.01560767419092,9.224601762611474,2.394133454926855,0.0350261354566979,mouse634572far198,0.2540954095409541,0.7490549054905492,0.3391539153915389,1
mouse634572,far,204,0.0901185567210937,0.041101927661779995,0.0746326620837252,3.755389883031056,2.1880285393429317,3.550570135419368,0.3653749647071365,0.2976160039956493,0.2890105742656592,161.0,233.0,322.0,1.61,2.33,3.22,9.46500159599243,28.081243438275283,9.318053366626053,2.397133705073624,0.0139206310990964,mouse634572far204,0.1693069306930693,0.6024302430243026,0.3197119711971197,0
mouse634572,far,205,0.077443166646929,0.1291617473891887,0.0815342079672173,3.5616191151497314,4.5422215082565485,5.040348943163503,0.2827317665996934,0.3776027738416684,0.2628067467657212,382.0,375.0,511.0,3.8200000000000003,3.75,5.11,9.46500159599243,28.081243438275283,9.318053366626053,2.397133705073624,0.0141399597185325,mouse634572far205,0.2252025202520252,0.6845184518451848,0.3772277227722772,1
mouse634572,far,207,0.041765921301638,0.0633979113525826,0.0736503731346884,4.397058924627758,4.132023573935225,4.608420902770701,0.3629090181961906,0.3455757310360623,0.3501136727021844,130.0,141.0,161.0,1.3,1.41,1.61,9.46500159599243,28.081243438275283,9.318053366626053,2.397133705073624,0.0240402865390661,mouse634572far207,0.1814581458145815,0.7544554455445546,0.3364536453645365,1
mouse634572,far,209,0.1412496456524348,0.0454189969472369,0.09535606702247801,4.5472861288684,0.3087269876406397,2.723244150465801,0.4127989056986004,0.4039552425024242,0.387927135563187,123.0,103.0,105.0,1.23,1.03,1.05,9.555350948787547,28.83261536165254,9.46463188153398,2.4003905932160294,0.0969704583901605,mouse634572far209,0.1531053105310531,0.8208820882088209,0.2589558955895591,1
mouse634572,far,212,0.0679658865439975,0.0523044571919585,0.0462580561057858,5.0765808969386494,4.023947612361281,1.8592204677016544,0.3311083611235383,0.3335600274463656,0.2526690566902885,250.0,285.0,420.0,2.5,2.85,4.2,9.558644235642618,31.87890361300015,9.342698663892973,2.4003905932160294,0.017394806071477,mouse634572far212,0.1544554455445544,0.655895589558956,0.30405040504050396,0
mouse634572,far,326,0.049964871575409006,0.0181918104081088,0.0523152132164227,3.820278687452048,3.549530106645084,5.141561699227607,0.2500932375808796,0.2299410119206971,0.2753707694882475,421.0,313.0,312.0,4.21,3.13,3.12,9.558644235642618,31.87890361300015,9.342698663892973,2.4003905932160294,0.0250967416255766,mouse634572far326,0.2265526552655266,0.6545454545454547,0.4166516651665167,1
mouse634572,far,213,0.0455304189717854,0.0537220354954189,0.0553149367824425,4.214508067538709,3.3332925818455807,3.692084746399603,0.1725490348980151,0.1940810961289324,0.18898281985245802,1275.0,1171.0,1057.0,12.75,11.71,10.57,9.633567065733164,31.6474679548322,9.48268811319878,2.403903076249124,0.0114740197823004,mouse634572far213,0.1903690369036904,0.5954095409540955,0.3639963996399641,1
mouse634572,far,329,0.0391204458237289,0.0199543800827858,0.0292685960988712,3.0901355580896017,3.7173819913046624,4.706907411690136,0.1649487963545108,0.1450510360455692,0.1641152698054192,1135.0,1104.0,1327.0,11.35,11.040000000000001,13.27,10.095919253491497,34.892526627363296,10.031789410696806,2.403903076249124,0.0119187338964544,mouse634572far329,0.2486948694869487,0.6893789378937895,0.4379837983798381,1
mouse634572,far,215,0.0376100884659992,0.0254538283483178,0.0358128806523445,3.871563125739754,4.802519578633506,4.190318686586785,0.2102768491613947,0.2380519232388326,0.2216954126921612,634.0,501.0,572.0,6.34,5.01,5.72,10.095919253491497,34.892526627363296,10.031789410696806,2.403903076249124,0.0217259497664174,mouse634572far215,0.1992799279927992,0.6396939693969399,0.3475247524752475,1
mouse634572,far,216,0.0611429541021601,0.0322585215454543,0.06447688365184401,5.0776384612441285,6.022288806268232,5.300185046024531,0.2338016396362776,0.2080954312360818,0.21861959718179602,626.0,687.0,789.0,6.26,6.87,7.890000000000001,10.095919253491497,34.892526627363296,10.031789410696806,2.403903076249124,0.0327149105766325,mouse634572far216,0.1371737173717372,0.2732673267326733,0.2176417641764176,0
mouse634572,far,221,0.0386957064374671,0.0417789465548554,0.0300109570790408,2.684281101947206,4.8327211049268985,2.839962111012061,0.1695286727574948,0.1893002631178823,0.1985063221174524,1036.0,1077.0,833.0,10.36,10.77,8.33,10.092391508365099,38.65755932714735,10.040053349780289,2.403903076249124,0.0170867277739619,mouse634572far221,0.2357335733573357,0.6826282628262828,0.3928892889288927,1
mouse634572,far,223,0.0472072688595521,0.136970866454361,0.0294437460554593,3.3643505681875623,2.3332332594301457,3.934325085168065,0.2615452745759959,0.3435948266048335,0.2538228431415291,430.0,299.0,377.0,4.3,2.99,3.77,9.939933489698742,38.55510752222821,9.872966860960183,2.4076700355322784,0.0153169165697545,mouse634572far223,0.1936093609360936,0.6383438343834386,0.3445544554455445,1
mouse634572,far,224,0.0398043524032796,0.0338963146311686,0.10121025546058,2.386417199948584,1.140162274776742,3.5426411659330004,0.3991692073384503,0.4017853421782132,0.4663548367614617,90.0,76.0,71.0,0.9,0.76,0.71,9.939933489698742,38.55510752222821,9.872966860960183,2.4076700355322784,0.0216536553433004,mouse634572far224,0.1560756075607561,0.7117911791179118,0.2932493249324933,0
mouse634572,far,332,0.0176756117644545,0.0319168399043062,0.0391007085531022,3.289679323766129,3.5855340258128714,5.069833504956341,0.1858902975604202,0.1732416143603375,0.2002868132499448,762.0,809.0,609.0,7.62,8.09,6.09,9.939933489698742,38.55510752222821,9.872966860960183,2.4076700355322784,0.0306639190643202,mouse634572far332,0.2162916291629163,0.831953195319532,0.3675067506750676,1
mouse634572,far,334,0.0650818887885773,0.0469527379166908,0.0307074023599407,4.8113743254728965,2.812954626818132,0.8222215751106619,0.296762210896812,0.2712555462518642,0.2442808381563484,284.0,360.0,334.0,2.84,3.6,3.34,9.939933489698742,38.55510752222821,9.872966860960183,2.4076700355322784,0.0291754206966586,mouse634572far334,0.2009000900090009,0.6704770477047706,0.40396039603960404,1
mouse634572,far,228,0.0782661862841943,0.0794820067633346,0.0267076585732006,3.7722935361153214,5.858197941794102,5.307274401514464,0.3695704527610996,0.3644258511623543,0.3213148725469865,179.0,136.0,186.0,1.79,1.36,1.86,10.327111102376207,42.299131822918035,10.479148858502873,2.4076700355322784,0.0207953260914939,mouse634572far228,0.2492349234923492,0.6685868586858688,0.3969396939693969,1
mouse634572,far,231,0.0416824884967328,0.0328406710890765,0.0348333442265294,4.3119740472318915,5.175204823114849,4.707136855120339,0.1526142906412152,0.1467615803479721,0.1607375721911124,1569.0,1628.0,1410.0,15.69,16.28,14.1,9.7896889838975,42.187811436256354,9.681312778029836,2.4116902786220296,0.0255365595273139,mouse634572far231,0.1498649864986498,0.3097209720972097,0.2684068406840685,0
mouse634572,far,226,0.070891239150789,0.0409062187816195,0.0450666220602656,3.9193224561305744,4.400747482262423,3.996172217108098,0.2277697587066188,0.2232547670889854,0.22644584404212303,615.0,492.0,642.0,6.15,4.92,6.42,9.7896889838975,42.187811436256354,9.681312778029836,2.4116902786220296,0.0142839076632539,mouse634572far226,0.2459945994599459,0.723942394239424,0.3939693969396943,1
mouse634572,far,234,0.10717144593154902,0.0381290607153839,0.1267927598713291,4.658282128121701,4.311610716511277,4.739515179160874,0.2638360403229024,0.1969063619955614,0.2756191452209237,584.0,651.0,748.0,5.84,6.51,7.48,10.086974942982966,46.83620587768051,10.169449809190457,2.4116902786220296,0.0178742842596365,mouse634572far234,0.1439243924392439,0.6928892889288929,0.3440144014401441,0
mouse634572,far,238,0.1011745804231376,0.0361518914718358,0.0678717356341998,4.019664540383514,1.6204793044103765,4.434224924112798,0.3297668209919659,0.3225302858894871,0.2962261643468492,276.0,279.0,375.0,2.7600000000000002,2.79,3.75,10.025208830455233,46.29211459137728,9.979174408392698,2.415962541100338,0.0413917767376217,mouse634572far238,0.1698469846984699,0.7279927992799281,0.4347434743474346,1
mouse634572,far,338,0.1006190419158141,0.0354830721035773,0.1070186610102166,4.5150458542325325,3.8445137269980014,4.6014466106463425,0.276355721540152,0.2040897039865438,0.2638793785956055,622.0,625.0,591.0,6.22,6.25,5.91,10.076362058016102,50.0538339138004,9.89732758485977,2.415962541100338,0.0224683711242427,mouse634572far338,0.2478847884788479,0.6918091809180918,0.4174617461746174,1
mouse634572,far,230,0.0905185866005161,0.0346507229032297,0.0961008432277414,3.8842557611846806,6.1483047211408675,4.592472367601352,0.3014054068011726,0.268208742265867,0.3003194358714361,429.0,358.0,349.0,4.29,3.58,3.49,10.076362058016102,50.0538339138004,9.89732758485977,2.415962541100338,0.0324567196302525,mouse634572far230,0.2084608460846084,0.7163816381638164,0.3966696669666968,1
mouse634572,far,241,0.1221270598768599,0.0320473261967834,0.0919047953997989,4.426501251961863,3.9424966415087237,3.7282640533081413,0.24037532458445002,0.1591287476989684,0.2257865104366095,1241.0,1304.0,1316.0,12.41,13.040000000000001,13.16,10.076362058016102,50.0538339138004,9.89732758485977,2.415962541100338,0.0192794788022247,mouse634572far241,0.20306030603060302,0.6523852385238526,0.3891089108910893,1
mouse634572,far,242,0.1811258033008045,0.0464889137622693,0.1820469523748011,4.5101588965733885,4.6897115287693,4.5807381014635835,0.3257025835762477,0.1988125864565235,0.3252018637975805,772.0,861.0,751.0,7.72,8.61,7.51,10.076362058016102,50.0538339138004,9.89732758485977,2.415962541100338,0.0244463162457793,mouse634572far242,0.1744374437443744,0.6553555355535555,0.3440144014401441,1
mouse634572,far,243,0.0787494281461395,0.039687183277596,0.0736752805424521,4.5097956541651785,4.847283747738582,4.269613848453791,0.2746530407147622,0.2111091233777591,0.2438041735506163,437.0,636.0,515.0,4.37,6.36,5.15,10.076362058016102,50.0538339138004,9.89732758485977,2.415962541100338,0.0339560869490591,mouse634572far243,0.2673267326732674,0.7633663366336634,0.4153015301530153,1
mouse634572,far,343,0.19429478554878898,0.0966703872060749,0.1520507403711844,4.1924892628549255,6.1618862597946205,4.4936656931089,0.4618923242323243,0.39481491560302207,0.3975611328704626,99.0,94.0,155.0,0.99,0.9400000000000001,1.55,9.861323403027145,50.36429144760458,9.57505024747464,2.415962541100338,0.0247363625562951,mouse634572far343,0.2270927092709271,0.7312331233123313,0.3675067506750674,1
mouse634572,far,245,0.2074164870750876,0.0734191270599748,0.1950468874428109,4.848441027726016,5.629279025632774,4.533003861277862,0.4329326190408434,0.3066941655696072,0.3889395563352671,222.0,268.0,222.0,2.22,2.68,2.22,10.219827615121584,54.27151958248341,10.005160831118213,2.4204854884919267,0.0250109926704984,mouse634572far245,0.1990099009900989,0.6839783978397841,0.4558055805580557,1
mouse634572,far,248,0.1392977903177897,0.0425926150993999,0.1119257431324985,4.079574348772549,3.2607054919994742,3.2271011140372154,0.3166446103431508,0.2049626492108924,0.2669643089443497,661.0,682.0,751.0,6.61,6.82,7.51,9.899405653401386,53.903407333632266,9.690332112094444,2.4204854884919267,0.0234720135820129,mouse634572far248,0.1965796579657965,0.6345634563456347,0.3434743474347436,1
mouse634572,far,247,0.1165283367068447,0.0232460057603343,0.1020020615522293,4.645440751518956,4.255387557935064,4.4901985630037995,0.2403555816394192,0.1141108479724016,0.2177818441255287,2078.0,2295.0,2783.0,20.78,22.95,27.830000000000002,9.899405653401386,53.903407333632266,9.690332112094444,2.4204854884919267,0.010541133534339001,mouse634572far247,0.1879387938793879,0.3037803780378039,0.2438343834383438,0
mouse634572,far,250,0.0965606279799577,0.055961681890223,0.060937411536165,0.0969673673005646,5.429225478327521,5.815530716215546,0.3123716003276659,0.2804069318137675,0.2986121594716418,365.0,385.0,377.0,3.65,3.85,3.77,10.392537106027547,58.04910890411442,10.3556728574647,2.4252577182641852,0.0314961853456664,mouse634572far250,0.233033303330333,0.7863186318631863,0.5003600360036004,1
mouse634572,far,249,0.2067931354190587,0.0616276893869439,0.1667164140783986,5.540806144590548,3.5102957113102318,5.019423870775731,0.4938283263434557,0.4328792418278943,0.4092688030329223,84.0,72.0,141.0,0.84,0.72,1.41,10.392537106027547,58.04910890411442,10.3556728574647,2.4252577182641852,0.0286978288085987,mouse634572far249,0.2041404140414041,0.6688568856885689,0.3934293429342933,1
mouse634572,far,345,0.0697823265117907,0.0693930529023499,0.064288072968395,4.891583683260724,0.2978904571223953,1.3270468789210206,0.2560426426385653,0.2202713550981069,0.2424404858700492,468.0,479.0,505.0,4.68,4.79,5.05,10.392537106027547,58.04910890411442,10.3556728574647,2.4252577182641852,0.0178468125871109,mouse634572far345,0.1846984698469846,0.7099009900990101,0.4620162016201622,1
mouse634572,far,347,0.0673285186303065,0.0977159504690131,0.0862606562086859,3.037551392214436,3.457911672285792,2.3246741857985067,0.2965606582263941,0.3379289127878098,0.3265107245303189,282.0,338.0,309.0,2.82,3.38,3.09,9.551287526326293,59.123783843685025,9.491872851924956,2.4252577182641852,0.0166701210063864,mouse634572far347,0.1301530153015301,0.8422142214221422,0.33186318631863204,1
mouse634572,far,349,0.144514899449812,0.1097873055982204,0.1173082288521189,3.3270733612518266,2.673996039196565,2.6731736285077745,0.5149515142182438,0.44433600883366897,0.3672021716879757,64.0,83.0,179.0,0.64,0.8300000000000001,1.79,9.551287526326293,59.123783843685025,9.491872851924956,2.4252577182641852,0.0659066175671289,mouse634572far349,0.17605760576057602,0.688838883888389,0.3788478847884787,1
mouse634572,far,255,0.0936629380660413,0.07751986261783901,0.12662979136347802,4.954847688870019,1.9797222682415003,3.820873923012572,0.2609737121392949,0.2748946497641277,0.3179284022368002,585.0,668.0,458.0,5.8500000000000005,6.68,4.58,6.367488200786142,145.32438556064042,6.189030479174846,2.4302777619029485,0.0151549758034941,mouse634572far255,0.197929792979298,0.6726372637263727,0.3469846984698469,1
mouse634572,far,258,0.0448678483819688,0.0209821904678109,0.0450954192163277,3.001881907098149,6.236400741856668,5.085351648367159,0.1733975737798481,0.1373549127537322,0.1755392910084235,1378.0,1571.0,1393.0,13.780000000000001,15.71,13.93,6.1945002230259725,156.27518486526068,5.944447682045867,2.4302777619029485,0.0083091646944455,mouse634572far258,0.1636363636363637,0.3453645364536455,0.2643564356435643,0
mouse634572,far,261,0.0868566095029416,0.1997499148398363,0.0945294471497163,2.1138658831564894,0.9536057530358559,3.1642444675430474,0.5086114522985817,0.4839343701218189,0.4469894166342571,57.0,68.0,74.0,0.5700000000000001,0.68,0.74,6.266243501191673,156.03934657254482,6.122917985419803,2.435544087057346,0.0638121973680145,mouse634572far261,0.1317731773177318,0.8473447344734476,0.3456345634563454,1
mouse634572,far,260,0.1375637899555311,0.1014961896317062,0.0783992859358374,5.213481092464517,5.560110971889591,1.7716599623964533,0.4890510847366995,0.4351267119552046,0.42445886921438897,74.0,114.0,100.0,0.74,1.1400000000000001,1.0,6.266243501191673,156.03934657254482,6.122917985419803,2.435544087057346,0.0376308869447725,mouse634572far260,0.1269126912691269,0.8916291629162919,0.3483348334833483,1
mouse634572,far,385,0.0614670980535158,0.1366205657668735,0.0753117895099889,3.1551474915971243,4.8521266163599215,2.136905983865736,0.3900687932105135,0.4825381060213082,0.3537168208019468,143.0,119.0,173.0,1.43,1.19,1.73,5.804089467885348,166.81845848311406,5.552019252893481,2.435544087057346,0.0509122818809788,mouse634572far385,0.1698469846984699,0.7660666066606661,0.37290729072907297,1
mouse634572,far,269,0.0448219242982181,0.1130795461112639,0.0740022585822985,5.059021379551673,1.82079870898432,0.8754412896029724,0.2991130747780577,0.383556263930055,0.3349934695328077,252.0,192.0,186.0,2.52,1.92,1.86,8.139238529252722,78.99445362789567,8.032637485653021,2.441055099746829,0.0275564107572637,mouse634572far269,0.1531053105310531,0.8006300630063008,0.3653465346534651,1
mouse634572,far,268,0.1087806016556465,0.1023734754727386,0.0731506979137892,5.590500708802608,0.0277266549817915,4.977597731988358,0.3736737470619567,0.39535560830450295,0.3051798391601136,196.0,141.0,215.0,1.96,1.41,2.15,8.139238529252722,78.99445362789567,8.032637485653021,2.441055099746829,0.0491947721638851,mouse634572far268,0.2152115211521151,0.3685868586858686,0.3985598559855987,0
mouse634572,far,270,0.0979374141500299,0.0821382479593656,0.0779035914357936,0.7516246957522048,0.7309060527122696,3.987792124866971,0.4629018626628783,0.5270919794133448,0.4364100498014138,73.0,56.0,78.0,0.73,0.56,0.78,8.139238529252722,78.99445362789567,8.032637485653021,2.441055099746829,0.0505109485760805,mouse634572far270,0.1755175517551755,0.7822682268226824,0.378847884788479,1
mouse634572,far,386,0.0205300653695277,0.0812006082331395,0.0841800595772287,4.171200097205047,3.821551423915475,3.3969526741657803,0.2825326344507684,0.2811881939909175,0.3483032183032176,309.0,271.0,260.0,3.09,2.71,2.6,8.139238529252722,78.99445362789567,8.032637485653021,2.441055099746829,0.0419934251009124,mouse634572far386,0.1633663366336634,0.5060306030603061,0.6145814581458148,1
mouse634572,far,273,0.0180440016549089,0.0217716833259516,0.0172727254433299,3.4701178124514223,5.137177653280053,0.0368796217107258,0.1328122059255526,0.1214514278686591,0.1197688217355014,2222.0,2774.0,2433.0,22.22,27.740000000000002,24.330000000000002,8.045649147175899,78.6407445432299,7.950047987199437,2.4333618719787653,0.0298566654862865,mouse634572far273,0.1811881188118811,0.3386138613861387,0.2775877587758776,0
mouse634572,far,275,0.0538061359993922,0.0209884508567086,0.0449738204659149,4.391458798656442,1.0910718165543098,6.0301420299125486,0.2552267886625142,0.1963187783616697,0.2469206879943871,534.0,593.0,511.0,5.34,5.93,5.11,7.675991971030487,84.66151179636066,7.427531130915075,2.4333618719787653,0.0391914734105595,mouse634572far275,0.1676867686768677,0.302970297029703,0.2932493249324933,0
mouse634572,far,274,0.0454958969121127,0.0782144059903511,0.0658579270628526,2.474298414257922,5.4569875833370665,4.298979692401955,0.3793167629816042,0.3374674912174837,0.3811799094106653,133.0,246.0,118.0,1.33,2.46,1.18,7.675991971030487,84.66151179636066,7.427531130915075,2.4333618719787653,0.0183782051820845,mouse634572far274,0.1606660666066607,0.8451845184518453,0.3018901890189019,1
mouse634572,far,276,0.1520506142347752,0.102421733083592,0.1409303051212193,1.8996277872495584,3.7199076091551038,5.902335781069103,0.5450265229249515,0.6093311576484516,0.4940325427436194,68.0,58.0,77.0,0.68,0.58,0.77,7.506344209515728,89.16201462609102,7.336623747234294,2.459674775249769,0.0244690990655528,mouse634572far276,0.1981998199819983,0.7093609360936095,0.5905490549054905,1
mouse634572,far,277,0.0226227005538803,0.0334035257789742,0.0813340543429968,6.187123128906657,2.353689377302352,0.4770643655909933,0.2287443502420624,0.2107600844894781,0.2426137494751601,538.0,647.0,574.0,5.38,6.47,5.74,7.506344209515728,89.16201462609102,7.336623747234294,2.459674775249769,0.0428204416781152,mouse634572far277,0.1271827182718272,0.6062106210621063,0.3407740774077408,0
mouse634572,far,363,0.0543864144992758,0.1049809586359371,0.0943768888377077,0.7834007341886899,3.270357980998218,5.015463005300114,0.3134098761493616,0.3683503416724818,0.357397324114112,189.0,226.0,214.0,1.8900000000000001,2.2600000000000002,2.14,7.506344209515728,89.16201462609102,7.336623747234294,2.459674775249769,0.0198021106168751,mouse634572far363,0.1598559855985599,0.6056705670567057,0.2546354635463546,0
mouse634572,far,361,0.1026911272309094,0.025606330332739,0.1102084859837075,5.3980089361620704,5.9768174706882675,1.5910127989416891,0.4677880125767614,0.4123786736356272,0.4697685227773604,90.0,74.0,77.0,0.9,0.74,0.77,7.506344209515728,89.16201462609102,7.336623747234294,2.459674775249769,0.0377753450432404,mouse634572far361,0.1363636363636363,0.8689468946894691,0.308100810081008,1
mouse634572,far,282,0.0375442812596201,0.0396926827080242,0.0273922367841169,4.213567666303607,6.278902383819847,2.2296884610295056,0.1889258737173016,0.1909350323814017,0.1931385642877675,935.0,1029.0,1167.0,9.35,10.290000000000001,11.67,7.422790347680956,95.90705020510894,7.214285896200208,2.46589233341604,0.025652264122633,mouse634572far282,0.19387938793879397,0.3394239423942394,0.3083708370837085,0
mouse634572,far,281,0.04398146003507,0.0233552399141809,0.0467335411750389,5.89758211652896,1.224411074841539,3.400321213088421,0.3285152827765563,0.3134416932683541,0.3682475364537744,155.0,113.0,135.0,1.55,1.1300000000000001,1.35,7.422790347680956,95.90705020510894,7.214285896200208,2.46589233341604,0.0273144996869092,mouse634572far281,0.1498649864986498,0.5954095409540956,0.2762376237623762,0
mouse634572,far,280,0.0686248842958551,0.025205757218001,0.0957787292318172,1.6624745782480783,3.1001729177310704,3.197730156057797,0.3035916427095653,0.2129294926610612,0.3643916861007283,313.0,308.0,296.0,3.13,3.08,2.96,7.422790347680956,95.90705020510894,7.214285896200208,2.46589233341604,0.033213316376324,mouse634572far280,0.3777677767776778,0.5141314131413142,0.0631863186318633,1
mouse638330,far,13,0.0503937268264889,0.0092525920945575,0.0516675654511829,0.3106046446449666,2.3108398208159513,3.815932652266679,0.2119527115334929,0.1423823672092249,0.2401462215285087,740.0,741.0,668.0,7.4,7.41,6.68,8.796577591380839,73.35678627084678,9.038272630588066,1.854218164078866,0.00846466836556,mouse638330far13,0.2025202520252026,0.9245724572457248,0.4406840684068408,1
mouse638330,far,19,0.0609062407831344,0.0703997836459497,0.0357707228071857,3.542082921886763,2.9838142274882715,0.1551641025659096,0.2963453054522096,0.3010851850155048,0.2435230070474142,410.0,297.0,442.0,4.1,2.97,4.42,8.572220964645012,72.2444975819137,9.002666061325561,1.8420437019788647,0.0310984451707534,mouse638330far19,0.21899189918991896,0.6756075607560758,0.4047704770477046,1
mouse638330,far,200,0.2097582780492679,0.1576133901218861,0.0855632702796119,4.397485279170619,3.7201412777132736,5.368732404539576,0.5096601994707586,0.5495744418670819,0.4530710269709149,55.0,59.0,51.0,0.55,0.59,0.51,8.572220964645012,72.2444975819137,9.002666061325561,1.8420437019788647,0.0255255673204965,mouse638330far200,0.1536453645364536,0.6,0.5794779477947797,1
mouse638330,far,18,0.0834880516454225,0.0297376983420354,0.0561400874568806,4.31118500722536,2.411527579482128,4.6006789660173535,0.3022077951119694,0.1878778051432868,0.2247768952435034,537.0,446.0,623.0,5.37,4.46,6.23,8.572220964645012,72.2444975819137,9.002666061325561,1.8420437019788647,0.0574604069246876,mouse638330far18,0.1676867686768677,0.7517551755175518,0.3540054005400542,1
mouse638330,far,21,0.0170502688068816,0.0655160767686914,0.0592654280230455,2.5796482611745333,0.6271053305463943,4.359688627265238,0.21870659931944697,0.2797882835188546,0.3151308784141227,519.0,218.0,333.0,5.19,2.18,3.33,8.748795703494732,76.44886224103577,9.131379271070262,1.8420437019788647,0.0273516480629723,mouse638330far21,0.1706570657065707,0.8832583258325835,0.4917191719171917,1
mouse638330,far,20,0.0109889879558182,0.0288710353231553,0.031233484415156002,6.199924226886166,5.548363782845086,5.38102842864748,0.2055207210483191,0.2538523373556837,0.2096270109035135,461.0,237.0,551.0,4.61,2.37,5.51,8.319733853492536,74.01642837158249,8.717388101231974,1.8360964026978541,0.045024568415778,mouse638330far20,0.2357335733573358,0.7298829882988299,0.3237623762376239,1
mouse638330,far,201,0.0270311222630749,0.0542604501037277,0.0541340108200396,0.1909974511147779,2.046086078915907,4.006583605958252,0.2805207559394907,0.3443189504920639,0.3354985623070738,258.0,150.0,214.0,2.58,1.5,2.14,8.319733853492536,74.01642837158249,8.717388101231974,1.8360964026978541,0.0206388363614239,mouse638330far201,0.1892889288928892,0.6891089108910892,0.5362736273627365,1
mouse638330,far,25,0.0556957612757489,0.0456801195453799,0.1066969778976534,0.45654411832172903,3.1948045967073546,1.2712013240711322,0.3238995350766759,0.321780351980025,0.2967086902732961,152.0,235.0,220.0,1.52,2.35,2.2,8.500371043305666,76.57655695180924,8.809869303752672,1.8360964026978541,0.0368062710546622,mouse638330far25,0.1992799279927992,0.6799279927992801,0.5308730873087307,1
mouse638330,far,27,0.0392271103647544,0.089591230082602,0.0548152233281047,5.057163201174962,4.323767534175978,1.7725342305764966,0.2615684845608001,0.2857303899980277,0.2919978135133396,332.0,251.0,386.0,3.3200000000000003,2.5100000000000002,3.86,8.168988547961698,72.06228415541119,8.538763129331173,1.8360964026978541,0.0232671067184989,mouse638330far27,0.1555355535553556,0.7444644464446446,0.3170117011701169,1
mouse638330,far,26,0.0156389519944966,0.0411072740278187,0.0133312635838035,5.817285182539624,4.4523151913524535,0.0968733535793821,0.1762005479390132,0.1596317686845383,0.129707422137503,1445.0,905.0,1607.0,14.450000000000001,9.05,16.07,8.168988547961698,72.06228415541119,8.538763129331173,1.8360964026978541,0.0193749814697187,mouse638330far26,0.1336633663366336,0.26300630063006303,0.2403240324032404,0
mouse638330,far,29,0.0367800982505071,0.0347685045143199,0.0514082628871907,4.708692954811799,4.417681039287894,1.4997956841565048,0.2382541941882153,0.1783201399058716,0.2212860390858002,615.0,828.0,552.0,6.15,8.28,5.5200000000000005,8.34616009326393,76.76115161086484,8.621170778094854,1.8251712248443983,0.043144904615732005,mouse638330far29,0.2081908190819081,0.7725472547254726,0.4868586858685869,1
mouse638330,far,30,0.0147033778755233,0.0650791105447574,0.0138787154207656,5.789860494886165,3.3445816022504458,3.8102661418815273,0.2338254881225411,0.3111012735425441,0.2103639864892499,477.0,281.0,764.0,4.7700000000000005,2.81,7.640000000000001,8.34616009326393,76.76115161086484,8.621170778094854,1.8251712248443983,0.0250642345143284,mouse638330far30,0.20900090009000896,0.7034203420342037,0.4382538253825382,1
mouse638330,far,41,0.0291045053612099,0.0276667318344496,0.0187545840842979,1.3297898685683098,2.3815677533822517,4.3775278891143605,0.1640969659170836,0.2300522885759078,0.1510219957489061,1197.0,728.0,1128.0,11.97,7.28,11.28,8.20331273741645,72.78639830371677,8.434853067657146,1.8126293057324216,0.0758580640494993,mouse638330far41,0.2273627362736274,0.5557155715571558,0.3464446444644464,1
mouse638330,far,42,0.0537900976336254,0.0133872690652308,0.0591285917116234,1.983870883664895,2.989948146808291,3.0793577862382966,0.2978596904388582,0.2492055632399682,0.3212637740168223,250.0,314.0,227.0,2.5,3.14,2.27,7.944245228290598,75.16170657263383,8.328873407736868,1.8126293057324216,0.024146393279689,mouse638330far42,0.1682268226822683,0.6604860486048606,0.3280828082808281,0
mouse638330,far,48,0.0390269045695367,0.0251706832141979,0.0459906357207669,2.4631528343915257,4.325990939598256,3.9795091995962455,0.1916304452372744,0.2021415639110525,0.2071245070550171,732.0,529.0,908.0,7.32,5.29,9.08,8.292338185691005,68.40416381747576,8.787769044259052,1.7822036920621618,0.0325092013906174,mouse638330far48,0.1630963096309631,0.7363636363636366,0.3218721872187219,1
mouse638330,far,50,0.0358666484554605,0.07864307616780701,0.0252394778946223,1.8448045293765656,1.8158138830597141,5.451171215995563,0.2151423620538398,0.2772358530728144,0.2212987118259439,573.0,343.0,486.0,5.73,3.43,4.86,8.150733083004527,70.38719537344764,8.547209117741968,1.7795715776557008,0.0201825313056704,mouse638330far50,0.1722772277227723,0.7009900990099011,0.3256525652565259,1
mouse638330,far,55,0.0089769659191688,0.0299941355321868,0.0179577874322204,5.345230906401818,0.4676408972428266,4.028599075793338,0.10432580711202198,0.1486313320249877,0.1095443424584786,3611.0,2653.0,4072.0,36.11,26.53,40.72,8.527282998299523,68.73297412456536,8.954949381128866,1.7795715776557008,0.017353414741932,mouse638330far55,0.1239423942394239,0.2022502250225022,0.1774077407740775,0
mouse638330,far,52,0.0196023172224139,0.0324415277072297,0.0275485196668649,4.654883473897368,2.6874662019027213,4.720170751320076,0.1632241455332696,0.1794937597142052,0.1685782339734917,1204.0,1083.0,1219.0,12.040000000000001,10.83,12.19,8.527282998299523,68.73297412456536,8.954949381128866,1.7795715776557008,0.0129358948460164,mouse638330far52,0.1801080108010802,0.5670567056705671,0.3369936993699371,0
mouse638330,far,57,0.0316131812367951,0.0380982748594041,0.0618148352707246,4.424825483990867,4.923507472137507,5.0252516371347085,0.1875004201979902,0.19306119725285797,0.1832254291665147,1062.0,887.0,1386.0,10.620000000000001,8.870000000000001,13.86,8.528160703772075,68.29158485285078,8.921032707281638,1.7778146697561028,0.0327807679585347,mouse638330far57,0.1836183618361836,0.2567956795679569,0.2168316831683169,0
mouse638330,far,56,0.1007754446732031,0.0439959021357596,0.2207235176472631,3.1621812779950984,1.0152683484427192,1.2258162827206127,0.4835035588121732,0.3739988506621905,0.5745058908587415,55.0,78.0,69.0,0.55,0.78,0.6900000000000001,8.528160703772075,68.29158485285078,8.921032707281638,1.7778146697561028,0.0359919284323887,mouse638330far56,0.1698469846984699,0.6518451845184519,0.3610261026102611,1
mouse638330,far,66,0.1120798670283344,0.1436538682056765,0.105557687179744,0.3397104623292743,5.48278669944099,0.5654966617526057,0.3073075703522283,0.3085822690247838,0.3082873265623947,317.0,339.0,300.0,3.17,3.39,3.0,8.405944549968543,62.48548240336116,8.794837408706806,1.775,0.0317125514170852,mouse638330far66,0.1355535553555356,0.4828082808280828,0.4555355535553558,0
mouse638330,far,71,0.0907234040568323,0.1001221557249699,0.1047602223740673,2.159656783010109,6.080919238074718,3.2842425989637385,0.2032682395349099,0.2239819320620824,0.2377815368662299,1119.0,1055.0,1565.0,11.19,10.55,15.65,8.618101463576455,57.87494037564532,8.966900980885418,1.7574839970821927,0.0090342852757992,mouse638330far71,0.1595859585958595,0.7803780378037805,0.3909990999099909,1
mouse638330,far,213,0.1110841891711744,0.1055398412433274,0.18201175387419802,3.475461484003889,3.6536182454264208,5.33526181736524,0.2572843420685643,0.3750951541962931,0.3304182524141492,595.0,452.0,664.0,5.95,4.5200000000000005,6.640000000000001,8.618101463576455,57.87494037564532,8.966900980885418,1.7574839970821927,0.0200642182818084,mouse638330far213,0.1398739873987398,0.2767776777677768,0.1946894689468946,0
mouse638330,far,76,0.1118520290651261,0.1438162757658564,0.134124132979005,3.1056783090152966,4.290495529163722,4.521979512863647,0.4149434466644506,0.37645574416335204,0.3934364035971529,119.0,170.0,198.0,1.19,1.7,1.98,8.603745303997986,62.94112595869486,8.937591355398489,1.7573061770789975,0.0444232096421061,mouse638330far76,0.1965796579657965,0.6121512151215122,0.3513051305130513,1
mouse638330,far,78,0.1762544645885922,0.2052769414568806,0.2632777852379694,4.8360267803750485,5.330772143707495,6.219056125913272,0.5109272257862818,0.548878456437425,0.5607037254411456,52.0,59.0,52.0,0.52,0.59,0.52,8.520780307349687,54.922364408015206,8.861849757067748,1.7767596911231411,0.0519357546761304,mouse638330far78,0.1126012601260125,0.6642664266426643,0.3164716471647163,0
mouse638330,far,80,0.1421790493590158,0.1674651467586802,0.2347931887848282,0.2212596196148248,5.733162257284207,1.525877347889096,0.4647072210164259,0.4242244732189948,0.5817450974815075,79.0,109.0,39.0,0.79,1.09,0.39,8.790734851202183,59.85467609674714,9.156662462811417,1.7767596911231411,0.0205687336865942,mouse638330far80,0.1185418541854185,0.6675067506750676,0.2854185418541856,0
mouse638330,far,81,0.0895247641270193,0.1008935510703101,0.0914817560926284,4.842470116987626,1.5725146620885218,3.2186392729840807,0.24820664471629703,0.2697826112474391,0.2568770663493069,679.0,448.0,846.0,6.79,4.48,8.46,8.790734851202183,59.85467609674714,9.156662462811417,1.7767596911231411,0.0511195007449102,mouse638330far81,0.2006300630063006,0.7417641764176419,0.3383438343834383,1
mouse638330,far,84,0.0898445595701706,0.1079923928805906,0.1120784965935996,5.161243132176836,5.1470913453716935,0.2773725836454899,0.2784128067157329,0.3483577676568584,0.327370747709283,549.0,447.0,379.0,5.49,4.47,3.79,8.955015940900953,51.93927669229349,9.195363574197824,1.7624556732014567,0.0198925599030247,mouse638330far84,0.0977497749774978,0.2068406840684068,0.1587758775877588,0
mouse638330,far,86,0.1408377555209949,0.1891180098053777,0.1278000806557027,4.896627842146887,5.943627283922175,4.5864095248441465,0.3197555385356914,0.412959744887153,0.3228190869591584,443.0,185.0,469.0,4.43,1.85,4.69,9.590225401591672,56.53315904712325,10.106887830414555,1.7624556732014567,0.0363404734521145,mouse638330far86,0.1676867686768677,0.6270027002700272,0.2918991899189918,0
mouse638330,far,88,0.0998104964048813,0.0828358404036144,0.1018136119364541,5.9442267368600366,5.3433398075106595,2.3636371915938383,0.2458455131070276,0.21440325501284302,0.2710754113785553,863.0,668.0,786.0,8.63,6.68,7.86,9.590225401591672,56.53315904712325,10.106887830414555,1.7624556732014567,0.0125630140003643,mouse638330far88,0.1906390639063906,0.7352835283528353,0.3594059405940594,1
mouse638330,far,90,0.035406441930977,0.0557906385557085,0.0200173581882711,0.6544898797355432,4.209434417833118,6.061892932596739,0.3264094462809389,0.3996329595048627,0.2802926186019484,189.0,127.0,223.0,1.8900000000000001,1.27,2.23,9.589974655140317,55.185489337958785,10.159011624624236,1.7636964024457271,0.0437974059732842,mouse638330far90,0.1811881188118812,0.6483348334833484,0.3140414041404139,1
mouse638330,far,89,0.0707068998364127,0.05125507063377599,0.0241138254977378,3.331709086380989,1.2876186210650118,3.4438917761620886,0.252615652024165,0.2850688707573842,0.2363065246148854,498.0,389.0,578.0,4.98,3.89,5.78,9.589974655140317,55.185489337958785,10.159011624624236,1.7636964024457271,0.0267400676755516,mouse638330far89,0.1936093609360937,0.6866786678667868,0.3945094509450947,1
mouse638330,far,94,0.0200405919139288,0.0324467708021807,0.023071837040957995,5.2560883683859805,1.1101313032230362,1.1973890004845018,0.1941809542944245,0.1265386201527296,0.1811469925662213,802.0,1368.0,686.0,8.02,13.68,6.86,9.339970251847387,47.61428511653078,9.614870520458425,1.7636964024457271,0.0510140952430767,mouse638330far94,0.1633663366336633,0.6186318631863188,0.325112511251125,0
mouse638330,far,103,0.0191173972065431,0.0226515521310042,0.0380893569951683,2.1726615005324827,1.9173604182612265,4.1975394811402635,0.1653033567785055,0.1535958071606472,0.1914039694596093,958.0,1198.0,913.0,9.58,11.98,9.13,10.062344995973113,51.626502389153785,10.704945959183672,1.7652903443909729,0.0197368157728208,mouse638330far103,0.2054905490549056,0.6172817281728173,0.3483348334833486,1
mouse638330,far,101,0.0317448080005761,0.0429621465163042,0.0067163900021143,4.923089808763192,5.2227611297709515,5.018678219581822,0.1370561048213831,0.1605805724217217,0.1143809672517625,1430.0,1482.0,1653.0,14.3,14.82,16.53,10.062344995973113,51.626502389153785,10.704945959183672,1.7652903443909729,0.0227068976831915,mouse638330far101,0.1614761476147614,0.700720072007201,0.3812781278127811,1
mouse638330,far,105,0.0251067121596765,0.0283172656027702,0.0310628456643542,5.6297516494912765,3.065128709814977,4.623140738643482,0.1454335208657979,0.121466619705208,0.1237933096017806,2195.0,2304.0,2572.0,21.95,23.04,25.72,9.91488256768916,43.19525989891467,10.433581171487527,1.7672365433070922,0.0245785293333924,mouse638330far105,0.2365436543654365,0.6315931593159316,0.3969396939693969,1
mouse638330,far,104,0.0407842258548149,0.0314883495101116,0.0679539990797825,3.8780801023460283,4.571167081504229,3.6619862479189838,0.2189494721164699,0.1715532430529997,0.2523471937374837,723.0,880.0,707.0,7.23,8.8,7.07,9.91488256768916,43.19525989891467,10.433581171487527,1.7672365433070922,0.03148309119386,mouse638330far104,0.1587758775877588,0.5449144914491449,0.2881188118811882,0
mouse638330,far,98,0.0279642726930019,0.0378286121154148,0.0829482244149577,4.285955399801354,5.278311819663597,3.7767937886801333,0.2304636982552339,0.2230740014508608,0.236850866250996,757.0,1013.0,800.0,7.57,10.13,8.0,9.91488256768916,43.19525989891467,10.433581171487527,1.7672365433070922,0.0349375426647125,mouse638330far98,0.17308730873087302,0.5403240324032403,0.2886588658865887,0
mouse638330,far,111,0.0136971103214123,0.033417021861805,0.0103574082627198,4.971666701316874,3.4959874609032395,6.063363459056406,0.1553430766798756,0.1707912576607908,0.1465743604245958,1396.0,1315.0,1559.0,13.96,13.15,15.59,8.963624713706823,38.380049878935935,9.432171978113267,1.7737671775066763,0.0254995556273525,mouse638330far111,0.1312331233123312,0.2308730873087309,0.200900090009001,0
mouse638330,far,113,0.0551517640861811,0.0114655350366254,0.0513944931840286,3.809353117990226,1.3667088929994922,3.9548703403924317,0.1881170942601205,0.1218001540753894,0.1776419315717597,1005.0,1190.0,1314.0,10.05,11.9,13.14,10.132481405237131,40.81805758818075,10.890620764779047,1.7793959649274247,0.0297014590956924,mouse638330far113,0.2076507650765077,0.5578757875787579,0.4147614761476147,1
mouse638330,far,114,0.0501490193870939,0.009257297958788,0.0340320930856821,4.674572650900561,5.537947199833519,4.451927251388622,0.1729506254503592,0.1770375387332459,0.1632700371376221,1172.0,883.0,1309.0,11.72,8.83,13.09,10.132481405237131,40.81805758818075,10.890620764779047,1.7793959649274247,0.029538288369647003,mouse638330far114,0.197929792979298,0.6418541854185419,0.4042304230423043,1
mouse638330,far,120,0.030243279956482003,0.0249778147447822,0.0312513216299325,3.89565853546224,2.2597852342634703,5.5385907338027796,0.1968956899273359,0.2451580324099332,0.1700676531819149,846.0,662.0,1287.0,8.46,6.62,12.870000000000001,9.251041695705787,32.77762242299609,9.730738923986284,1.7827296486007067,0.0252006063320564,mouse638330far120,0.1423042304230423,0.2986498649864987,0.2603060306030602,0
mouse638330,far,122,0.0787302435239346,0.0836173437886144,0.0709857366968436,4.804555051076784,5.427189818941883,1.423668506697407,0.4249818619264451,0.4152463365682781,0.4264532132572686,105.0,71.0,91.0,1.05,0.71,0.91,9.620373263694773,35.669454462788956,10.129265776085921,1.7827296486007067,0.0476553004801611,mouse638330far122,0.2192619261926193,0.5967596759675967,0.3637263726372638,1
mouse638330,far,142,0.0331886652713128,0.0474122604294593,0.0285272112408755,4.821946230446509,5.2276104838729065,4.659781892468528,0.1883737982434961,0.2682687280778,0.1715892397302241,827.0,847.0,928.0,8.27,8.47,9.28,9.629226392541195,29.769830636168546,9.966176487969637,1.7755280904564703,0.0142919441490679,mouse638330far142,0.2173717371737173,0.5608460846084611,0.3372637263726372,1
mouse638330,far,125,0.0455926676136728,0.0152211484605775,0.026981365991427995,3.880815805308431,1.7440114839383036,5.033456251616164,0.19042433455902,0.1663504936745755,0.1945442393023315,747.0,556.0,745.0,7.47,5.5600000000000005,7.45,8.968807242355961,22.71497808002901,9.365063929704156,1.7755280904564703,0.0177274763913018,mouse638330far125,0.2065706570657065,0.6383438343834384,0.360756075607561,1
mouse638330,far,227,0.053425225730894005,0.0888129690455709,0.10538390632395697,1.7877735881434595,4.810384602869388,3.0376950461240377,0.2882639392119556,0.4100725987655607,0.4022004543066659,243.0,134.0,103.0,2.43,1.34,1.03,8.968807242355961,22.71497808002901,9.365063929704156,1.7755280904564703,0.024985097586770002,mouse638330far227,0.1652565256525653,0.5805580558055807,0.4217821782178218,1
mouse638330,far,140,0.0196116683442578,0.0508720404017294,0.023737534110924,5.214459742648785,4.879637816014981,3.2819298497698655,0.2323004462518373,0.218642805874,0.2093670259899514,473.0,427.0,488.0,4.73,4.2700000000000005,4.88,9.725551422629783,26.340255020708,10.175768041564396,1.7799227511327562,0.041943879736820004,mouse638330far140,0.1671467146714672,0.5878487848784879,0.2867686768676867,0
mouse638330,far,139,0.0640637807039491,0.0883119917577111,0.0613297234162276,4.793699307275487,0.6070176225898269,1.8266226945445965,0.3102162046558281,0.3567954879593056,0.3574959007887636,258.0,124.0,246.0,2.58,1.24,2.46,9.159522044256283,21.99366700919968,9.691852134237168,1.7799227511327562,0.0238090993266889,mouse638330far139,0.1838883888388839,0.5851485148514853,0.3407740774077408,0
mouse638330,far,224,0.0671133900639804,0.2047156528859975,0.1164898615354243,3.0296049861619436,0.5056992193742976,0.8007725659371512,0.4861375235203376,0.4745491732340985,0.4970352134946559,52.0,57.0,42.0,0.52,0.5700000000000001,0.42,9.159522044256283,21.99366700919968,9.691852134237168,1.7799227511327562,0.0795751530147609,mouse638330far224,0.1614761476147614,0.3923492349234924,0.3421242124212422,0
mouse638330,far,226,0.0566540138310205,0.0387888166187293,0.0503678791485603,4.0868507856194185,3.1693727389169943,2.59674270302912,0.3431054062371707,0.2837300898942799,0.3132188904536874,200.0,255.0,164.0,2.0,2.5500000000000003,1.6400000000000001,9.57407531331367,24.304180285997656,9.909530462923355,1.804335057576613,0.0360290991742719,mouse638330far226,0.1741674167416742,0.7166516651665169,0.33510351035103497,1
mouse638330,far,228,0.0567271483332452,0.017433349213327,0.0978212353047764,5.930828780642849,5.238444411422321,5.085426142389974,0.2161064145937121,0.1928957311057142,0.3007412316293882,688.0,679.0,460.0,6.88,6.79,4.6000000000000005,9.335550319704755,20.8153382080812,9.670864488779149,1.804335057576613,0.0135237153649831,mouse638330far228,0.2292529252925292,0.6515751575157517,0.393159315931593,1
mouse638330,far,147,0.0266987819410869,0.0245018373808914,0.041978260998618,4.494244429979684,4.3648177143726645,4.441196106536765,0.2101592194964975,0.2163140907404176,0.1960714420221904,659.0,599.0,740.0,6.59,5.99,7.4,9.202498280770557,18.37359724822957,9.665833141269179,1.7949582167838896,0.0660582920463024,mouse638330far147,0.1717371737173717,0.6739873987398741,0.3207920792079207,1
mouse638330,far,150,0.049613097463068,0.0202995512479495,0.0458502721218479,4.074874882674553,0.6708709681446926,4.2846141504863935,0.2301502899453217,0.2017915311322784,0.1788621998029137,933.0,697.0,1005.0,9.33,6.97,10.05,9.723589986935963,20.0362283031337,10.053690569682676,1.7949582167838896,0.0246257784097595,mouse638330far150,0.1954995499549955,0.5789378937893791,0.3175517551755176,0
mouse638330,far,151,0.0361734253977409,0.0658190602340319,0.0333751679029446,4.911033894830272,0.9281652766809416,4.598125056281168,0.2302950885551237,0.263685943657202,0.2500938242976184,359.0,353.0,395.0,3.59,3.5300000000000002,3.95,9.723589986935963,20.0362283031337,10.053690569682676,1.7949582167838896,0.0198695761095519,mouse638330far151,0.1830783078307831,0.6556255625562558,0.3839783978397838,1
mouse638330,far,127,0.0371453272548764,0.0158614105155489,0.0368284928384019,4.503153819036827,2.509910494817594,4.75440520404444,0.1757428968902668,0.1852343757083961,0.1494081012353428,1083.0,858.0,1304.0,10.83,8.58,13.040000000000001,9.045229150324221,17.533198802801973,9.529546862954572,1.8003471887388836,0.0436837362295474,mouse638330far127,0.1652565256525653,0.2505850585058505,0.3666966696669667,0
mouse638330,far,155,0.0174929025783239,0.0283999807775363,0.0315938537173674,4.771111587012923,0.7166890515612643,4.313833081515015,0.1675853394849795,0.1333082028213205,0.1639771371059609,997.0,868.0,1099.0,9.97,8.68,10.99,9.045229150324221,17.533198802801973,9.529546862954572,1.8003471887388836,0.0119827126092831,mouse638330far155,0.1695769576957696,0.6253825382538255,0.3788478847884787,1
mouse638330,far,153,0.0278648329296932,0.0519046821196018,0.0331117183152104,3.7033817679935095,5.3607394256653205,3.0943194200030395,0.3040447124070033,0.2601035223457082,0.2970991888831666,304.0,331.0,304.0,3.04,3.31,3.04,9.359619862317892,17.91582441913302,9.761528110513693,1.8003471887388836,0.0150771225657995,mouse638330far153,0.2014401440144014,0.6091809180918094,0.3658865886588657,1
mouse638330,far,157,0.0604656283016861,0.12618711085997802,0.052446365504684005,1.5397614931042816,5.8597444941827455,1.6984000386321605,0.3446449572182568,0.3878833503349509,0.3881179869997922,160.0,130.0,147.0,1.6,1.3,1.47,9.016189112741747,17.773729939960557,9.502659405396802,1.8060661671157008,0.0202632096393787,mouse638330far157,0.164986498649865,0.6891089108910892,0.4255625562556254,1
mouse638330,far,159,0.0237032959319499,0.0225135320588907,0.0174908111878559,0.0056944611561936,3.0150259331751466,6.081081747865803,0.1738497932908712,0.1627104554544116,0.1711546712554253,840.0,957.0,894.0,8.4,9.57,8.94,9.016189112741747,17.773729939960557,9.502659405396802,1.8060661671157008,0.0259424991153687,mouse638330far159,0.1423042304230423,0.3113411341134113,0.2543654365436545,0
mouse638330,far,230,0.1757740699012933,0.0538660731764494,0.0626688400042335,5.0454610395501005,5.988713655145791,4.614285371780518,0.4672504603901552,0.42641278778874003,0.3615783376677095,98.0,63.0,134.0,0.98,0.63,1.34,9.016189112741747,17.773729939960557,9.502659405396802,1.8060661671157008,0.0419715741097485,mouse638330far230,0.1906390639063907,0.7601260126012603,0.3021602160216022,1
mouse638330,far,165,0.0317971003492553,0.0503575794253615,0.0693863079918296,4.958488350371198,3.1553854259867826,5.86662220029712,0.2759318330240031,0.2375192085110103,0.2991776900033876,286.0,359.0,259.0,2.86,3.59,2.59,9.016189112741747,17.773729939960557,9.502659405396802,1.8060661671157008,0.0320408254522061,mouse638330far165,0.1898289828982898,0.3348334833483349,0.2603060306030602,0
mouse638330,far,160,0.0271231959207959,0.0261639549977287,0.0172593852482828,0.8598319564672484,4.095727012023499,4.345324380209859,0.1285077523120931,0.1267917761525372,0.1325129978737543,2082.0,2230.0,2342.0,20.82,22.3,23.42,9.440907105993919,17.98331017633058,9.93013505613794,1.8060661671157008,0.0315295210145963,mouse638330far160,0.2476147614761477,0.6197119711971201,0.4666066606660667,1
mouse638330,far,51,0.08022193210709401,0.0699516926537732,0.1069462787677199,4.344067936012687,3.160980231879183,0.3013583321905345,0.4515948498039997,0.2570041182965363,0.3914103247554645,84.0,260.0,174.0,0.84,2.6,1.74,8.527282998299523,68.73297412456536,8.954949381128866,1.7795715776557008,0.0231153343116863,mouse638330far51,0.1169216921692168,0.6810081008100811,0.288118811881188,0
mouse638330,far,61,0.1063180780072504,0.1117743583860521,0.1059768871674255,1.5707963267948966,1.5707963267948966,1.5707963267948966,0.2795579520151557,0.3586169736931176,0.2762241894845053,479.0,240.0,483.0,4.79,2.4,4.83,8.390119522577496,67.82484135861857,8.700657250891382,1.775,0.0212605457167182,mouse638330far61,0.1487848784878488,0.7868586858685871,0.3483348334833481,1
mouse638330,far,118,0.1105767139947246,0.1108824936452518,0.1686864056535565,5.732262306456858,6.1357158752395184,3.3405055497392677,0.3333193683049441,0.5138917223653018,0.4249175532367671,204.0,84.0,88.0,2.04,0.84,0.88,8.991919738977623,33.91949471406689,9.404336180210233,1.7793959649274247,0.0299490978709759,mouse638330far118,0.1390639063906391,0.5041404140414043,0.2338433843384337,0
mouse638330,far,154,0.0744924664450069,0.0868058152203705,0.1452193673309583,5.351417664253487,5.188027841651293,0.1730440208247095,0.3733202233393636,0.3581823190571291,0.4569566707871237,156.0,163.0,67.0,1.56,1.6300000000000001,0.67,9.723589986935963,20.0362283031337,10.053690569682676,1.7949582167838896,0.0415742236292058,mouse638330far154,0.1628262826282628,0.6696669666966698,0.4090909090909093,1
mouse657905,far,41,0.1116641617269897,0.0189431555577401,0.042355859521241004,0.2029585339453948,4.7379366701595655,6.198110822993537,0.3261552995899858,0.3286819437322631,0.2744197386487277,233.0,242.0,228.0,2.33,2.42,2.2800000000000002,9.225550442908688,17.679230198653677,9.102936777927797,2.645042532739313,0.0394407553262482,mouse657905far41,0.2427542754275428,0.7420342034203422,0.6594059405940594,1
mouse657905,far,42,0.0404621705564479,0.0235068453460711,0.062530616835691,5.460533810984041,5.437935965448578,3.122165706336915,0.2123043898261065,0.1882027279093982,0.2211623056327685,873.0,869.0,986.0,8.73,8.69,9.86,9.596515957898246,19.644196193650828,9.404626622860462,2.6463418146566027,0.0380020639922286,mouse657905far42,0.27893789378937894,0.9256525652565256,0.4860486048604863,1
mouse657905,far,207,0.0700549447413798,0.0241380275935649,0.0266467647885819,1.07546975273811,1.357101314196508,5.725406859514517,0.3693479170953458,0.3016735824246474,0.3385268788135275,240.0,234.0,203.0,2.4,2.34,2.0300000000000002,9.499707328890333,18.41863047032168,9.290905196871837,2.6463418146566027,0.0427875399078958,mouse657905far207,0.21899189918991896,0.7444644464446446,0.5727272727272729,1
mouse657905,far,206,0.0616776134181785,0.0392784939991522,0.0506944539528128,0.2609394993453774,5.757753253119406,0.9180830183260766,0.27016146173670397,0.3688436420331362,0.2606773640213546,388.0,274.0,340.0,3.88,2.74,3.4,9.621349387412963,22.732164980748294,9.410785121578789,2.6478765076944204,0.0783666522830413,mouse657905far206,0.1963096309630964,0.8370837083708372,0.5168316831683167,1
mouse657905,far,50,0.0600754796703073,0.0629589046690888,0.0310745512159483,3.1537973286941385,3.1894759322712787,4.109833355763889,0.2480862013728483,0.2634686204482949,0.2243253482937206,378.0,509.0,725.0,3.7800000000000002,5.09,7.25,9.630035092673172,21.956567017407785,9.362739323456696,2.649646202797649,0.0365909601059625,mouse657905far50,0.2397839783978398,0.8092709270927094,0.4088208820882087,1
mouse657905,far,56,0.0317770302990391,0.0447890728138013,0.0138609018409615,4.573219023026195,5.023729148380941,4.373104774617294,0.1725306751711053,0.1719096516195108,0.1548251086462589,1089.0,850.0,1059.0,10.89,8.5,10.59,9.670792978744212,26.3513973292978,9.391487237126203,2.6516504294495533,0.0228142190656391,mouse657905far56,0.160936093609361,0.2862286228622862,0.2465346534653466,0
mouse657905,far,209,0.039554498782616,0.0239399827140243,0.0529392579540363,5.180898831646638,3.6932812877203536,0.6619176647554497,0.2987723670625978,0.2634382237833384,0.2962790317261971,227.0,458.0,247.0,2.27,4.58,2.47,9.489092280981696,30.483285651473807,9.168116415042944,2.653888656292875,0.0679031034275862,mouse657905far209,0.2052205220522053,1.0155715571557156,0.5635463546354638,1
mouse657905,far,234,0.1719365452464704,0.0877059403387797,0.1447022839599351,0.817358881633497,2.2976705159182043,1.7355485068989804,0.4965554512478476,0.4982295916181121,0.436937388576753,80.0,84.0,82.0,0.8,0.84,0.8200000000000001,9.489092280981696,30.483285651473807,9.168116415042944,2.653888656292875,0.0689195470526095,mouse657905far234,0.1784878487848785,0.7166516651665167,0.3353735373537353,1
mouse657905,far,64,0.0352150551417755,0.0484543777231223,0.0266405308825253,1.5584280193131848,5.623028513132651,6.2769302907887194,0.2016294737395549,0.2226242370707338,0.2448061823181224,646.0,597.0,581.0,6.46,5.97,5.8100000000000005,9.764098038245768,35.3030559759814,9.39321888701492,2.6423237878806605,0.0257868256101184,mouse657905far64,0.1882088208820882,0.7396039603960396,0.3124212421242124,1
mouse657905,far,63,0.0573633578118457,0.0313437083622008,0.0508431626725439,4.325529702336154,4.350265557272792,0.2741076121261487,0.348536455302774,0.1868106588497232,0.3122817599446009,150.0,759.0,227.0,1.5,7.59,2.27,9.764098038245768,35.3030559759814,9.39321888701492,2.6423237878806605,0.0782535530222211,mouse657905far63,0.1617461746174617,0.3178217821782179,0.2338433843384338,0
mouse657905,far,213,0.0800228151321413,0.1817902234786061,0.2627082757007853,5.75075209761408,3.5530231186816637,3.4157978861006333,0.4554195788228524,0.4245525201641776,0.6504957355086917,85.0,131.0,20.0,0.85,1.31,0.2,9.869312037244542,35.088527271404004,9.537927180340382,2.6479945241635225,0.0720931174406816,mouse657905far213,0.2195319531953196,0.7528352835283529,0.3596759675967599,1
mouse657905,far,72,0.0455203602497336,0.0457083783579393,0.051823170795797006,3.2335639575237836,0.5028977381079943,3.2291949356447343,0.224538406433597,0.3228778542584246,0.2087517802849986,657.0,301.0,622.0,6.57,3.0100000000000002,6.22,10.317308286445444,47.08640161017715,9.861509737350731,2.658241900203968,0.0436918388807342,mouse657905far72,0.1209720972097209,0.8524752475247526,0.4485148514851486,1
mouse657905,far,73,0.0128136906734933,0.0099976755773906,0.0259172277649926,1.6300241794666177,0.6964345715563114,6.0598932603804965,0.1461661398637981,0.1852818437044909,0.1820811099449389,970.0,1084.0,1096.0,9.700000000000001,10.84,10.96,10.298764258174296,44.962009222401534,9.893460656055856,2.6444517390188844,0.0876889152501753,mouse657905far73,0.1663366336633663,0.5368136813681369,0.4892889288928895,1
mouse657905,far,74,0.0420554336239441,0.0729290043210157,0.09869723711306899,1.8760703113538928,6.1646703445133575,4.619841879484354,0.3249472466910511,0.2779778247100596,0.4499129703886205,116.0,200.0,95.0,1.16,2.0,0.9500000000000001,10.40020095967417,50.49062557490445,10.054565562508355,2.6444517390188844,0.0562745424242424,mouse657905far74,0.1671467146714672,0.7026102610261027,0.3483348334833483,1
mouse657905,far,77,0.0202236997534046,0.0394238346860911,0.0550286159527575,1.922570317342754,4.475038522138547,1.49930205510739,0.1842090620477153,0.210334394009526,0.2045377743689765,767.0,589.0,691.0,7.67,5.89,6.91,10.139807948302883,48.69522601390854,9.800511040416275,2.6483485420163264,0.0663285798313513,mouse657905far77,0.2724572457245725,0.8017101710171017,0.4760576057605762,1
mouse657905,far,78,0.045480208536527,0.0163859284414763,0.0278753356179162,4.925753162377719,4.733861665824377,2.7102359238171645,0.2249677163806929,0.24357570826217004,0.1910823054327306,691.0,619.0,719.0,6.91,6.19,7.19,10.256618050362274,52.68868930582072,10.05656973559167,2.6483485420163264,0.0429190188994367,mouse657905far78,0.1765976597659766,0.7747074707470748,0.3313231323132312,1
mouse657905,far,81,0.0726970201750751,0.0316923408236483,0.0607441079795004,4.980440117008825,2.0393811208069472,0.7930717995320613,0.3204791679190217,0.2676612937253545,0.2442647032196067,181.0,693.0,477.0,1.81,6.93,4.7700000000000005,10.108242090087996,57.479252486044544,9.859444622032854,2.656830818851664,0.0388528144087617,mouse657905far81,0.1898289828982898,0.6939693969396941,0.3243024302430243,1
mouse657905,far,86,0.1009363087160945,0.0686400363376611,0.0661160654532358,1.1316012013741479,5.937007072865563,6.171455490195161,0.3820826073031612,0.3472194259330783,0.3504434202262244,153.0,328.0,128.0,1.53,3.2800000000000002,1.28,10.59653679063974,66.87879522023657,10.290495637980843,2.678269030549396,0.0474527099303394,mouse657905far86,0.2030603060306031,0.7090909090909091,0.3075607560756078,1
mouse657905,far,88,0.0236122664649737,0.0470152579910053,0.0566308703034375,5.278983791666787,5.640138478323653,2.019032904474107,0.1693068388824085,0.1643302268635839,0.2089135784337688,765.0,755.0,765.0,7.65,7.55,7.65,10.571254735768463,65.43766655197346,10.287087123887384,2.683514486638744,0.0652293134734857,mouse657905far88,0.1884788478847884,0.7369036903690369,0.3178217821782177,1
mouse657905,far,91,0.014392721301218001,0.0410509777931376,0.0132214606396723,1.4460688627995313,2.7398706703228504,4.388131544836868,0.1177029936459393,0.1826916796084887,0.1472772211042445,2237.0,1832.0,2260.0,22.37,18.32,22.6,11.225622761858194,73.36113229273124,10.878432369411136,2.683514486638744,0.0495187913518012,mouse657905far91,0.1366336633663366,0.3548154815481548,0.2179117911791179,0
mouse657905,far,95,0.0450355309675698,0.0632029604291995,0.1243168621008031,0.4313688495342583,5.790664803425815,0.4987976532615598,0.2475349739359687,0.2393218803116706,0.3277945319666138,329.0,336.0,333.0,3.29,3.36,3.33,12.305218085899018,85.6650399256237,12.16075732229529,2.6936267373190375,0.052073952965554,mouse657905far95,0.2200720072007201,0.7252925292529255,0.3513051305130512,1
mouse657905,far,99,0.0270039506661079,0.0105425236780434,0.0411421077824597,5.244917065266538,3.9618674492918413,5.139267108179375,0.1062030465049487,0.0755395432424416,0.1292188131954162,3650.0,3177.0,3451.0,36.5,31.77,34.51,12.305218085899018,85.6650399256237,12.16075732229529,2.6936267373190375,0.0545176395417644,mouse657905far99,0.1822682268226823,0.2900090009000899,0.2411341134113412,0
mouse657905,far,103,0.0222905596040045,0.0242479698838313,0.0646279790221048,4.976048505321306,0.305732956630502,4.619662181785109,0.1093131034790486,0.1009615245121561,0.1604585918190147,2792.0,2604.0,2784.0,27.92,26.04,27.84,12.768941281247145,92.79008810002323,12.57053563340487,2.687122066449532,0.0396461386679766,mouse657905far103,0.1441944194419442,0.2673267326732673,0.2346534653465346,0
mouse657905,far,104,0.0448000697851816,0.05251008062777599,0.0130175833999281,2.156897250031021,2.6272930017014238,3.243045874305551,0.1733154624905203,0.1806451652639225,0.1564523051496957,1254.0,964.0,1294.0,12.540000000000001,9.64,12.94,12.768941281247145,92.79008810002323,12.57053563340487,2.687122066449532,0.0412103621155325,mouse657905far104,0.1833483348334833,0.4582358235823582,0.3116111611161116,0
mouse657905,far,214,0.1206011381996996,0.0363165292975921,0.0289153133422156,0.2736823764087799,1.8780552407933344,3.575406015376562,0.3615231153907389,0.5490231345383001,0.3355555961430579,182.0,118.0,187.0,1.82,1.18,1.87,12.768941281247145,92.79008810002323,12.57053563340487,2.687122066449532,0.0699020075661173,mouse657905far214,0.2011701170117011,0.6928892889288929,0.4042304230423043,1
mouse657905,far,105,0.033909753396008,0.0510506589261238,0.0592496905688158,3.2696301811597874,4.142159253506076,0.1790169659478319,0.2949685034399075,0.2409718238834163,0.344848380503484,228.0,440.0,261.0,2.2800000000000002,4.4,2.61,12.768941281247145,92.79008810002323,12.57053563340487,2.687122066449532,0.0781860227404417,mouse657905far105,0.1806480648064806,0.4952295229522953,0.3175517551755176,0
mouse657905,far,106,0.0627294151407342,0.0316955659909591,0.0695805246996992,0.5009158038796137,1.9668407025375367,5.739949649074272,0.2868459017567311,0.2219020638735887,0.2633471422183148,349.0,996.0,370.0,3.49,9.96,3.7,12.403655671383765,89.15988774338476,12.127188546923012,2.687122066449532,0.070998470208159,mouse657905far106,0.1298829882988298,0.2430243024302429,0.2292529252925293,0
mouse657905,far,108,0.0562348184827044,0.0520182613185591,0.0271525710136035,3.697195620899686,4.207980365464062,3.2764188604961144,0.2668967883430736,0.2170482523910913,0.2124004027280265,744.0,584.0,737.0,7.44,5.84,7.37,12.607895494652276,93.88492732856302,12.445896614807484,2.693742749410196,0.052795635607697,mouse657905far108,0.2095409540954096,0.8665166516651668,0.3756075607560757,1
mouse657905,far,115,0.0142878217130192,0.0026407102744251,0.0436486359017695,5.72304378370465,3.543343700069027,4.927620152399647,0.1195709067707481,0.0972474534755815,0.1326606418969672,2370.0,3425.0,2533.0,23.7,34.25,25.330000000000002,12.474453157297829,94.02742264775459,12.254497930131295,2.7005786416988493,0.0744720807116971,mouse657905far115,0.1687668766876687,0.3364536453645365,0.2605760576057606,0
mouse657905,far,125,0.0347453609031222,0.0197067196910178,0.0180454018046208,4.456606411366519,3.6708169947738902,3.1575412427356144,0.24281191254940498,0.1002775951424764,0.1991267031322896,353.0,1093.0,489.0,3.5300000000000002,10.93,4.89,12.56231616950444,96.79342606743141,12.341195074152758,2.727980021920982,0.0710765192467195,mouse657905far125,0.2106210621062106,0.6421242124212422,0.3294329432943295,1
mouse657905,far,119,0.0190787610133122,0.0432925366833515,0.0531121392257454,4.311684629481036,3.3623618179146737,3.531638953609084,0.1629409897639756,0.1695316698957288,0.1753060754468328,1329.0,930.0,1253.0,13.290000000000001,9.3,12.530000000000001,12.56231616950444,96.79342606743141,12.341195074152758,2.727980021920982,0.0378161513839109,mouse657905far119,0.1803780378037803,0.6353735373537355,0.3102610261026102,0
mouse657905,far,117,0.0489675616673021,0.0124819711036039,0.05292991456808,2.6313555197808167,0.9328780195656852,1.6961945736507436,0.2823455799612945,0.1492889951891904,0.2319888746967896,305.0,1655.0,594.0,3.0500000000000003,16.55,5.94,12.56231616950444,96.79342606743141,12.341195074152758,2.727980021920982,0.077336406977399,mouse657905far117,0.1304230423042305,0.2395139513951395,0.18901890189018897,0
mouse657905,far,128,0.0643040225128292,0.0689121104853304,0.0165761815629218,3.9667148078326537,5.293598398219662,5.2804560275009385,0.2939415226456829,0.3035210844930356,0.2216170055556956,272.0,277.0,522.0,2.72,2.77,5.22,11.76121144255598,105.59065977308121,11.47317765706526,2.7227054559757287,0.0836771924472203,mouse657905far128,0.1968496849684968,0.7015301530153017,0.3280828082808279,1
mouse657905,far,126,0.0709201275329031,0.0322319797232999,0.0651888804972743,4.550211625662586,5.1876519846495786,4.038917964895093,0.2652486861360246,0.2891445529652914,0.2955919884878698,605.0,279.0,241.0,6.05,2.79,2.41,12.143323082321148,104.00132746643456,11.85389516717782,2.7301556732171885,0.07499413757278099,mouse657905far126,0.2324932493249325,0.6882988298829884,0.3707470747074707,1
mouse657905,far,132,0.0498122975309301,0.027632987798881,0.0694248676497131,5.0232392301395326,5.671946207757619,4.553547609701212,0.2294706811101491,0.1807649002679728,0.2033278376437235,746.0,890.0,834.0,7.46,8.9,8.34,11.984628531820016,110.5136641342543,11.681866959642838,2.7378139089426807,0.0515739505071987,mouse657905far132,0.2594959495949595,0.6623762376237624,0.3475247524752475,1
mouse657905,far,135,0.0807192667509337,0.0431117595194315,0.0552374291714643,4.386399642423563,1.7387122752168462,4.21154117930449,0.285343853320898,0.2008357962970452,0.2483273051489402,473.0,865.0,497.0,4.73,8.65,4.97,12.209340185564013,120.44141831204963,11.993627449371724,2.7415780127510505,0.0945749929011052,mouse657905far135,0.2000900090009001,0.6275427542754276,0.3685868586858688,1
mouse657905,far,224,0.0207481091744451,0.1522929708181889,0.0362942961291224,3.6719594949447503,4.658554020523019,5.477203240770198,0.1649204072188421,0.3553098791178534,0.1978504609039054,863.0,613.0,831.0,8.63,6.13,8.31,12.224041891615634,118.57558181143621,11.923018116688676,2.7415780127510505,0.0428408598447163,mouse657905far224,0.2505850585058506,0.7371737173717372,0.3769576957695769,1
mouse657905,far,225,0.0508746590738071,0.0303498953742491,0.0389060565626647,5.032298412955062,2.4259229125264854,5.3664727259244565,0.2470862271790338,0.3307931246482496,0.2263646956532808,599.0,283.0,525.0,5.99,2.83,5.25,12.025927623711825,125.08995504319546,11.80178580711998,2.749886361288408,0.0377492032534257,mouse657905far225,0.20792079207920802,0.5108910891089111,0.4317731773177319,1
mouse657905,far,141,0.0498240255914155,0.0054000793497453,0.0650998377818079,5.234485485116059,2.513408219686764,4.355169305615581,0.2056427162656275,0.1604239960274708,0.2007657239932294,1136.0,1510.0,1298.0,11.36,15.1,12.98,12.025927623711825,125.08995504319546,11.80178580711998,2.749886361288408,0.078820166738823,mouse657905far141,0.2017101710171017,0.6345634563456346,0.3351035103510352,1
mouse657905,far,138,0.0642093223520645,0.1362009911165874,0.08114766378319,4.9573997786631265,5.0049818698853095,4.10259955936396,0.2867812806794502,0.3569516698673283,0.3406094197182783,305.0,258.0,279.0,3.0500000000000003,2.58,2.79,12.151270675480449,122.7847259180921,11.92682256546393,2.749886361288408,0.0658857526035006,mouse657905far138,0.2454545454545454,0.6869486948694872,0.395049504950495,1
mouse657905,far,227,0.0973486829938235,0.0376630883003631,0.0292708989539637,3.8825957703487255,5.407213394816271,2.1219738152455805,0.3063675284710145,0.2937601073082395,0.2768213834509119,263.0,189.0,293.0,2.63,1.8900000000000001,2.93,12.151270675480449,122.7847259180921,11.92682256546393,2.749886361288408,0.0590456323218296,mouse657905far227,0.1884788478847885,0.632943294329433,0.3388838883888391,1
mouse657905,far,152,0.0389436402558669,0.047814485799249004,0.0445523138457905,4.743200143910472,4.342629208351141,4.855092847175644,0.1705883812477579,0.1739353946130017,0.1678929395540625,1163.0,1225.0,1207.0,11.63,12.25,12.07,12.058891379351824,124.14609061131858,11.83030597170671,2.7583962731993386,0.0658094094528788,mouse657905far152,0.2584158415841584,0.6758775877587759,0.3453645364536454,1
mouse657905,far,150,0.1459326716477731,0.0555196654593729,0.0787048348409678,3.5195837677773643,6.230135385237727,3.922924067325167,0.4279619451064799,0.2586035670238888,0.3063773750706255,98.0,451.0,215.0,0.98,4.51,2.15,12.058891379351824,124.14609061131858,11.83030597170671,2.7583962731993386,0.0562098927246692,mouse657905far150,0.1927992799279928,0.6602160216021603,0.3318631863186317,1
mouse657905,far,149,0.0556406699247673,0.0277325548478863,0.0772730679941266,1.8303709409614568,1.4541434569657659,2.5738008654205697,0.2691079022849018,0.2193708106988939,0.2954885863841365,425.0,299.0,313.0,4.25,2.99,3.13,12.058891379351824,124.14609061131858,11.83030597170671,2.7583962731993386,0.0732849804975692,mouse657905far149,0.1485148514851485,0.6772277227722774,0.3272727272727272,0
mouse657905,far,51,0.0224714383308095,0.1015907503511659,0.0301788572776684,4.810657611953887,3.7531328458039113,6.196914244087091,0.2061290081597375,0.3120285815116196,0.3092077910547398,467.0,188.0,272.0,4.67,1.8800000000000001,2.72,9.291967493257216,26.37087592172357,8.93637503752593,2.649646202797649,0.0731981868223375,mouse657905far51,0.2152115211521152,0.6801980198019802,0.3969396939693971,1
mouse657905,far,101,0.0250956545556655,0.0038799380606688,0.0340274875626458,5.017111502212655,5.046668705169814,4.231888508921324,0.1223046514662838,0.0850977208221088,0.152084862702905,3490.0,2911.0,3053.0,34.9,29.11,30.53,12.144019807441115,83.53003276816345,11.897611753672152,2.7,0.0935574646701407,mouse657905far101,0.2875787578757877,0.3818181818181819,0.3,0
mouse657905,far,118,0.0653653344948036,0.0360801872452027,0.07452637434498799,5.310209618321074,4.562895730434693,1.4476531266888937,0.4375001313234019,0.1987033872404329,0.3211823135582329,80.0,622.0,212.0,0.8,6.22,2.12,12.56231616950444,96.79342606743141,12.341195074152758,2.727980021920982,0.0935206362994963,mouse657905far118,0.2003600360036003,0.6531953195319533,0.4252925292529251,1
mouse657905,far,147,0.052263637134427,0.0491685234511125,0.0421648022007679,3.72257391845702,6.147004111170332,0.0478139049205969,0.4255360701502542,0.2604838152401758,0.36736792188607204,142.0,490.0,109.0,1.42,4.9,1.09,12.224041891615634,118.57558181143621,11.923018116688676,2.7415780127510505,0.0708601776462105,mouse657905far147,0.1795679567956796,0.6094509450945096,0.3297029702970298,0
