mouse,probe_position,unitID,VL_pre,VL_stimOn,VL_post,angle_pre_ch15,angle_stimOn_ch15,angle_post_ch15,MMR_Pre,MMR_stimOn,MMR_Post,Nspikes_pre,Nspikes_StimOn,Nspikes_post,Fspikes_pre,Fspikes_StimOn,Fspikes_post,inst_amp_pre_peak_ch,inst_amp_StimOn_peak_ch,inst_amp_post_peak_ch,distance_peakch_stim_tip,error_waveform,universal_ID,waveform_halfwidth,waveform_duration,waveform_REP,cluster
mouse598180,close,260,0.0262742535492994,0.0297102429581772,0.0359540545608298,0.8969356926715574,2.576049355798859,2.4813400575691746,0.1962378769852646,0.1484674609043007,0.1853307934942605,675.0,824.0,790.0,6.75,8.24,7.9,31.298980467562075,55.6941103359163,35.112792637392246,1.024084957413202,0.0249258099877561,mouse598180close260,0.2000900090009001,0.7655265526552656,0.3429342934293432,0
mouse598180,close,263,0.0299219922029525,0.0069371958973508,0.0339345272068801,5.151899605752918,3.6029280484585517,5.204929430546846,0.1466214073137019,0.1104748699099076,0.1291495983705182,1543.0,1899.0,1480.0,15.43,18.990000000000002,14.8,30.627614944155713,54.888993042803534,34.43962907697415,1.024084957413202,0.0336110272681811,mouse598180close263,0.2335733573357336,0.661836183618362,0.3315931593159317,0
mouse598180,close,269,0.016600403452805,0.0318323260331779,0.0347243045774446,1.9556843560422816,3.7536254474930058,4.872077932703934,0.1572357827993958,0.21378256170967802,0.2961622215640189,977.0,887.0,659.0,9.77,8.870000000000001,6.59,31.20527015251576,55.785966928728406,34.683500104708145,1.0059199769365357,0.017577309843034003,mouse598180close269,0.2063006300630063,0.7676867686768677,0.4612061206120615,0
mouse598180,close,273,0.04147241944940899,0.1092903956402278,0.0774186579758381,3.11833189251534,4.4726625895621135,2.335409210573401,0.3453481493287061,0.3206249457148357,0.3510896581852171,149.0,187.0,182.0,1.49,1.87,1.82,30.706558013805214,54.99861359963865,34.530373552672785,0.9880536422684753,0.0986174296235103,mouse598180close273,0.1714671467146714,0.6604860486048606,0.3081008100810082,0
mouse598180,close,276,0.0424510273376565,0.0335779957139826,0.0266130023712263,1.4709689975281224,2.874555155796743,2.8228528069047116,0.11686859442744502,0.1212477181900211,0.1060897621820442,3138.0,2639.0,2661.0,31.38,26.39,26.61,30.36311217272175,56.213498582282845,34.624747938478215,0.9705024471890836,0.0164976393751294,mouse598180close276,0.19603960396039602,0.420972097209721,0.3502250225022503,0
mouse598180,close,277,0.058004082624702004,0.0180797479491917,0.0085474233953827,0.7241489276316226,0.1165613563431308,5.6308249003220165,0.2858196678319828,0.3117258914735896,0.2551486968071248,235.0,199.0,231.0,2.35,1.99,2.31,30.36311217272175,56.213498582282845,34.624747938478215,0.9705024471890836,0.0216165799904107,mouse598180close277,0.1628262826282629,0.5627362736273629,0.3575157515751574,0
mouse598180,close,278,0.0419798728613257,0.048767347171856,0.1014144086390931,2.1229943912638736,2.9129352421735515,5.655176981667215,0.2214409642693597,0.263472934915647,0.2696288393522216,552.0,395.0,588.0,5.5200000000000005,3.95,5.88,29.962471230035803,56.02111031531498,33.711966270634086,0.9705024471890836,0.0173062384324816,mouse598180close278,0.1973897389738974,0.7177317731773177,0.3380738073807382,0
mouse598180,close,280,0.0484903873576985,0.0999107672007404,0.0566029008787944,4.917721313532386,5.634950510517894,5.0261926615733845,0.3376770067817253,0.4210951032055816,0.4012453064413334,116.0,140.0,107.0,1.16,1.4000000000000001,1.07,30.45178964341814,56.354449767221716,34.35520201983919,0.9490126448051154,0.0500692845402929,mouse598180close280,0.1574257425742574,0.5162916291629163,0.2684068406840685,1
mouse598180,close,283,0.0451347087459895,0.0238143653522764,0.0169645354163403,1.5396285254440003,1.4022492205720514,3.1247519843780114,0.2040978545854551,0.1695210980724471,0.1920949762221519,637.0,948.0,854.0,6.37,9.48,8.540000000000001,30.42224807907569,57.2515001089007,34.31543306703325,0.9490126448051154,0.028218199813219,mouse598180close283,0.2381638163816382,0.4493249324932494,0.288928892889289,0
mouse598180,close,284,0.2173663805279755,0.0602582654274453,0.1635883076863271,3.0176930913914566,1.3962901119509543,4.4949724082398825,0.5653752332409283,0.3794908246987879,0.5586766647129271,57.0,57.0,20.0,0.5700000000000001,0.5700000000000001,0.2,30.42224807907569,57.2515001089007,34.31543306703325,0.9490126448051154,0.0418810515475347,mouse598180close284,0.1795679567956796,0.6467146714671469,0.3718271827182716,0
mouse598180,close,291,0.0230927085093116,0.0079116149920731,0.0120784436013308,0.1264881025580189,3.9829947997540933,0.8610322128369103,0.0810707782219351,0.0668105041212239,0.0583917573660348,7266.0,8121.0,7642.0,72.66,81.21000000000001,76.42,29.62143570038577,56.48626198154979,33.89048328534673,0.9154916711800278,0.0233037321649146,mouse598180close291,0.1369036903690369,0.2373537353735373,0.223852385238524,1
mouse598180,close,294,0.1129709473893583,0.0820059244430001,0.1420421957236689,1.4959908734658225,2.8302597089687986,2.8895374180271105,0.3057684530131366,0.3154990390452535,0.3350358761710325,450.0,405.0,327.0,4.5,4.05,3.27,29.32032341857708,56.87996965131299,33.442665266211876,0.9154916711800278,0.0227298587852317,mouse598180close294,0.2000900090009001,0.7271827182718272,0.2711071107110711,0
mouse598180,close,295,0.0146210792561142,0.004919479584122,0.0182123475947352,6.106134835188395,2.7340199798953093,2.052405196826781,0.0891831278483794,0.0820241355661475,0.1011303332726997,3194.0,3305.0,3020.0,31.94,33.05,30.2,29.32032341857708,56.87996965131299,33.442665266211876,0.9154916711800278,0.0138878164439195,mouse598180close295,0.1347434743474347,0.2686768676867688,0.2192619261926192,1
mouse598180,close,293,0.0822184652316477,0.040456056557982,0.1147900337526003,0.3124105918383199,4.831961826426535,1.9964997494800716,0.4146420555342824,0.1924089483360585,0.3635625143703223,53.0,360.0,141.0,0.53,3.6,1.41,29.32032341857708,56.87996965131299,33.442665266211876,0.9154916711800278,0.0801760813092394,mouse598180close293,0.2111611161116112,0.5557155715571558,0.5154815481548157,0
mouse598180,close,296,0.0112917970019267,0.0112745813038224,0.0382626812078182,4.95507680392582,5.7877493902248665,5.9627335716617385,0.1365598037258613,0.2148388522757412,0.2119105946308128,960.0,779.0,636.0,9.6,7.79,6.36,29.563755961514225,55.7715541424333,33.80175406360176,0.8806957476904268,0.0334095041425597,mouse598180close296,0.1849684968496849,0.5516651665166518,0.3361836183618361,0
mouse598180,close,297,0.0308115955104401,0.0095892244563546,0.0085306679091917,0.2030153626742663,3.3863543846505224,2.5799992153535536,0.1198268899113292,0.0793984152612363,0.0846763202187323,3529.0,3301.0,3002.0,35.29,33.01,30.02,29.891947098729773,56.56901803952908,34.32341914028602,0.8806957476904268,0.0149205953193414,mouse598180close297,0.1163816381638164,0.2044104410441044,0.1898289828982898,1
mouse598180,close,304,0.0424734209181753,0.0077414988914202,0.0371629706616475,2.4331458921776927,3.8794787147346073,1.580261198404364,0.23542559619026396,0.1354049133148494,0.1949221773363473,670.0,714.0,503.0,6.7,7.140000000000001,5.03,30.20815474368059,58.19733808629259,35.05326252779712,0.8645808232895291,0.0407987497584431,mouse598180close304,0.1871287128712871,0.6426642664266428,0.2794779477947795,0
mouse598180,close,626,0.0464915246905466,0.0388036595346129,0.0535892890382318,5.475522894598177,1.7342701341865614,1.2705166865442858,0.2005503077886611,0.278069552503447,0.2101811168638459,325.0,316.0,422.0,3.25,3.16,4.22,29.665237364369613,57.410735836331156,34.437781587099316,0.8488963423174823,0.08280683335778,mouse598180close626,0.2948694869486949,0.7090909090909092,0.4706570657065706,0
mouse598180,close,307,0.1118817735279635,0.0902373526068569,0.1293613566508548,3.1269546551516547,3.0255164838770963,2.9413267888365544,0.2679600640015466,0.1901860165361629,0.3047003393023935,889.0,1096.0,965.0,8.89,10.96,9.65,30.12341731115824,58.915238739576985,34.79386684143386,0.8488963423174823,0.0629460459801108,mouse598180close307,0.1684968496849684,0.601890189018902,0.3018901890189018,0
mouse598180,close,311,0.0393275293528581,0.0185136126541035,0.0144373227126653,2.4787046405159314,1.587266332243008,0.3159134063097286,0.1353563509135451,0.0934386930301437,0.146248232988596,2169.0,2176.0,1984.0,21.69,21.76,19.84,29.732201842020977,58.03045505646694,34.44090826303773,0.8336666000266533,0.0502380393160849,mouse598180close311,0.1841584158415842,0.8052205220522053,0.5624662466246625,0
mouse598180,close,312,0.0545308694646374,0.0110065147236838,0.0465726862629038,1.5215903132545636,2.882575699590447,1.3425135527066965,0.1318382639289209,0.0901362905288205,0.1668828831229078,2733.0,2432.0,2475.0,27.330000000000002,24.32,24.75,28.83013981804383,57.534070764930256,33.87248190202909,0.8295330011518529,0.0146629171991426,mouse598180close312,0.1374437443744374,0.2287128712871287,0.1973897389738975,1
mouse598180,close,315,0.008109684399576,0.0143084736256836,0.0429476886688725,1.0372992278891218,5.958500774637916,6.084765520039469,0.1996362544034808,0.1795958235089159,0.1832838181780411,1104.0,1114.0,640.0,11.040000000000001,11.14,6.4,29.650160042540456,59.12817054537357,34.45125809575253,0.8147085368400163,0.0522468847571064,mouse598180close315,0.0772277227722771,0.1574257425742574,0.0969396939693969,1
mouse598180,close,738,0.054410677776325,0.0386966646806229,0.0469842828277463,6.105393911943773,1.1632324343841094,3.433498945097775,0.3371496002987739,0.2134023392791614,0.2207750024698759,257.0,534.0,433.0,2.57,5.34,4.33,29.650160042540456,59.12817054537357,34.45125809575253,0.8147085368400163,0.0378896099034229,mouse598180close738,0.1887488748874888,0.6000000000000001,0.31998199819982,0
mouse598180,close,317,0.0115880390082032,0.0155494848686169,0.0253106260886603,1.4415654686318358,0.4703885875075408,0.6234385105812522,0.1038007935678305,0.088562772355969,0.1178300252179992,2359.0,2214.0,2139.0,23.59,22.14,21.39,29.650160042540456,59.12817054537357,34.45125809575253,0.8147085368400163,0.0182117646700021,mouse598180close317,0.19900990099009902,0.3685868586858687,0.2473447344734474,1
mouse598180,close,316,0.0522826185555885,0.0366316309919682,0.0763153247605277,1.7266091429956643,1.3570245075820284,0.9121167437638852,0.1422069709691204,0.1183548977812742,0.2133524539131955,1585.0,1719.0,1446.0,15.85,17.19,14.46,29.650160042540456,59.12817054537357,34.45125809575253,0.8147085368400163,0.0185461281735714,mouse598180close316,0.1655265526552656,0.5913591359135915,0.3693969396939696,0
mouse598180,close,322,0.0174998040833755,0.0776555476710002,0.0324940653233839,4.406621523904155,2.5988641413839613,4.838917208058518,0.2207225516763744,0.3030427413512038,0.2054391802953049,306.0,175.0,381.0,3.06,1.75,3.81,28.6360231541918,56.7265853014797,33.94705022697802,0.8003905296791061,0.0245960950161828,mouse598180close322,0.1328532853285329,0.7390639063906392,0.3162016201620162,0
mouse598180,close,323,0.0174748377659568,0.0212610506538615,0.0122390969379246,0.4420710729284164,4.713842807731115,3.3821910794970065,0.1328724958854329,0.1088195306539308,0.1087068568403957,2325.0,2140.0,1651.0,23.25,21.400000000000002,16.51,29.034542099125343,58.63306012186698,34.151187037911946,0.8003905296791061,0.0111187183466701,mouse598180close323,0.3243024302430243,0.6189018901890191,0.3305130513051307,0
mouse598180,close,324,0.0588072304331166,0.0175059606816413,0.0782765231624569,2.007969239754875,4.406279884538968,1.5034936653194808,0.2021247645963502,0.1810316908369338,0.1867321355866955,948.0,767.0,735.0,9.48,7.67,7.3500000000000005,29.034542099125343,58.63306012186698,34.151187037911946,0.8003905296791061,0.0393908079208489,mouse598180close324,0.1979297929792979,0.648874887488749,0.396129612961296,0
mouse598180,close,327,0.148318796289987,0.0805167640708065,0.1378596353525978,2.3192770262360094,2.158751982153326,1.5215440796126989,0.2761909956499935,0.1874973799527916,0.3005694270919301,901.0,1059.0,909.0,9.01,10.59,9.09,28.63458170718409,57.40816852291214,33.745922648852016,0.7866066361276137,0.0205668552140146,mouse598180close327,0.187128712871287,0.582988298829883,0.3837083708370837,0
mouse598180,close,632,0.0276987568758873,0.0135141642641463,0.0192475406384417,4.992491800620309,4.833753061578474,5.959068424316693,0.1446125978158548,0.0855992845410759,0.1183485972729884,1846.0,2192.0,1401.0,18.46,21.92,14.01,28.63458170718409,57.40816852291214,33.745922648852016,0.7866066361276137,0.0362299753943338,mouse598180close632,0.2540954095409541,0.5970297029702971,0.3880288028802879,0
mouse598180,close,329,0.0262404179151915,0.0350957100290938,0.0285354122859797,0.1582954560969037,6.280093942137022,1.3152243044782244,0.1259192020150599,0.2845475654825225,0.1800551983537914,1339.0,901.0,1163.0,13.39,9.01,11.63,28.98591043973048,56.43883189037609,34.23355364335246,0.7866066361276137,0.0273301619286596,mouse598180close329,0.1536453645364537,0.6602160216021603,0.3882988298829882,0
mouse598180,close,337,0.0371303652261553,0.0026223357900801,0.0498695661736879,0.2366778869541542,5.6714861216011885,1.1228543136065594,0.1964296719495497,0.0761388738333937,0.1506715739290182,1803.0,1921.0,1844.0,18.03,19.21,18.44,28.78876444346537,55.58703387390089,33.92609246523209,0.760756202735147,0.0138092827539171,mouse598180close337,0.1393339333933393,0.2141314131413141,0.2044104410441044,1
mouse598180,close,340,0.0438544832966607,0.0494395050055207,0.0486815868418786,4.424332633831658,3.5922715510531114,2.7068336268568234,0.2269093267806539,0.19280422504424802,0.2344136419264147,726.0,635.0,465.0,7.26,6.3500000000000005,4.65,28.382949113119373,53.459981273666365,33.316777350590556,0.760756202735147,0.015694534352705,mouse598180close340,0.1617461746174617,0.5773177317731775,0.334023402340234,0
mouse598180,close,343,0.0290727915247058,0.0070734266855273,0.0422526009912319,1.4853304871925903,0.2556185831437317,0.6588069335686392,0.1046027579798196,0.0859566710833724,0.1327820456817588,2236.0,2379.0,2185.0,22.36,23.79,21.85,28.627353284318577,55.502898065685606,33.39076639793829,0.760756202735147,0.0144255982629164,mouse598180close343,0.1755175517551755,0.2762376237623762,0.2316831683168316,1
mouse598180,close,355,0.0298268432069067,0.008719334453778,0.0067364412018416,5.679408708010508,4.839479813001168,0.9293052511829186,0.1227637719625787,0.0579714906464426,0.0859135461542725,2670.0,2882.0,2414.0,26.7,28.82,24.14,27.359817035172558,51.448931548038175,32.07885657297186,0.7335700375560605,0.0480593454027501,mouse598180close355,0.1846984698469846,0.6118811881188121,0.4163816381638164,0
mouse598180,close,642,0.0825972318219893,0.0231186336704432,0.0424611398316152,1.2627427884871598,0.8687306808646623,1.5694787318157288,0.2656280518384494,0.1978595321025197,0.3081008150106239,614.0,820.0,649.0,6.140000000000001,8.2,6.49,26.747847150629344,49.295256374176006,31.897979191863705,0.7335700375560605,0.0119282489397275,mouse598180close642,0.1517551755175518,0.5765076507650765,0.4298829882988301,0
mouse598180,close,357,0.0294564578291835,0.0066976939307328,0.005822675874525,0.8316634796661715,6.019884013507721,0.0004998636791769,0.1318160368480113,0.1020954210876864,0.0929662833246096,1998.0,1460.0,2154.0,19.98,14.6,21.54,26.747847150629344,49.295256374176006,31.897979191863705,0.7335700375560605,0.0280197814763171,mouse598180close357,0.2419441944194419,0.6016201620162017,0.4180018001800179,0
mouse598180,close,365,0.0171622827677935,0.0148102309242892,0.003413915615975,6.137999026842293,2.813859821126292,5.530856706705036,0.1258545768231833,0.0866659211314966,0.1056875489417611,2826.0,3368.0,2590.0,28.26,33.68,25.900000000000002,26.887372146510664,47.6047421029743,31.625582843597225,0.7228416147400479,0.0695597419864608,mouse598180close365,0.2457245724572457,0.6283528352835285,0.4987398739873986,0
mouse598180,close,363,0.0223155051429643,0.1337237492531882,0.0662695577232714,3.3101298832037456,0.267049304442529,0.1057833689301499,0.3713466254367403,0.4946338738124941,0.3379061010971495,127.0,169.0,227.0,1.27,1.69,2.27,26.887372146510664,47.6047421029743,31.625582843597225,0.7228416147400479,0.0171485870731637,mouse598180close363,0.1512151215121512,0.6237623762376239,0.344824482448245,0
mouse598180,close,362,0.0183276106345948,0.0119117853081791,0.0086964856305994,3.5093634096181234,1.3982038927514602,1.4669016049611427,0.0901119300414876,0.0694166258711155,0.0913911539098665,2155.0,2804.0,2267.0,21.55,28.04,22.67,26.887372146510664,47.6047421029743,31.625582843597225,0.7228416147400479,0.0466176591743568,mouse598180close362,0.1722772277227723,0.7514851485148515,0.5133213321332136,0
mouse598180,close,364,0.0546756190681364,0.1282358751462338,0.10440347385249901,2.695360179619743,2.192992220616165,1.5511932617342925,0.2709616005278629,0.2800764393731121,0.3294971944490558,311.0,363.0,214.0,3.11,3.63,2.14,26.887372146510664,47.6047421029743,31.625582843597225,0.7228416147400479,0.0569634975839759,mouse598180close364,0.1695769576957696,0.6097209720972098,0.4034203420342034,0
mouse598180,close,368,0.014622433332633002,0.0117595572182242,0.0138613293098519,0.1639640962842516,0.4627272505424547,1.9996853709630058,0.1171293912832742,0.1189389493137019,0.1304677338233162,1564.0,1580.0,1402.0,15.64,15.8,14.02,26.49430518558598,40.46915005952194,31.110929038309134,0.7035623639735145,0.0144769547025435,mouse598180close368,0.21197119711971202,1.0458145814581459,0.4674167416741674,0
mouse598180,close,648,0.018965513703156998,0.0178116199902779,0.04683692292732,0.9172971515482444,5.358693850400928,0.7013090153097679,0.2012270345804327,0.2239905610797885,0.2262236837350688,623.0,495.0,539.0,6.23,4.95,5.39,26.42037968248735,40.027326650404845,31.24871450722249,0.7267220926874317,0.0578059903204011,mouse598180close648,0.2894689468946894,0.6491449144914492,0.4614761476147618,0
mouse598180,close,375,0.0057504336485579,0.0388415974623412,0.0088722631841205,1.4150926773453036,2.244856657231605,0.0278695696397838,0.1056264204039825,0.1368464050163327,0.1066812367142193,2347.0,1718.0,1748.0,23.47,17.18,17.48,26.348264215889497,34.934740742894284,31.08202971048884,0.7185053931599957,0.0259968988142426,mouse598180close375,0.1450045004500449,0.3194419441944195,0.3226822682268226,1
mouse598180,close,376,0.0354333166658685,0.0106713383055147,0.0142241081867478,3.2547278445441874,3.126009924183476,2.8590299499122165,0.1590067064110324,0.1813607780275386,0.17441461931107402,869.0,602.0,762.0,8.69,6.0200000000000005,7.62,26.61513556209073,36.19147096256107,31.053042270611893,0.7185053931599957,0.0214642860958306,mouse598180close376,0.1803780378037803,0.7666066606660668,0.4074707470747077,0
mouse598180,close,380,0.0231152528038123,0.0354871083425335,0.0687748839786593,1.6766122084651789,5.574158334330722,0.3953747566686128,0.2244967827105966,0.2183405577591181,0.2897706008096665,491.0,502.0,736.0,4.91,5.0200000000000005,7.36,26.61513556209073,36.19147096256107,31.053042270611893,0.7185053931599957,0.0730759502371215,mouse598180close380,0.2616561656165617,0.5235823582358236,1.3385238523852387,0
mouse598180,close,386,0.0372359946669336,0.0047458924705861,0.0192561502483053,0.9409117554782241,4.723522068441937,5.949663957630907,0.1429702374630579,0.2003199065415858,0.1477195616311468,2135.0,2129.0,2072.0,21.35,21.29,20.72,26.523050587420503,31.75955829330509,30.838186331579504,0.7079901129253149,0.0152346996833146,mouse598180close386,0.2079207920792078,0.6715571557155717,0.3799279927992799,0
mouse598180,close,387,0.0409482267761852,0.1065832071471218,0.1060861539108753,5.214806003992312,2.345953954116683,4.181714214699524,0.3724737649989044,0.5762157146160525,0.431991214748909,130.0,73.0,70.0,1.3,0.73,0.7000000000000001,25.86192977013491,29.50187339925468,30.93808155997529,0.7079901129253149,0.0599787268489641,mouse598180close387,0.1495949594959496,0.7441944194419444,0.3226822682268225,0
mouse598180,close,391,0.0948428619860851,0.079125643076893,0.0059652878494317,4.8392859131714205,0.7792473219020921,4.891956352681985,0.3581984821878806,0.3276818039626499,0.2313114616210593,229.0,225.0,221.0,2.29,2.25,2.21,26.37000688471003,29.744228364515287,30.54244916889227,0.7013380069552769,0.0362020219872915,mouse598180close391,0.1474347434743474,0.7169216921692171,0.3407740774077407,0
mouse598180,close,392,0.0186852064606204,0.0214465180022667,0.0121206172611992,5.236776913872017,5.410095684463752,5.835875296969865,0.1125728069390101,0.1455045746900747,0.0834524571137226,1926.0,2232.0,2127.0,19.26,22.32,21.27,25.847252744833803,28.37685321983161,31.35943788255987,0.7013380069552769,0.0325626038429781,mouse598180close392,0.1566156615661567,0.5829882988298831,0.3780378037803783,0
mouse598180,close,388,0.0212791691251691,0.0609674648797298,0.0358148528211452,5.933963454868982,2.7987505253820064,4.317600151912567,0.1702595328937414,0.3307709159389805,0.2509664233918419,571.0,727.0,425.0,5.71,7.2700000000000005,4.25,25.847252744833803,28.37685321983161,31.35943788255987,0.7013380069552769,0.0594286118522107,mouse598180close388,0.2087308730873087,0.6027002700270029,0.4082808280828084,0
mouse598180,close,400,0.0406478346877155,0.024941206609179,0.013523311782548,5.339873706864217,3.929720554746624,5.582029815832797,0.1379753223335392,0.1124684227930256,0.1864796313635878,2099.0,2150.0,2312.0,20.990000000000002,21.5,23.12,25.847252744833803,28.37685321983161,31.35943788255987,0.7013380069552769,0.0227186038922064,mouse598180close400,0.2265526552655266,0.6091809180918093,0.3745274527452746,0
mouse598180,close,394,0.0426551021061929,0.0257704622253538,0.0239147537640982,3.6020199615814916,5.977243448937642,2.099964869608152,0.2994303686274737,0.3315969902753156,0.2533650979025691,391.0,201.0,376.0,3.91,2.0100000000000002,3.7600000000000002,26.07588814100851,27.783612874375066,30.84838208506445,0.7013380069552769,0.0170555561931822,mouse598180close394,0.1811881188118812,0.5284428442844284,0.3264626462646265,0
mouse598180,close,396,0.0276630238903989,0.0760791062007822,0.0140344821507283,5.720241233197925,0.4722618097482881,5.762681624730827,0.4384244974487595,0.3612890728326505,0.398511953260591,102.0,120.0,108.0,1.02,1.2,1.08,25.80343187114688,27.3956653597082,30.70180349666976,0.6955213871621778,0.0250187829948864,mouse598180close396,0.1587758775877588,0.5640864086408642,0.3297029702970298,0
mouse598180,close,397,0.0256555154958979,0.0243629258721764,0.0079043565118197,4.235058923716196,1.4604567162193902,5.572272153256593,0.161348545738086,0.1236963391544648,0.1099574822903965,1347.0,1867.0,1506.0,13.47,18.67,15.06,25.80343187114688,27.3956653597082,30.70180349666976,0.6955213871621778,0.0215002945331224,mouse598180close397,0.2387038703870387,0.5851485148514852,0.3920792079207921,0
mouse598180,close,399,0.0159361072510863,0.0055115226336402,0.0083325400912379,0.4409337699329038,2.8450527448573117,5.9402813343942,0.1148896437872582,0.1050835398543019,0.1492881161386224,1877.0,2052.0,2010.0,18.77,20.52,20.1,26.2158261269489,27.346278023215827,30.875253434209995,0.6955213871621778,0.0123743108689968,mouse598180close399,0.1566156615661565,0.6361836183618363,0.3224122412241222,0
mouse598180,close,404,0.0498920240382058,0.0168541799027688,0.0583117058068298,6.089754473788482,4.4700215493962965,5.8032827448485325,0.1870299375372467,0.1989335284133187,0.2368250637251326,965.0,1457.0,1106.0,9.65,14.57,11.06,25.756856575178524,30.778362597240186,30.637625496692085,0.6661456297237115,0.0234047640509935,mouse598180close404,0.2044104410441044,0.5430243024302431,0.3693969396939693,0
mouse598180,close,408,0.0413516075647292,0.0584307207549909,0.0679214516839865,0.3017903480039733,5.159429965358613,3.1811220525287043,0.2957332165340211,0.3713304040715817,0.3792893143200386,194.0,389.0,147.0,1.94,3.89,1.47,26.3770515754181,31.16389802787226,31.146532357465247,0.6619101147436863,0.0298534678061521,mouse598180close408,0.1814581458145815,0.601080108010801,0.3801980198019804,0
mouse598180,close,405,0.0203724373233477,0.0305583037177124,0.0441074128301231,5.043953740655907,1.4681937412449202,3.453300591785419,0.2047722643613013,0.1746973275203135,0.2060778529006765,683.0,914.0,884.0,6.83,9.14,8.84,26.3770515754181,31.16389802787226,31.146532357465247,0.6619101147436863,0.0259330373469737,mouse598180close405,0.1863186318631864,0.564896489648965,0.3766876687668767,0
mouse598180,close,406,0.0226409124500129,0.0243959596168789,0.0378674262241191,5.058751307029857,3.5123726963354893,5.6636095971540215,0.1381096555093877,0.1667629653613399,0.2481775193148777,1186.0,1081.0,999.0,11.86,10.81,9.99,26.3770515754181,31.16389802787226,31.146532357465247,0.6619101147436863,0.0136613967180506,mouse598180close406,0.1863186318631864,0.6113411341134113,0.3796579657965798,0
mouse598180,close,407,0.062360006702215996,0.010069572144118001,0.0350061077405168,6.1899019012208925,1.0674616374663108,4.975344590215164,0.24445925676275898,0.2885775777207112,0.2048213277087014,467.0,407.0,565.0,4.67,4.07,5.65,26.3770515754181,31.16389802787226,31.146532357465247,0.6619101147436863,0.0123067405129659,mouse598180close407,0.1587758775877588,0.4671467146714673,0.3108010801080108,1
mouse598180,close,410,0.0951109003621492,0.1595564945023192,0.0898448042825712,0.1267293657901503,5.5092911276608065,5.377129041394256,0.5060347962030783,0.5735460906747475,0.4541475033220774,54.0,54.0,98.0,0.54,0.54,0.98,26.3770515754181,31.16389802787226,31.146532357465247,0.6619101147436863,0.024928141659584,mouse598180close410,0.1479747974797479,0.5684068406840684,0.3650765076507651,0
mouse598180,close,411,0.0155749780782455,0.0082785394104801,0.0139361274741808,3.6267869374889865,3.220810921001234,3.6906400825977035,0.1397283536444074,0.1128752883855975,0.1048215995238353,2287.0,1709.0,1707.0,22.87,17.09,17.07,25.357240641612602,33.88227542890873,30.37368068162992,0.6619101147436863,0.018016588619541,mouse598180close411,0.17308730873087302,0.6105310531053106,0.3531953195319534,0
mouse598180,close,414,0.1248105035891801,0.0944999631027158,0.0531569581455315,1.4197394826628789,3.1923223873443596,5.804962972579969,0.3960186687766643,0.4598458459454037,0.292086566595956,127.0,117.0,205.0,1.27,1.17,2.05,26.347265887077175,36.346128874605654,30.93818697129428,0.6585969936159746,0.0233200328175858,mouse598180close414,0.1652565256525652,0.5619261926192621,0.3213321332133214,0
mouse598180,close,415,0.0115213948356004,0.0578400198539616,0.0121771980779765,4.282801261988922,0.6639101602585157,0.1111378441061318,0.3202208069264613,0.3153902844404915,0.2721343701224439,225.0,317.0,225.0,2.25,3.17,2.25,25.452603827785463,42.15267954675832,29.80914847495824,0.6585969936159746,0.0267835437798995,mouse598180close415,0.1301530153015301,0.7428442844284429,0.3172817281728174,0
mouse598180,close,419,0.0394152447157379,0.1315095799345939,0.1383682546511395,1.046652187301491,2.364479229422772,0.6468099152455277,0.3536341207025045,0.5039512325777946,0.3882446665957703,140.0,86.0,106.0,1.4000000000000001,0.86,1.06,25.60177769881321,43.883250039977625,30.72565795120375,0.6585969936159746,0.0402287040855414,mouse598180close419,0.200900090009001,0.5867686768676871,0.3753375337533752,0
mouse598180,close,652,0.0092634293736853,0.0514289648280254,0.0595665810637196,5.90345592845353,5.351661302704639,5.5051871612635725,0.2350586667290612,0.2014255285300339,0.2180862035659319,562.0,649.0,600.0,5.62,6.49,6.0,25.60177769881321,43.883250039977625,30.72565795120375,0.6585969936159746,0.0189932656463695,mouse598180close652,0.1285328532853284,0.7112511251125114,0.264896489648965,0
mouse598180,close,418,0.0909631007551325,0.0795614292823598,0.0806478033238349,4.5022675916455634,2.847018382758882,5.219325615254248,0.3017617679378919,0.2879020867710868,0.3659450158235658,340.0,309.0,238.0,3.4,3.09,2.38,25.60177769881321,43.883250039977625,30.72565795120375,0.6585969936159746,0.0176816408050446,mouse598180close418,0.1574257425742574,0.7312331233123314,0.3804680468046802,0
mouse598180,close,417,0.0383773872355636,0.0093680072536506,0.0447358752566366,4.2474734721954,5.576192961233847,5.095095267171193,0.1471650004097086,0.1724873043845969,0.1748742431370262,874.0,890.0,832.0,8.74,8.9,8.32,25.60177769881321,43.883250039977625,30.72565795120375,0.6585969936159746,0.041140151935481,mouse598180close417,0.16795679567956798,0.5343834383438345,0.2883888388838884,0
mouse598180,close,422,0.0152959117933551,0.0204022539791982,0.0247423678232058,1.6545551231184426,5.0759065835614585,1.3588807109055343,0.1984105777206882,0.1707353011036034,0.1820093288971091,1055.0,1015.0,938.0,10.55,10.15,9.38,25.30458156060631,62.59686471908464,29.70359116447537,0.6523994175349945,0.0197596715178655,mouse598180close422,0.2335733573357336,0.6286228622862287,0.3958595859585959,0
mouse598180,close,423,0.0954002553240059,0.028295575111292003,0.0131371308293808,5.370470233873869,4.157067729159886,2.916790957390707,0.3996942190897482,0.2816565806031425,0.4115432129859366,188.0,218.0,136.0,1.8800000000000001,2.18,1.36,26.109676589074944,64.84521255028926,30.65026179123272,0.6523994175349945,0.0082797554737517,mouse598180close423,0.146084608460846,0.7217821782178219,0.4549954995499551,0
mouse598180,close,424,0.0221404223431558,0.0160317592819389,0.0115546567226937,1.3049897262275434,4.1660365707884015,6.091232769235807,0.0834860962728742,0.0889671571577289,0.0818539899314438,4912.0,5011.0,4446.0,49.120000000000005,50.11,44.46,26.109676589074944,64.84521255028926,30.65026179123272,0.6523994175349945,0.0131277490205293,mouse598180close424,0.1331233123312332,0.2257425742574257,0.187938793879388,1
mouse598180,close,425,0.0439581487569391,0.0312497495079462,0.0587709216797606,0.3939374367982858,6.248760643619566,5.4162509664938785,0.2088671124779523,0.1686939159834889,0.2793206154209058,499.0,595.0,608.0,4.99,5.95,6.08,26.109676589074944,64.84521255028926,30.65026179123272,0.6523994175349945,0.0144465125312105,mouse598180close425,0.2006300630063006,0.5886588658865888,0.3861386138613859,0
mouse598180,close,428,0.1122568322805638,0.0319672687240889,0.0585143529150879,5.6032867019864705,4.960370301099216,1.0588257878351264,0.3516017695449641,0.3746435991314896,0.3863033658337326,187.0,224.0,244.0,1.87,2.24,2.44,25.60971167444108,70.54896499506066,29.342152146549683,0.6523994175349945,0.0203692869837118,mouse598180close428,0.14095409540954099,0.7914491449144916,0.3396939693969395,0
mouse598180,close,430,0.1019805459441869,0.1176068033080551,0.0919205762283778,2.2080431490283607,2.673724789499804,1.186104257151138,0.4019605577830999,0.436991213241046,0.3181776995594621,118.0,110.0,186.0,1.18,1.1,1.86,25.994838971896872,77.39047152665313,30.634333826608938,0.651920240520265,0.0326775449789593,mouse598180close430,0.1417641764176417,0.6982898289828984,0.3086408640864085,0
mouse598180,close,436,0.0142568546381672,0.0397755111781374,0.0569828693480346,2.2555499139989332,4.607300593765858,3.532320137842398,0.2233781977544743,0.2368198401472961,0.2372702485493105,513.0,518.0,534.0,5.13,5.18,5.34,26.143498486094128,92.54291774156354,30.5900720998984,0.6523994175349945,0.0213858142041475,mouse598180close436,0.1698469846984699,0.5840684068406843,0.3232223222322232,0
mouse598180,close,437,0.0124287685815106,0.02831089296783,0.0245217460621414,5.336431801989941,5.4019798620288535,6.232080198773901,0.139218142466856,0.1433694673033506,0.1188549840024462,1771.0,1717.0,1749.0,17.71,17.17,17.490000000000002,26.143498486094128,92.54291774156354,30.5900720998984,0.6523994175349945,0.0124845566890636,mouse598180close437,0.1887488748874888,0.5754275427542754,0.3224122412241226,0
mouse598180,close,443,0.017530041264422,0.0144829686342922,0.009893556401083999,0.0199242663436228,5.5919948723886845,1.9777520412833047,0.1158434821642183,0.15024396199941598,0.1221240416556176,1710.0,1763.0,1527.0,17.1,17.63,15.27,25.420279277515586,98.24540960745104,29.219982624810182,0.6523994175349945,0.0241824034463061,mouse598180close443,0.1949594959495949,0.6086408640864088,0.3051305130513051,0
mouse598180,close,445,0.0908770624378798,0.1142945525035923,0.1227229507963737,0.6344110468121669,0.3018657527763539,2.383849105127556,0.5017328398793504,0.4750052273902957,0.4216041254131999,65.0,52.0,75.0,0.65,0.52,0.75,25.98857033480316,104.98689811660273,30.396059009493136,0.6523994175349945,0.0367377792583349,mouse598180close445,0.1366336633663366,0.6661566156615663,0.32403240324032395,0
mouse598180,close,446,0.0439887453328674,0.0463807821529942,0.0694984415059076,1.5415576301945142,2.2293271228982503,6.100365130040291,0.2978490668761369,0.3147864721536645,0.4560960137322796,142.0,146.0,156.0,1.42,1.46,1.56,25.98857033480316,104.98689811660273,30.396059009493136,0.6523994175349945,0.0393690645911494,mouse598180close446,0.17605760576057602,0.8743474347434745,0.3596759675967594,0
mouse598180,close,453,0.0295355819232244,0.0233004447167241,0.0501095877478529,6.227890302004512,0.1093451003518336,4.786340248533478,0.246932141302655,0.2479166978089778,0.2778163400434522,349.0,286.0,242.0,3.49,2.86,2.42,25.724482293053192,128.2312613614794,29.544144683353142,0.6562202374203344,0.0297630298174662,mouse598180close453,0.1684968496849684,0.6734473447344735,0.4285328532853286,0
mouse598180,close,456,0.0269715885920413,0.0136663269312762,0.0114894102775415,1.7935913647273127,6.079739655027628,2.6355924182693173,0.1148712785146743,0.11302795123155,0.1221851776630762,2099.0,2180.0,1927.0,20.990000000000002,21.8,19.27,25.783666518979263,162.10651428183775,29.38323345844747,0.659545297913646,0.0123261210789291,mouse598180close456,0.1171917191719171,0.258955895589559,0.2079207920792078,1
mouse598180,close,459,0.0575475440699457,0.0385747777326965,0.0510624603177084,2.832403624922701,2.0578435551587133,1.0813941165923864,0.24761802393524804,0.2347706486487255,0.2597129679309194,443.0,500.0,450.0,4.43,5.0,4.5,26.232412504134,186.81364613934508,29.658546830013197,0.6623820649745885,0.0165916957097534,mouse598180close459,0.1946894689468946,0.6216021602160218,0.3356435643564354,0
mouse598180,close,460,0.0420862155499397,0.0214748099964917,0.032253056306569,6.0570073076536115,2.5343043752856214,5.488781733960495,0.2639688303704393,0.1607548060952965,0.2150352307577961,857.0,754.0,700.0,8.57,7.54,7.0,26.232412504134,186.81364613934508,29.658546830013197,0.6623820649745885,0.0193986756094525,mouse598180close460,0.1776777677767778,0.8025202520252026,0.5149414941494149,0
mouse598180,close,463,0.0364803262079846,0.1295402617640949,0.09212672443669198,5.231026136255696,3.7762445280925285,2.4548581255859045,0.4058039567730153,0.4363333771772432,0.46215642952549396,88.0,68.0,56.0,0.88,0.68,0.56,26.231010456033058,195.90397449159,29.837800872493162,0.6675514961409346,0.0360517436314317,mouse598180close463,0.1525652565256525,0.7849684968496851,0.4447344734473447,0
mouse598180,close,466,0.0146780254846871,0.0532825620218041,0.0649546046535633,2.430384934182691,6.038150621158883,2.991184443752687,0.4123954404380263,0.3377453515076479,0.3574922653287544,67.0,106.0,150.0,0.67,1.06,1.5,26.080658440002555,223.27780563414012,29.664174236513354,0.6736096792653741,0.0222797407556363,mouse598180close466,0.1266426642664266,0.8781278127812784,0.2727272727272726,0
mouse598180,close,659,0.0275362932281041,0.029974866157691005,0.094140379530389,4.420125190746964,6.1230906086810215,2.5832136574367337,0.3545560564237986,0.2278243305364498,0.2859287456734705,213.0,252.0,191.0,2.13,2.52,1.9100000000000001,26.43723207521717,224.72400541098082,29.61458063819181,0.6805328794408101,0.0447568977113025,mouse598180close659,0.1485148514851485,0.7101710171017104,0.2829882988298832,0
mouse598180,close,658,0.1139204320467304,0.0659878305712463,0.0943031303035117,2.8116556168267883,2.5646850030349784,4.6585441451636465,0.3642824760692447,0.3484207269801335,0.3845669348633274,131.0,175.0,134.0,1.31,1.75,1.34,26.43723207521717,224.72400541098082,29.61458063819181,0.6805328794408101,0.0352408998272021,mouse598180close658,0.1447344734473448,0.6866786678667869,0.2770477047704772,0
mouse598180,close,469,0.1605691070990654,0.0380590838484113,0.0433207077848161,3.38821077458928,0.9778538475366914,3.3647776230684916,0.3529268117996798,0.2453229600808532,0.2848976538848641,204.0,263.0,234.0,2.04,2.63,2.34,26.43723207521717,224.72400541098082,29.61458063819181,0.6805328794408101,0.0190898958232247,mouse598180close469,0.1325832583258326,0.7072007200720073,0.4209720972097209,0
mouse598180,close,471,0.0279063431303327,0.0483940536843315,0.0324567094973863,5.674656222400259,0.1925226704686712,0.7845809318462389,0.1412049564734855,0.1960491741959495,0.1712548590683108,1105.0,1071.0,1008.0,11.05,10.71,10.08,26.43723207521717,224.72400541098082,29.61458063819181,0.6805328794408101,0.0210969586990542,mouse598180close471,0.1795679567956796,0.7479747974797479,0.2702970297029706,0
mouse598180,close,475,0.0713220068357386,0.0441547007391119,0.0616916039160903,6.026858884836062,1.9969663727209328,5.186118052634106,0.3577375788565579,0.4612867426825673,0.3987970669727056,152.0,125.0,106.0,1.52,1.25,1.06,25.746635994374167,251.79689296614688,29.67225886786888,0.6805328794408101,0.0305810328947667,mouse598180close475,0.1693069306930693,0.7890189018901891,0.4234023402340233,0
mouse598180,close,476,0.0676730867735046,0.0084208183794497,0.0311485752053916,5.498718336110223,3.259003435841352,0.5496278921036092,0.17978755529658802,0.1649958121633686,0.1881183809477279,894.0,776.0,689.0,8.94,7.76,6.890000000000001,25.336015423170807,231.99518461814762,29.10715413943744,0.6805328794408101,0.0228425564070427,mouse598180close476,0.1242124212421242,0.2308730873087309,0.1771377137713772,1
mouse598180,close,742,0.0501344278457078,0.0154781151608514,0.0757116208937274,3.6969975378739903,2.2697265268212945,5.450213162344433,0.2395787953127773,0.1627193047726207,0.2557346815164734,307.0,401.0,366.0,3.0700000000000003,4.01,3.66,25.8980380037468,246.07028421732312,29.68350843255172,0.6882949948968102,0.0179997562151444,mouse598180close742,0.1055805580558056,0.7563456345634565,0.3153915391539156,0
mouse598180,close,272,0.0126056440430564,0.1049126013375301,0.1225639758553996,3.4875413379023765,0.0568814435018926,4.953649824291889,0.210175100427398,0.3067963414431225,0.318045598273768,610.0,617.0,302.0,6.1000000000000005,6.17,3.02,30.24609065377348,55.471340953440006,34.421343890502,0.9880536422684753,0.0187562182179121,mouse598180close272,0.1963096309630962,0.6423942394239425,0.4695769576957697,0
mouse598180,close,325,0.0788017812383,0.0928837320843937,0.0647486826548508,0.5508118456210007,0.4495072021802695,0.8165758185461985,0.3512865359878462,0.3199716777022588,0.3986511697271119,177.0,186.0,174.0,1.77,1.86,1.74,29.034542099125343,58.63306012186698,34.151187037911946,0.8003905296791061,0.0220286257886545,mouse598180close325,0.1895589558955895,0.6113411341134114,0.3421242124212422,0
mouse598180,close,412,0.0205092290217676,0.0172428149857122,0.0171895131198787,4.007494599182594,0.3816905773073322,0.4070118448454907,0.1683773395765604,0.0818480431010773,0.0732008625696482,824.0,1854.0,1336.0,8.24,18.54,13.36,25.357240641612602,33.88227542890873,30.37368068162992,0.6619101147436863,0.0400158974181338,mouse598180close412,0.2154815481548155,0.8130513051305133,0.6680468046804681,0
mouse598180,close,462,0.0236678916873669,0.0422205859462166,0.033544054455847,5.849574789162362,0.36957272896981797,2.708272309881925,0.180878887433906,0.2132653745956528,0.1535652810709928,687.0,634.0,780.0,6.87,6.34,7.8,26.231010456033058,195.90397449159,29.837800872493162,0.6675514961409346,0.0665583584612277,mouse598180close462,0.1668766876687669,0.7601260126012602,0.4158415841584159,0
mouse598180,close,647,0.07097816360116499,0.0574815521340277,0.0678329823007796,1.0040420306361055,5.989842446243997,3.8577551587082035,0.3011365480965242,0.4044370069054377,0.4715271475326251,215.0,140.0,94.0,2.15,1.4000000000000001,0.9400000000000001,26.887372146510664,47.6047421029743,31.625582843597225,0.7228416147400479,0.0485678430817567,mouse598180close647,0.2173717371737173,0.6275427542754277,0.4096309630963096,0
mouse598180,close,382,0.1242579516985102,0.0864845149001611,0.09959899802928,1.2353876758908529,4.354805825690349,1.1997335273256169,0.4236721074792507,0.4747860875243943,0.4509832777655904,157.0,127.0,108.0,1.57,1.27,1.08,26.384076585976963,33.13672387115674,31.006036946604475,0.7079901129253149,0.0653157006703275,mouse598180close382,0.1698469846984699,0.7790279027902791,0.3610261026102609,0
mouse598180,close,467,0.036810251039940005,0.042448105820591005,0.1199185363728042,0.0783506020996143,0.0336644786591634,3.7318756592175975,0.3036196983797407,0.2460999442567055,0.3026362973890526,229.0,327.0,309.0,2.29,3.27,3.09,26.080658440002555,223.27780563414012,29.664174236513354,0.6736096792653741,0.0190443060581866,mouse598180close467,0.1390639063906391,0.7236723672367238,0.3526552655265528,0
mouse598180,close,479,0.0478769233014034,0.0427427709399145,0.0756106776293255,5.981521685637981,3.7792513220552246,5.790876075960638,0.3984897865693838,0.3653940358598657,0.3991225645813609,212.0,189.0,119.0,2.12,1.8900000000000001,1.19,25.8980380037468,246.07028421732312,29.68350843255172,0.6882949948968102,0.0346162921707317,mouse598180close479,0.1981998199819982,0.3283528352835283,0.1995499549954995,1
mouse598180,close,274,0.0578789353008961,0.0137898731197086,0.0402701814537674,3.6651420925513136,3.8082809581816717,3.5953848128170587,0.3039035717397272,0.1686190382716927,0.1949012243835318,184.0,1271.0,1641.0,1.84,12.71,16.41,30.706558013805214,54.99861359963865,34.530373552672785,0.9880536422684753,0.0841832026460228,mouse598180close274,0.0934293429342933,0.261926192619262,0.1566156615661567,1
mouse598181,far,28,0.0412623421351462,0.04399097965261,0.0415901724072115,4.044312170577141,5.08108354168099,4.711258303595821,0.227086372895978,0.24506080992188603,0.2007198614453189,784.0,654.0,974.0,7.84,6.54,9.74,34.826282881004325,40.09059599097894,33.40639994896928,2.0895573693966862,0.0186540724746393,mouse598181far28,0.1917191719171918,0.6310531053105312,0.5559855985598562,0
mouse598181,far,31,0.041580760706153,0.0074910642697953,0.0202174638601505,5.87262451980644,5.145782046884289,1.038771234584874,0.1652447650590761,0.187692272882399,0.2883959582350481,604.0,637.0,332.0,6.04,6.37,3.3200000000000003,34.973419374929364,40.201941140747685,33.18398014777637,2.057911562725668,0.0396165158056493,mouse598181far31,0.2748874887488749,0.7849684968496851,0.4414941494149415,0
mouse598181,far,32,0.0561529190827733,0.0722648234705722,0.061549404900009,2.1459558214303733,3.4718088749041014,1.1858366176246,0.3353376014290134,0.3481084258656397,0.3167936407452766,79.0,270.0,164.0,0.79,2.7,1.6400000000000001,34.973419374929364,40.201941140747685,33.18398014777637,2.057911562725668,0.0326232992401155,mouse598181far32,0.1493249324932494,0.6885688568856886,0.29891989198919894,0
mouse598181,far,35,0.1465711178908911,0.0112639055633969,0.1082987828917103,2.124728777975525,3.0743049220540235,0.3057917850796973,0.4966750196088317,0.2258638953275051,0.4520244218471325,58.0,367.0,62.0,0.58,3.67,0.62,34.96037427923234,40.651794990938185,33.058000848888426,2.0519807503970404,0.0574187972564691,mouse598181far35,0.1927992799279928,0.6666966696669667,0.3013501350135016,0
mouse598181,far,69,0.0709250396625734,0.133629858159502,0.1551716962795093,3.78385647273444,5.3853867452342525,1.2219777342741236,0.2934916744401309,0.4099847107286393,0.6957706151142365,251.0,198.0,30.0,2.5100000000000002,1.98,0.3,35.54329167366983,41.173124394722436,33.47262489336013,2.0342381866438357,0.0190854534073733,mouse598181far69,0.1495949594959496,0.7474347434743475,0.2972997299729972,0
mouse598181,far,42,0.0458082747334961,0.0150787286224492,0.1228686241534414,3.2730630314373954,6.015801127862798,2.816636781491592,0.330990719842138,0.3031033665259346,0.3509752745158256,340.0,251.0,142.0,3.4,2.5100000000000002,1.42,35.177681463066946,41.11035677964863,32.62218518985016,2.0175789947360183,0.0193522616649039,mouse598181far42,0.1431143114311431,0.6842484248424844,0.3402340234023403,0
mouse598181,far,71,0.0672436790245659,0.0210679041075534,0.0270644416320197,3.6178550876571802,5.182549358180713,3.246532350179116,0.2339743622852309,0.2404105069063499,0.2111000611797752,287.0,600.0,392.0,2.87,6.0,3.92,35.177681463066946,41.11035677964863,32.62218518985016,2.0175789947360183,0.0180315424951032,mouse598181far71,0.2287128712871287,0.7050405040504051,0.3415841584158415,0
mouse598181,far,43,0.0291869008160872,0.0351128190100203,0.07848904459849701,0.3831649967710305,2.849550635918241,0.5897259909822069,0.2704827410207583,0.2580066785591225,0.4381950615928416,360.0,334.0,117.0,3.6,3.34,1.17,35.79959845312029,41.86581578069074,33.66568158839661,2.0175789947360183,0.0212133387846174,mouse598181far43,0.1676867686768677,0.684788478847885,0.2964896489648964,0
mouse598181,far,47,0.077972734505461,0.13450687582586401,0.0890232141022231,2.2209469885454936,5.310357709795344,3.0714645861949084,0.4772925002658882,0.4600835436242876,0.6169433325245444,58.0,122.0,17.0,0.58,1.22,0.17,36.21046650874248,42.72325623880902,34.038842931759355,1.9866743568083824,0.0625920128362417,mouse598181far47,0.1166516651665166,0.2287128712871288,0.1760576057605759,1
mouse598181,far,46,0.083162474575608,0.0601657998911791,0.0733994321167293,6.103544868504237,5.3948042492017265,1.1736368993353212,0.3312723670315416,0.2909371860263829,0.4738690585906775,95.0,226.0,31.0,0.9500000000000001,2.2600000000000002,0.31,36.21046650874248,42.72325623880902,34.038842931759355,1.9866743568083824,0.0477244462298858,mouse598181far46,0.1223222322232223,0.1995499549954995,0.1760576057605761,1
mouse598181,far,49,0.0246382703991145,0.0310129904655228,0.054623417764182995,2.73852174021252,2.4457677609461235,2.7530037542382297,0.1820082666426918,0.1524277765288629,0.17682626082821698,846.0,1005.0,641.0,8.46,10.05,6.41,35.24451609182195,41.68677897938417,32.970205767952216,1.9866743568083824,0.0341123679025312,mouse598181far49,0.1360936093609361,0.5792079207920793,0.2441044104410441,1
mouse598181,far,48,0.04604662310645,0.0144793254962851,0.0224332968891684,5.6970747975300595,2.6414370503212123,3.2173577670199465,0.1726137720013527,0.1804406815693931,0.1960926948417773,523.0,753.0,431.0,5.23,7.53,4.3100000000000005,35.24451609182195,41.68677897938417,32.970205767952216,1.9866743568083824,0.0312800773729879,mouse598181far48,0.1541854185418542,0.4188118811881188,0.4838883888388841,0
mouse598181,far,53,0.07551828688819799,0.029013571606337,0.1310562886590725,5.334603155116398,0.5617035225692787,3.8048775749206283,0.3397148920682566,0.3055345126907616,0.4071834737819053,110.0,239.0,136.0,1.1,2.39,1.36,34.23195283895957,40.94987996070832,32.00718227777451,1.9715159142142367,0.0684979520263898,mouse598181far53,0.1382538253825382,0.4282628262826283,0.2422142214221423,1
mouse598181,far,54,0.0432231564304764,0.0337967218939921,0.0661414563256622,0.0858374108037627,5.6145673669481635,1.8314255331457443,0.2739965294779479,0.2488243699651471,0.1984417738940376,578.0,708.0,395.0,5.78,7.08,3.95,34.76960418278162,41.248334412074925,32.65408263541377,1.9643701280563195,0.0384440872800783,mouse598181far54,0.1992799279927992,0.9035103510351036,0.0448244824482451,0
mouse598181,far,56,0.0349164545716519,0.0742768479927229,0.0270570029437251,5.539517303670935,6.220151663354483,1.7783653203071004,0.2297762601203761,0.2781003618104327,0.2642196729413409,639.0,602.0,481.0,6.390000000000001,6.0200000000000005,4.8100000000000005,35.06824446983537,41.729970272954716,32.63775030957449,1.957517560585345,0.0655202674260761,mouse598181far56,0.2063006300630063,0.7755175517551757,0.2535553555355535,0
mouse598181,far,60,0.1220475042392191,0.0055123377766095,0.1321056358844237,1.5602816765193084,2.402579722314925,2.2927335998689005,0.3941463508649768,0.3655965014509504,0.3102252594467222,183.0,276.0,131.0,1.83,2.7600000000000002,1.31,34.59931847865589,41.46352206253598,32.101729166704324,1.9212626056840847,0.0189501424236812,mouse598181far60,0.1752475247524753,0.3723672367236724,0.1995499549954995,1
mouse598181,far,61,0.0657951414727655,0.0807680188504974,0.1496191114731538,3.108697807854877,0.541246855542045,1.3829685403812777,0.3476791394268367,0.3907600557938908,0.4090423264221936,110.0,169.0,63.0,1.1,1.69,0.63,35.79139228547662,42.57473583527453,33.085421901044676,1.9091883092036783,0.0267894838492002,mouse598181far61,0.1922592259225922,0.3783078307830785,0.2095409540954094,1
mouse598181,far,39,0.0723433667519591,0.14086568227726504,0.0762368521742859,3.5674052638157328,5.889216462351094,5.219673407460928,0.3485798520271043,0.3772986033594196,0.2521839731512609,111.0,146.0,216.0,1.11,1.46,2.16,35.54329167366983,41.173124394722436,33.47262489336013,2.0342381866438357,0.0600770598899815,mouse598181far39,0.2027902790279028,0.7387938793879392,0.3275427542754275,0
mouse598181,far,44,0.1875215667176247,0.0549487594814444,0.2296453866470773,3.2133101576114536,2.8827439857213406,4.71656068145737,0.5106861601931841,0.5781827803270507,0.7760717005897281,57.0,53.0,7.0,0.5700000000000001,0.53,0.07,35.79959845312029,41.86581578069074,33.66568158839661,2.0175789947360183,0.0557614127493888,mouse598181far44,0.1018001800180018,0.5781278127812781,0.2395139513951396,1
mouse655957,far,277,0.1603491083175734,0.0697807992138897,0.0480649047270903,3.12286864996246,1.7474127390427463,1.3392250327571675,0.5322786571075063,0.3160440119839843,0.32646771764013505,152.0,275.0,186.0,1.52,2.75,1.86,35.02540284898202,44.78956264413423,44.942530009394645,2.0977666695798183,0.0304254894306674,mouse655957far277,0.1779477947794779,0.8181818181818183,0.4109810981098108,0
mouse655957,far,278,0.0835154704057034,0.1828421345430267,0.072920910134616,1.5892371809075665,5.4910981935725305,4.273946872030988,0.3241383798230777,0.5467730620399031,0.3726726792744253,74.0,123.0,134.0,0.74,1.23,1.34,35.02540284898202,44.78956264413423,44.942530009394645,2.0977666695798183,0.0248019439852893,mouse655957far278,0.1606660666066607,0.7760576057605761,0.39666966696669703,0
mouse655957,far,655,0.0368717974300165,0.029999897585506002,0.0315205367489067,0.8650362510906227,5.785724049611565,2.781144228803211,0.3005825428856934,0.2415105312022743,0.24137191919926002,277.0,410.0,326.0,2.77,4.1,3.2600000000000002,35.02540284898202,44.78956264413423,44.942530009394645,2.0977666695798183,0.0275948487668539,mouse655957far655,0.2011701170117011,0.7714671467146715,0.4039603960396042,0
mouse655957,far,287,0.0598856214285366,0.0486269706964296,0.0509006468008537,1.7654949217245142,1.7692451464986216,1.3131440913994534,0.1639772536077244,0.1545880511027325,0.1886542816777633,1195.0,1379.0,1364.0,11.950000000000001,13.790000000000001,13.64,36.431074077478364,46.566798192703885,46.83737253403571,2.091948852147203,0.0224053653595429,mouse655957far287,0.1471647164716472,0.3437443744374439,0.2171017101710172,1
mouse655957,far,289,0.0639261005518966,0.0399324384155765,0.0701243381865834,1.3016531088915448,6.0730801380161425,0.1835001810345972,0.3029337307123434,0.2640835579518086,0.2679528620516024,239.0,205.0,142.0,2.39,2.05,1.42,34.82482206800619,44.19034179703296,44.90110371205633,2.091948852147203,0.0110336647149711,mouse655957far289,0.1606660666066607,0.8918991899189921,0.4674167416741676,0
mouse655957,far,656,0.1074291180524672,0.0274100655145163,0.0305568165418924,3.3686703490842964,3.9728109112115337,2.075750054006125,0.4249102447393581,0.2889274365007826,0.3265486742154457,166.0,294.0,193.0,1.6600000000000001,2.94,1.93,34.82482206800619,44.19034179703296,44.90110371205633,2.091948852147203,0.033612327047946,mouse655957far656,0.1668766876687669,0.8692169216921692,0.4541854185418542,0
mouse655957,far,292,0.0686524681105534,0.07901271915228901,0.1014147646711006,3.3445630133602715,1.5743151127212405,1.3343835257369543,0.2565482720965162,0.2252215746065864,0.3441511195177809,458.0,637.0,442.0,4.58,6.37,4.42,36.54781700892422,46.87574560339442,47.1036542699661,2.091948852147203,0.0321258038967617,mouse655957far292,0.17497749774977497,0.8289828982898292,0.44203420342034205,0
mouse655957,far,298,0.0755486837477112,0.0133504325492314,0.1189915419215105,1.4087396954940865,3.0867610098776304,0.8436795087979639,0.2347549060028981,0.3087589260036211,0.3124592654922092,487.0,284.0,299.0,4.87,2.84,2.99,34.563892939558805,43.80242133014134,44.30192432135829,2.091948852147203,0.0400764493781677,mouse655957far298,0.1714671467146714,0.7582358235823584,0.4001800180018003,0
mouse655957,far,297,0.1069983015588418,0.0937932083631403,0.0405638582736248,1.5332429791357427,5.068424257460198,5.703086212644079,0.38670057663780705,0.4080415275742574,0.3909416276691821,171.0,246.0,234.0,1.71,2.46,2.34,34.563892939558805,43.80242133014134,44.30192432135829,2.091948852147203,0.0499052841668266,mouse655957far297,0.1898289828982898,0.8027902790279029,0.3629162916291631,0
mouse655957,far,296,0.0145088675530883,0.0438435810666565,0.0513519188658615,3.8479313526313836,4.993608170359222,0.8536279899809791,0.186039066535552,0.1666435965854077,0.2257882485125443,505.0,568.0,528.0,5.05,5.68,5.28,34.563892939558805,43.80242133014134,44.30192432135829,2.091948852147203,0.0120174355595608,mouse655957far296,0.1595859585958596,0.4687668766876689,0.5249324932493248,0
mouse655957,far,295,0.0185454250979112,0.1352978956282893,0.1306695386623327,3.819919872446023,3.4755852934876463,5.659977945563983,0.2909185767034271,0.4273453749173454,0.4512653946764884,290.0,132.0,99.0,2.9,1.32,0.99,34.563892939558805,43.80242133014134,44.30192432135829,2.091948852147203,0.0481144304541295,mouse655957far295,0.1703870387038704,0.8567956795679569,0.3342934293429344,0
mouse655957,far,299,0.0234233772171267,0.072198099804313,0.0590399877666011,2.7931441514604156,2.019480808778668,2.1772197912852054,0.141094615629091,0.2328823506649441,0.166335750249663,1027.0,1046.0,942.0,10.27,10.46,9.42,35.8674068110694,45.618868552516915,46.015166786886674,2.0864143883706325,0.0164915677669233,mouse655957far299,0.1841584158415842,0.5810981098109813,0.5289828982898289,0
mouse655957,far,300,0.0353154292774002,0.0594404138253465,0.0991650631027686,6.017998664135116,0.6873664148825458,2.7181491023351496,0.3498981540771242,0.3242737862648014,0.3991966820167849,99.0,213.0,129.0,0.99,2.13,1.29,34.605730250159866,43.662933094592184,43.95993141416909,2.0864143883706325,0.0379002933552441,mouse655957far300,0.1798379837983797,0.8783978397839787,0.4190819081908191,0
mouse655957,far,303,0.1641064511510137,0.0993826829974389,0.0352858008527389,1.553461355547308,0.9023761023008504,4.317552654491046,0.3625524789606335,0.2470769453741399,0.2697310811880094,249.0,365.0,308.0,2.49,3.65,3.08,36.145077449175474,45.619300946130345,45.48832312782876,2.0932928605429293,0.0173718247303491,mouse655957far303,0.2003600360036004,0.6261926192619263,0.4946894689468947,0
mouse655957,far,304,0.0165312604653343,0.0148782279774232,0.0094628521626958,1.9451239459393999,2.6590616613343294,1.1930851493997632,0.2334821647151678,0.1924352909936887,0.2105770961523536,529.0,640.0,483.0,5.29,6.4,4.83,36.145077449175474,45.619300946130345,45.48832312782876,2.0932928605429293,0.05360784195163901,mouse655957far304,0.2295229522952295,0.7909090909090909,0.5289828982898291,0
mouse655957,far,305,0.0601751420370516,0.0505088119505803,0.0155390903774368,1.0247159931963008,0.8187186112183578,3.6572089248908233,0.3077794939791866,0.3988299744809902,0.2132673185165862,345.0,354.0,235.0,3.45,3.54,2.35,36.145077449175474,45.619300946130345,45.48832312782876,2.0932928605429293,0.0443286463353682,mouse655957far305,0.3121512151215121,0.7279927992799281,0.7252925292529252,0
mouse655957,far,753,0.128309769107045,0.0356871384362304,0.0403593774039909,0.2930138551555806,5.649713175018324,1.3403275740183946,0.4026586906983292,0.2791064635631747,0.2994168644684871,142.0,228.0,266.0,1.42,2.2800000000000002,2.66,34.39598099981768,43.52083195072588,43.79302139424152,2.0932928605429293,0.0254221952888196,mouse655957far753,0.1914491449144915,0.9631863186318632,0.40396039603960404,0
mouse655957,far,306,0.1230179784685592,0.1507673642602194,0.0621523682141142,1.508821955274391,1.0424773004160477,1.7657859431608531,0.4293271532383802,0.3868341318553708,0.4617653431698381,114.0,205.0,132.0,1.1400000000000001,2.05,1.32,34.39598099981768,43.52083195072588,43.79302139424152,2.0932928605429293,0.0200962195934597,mouse655957far306,0.2106210621062106,0.6996399639963998,0.3121512151215121,0
mouse655957,far,307,0.1285332264052808,0.0736800228612955,0.0068207681383999,1.6452490046350172,1.132425951395566,1.5664605067696995,0.3885291323279095,0.2384101970822293,0.2404319604604703,240.0,357.0,419.0,2.4,3.5700000000000003,4.19,34.39598099981768,43.52083195072588,43.79302139424152,2.0932928605429293,0.0274106615280366,mouse655957far307,0.19009900990099,0.7512151215121513,0.4884788478847884,0
mouse655957,far,310,0.1967350616231969,0.0787284059126133,0.0623096877811652,1.8846388632704376,1.7627286352034366,6.0460216783601615,0.3893397009749911,0.5688117595909679,0.4556178889062009,106.0,86.0,79.0,1.06,0.86,0.79,33.94005587073295,43.08441533404146,43.097771100402724,2.0837166314064883,0.0776492477275839,mouse655957far310,0.2808280828082808,0.8473447344734475,0.4441944194419444,0
mouse655957,far,788,0.0257884289048234,0.1559089777422128,0.1086644758951412,2.435924095288164,0.36827194201706,0.3659679959369732,0.3695348928693788,0.4421710378118775,0.4225601534161229,133.0,185.0,137.0,1.33,1.85,1.37,33.94005587073295,43.08441533404146,43.097771100402724,2.0837166314064883,0.0473965994805744,mouse655957far788,0.2567956795679568,0.6866786678667867,0.5135913591359139,0
mouse655957,far,316,0.0565792966475036,0.1073423911014056,0.0428373126373774,1.2965027050036584,1.5865245961996812,0.9060976725741748,0.1769670063330429,0.2309369673199157,0.1543348127291333,1160.0,1242.0,1352.0,11.6,12.42,13.52,34.07301410882992,43.36419939297429,42.784478432891184,2.0580634101018367,0.0213865140421531,mouse655957far316,0.1644464446444645,0.2551755175517551,0.2216921692169218,1
mouse655957,far,320,0.0625559328634799,0.0736357550120754,0.1016599139628078,1.918807844729296,1.8864856593462165,1.9452953775141244,0.2784743753258744,0.2185578775378292,0.23064870774538604,528.0,564.0,505.0,5.28,5.64,5.05,34.33831604415063,43.25871106303764,42.80026519108125,2.053959590644373,0.0397383970153094,mouse655957far320,0.2430243024302429,0.9896489648964898,0.4987398739873989,0
mouse655957,far,322,0.049679608911141995,0.0445101583246999,0.1015482911917556,3.8844159056825207,2.9670653206537296,2.6206847787451566,0.3649642499836158,0.3011663294687112,0.321045022170345,203.0,530.0,446.0,2.0300000000000002,5.3,4.46,33.8549530264375,42.42586455496127,42.29837332290986,2.050152433357091,0.03481403448821,mouse655957far322,0.1792979297929793,0.8870387038703873,0.3653465346534651,0
mouse655957,far,662,0.1178030355208041,0.1430674193799914,0.1184891904672773,1.4075917378205107,0.8236704140308664,1.2761706997442719,0.3181344585760955,0.3734037210564889,0.3979428769647369,273.0,239.0,135.0,2.73,2.39,1.35,33.44552105910949,41.72669499084167,42.06288148498536,2.056088519495209,0.0267481360095829,mouse655957far662,0.1822682268226823,0.6286228622862287,0.3893789378937894,0
mouse655957,far,664,0.2073003722472755,0.125814502123373,0.0742218179211298,1.548729838223116,2.212931373036684,1.8930903360768008,0.6114536562373629,0.5078506660101922,0.4318762687731535,68.0,118.0,112.0,0.68,1.18,1.12,33.56938478089832,41.80466314299058,42.406129223266134,2.0531987239427165,0.0529455636484998,mouse655957far664,0.1757875787578758,0.6405040504050407,0.3267326732673267,0
mouse655957,far,666,0.0456467496083472,0.0535296521411806,0.1418397960103872,5.7397141549040676,2.2802686096080125,1.7729295143567814,0.2534953065353221,0.2045511295039627,0.3813403967252026,314.0,716.0,355.0,3.14,7.16,3.5500000000000003,32.360866515604236,40.27178420750003,41.09302161927628,2.0506096654409878,0.0500062335401912,mouse655957far666,0.2084608460846084,0.6807380738073808,0.3718271827182721,0
mouse655957,far,333,0.0888502028504953,0.0712350913602546,0.1007283050117909,1.4793339556649523,0.7333739495222461,1.9147200397736328,0.3636592762697074,0.323049488245212,0.32381521418990505,226.0,237.0,215.0,2.2600000000000002,2.37,2.15,32.360866515604236,40.27178420750003,41.09302161927628,2.0506096654409878,0.0250441418121796,mouse655957far333,0.1798379837983799,0.7009900990099012,0.3297029702970296,0
mouse655957,far,334,0.0403122001158287,0.0219689710973987,0.1206344912180557,1.6970187294843824,1.7943254066698742,2.1129529532826794,0.1985168465019802,0.1716168666343551,0.3023670741813658,600.0,668.0,511.0,6.0,6.68,5.11,33.541947533544594,41.17349828794102,42.189553059055534,2.0506096654409878,0.0326332920259573,mouse655957far334,0.1944194419441944,0.6356435643564359,0.336993699369937,0
mouse655957,far,338,0.106418130644673,0.0852171509038721,0.0986347503422417,1.0200047577909133,1.1836066789026245,1.214463157727686,0.3433261199719517,0.221981704085567,0.2344668754332714,622.0,545.0,599.0,6.22,5.45,5.99,32.95846865307441,40.05789884393968,40.99909517821,2.0463381929681126,0.0200480844691117,mouse655957far338,0.1055805580558055,0.1987398739873987,0.1844284428442845,1
mouse655957,far,337,0.0632588018965303,0.1024725874358754,0.0992776132455887,1.5124924613537123,1.3297224910518068,1.585070599288975,0.1536945998417635,0.2103456585553895,0.1839135108011439,1967.0,2144.0,1887.0,19.67,21.44,18.87,32.95846865307441,40.05789884393968,40.99909517821,2.0463381929681126,0.0099416648575712,mouse655957far337,0.1460846084608461,0.3035103510351035,0.2527452745274527,1
mouse655957,far,339,0.0505340836252885,0.0712070751838529,0.10577384005693401,5.457942978881794,4.7341155603344784,0.6894819125612548,0.5237945474089903,0.4637339145171784,0.4244219026145414,53.0,81.0,83.0,0.53,0.81,0.8300000000000001,32.913676655184624,39.83322426308057,40.994479410804495,2.0463381929681126,0.0572264618296698,mouse655957far339,0.1960396039603961,0.7117911791179119,0.3639963996399639,0
mouse655957,far,340,0.1069406797896421,0.0452941727892279,0.1561896520980097,3.9741750567500818,2.7009845674572484,1.585237645245251,0.3783066832795085,0.3431971666669214,0.3640886534124463,167.0,176.0,133.0,1.67,1.76,1.33,32.64851484885046,39.388736086764816,40.66255010797483,2.0446576730592336,0.0178650770259947,mouse655957far340,0.1204320432043204,0.985868586858686,0.4873987398739872,0
mouse655957,far,670,0.0392076039190227,0.0574303965053604,0.1592183692014965,2.1921818568969043,0.0147408212365588,2.333356390340834,0.2816798141450192,0.3638591010262463,0.3769727038094812,192.0,172.0,251.0,1.92,1.72,2.5100000000000002,32.62237132574383,39.17233763264754,40.41654598930722,2.021911224559575,0.031011363702092003,mouse655957far670,0.1636363636363637,0.7339333933393342,0.5897389738973898,0
mouse655957,far,345,0.05505231650771201,0.0595352956572283,0.0745992657608472,1.2598233549658604,1.3740560090717553,2.472418435724021,0.1743208255372811,0.2506711423402329,0.266224978387663,543.0,424.0,442.0,5.43,4.24,4.42,32.62237132574383,39.17233763264754,40.41654598930722,2.021911224559575,0.0407486718953211,mouse655957far345,0.2287128712871288,0.8214221422142215,0.547074707470747,0
mouse655957,far,341,0.0452969973227495,0.0252199693132972,0.0486097735807021,3.5200468034418897,5.9381712150479515,4.208059270118201,0.1981707005458421,0.1977934555744659,0.3489869633264373,434.0,366.0,297.0,4.34,3.66,2.97,32.62237132574383,39.17233763264754,40.41654598930722,2.021911224559575,0.029557462038862004,mouse655957far341,0.2081908190819081,0.7647164716471649,0.4671467146714673,0
mouse655957,far,347,0.0384273806623026,0.0459897307280963,0.0803807810520198,1.1551491306332342,1.6601143619062508,1.6605657045537876,0.1717196577716729,0.1394505076879661,0.2337509205824017,2221.0,1797.0,1400.0,22.21,17.97,14.0,30.949343003307767,37.55075153681996,39.26497227276203,2.0208290377961218,0.0131808794227953,mouse655957far347,0.1714671467146715,0.2713771377137715,0.2225022502250224,1
mouse655957,far,350,0.1349124052719325,0.0758123598258077,0.0830517276908809,1.0196905654889932,1.0302247561551978,2.022698825428769,0.2582138017941548,0.2385644247508638,0.2952799250520055,471.0,517.0,499.0,4.71,5.17,4.99,30.315946651478672,36.87280258576281,38.351265447536136,2.033930923114155,0.0169403836782362,mouse655957far350,0.1231323132313232,0.2222322232223222,0.2073807380738073,1
mouse655957,far,353,0.0347214805193458,0.0468982978411584,0.049876188073802,3.9317128432440733,4.829742026848091,6.0815318060787815,0.2390368355157043,0.2434402945261121,0.2460741573084454,473.0,467.0,503.0,4.73,4.67,5.03,30.56545204084712,36.573088908351615,38.5046105263834,2.0331625611347457,0.0137535496646568,mouse655957far353,0.18307830783078302,0.7730873087308732,0.5135913591359135,0
mouse655957,far,359,0.1943629811109972,0.1129790407495671,0.0991484252291459,1.586257695986706,0.4143561576116873,0.9114094581579036,0.4975840553631476,0.3436635376658679,0.3580919596734644,195.0,315.0,202.0,1.95,3.15,2.02,30.350439132710942,36.20420796764977,38.546790341373466,2.032701404535353,0.0399213882291517,mouse655957far359,0.2095409540954096,0.6885688568856887,0.4285328532853286,0
mouse655957,far,360,0.0437871226365129,0.0323886922436515,0.0301837355547912,2.463821183883819,4.816741046149371,0.3432909793827103,0.4257103244377872,0.2542146947291451,0.2641095091381772,82.0,403.0,256.0,0.8200000000000001,4.03,2.56,29.95763050418357,35.93199175196274,38.02703671129113,2.0325476624177847,0.0588686267273082,mouse655957far360,0.1698469846984698,0.8365436543654365,0.37101710171017105,0
mouse655957,far,366,0.0300755538229386,0.0173452358629506,0.0245020042881301,4.446461181338986,3.8362625972837368,4.949119274447444,0.1711332369501518,0.2727905022217924,0.1906719185617885,760.0,712.0,604.0,7.6000000000000005,7.12,6.04,29.608963136268386,35.234803446390046,36.97004525171885,2.032701404535353,0.0236238346426543,mouse655957far366,0.1922592259225923,0.6151215121512154,0.3388838883888386,0
mouse655957,far,367,0.051087082834519994,0.0685178363150077,0.0677110895998372,1.0349667228265895,1.4937037915419995,1.551735267423853,0.155073356324233,0.1744539816134499,0.1823200882213563,1407.0,1530.0,1704.0,14.07,15.3,17.04,29.608963136268386,35.234803446390046,36.97004525171885,2.032701404535353,0.0214448504092725,mouse655957far367,0.1401440144014402,0.2468046804680469,0.1852385238523852,1
mouse655957,far,362,0.1622189785552838,0.1696630115158545,0.1515511553247201,3.9408969022602336,2.916315214992371,1.1051437360008531,0.4282320531354072,0.5171952486439599,0.4214184332511486,88.0,169.0,157.0,0.88,1.69,1.57,29.85621177309493,35.22511289291472,37.34253512842038,2.053959590644373,0.052941136464253004,mouse655957far362,0.1714671467146715,0.6796579657965798,0.3035103510351035,0
mouse655957,far,369,0.0330034128921881,0.0322648615866322,0.0460349010614092,1.2039385251716064,1.3356287796797168,1.5119731873847129,0.1255471612677508,0.1025144100775702,0.1628486999829377,1626.0,1668.0,1149.0,16.26,16.68,11.49,29.85621177309493,35.22511289291472,37.34253512842038,2.053959590644373,0.038542967282102006,mouse655957far369,0.2254725472547255,0.6483348334833485,0.4784878487848786,0
mouse655957,far,675,0.1305811667647957,0.1064466151443616,0.0885679385802024,5.377798577543475,3.7352364976437538,0.7351048905092844,0.4192605719884282,0.4189328256562619,0.44197110002722395,135.0,74.0,90.0,1.35,0.74,0.9,29.480712394758054,35.000097212536396,37.30623180256213,2.054415975405176,0.0640250189935674,mouse655957far675,0.2211521152115212,0.8265526552655267,0.3882988298829882,0
mouse655957,far,372,0.0721088016958213,0.0344943803950872,0.1049965022774188,6.230324270411242,0.31342721183714395,0.6638143157852009,0.3460605858445437,0.3092229539174077,0.3828159820406736,108.0,154.0,153.0,1.08,1.54,1.53,29.2012270236522,34.46317341125267,37.341984355091775,2.054415975405176,0.0638838583456069,mouse655957far372,0.2133213321332133,0.8017101710171018,0.4984698469846987,0
mouse655957,far,373,0.0412335019362503,0.0342994517257602,0.0385141060361372,5.63447572555537,2.979560519475605,1.7157013300532578,0.2095614189988013,0.2712174638437738,0.2124237716439716,612.0,555.0,490.0,6.12,5.55,4.9,28.949836592561148,34.48463089585128,36.946255543459905,2.0331625611347457,0.0211811353936972,mouse655957far373,0.1406840684068407,0.6672367236723674,0.3035103510351035,0
mouse655957,far,374,0.0157535506018577,0.0214089799076255,0.023253950196447003,0.1306585425032791,1.5939284125394029,0.9614679925996809,0.091493015636772,0.1079233612914595,0.2020897443022838,2919.0,2041.0,1384.0,29.19,20.41,13.84,28.949836592561148,34.48463089585128,36.946255543459905,2.0331625611347457,0.0366636963007791,mouse655957far374,0.226012601260126,0.3491449144914492,0.2592259225922591,1
mouse655957,far,378,0.0383270606678329,0.0418246256362545,0.0175135974058881,4.886436157771122,2.0086238449975147,1.875028484704228,0.1937161875004278,0.1402802913864855,0.1089747440785063,1097.0,1542.0,1232.0,10.97,15.42,12.32,29.396003348885337,34.697859597395556,36.8951770575956,2.033930923114155,0.0583790467570906,mouse655957far378,0.2225022502250225,0.5975697569756976,0.4706570657065706,0
mouse655957,far,376,0.0521577724700032,0.074838944474116,0.0351559052335546,5.585136372624606,3.157098880209089,2.5055004443160747,0.2320857558636433,0.356199398914029,0.2544551227906221,231.0,205.0,293.0,2.31,2.05,2.93,29.396003348885337,34.697859597395556,36.8951770575956,2.033930923114155,0.0269184282890278,mouse655957far376,0.1954995499549956,0.6156615661566157,0.3518451845184517,0
mouse655957,far,377,0.1220125122883454,0.0503583860582849,0.1253549327240467,4.104014958978993,1.4497603089750153,1.4776353681431915,0.3052957970037095,0.2902446444444286,0.3230117417520098,245.0,309.0,245.0,2.45,3.09,2.45,29.396003348885337,34.697859597395556,36.8951770575956,2.033930923114155,0.0230588253108906,mouse655957far377,0.1617461746174617,0.6645364536453645,0.3731773177317733,0
mouse655957,far,385,0.0437314163110536,0.0640877221568566,0.0642787304077446,0.9417654855063448,1.4039936480762107,1.8588592801792632,0.1455717674447481,0.1956480160537318,0.1351681970715303,1893.0,1741.0,1939.0,18.93,17.41,19.39,29.227794376823176,34.23961635649096,36.5744820054524,2.0350061424968717,0.0113456992446643,mouse655957far385,0.1336633663366337,0.2562556255625562,0.2160216021602161,1
mouse655957,far,387,0.0769169919064867,0.1663936247150874,0.0548672039102781,4.231931256481211,2.138681021158896,0.242449960347034,0.4129806222277598,0.3852245972558448,0.3794679704605595,129.0,140.0,157.0,1.29,1.4000000000000001,1.57,28.70450738270104,33.838730233601105,36.25925396339582,2.0350061424968717,0.0158147540865048,mouse655957far387,0.1498649864986498,0.8146714671467148,0.4077407740774076,0
mouse655957,far,388,0.0378041333534582,0.031996790169012995,0.0335344354234043,1.6905169158298667,2.38667838326336,3.2751272751053726,0.17602267702027102,0.1813127428103002,0.1911709169759258,794.0,682.0,620.0,7.94,6.82,6.2,28.70450738270104,33.838730233601105,36.25925396339582,2.0350061424968717,0.0296789671398587,mouse655957far388,0.1922592259225922,0.7493249324932494,0.7328532853285331,0
mouse655957,far,391,0.0294625736915871,0.0237057862447503,0.0554620006672232,0.4510381846194135,2.534353872436703,1.825964340637328,0.1969371474049424,0.1576733215936364,0.1709264593504177,1262.0,1068.0,1129.0,12.620000000000001,10.68,11.290000000000001,28.523731412696645,33.67954101028594,36.12205942347611,2.036387733217817,0.0211293090428117,mouse655957far391,0.1995499549954995,0.6237623762376239,0.3742574257425742,0
mouse655957,far,392,0.0271334700391229,0.0072429274648228,0.024968024911411,1.974667160204539,3.4559623942615785,2.3568460855793245,0.1390546821461546,0.1206293940484803,0.1193920485350706,1479.0,1532.0,1640.0,14.790000000000001,15.32,16.4,28.523731412696645,33.67954101028594,36.12205942347611,2.036387733217817,0.0152152937264871,mouse655957far392,0.2227722772277228,0.5916291629162916,0.4088208820882087,0
mouse655957,far,394,0.0506893259356285,0.134328805190399,0.0571779526674781,5.050918327706265,4.8507862222379865,3.8853009840001036,0.2201026099774228,0.290583832018945,0.2441567978921868,528.0,534.0,563.0,5.28,5.34,5.63,28.523731412696645,33.67954101028594,36.12205942347611,2.036387733217817,0.0262468970615944,mouse655957far394,0.1938793879387939,0.6750675067506752,0.3594059405940594,0
mouse655957,far,396,0.031800943941226,0.04878970533532799,0.0670955837280177,0.9047109390970552,1.9338430543429623,1.9199188473934203,0.3043749689654278,0.2874642807184824,0.3209208683324254,166.0,257.0,244.0,1.6600000000000001,2.57,2.44,28.34663331762885,33.38201924544448,35.527553571408326,2.036387733217817,0.0350455261295709,mouse655957far396,0.1814581458145815,0.6040504050405042,0.3591359135913589,0
mouse655957,far,398,0.0298518116511501,0.0418368060902328,0.0217762088634315,5.358698316855046,3.5138116473182444,4.68784461311193,0.2419677317196756,0.2438088997065859,0.2410665968135367,563.0,396.0,532.0,5.63,3.96,5.32,28.132401753302652,32.99770113940703,35.36873537123775,2.038075072218882,0.0336603540959455,mouse655957far398,0.1782178217821782,0.7153015301530155,0.4293429342934293,0
mouse655957,far,399,0.0558664296955183,0.0521826083247796,0.0251368093299985,0.5957164443366473,0.6511816483072927,2.0781822618899812,0.2981445007827308,0.273085063737127,0.1708135915891054,437.0,588.0,525.0,4.37,5.88,5.25,28.132401753302652,32.99770113940703,35.36873537123775,2.038075072218882,0.0154804237672819,mouse655957far399,0.1919891989198919,0.5805580558055806,0.36291629162916295,0
mouse655957,far,402,0.0715904820356601,0.0521485173701128,0.040110323371897995,0.2787659182676,1.1272819280063786,3.4031393715769958,0.3852157925495254,0.3836482718591127,0.3310857900162924,73.0,111.0,157.0,0.73,1.11,1.57,27.61720220970408,32.79146510888233,35.13669652388763,2.038075072218882,0.0477515635800225,mouse655957far402,0.2297929792979298,0.5970297029702971,0.3542754275427544,0
mouse655957,far,401,0.0172122347556769,0.0153959749172928,0.0550074552581519,0.4399187804364021,1.451392333960877,1.5200658001314902,0.1028003133625393,0.1034166490853475,0.1509118655829084,2322.0,2147.0,1759.0,23.22,21.47,17.59,27.61720220970408,32.79146510888233,35.13669652388763,2.038075072218882,0.0165414538527344,mouse655957far401,0.2246624662466246,0.6264626462646267,0.4425742574257424,0
mouse655957,far,406,0.0952422656410311,0.0169330570755034,0.0453669644654713,5.6745684276429245,2.415044268568664,4.9353312695487865,0.3714635373336165,0.3868283463802473,0.2844375350000257,255.0,198.0,135.0,2.5500000000000003,1.98,1.35,27.757474123673763,33.027171145936464,35.12267133939878,2.053350919838107,0.0403239768458913,mouse655957far406,0.200900090009001,0.6143114311431144,0.3553555355535555,0
mouse655957,far,405,0.0212390657482678,0.0117247901904042,0.0277056178395347,0.7207064384889571,4.345360585631702,2.9266820344261033,0.1112373691788572,0.1061589039255457,0.154432826272229,2024.0,1642.0,1681.0,20.240000000000002,16.42,16.81,27.757474123673763,33.027171145936464,35.12267133939878,2.053350919838107,0.0128080759661112,mouse655957far405,0.2511251125112512,0.6275427542754277,0.4112511251125114,0
mouse655957,far,407,0.067245080015067,0.0630350706102218,0.0626806804052269,5.249149564376396,3.9313147963183694,5.414584573606375,0.2542945663778664,0.2574498535848459,0.3096199163427384,390.0,321.0,320.0,3.9,3.21,3.2,27.67289140882148,32.506462248226484,34.81534941549837,2.0556325060671714,0.0225023890831025,mouse655957far407,0.1925292529252925,0.6245724572457247,0.3604860486048605,0
mouse655957,far,412,0.0043125634665437,0.0243676517944427,0.0044066405900066,0.0917506252689841,2.105444096053674,4.910785102817532,0.1179613068532837,0.1487593260826093,0.1272198364085651,2092.0,1972.0,1901.0,20.92,19.72,19.01,27.313776368702932,32.62337636212317,34.307240070587746,2.0556325060671714,0.0299536918241148,mouse655957far412,0.24194419441944195,0.6437443744374439,0.3912691269126912,0
mouse655957,far,408,0.0567514003614753,0.0769014263422484,0.1093623501495008,2.2297599776532633,0.0528766122887477,4.538553080301336,0.3868523568781849,0.430178567275236,0.3749081945419693,144.0,95.0,231.0,1.44,0.9500000000000001,2.31,27.27929202228621,32.418453594461724,34.45358894012237,2.0556325060671714,0.0514429287213259,mouse655957far408,0.2122412241224122,0.6278127812781279,0.4385238523852387,0
mouse655957,far,411,0.1231509413571257,0.1210973771448761,0.153382650249442,0.7332299043829463,0.9442646266261612,1.1877599680913429,0.2815394536220567,0.2862658993022491,0.3148075468011738,494.0,540.0,318.0,4.94,5.4,3.18,27.27929202228621,32.418453594461724,34.45358894012237,2.0556325060671714,0.0738114735380603,mouse655957far411,0.1871287128712871,0.7976597659765977,0.3726372637263725,0
mouse655957,far,421,0.0895502201458294,0.1339178282178832,0.0347574383176445,5.08119811781447,4.773815908205949,2.2359858604921627,0.3361493493011623,0.4575236218931945,0.3414730850727676,242.0,124.0,94.0,2.42,1.24,0.9400000000000001,27.27929202228621,32.418453594461724,34.45358894012237,2.0556325060671714,0.0444420763832252,mouse655957far421,0.1830783078307831,0.6016201620162017,0.3442844284428443,0
mouse655957,far,416,0.066747152652644,0.0542421090194807,0.0616236946821086,4.869251279788061,2.2929622126681815,0.4530150965009214,0.2577944574641738,0.3108978052820362,0.2671252713016378,371.0,296.0,315.0,3.71,2.96,3.15,27.27929202228621,32.418453594461724,34.45358894012237,2.0556325060671714,0.0579251047249528,mouse655957far416,0.1590459045904591,0.8781278127812782,0.4082808280828086,0
mouse655957,far,418,0.0061646394934512,0.0394894400710852,0.0450513383505508,4.8751159435383515,3.4556005671791334,3.4972552277882434,0.1703580973075635,0.1899367115606374,0.2153193691167644,633.0,406.0,528.0,6.33,4.0600000000000005,5.28,26.877946469014702,32.060193200744145,34.15493354771236,2.0582152462752776,0.0230731310621645,mouse655957far418,0.2168316831683168,0.6180918091809181,0.3774977497749777,0
mouse655957,far,419,0.0892905500462461,0.0243785154946903,0.0898524484295699,0.5548443957404272,2.531353342144949,0.4992440864880234,0.3188525874919543,0.3792985854207751,0.3445698239865776,127.0,131.0,149.0,1.27,1.31,1.49,26.877946469014702,32.060193200744145,34.15493354771236,2.0582152462752776,0.0195937263846295,mouse655957far419,0.1703870387038705,0.7806480648064807,0.4128712871287129,0
mouse655957,far,422,0.0178343170378998,0.0986294841509273,0.0337080370172777,6.196231221278155,5.153660225963058,4.793983397677558,0.3325443597592551,0.3501461799957632,0.2729099026065188,247.0,241.0,297.0,2.47,2.41,2.97,27.065322628950984,31.910256018239327,33.83869728301869,2.0582152462752776,0.020750508981898997,mouse655957far422,0.2125112511251126,0.6132313231323132,0.394779477947795,0
mouse655957,far,684,0.0242338675582333,0.0221082758335152,0.0177866197300001,4.73796083032623,3.6097469981145225,5.370711372476079,0.2385239259516763,0.2635997718958339,0.2285213209869002,448.0,729.0,492.0,4.48,7.29,4.92,27.065322628950984,31.910256018239327,33.83869728301869,2.0582152462752776,0.0273776064664931,mouse655957far684,0.2387038703870386,0.6062106210621063,0.3893789378937896,0
mouse655957,far,423,0.026413451780484997,0.0851757983594137,0.0674494876798791,5.967872635738655,4.157418275612754,4.9205997678341085,0.2874535185627215,0.309870488195096,0.3107722270750759,206.0,227.0,192.0,2.06,2.27,1.92,27.065322628950984,31.910256018239327,33.83869728301869,2.0582152462752776,0.0352244649057993,mouse655957far423,0.2373537353735374,0.632943294329433,0.3645364536453644,0
mouse655957,far,426,0.1585993940898477,0.0847764497204271,0.09199262487895599,5.799815510540756,3.9294724316556446,2.3737923447910303,0.3878717089859901,0.2639805274072356,0.2738055540613385,145.0,293.0,279.0,1.45,2.93,2.79,27.223884152161197,32.08780181676228,33.663141702238605,2.061098008344096,0.0266095237283248,mouse655957far426,0.1801080108010802,0.5802880288028803,0.2908190819081908,0
mouse655957,far,428,0.0607103324065038,0.0264117458813183,0.0351346324172411,3.318445362110713,4.838292872754289,1.933533568622344,0.2694815035622246,0.2197532372500886,0.228231834891151,548.0,478.0,565.0,5.48,4.78,5.65,27.223884152161197,32.08780181676228,33.663141702238605,2.061098008344096,0.0335626879063298,mouse655957far428,0.1547254725472547,0.5773177317731774,0.3129612961296131,0
mouse655957,far,430,0.0815996206605109,0.055199512541789,0.0447785989678464,4.211564306440326,3.5539706804610867,3.491136470858423,0.3387582165348656,0.261792975741472,0.3405718350377344,239.0,278.0,272.0,2.39,2.7800000000000002,2.72,26.959214605757683,31.750723744804677,33.29873858331106,2.061098008344096,0.0214465491479618,mouse655957far430,0.1776777677767776,0.7134113411341134,0.3491449144914492,0
mouse655957,far,433,0.0930876280805081,0.0456994051442575,0.0606513596500343,4.721731455093211,3.8730799412428567,4.018451999591922,0.2540328495451862,0.1874413959477125,0.2331834643908196,620.0,742.0,696.0,6.2,7.42,6.96,27.38646757460432,32.00237494538517,33.19479350635482,2.0642795353343018,0.014608301924174,mouse655957far433,0.1379837983798381,0.6102610261026103,0.2848784878487849,0
mouse655957,far,434,0.0520071483809778,0.0127863943474031,0.0462181750812574,1.2713406693099616,3.4890371152874935,2.19801560099418,0.1978534300407314,0.1992862487226375,0.2032856111270347,1448.0,1112.0,919.0,14.48,11.120000000000001,9.19,25.938286148691677,30.93902471305995,32.71698405483285,2.0642795353343018,0.0290019367863327,mouse655957far434,0.2405940594059405,0.6099909990999101,0.3799279927992801,0
mouse655957,far,688,0.0416935375449505,0.0200436964120679,0.0998532334350916,0.0691040362157935,5.9727945297950935,5.4084432053437554,0.3643274927112178,0.2066164184838249,0.3400324761303729,183.0,270.0,219.0,1.83,2.7,2.19,25.938286148691677,30.93902471305995,32.71698405483285,2.0642795353343018,0.0132344718026221,mouse655957far688,0.2268226822682267,0.56003600360036,0.3531953195319532,0
mouse655957,far,689,0.0507531473035579,0.0610985597995504,0.0342906390672535,5.6915280148795855,3.76472966886063,4.644477379893037,0.2228285774235247,0.3175206819331277,0.3082585620017431,457.0,255.0,226.0,4.57,2.5500000000000003,2.2600000000000002,25.938286148691677,30.93902471305995,32.71698405483285,2.0642795353343018,0.035123029571432,mouse655957far689,0.2341134113411341,0.6475247524752477,0.3610261026102611,0
mouse655957,far,437,0.0318699487709875,0.0229125235019815,0.0199264187696108,4.919878186047615,5.3884542662740005,4.730756155482285,0.120232638742841,0.1372454681399809,0.168132592743429,1254.0,1427.0,1234.0,12.540000000000001,14.27,12.34,26.003804425886326,31.117578368034238,32.217507968441296,2.0642795353343018,0.0146128626247018,mouse655957far437,0.1895589558955895,0.4744374437443744,0.3216021602160217,0
mouse655957,far,447,0.0115969125930601,0.0416335519697832,0.0351908623937963,2.4855572530189893,2.9541218715826623,3.6041950123363953,0.1989356009679129,0.2584991472953105,0.2384581054373288,703.0,446.0,525.0,7.03,4.46,5.25,26.003804425886326,31.117578368034238,32.217507968441296,2.0642795353343018,0.0450735551431037,mouse655957far447,0.3056705670567057,0.7026102610261028,0.4026102610261027,0
mouse655957,far,443,0.0208413858294764,0.030193592003604,0.0289100937399806,3.8837392492167577,4.9631285296150125,3.0237708292019083,0.1819909851638755,0.16567558637744698,0.2034737095216718,880.0,848.0,940.0,8.8,8.48,9.4,26.018447785440888,30.282800723673247,31.912781365020212,2.050762053481584,0.018910698407421,mouse655957far443,0.1968496849684968,0.5821782178217823,0.3305130513051306,0
mouse655957,far,441,0.037215749380762,0.11845294838046198,0.0197843998201187,4.196764536681295,4.492629701562307,4.764394171192942,0.1848753403208344,0.3200161141304469,0.2687390499422128,803.0,359.0,380.0,8.03,3.59,3.8000000000000003,26.018447785440888,30.282800723673247,31.912781365020212,2.050762053481584,0.057345950040874,mouse655957far441,0.2095409540954095,0.5486948694869488,0.4128712871287131,0
mouse655957,far,442,0.0250582727868312,0.0200398986443912,0.0469358810823138,0.8205060238617237,4.7428431755644365,5.700986463919801,0.1856951876874856,0.2098819479716468,0.2001126684169015,683.0,753.0,715.0,6.83,7.53,7.15,26.018447785440888,30.282800723673247,31.912781365020212,2.050762053481584,0.0144348636996349,mouse655957far442,0.1871287128712871,0.5694869486948696,0.3472547254725473,0
mouse655957,far,444,0.0645969834037728,0.0609828706836707,0.0260335809865152,2.4204296851778357,3.7471522566648834,4.308321183020625,0.3073699851103711,0.2429012900209775,0.2592966179445297,476.0,485.0,555.0,4.76,4.8500000000000005,5.55,26.018447785440888,30.282800723673247,31.912781365020212,2.050762053481584,0.0691739544284275,mouse655957far444,0.2751575157515752,0.6974797479747976,0.3639963996399639,0
mouse655957,far,445,0.0513909854659254,0.0116137803563602,0.0224057220115951,4.055145975567283,0.7073980565306782,1.6999498846620449,0.1956449331439018,0.2059261811649397,0.1673493649024191,763.0,733.0,592.0,7.63,7.33,5.92,26.018447785440888,30.282800723673247,31.912781365020212,2.050762053481584,0.0140261328231427,mouse655957far445,0.2427542754275428,0.7212421242124214,0.3237623762376237,0
mouse655957,far,438,0.037950227111529,0.013959257219972999,0.0406224176517478,0.7981990505165119,4.901053054210749,2.0698598544314653,0.1384445655464873,0.1050476260925236,0.1741373322899332,1793.0,1871.0,1595.0,17.93,18.71,15.950000000000001,25.86556150745439,30.67497414429734,31.34027699314011,2.050762053481584,0.0154519888776653,mouse655957far438,0.2165616561656165,0.6297029702970298,0.4080108010801079,0
mouse655957,far,446,0.1125564363874768,0.057244790702974,0.0900416091991916,5.016793366234398,4.036604761262753,6.1344298700897895,0.3909520343812024,0.3123674527195292,0.3414476294344258,127.0,98.0,262.0,1.27,0.98,2.62,25.86556150745439,30.67497414429734,31.34027699314011,2.050762053481584,0.0239552524198444,mouse655957far446,0.1506750675067507,0.5832583258325833,0.3172817281728173,0
mouse655957,far,448,0.0283565691801898,0.0416476059534631,0.0719635042164423,5.119231856405769,2.1843334498923634,3.1487889155540283,0.2160386262718149,0.2191533612779297,0.2857514388175587,496.0,448.0,324.0,4.96,4.48,3.24,25.86556150745439,30.67497414429734,31.34027699314011,2.050762053481584,0.0420484673715182,mouse655957far448,0.1358235823582358,0.7023402340234025,0.4574257425742573,0
mouse655957,far,455,0.0593672247771417,0.0063945872670269,0.0338831651627292,1.5060946650000242,2.2882597743383783,1.629265964338931,0.2314952757200523,0.1573389452181703,0.2336417641666436,613.0,765.0,675.0,6.13,7.65,6.75,25.86556150745439,30.67497414429734,31.34027699314011,2.050762053481584,0.0105104222421303,mouse655957far455,0.1636363636363635,0.6718271827182719,0.3548154815481547,0
mouse655957,far,454,0.036697133147238,0.0278765951392919,0.0116661430713795,3.755044606455744,3.285588510117668,4.4538996903224675,0.1943839938415257,0.1764806448909147,0.1890770361332864,938.0,1076.0,909.0,9.38,10.76,9.09,25.81269144540192,30.09997933828852,31.374037047182103,2.054872258803452,0.020352472848657,mouse655957far454,0.23006300630063,0.6126912691269126,0.3715571557155716,0
mouse655957,far,463,0.0204921303189241,0.0105311907982569,0.0382926089345603,1.8726307125302937,2.186431887787706,2.2755883477326573,0.1555274040857698,0.1214003212244316,0.1777404423819791,948.0,939.0,817.0,9.48,9.39,8.17,25.53531477246408,29.730115073884114,31.157947955769163,2.0727397328174133,0.0099189160080202,mouse655957far463,0.2154815481548155,0.5910891089108912,0.3718271827182718,0
mouse655957,far,694,0.1069963276401986,0.0126149302197386,0.0397611150369431,4.599940145873137,5.816647283126702,0.18883524342264102,0.4430436686843474,0.3491436320811447,0.2601893857141655,120.0,157.0,185.0,1.2,1.57,1.85,25.53531477246408,29.730115073884114,31.157947955769163,2.0727397328174133,0.0223609097427285,mouse655957far694,0.1828082808280828,0.6351035103510353,0.3602160216021602,0
mouse655957,far,460,0.0563370422941212,0.0342450830129813,0.0405996193467086,0.3685438958191864,1.4679086811820286,1.8668411560919755,0.1829710607161532,0.1477118428544704,0.2376508512145792,1527.0,1083.0,884.0,15.27,10.83,8.84,25.06261820233745,29.56758177338407,30.292357974714818,2.0727397328174133,0.0218942474323614,mouse655957far460,0.1450045004500449,0.2886588658865886,0.1917191719171918,1
mouse655957,far,459,0.0141555336679161,0.0147264798504243,0.0196554738379448,4.392256324258009,4.128497979725049,2.1465991961540367,0.1792461893696134,0.1529665581384821,0.1777448691469858,1224.0,1560.0,1729.0,12.24,15.6,17.29,25.06261820233745,29.56758177338407,30.292357974714818,2.0727397328174133,0.027065852453948,mouse655957far459,0.2211521152115212,0.6450945094509452,0.3226822682268225,0
mouse655957,far,458,0.0295438671471226,0.0121512382551542,0.0125615304735843,0.9476291570926016,5.1556390491773465,1.5568746800696962,0.1899110122402882,0.1492323869121274,0.1866922874833693,1688.0,1843.0,1611.0,16.88,18.43,16.11,25.16765814259911,28.781695091620822,30.40185745434136,2.0727397328174133,0.0077227485790872,mouse655957far458,0.2017101710171017,0.5154815481548156,0.3394239423942395,0
mouse655957,far,462,0.0767239104164917,0.0516383336938685,0.0240105240362492,4.634795796044874,3.826074514905036,2.5998646581819456,0.2296472178203208,0.2163762810254538,0.2538527511524333,675.0,631.0,504.0,6.75,6.3100000000000005,5.04,25.34288901300103,29.136344830302523,30.294909095701108,2.0774082410542234,0.0229464980532656,mouse655957far462,0.2289828982898289,0.5716471647164718,0.3850585058505851,0
mouse655957,far,464,0.0628424164164567,0.0544474813660566,0.0187828750130319,1.4502835495464892,3.6839769243325367,3.6644064748222274,0.1919465393255393,0.2236034190808157,0.22906433007156302,816.0,543.0,343.0,8.16,5.43,3.43,25.34288901300103,29.136344830302523,30.294909095701108,2.0774082410542234,0.0177507133367783,mouse655957far464,0.1776777677767776,0.5616561656165616,0.3202520252025203,0
mouse655957,far,465,0.0962686998622644,0.0330404050813773,0.0428664832867985,0.7276213990138728,1.4199517966840745,1.0561063800600885,0.2328755364749948,0.19615392104690801,0.1593550121236306,1208.0,877.0,999.0,12.08,8.77,9.99,25.34288901300103,29.136344830302523,30.294909095701108,2.0774082410542234,0.0223917346914118,mouse655957far465,0.1377137713771378,0.2362736273627363,0.1952295229522952,1
mouse655957,far,466,0.0643973727257728,0.0625570827511019,0.0673704524061483,0.3590390254683784,2.6740544711778624,4.695873138393772,0.3313989022443521,0.36381080060149396,0.3649637277252274,276.0,214.0,237.0,2.7600000000000002,2.14,2.37,25.34288901300103,29.136344830302523,30.294909095701108,2.0774082410542234,0.04074648970684299,mouse655957far466,0.2154815481548155,0.6564356435643565,0.4371737173717375,0
mouse655957,far,467,0.0247428940514623,0.0315316544117372,0.0331317832860743,5.051630336097928,0.4418255127996378,0.6384780372864178,0.2896887052318664,0.2796580504754143,0.2222673206297231,391.0,471.0,384.0,3.91,4.71,3.84,25.34288901300103,29.136344830302523,30.294909095701108,2.0774082410542234,0.0219902394426028,mouse655957far467,0.2044104410441044,0.6045904590459048,0.3715571557155716,0
mouse655957,far,469,0.1316588150808579,0.08161770122628599,0.0888169575186603,4.055564257805795,1.5532849540131568,2.02316913150751,0.5299576609453551,0.330800462636073,0.355379814860176,53.0,92.0,108.0,0.53,0.92,1.08,24.555880574714152,29.03925561173525,29.854962511262226,2.08236644229588,0.0546936068281346,mouse655957far469,0.1479747974797479,0.4493249324932493,0.4647164716471648,0
mouse655957,far,472,0.0250454183818638,0.0229361334896317,0.0375305526079919,5.14960694544046,3.4433184442799445,3.0535876259048598,0.1345954708562055,0.1333869744221742,0.1662927913782848,1611.0,1205.0,1221.0,16.11,12.05,12.21,24.655868866882447,29.0055712534134,30.04172306977117,2.08236644229588,0.0344199212451863,mouse655957far472,0.2395139513951396,0.5797479747974799,0.3626462646264627,0
mouse655957,far,473,0.0134703692402186,0.10680791134170402,0.0335995877828459,6.237477000748205,0.5437538551021145,2.5534746210824126,0.3082397059390448,0.323404627047213,0.2894848714536809,253.0,311.0,165.0,2.5300000000000002,3.11,1.6500000000000001,24.655868866882447,29.0055712534134,30.04172306977117,2.08236644229588,0.0417220742103186,mouse655957far473,0.1798379837983799,0.7320432043204322,0.4547254725472546,0
mouse655957,far,474,0.0157042111891904,0.054768425344223,0.0688710199308018,0.3961767880963476,4.420888195738408,6.013873039517298,0.2144809689136327,0.2177173477021542,0.248533974417456,432.0,510.0,467.0,4.32,5.1000000000000005,4.67,24.67506289992648,29.01683127349312,30.065687153201925,2.0876122724299164,0.0163898788131136,mouse655957far474,0.2527452745274529,0.6561656165616564,0.4163816381638164,0
mouse655957,far,476,0.0589782842119856,0.0828187270193989,0.0232223604364665,3.8209313676641794,4.520957756484611,4.34169924087464,0.2094847007541721,0.21715737957922102,0.292253383538567,355.0,765.0,415.0,3.5500000000000003,7.65,4.15,24.67506289992648,29.01683127349312,30.065687153201925,2.0876122724299164,0.0098790962219055,mouse655957far476,0.1930693069306931,0.5851485148514852,0.3486048604860488,0
mouse655957,far,478,0.0385373994307824,0.1268154154886419,0.0538835417204138,2.1407469918442965,4.446750810122848,3.741067084617237,0.321661242060297,0.4108600834722157,0.2856139039206933,193.0,143.0,185.0,1.93,1.43,1.85,24.465307173537628,29.591637328243607,29.808834728055,2.0673050089428027,0.011431686980328001,mouse655957far478,0.1450045004500451,0.6232223222322234,0.6718271827182719,0
mouse655957,far,495,0.0323015586823329,0.0387633946664494,0.0147433986576582,1.301427862117806,0.6409357663501976,5.195778590347199,0.1152474918830901,0.1360737178061605,0.1170593399938873,2138.0,1901.0,2002.0,21.38,19.01,20.02,25.50010403980523,31.020413210722257,30.79087556856783,2.111575241377868,0.0192922377883661,mouse655957far495,0.1752475247524753,0.3494149414941494,0.2643564356435643,1
mouse655957,far,321,0.0313164982425873,0.0897265522685651,0.0555270831514324,0.9447510168210866,1.5404053938154494,3.07742007845513,0.3776538488920408,0.4557110599106211,0.4795708471415603,175.0,72.0,35.0,1.75,0.72,0.35000000000000003,34.298819623845695,43.03296565792077,43.17736913554616,2.050152433357091,0.0417279095890834,mouse655957far321,0.1582358235823583,0.5689468946894689,0.2756975697569759,0
mouse655957,far,348,0.056215669286651,0.2151689027801905,0.1797650733930093,2.569772503712865,0.7641187108650038,0.9903381946906687,0.3457934728559397,0.4383547806120438,0.5421509270042927,143.0,162.0,44.0,1.43,1.62,0.44,30.949343003307767,37.55075153681996,39.26497227276203,2.0208290377961218,0.0197176396876903,mouse655957far348,0.1539153915391539,0.6456345634563457,0.2738073807380738,0
mouse655957,far,755,0.092828286903245,0.0940464819718022,0.2097334486398802,0.7456094985083564,1.6084039621288688,2.3874433958532224,0.3149826285987298,0.3185487205108277,0.5302988559544832,96.0,103.0,97.0,0.96,1.03,0.97,30.315946651478672,36.87280258576281,38.351265447536136,2.033930923114155,0.0739111520263179,mouse655957far755,0.2303330333033303,0.6756075607560758,0.3696669666966697,0
mouse655957,far,680,0.0804854218072328,0.1133105311571912,0.0510752238629065,3.540895555520166,1.2512439516896927,0.4828930429043009,0.3598555183413162,0.3537557254956969,0.3924581164345467,83.0,101.0,121.0,0.8300000000000001,1.01,1.21,28.34663331762885,33.38201924544448,35.527553571408326,2.036387733217817,0.0647276548840275,mouse655957far680,0.1844284428442844,0.7336633663366338,0.4863186318631863,0
mouse655957,far,424,0.0805480698669391,0.1283378364198661,0.1231306007177366,2.5489022277390188,4.598212703462718,5.3216027085438755,0.3098568690336163,0.4229040055264423,0.3685591102264128,213.0,131.0,137.0,2.13,1.31,1.37,26.959214605757683,31.750723744804677,33.29873858331106,2.061098008344096,0.0606283996393045,mouse655957far424,0.1830783078307831,0.7668766876687672,0.3966696669666968,0
mouse655957,far,452,0.0211520626825844,0.0241799052842493,0.049932149526809994,4.529255769886387,3.8502712305088496,2.2161184248098675,0.196185775311835,0.1803326695589918,0.2531860015070301,440.0,655.0,744.0,4.4,6.55,7.44,25.86556150745439,30.67497414429734,31.34027699314011,2.050762053481584,0.0342901722134908,mouse655957far452,0.2897389738973898,0.6796579657965797,0.3772277227722772,0
mouse655957,far,456,0.1545690761223132,0.0332257005152399,0.0198778811350553,4.457589973850547,2.4545909263426475,0.3239700446628278,0.4235472069588973,0.4051687070148936,0.4172999617909507,92.0,84.0,90.0,0.92,0.84,0.9,25.53531477246408,29.730115073884114,31.157947955769163,2.0727397328174133,0.0972812367285104,mouse655957far456,0.2913591359135914,0.7161116111611163,0.3731773177317733,0
mouse655957,far,309,0.0246563586287398,0.0190974049702616,0.1349053628206312,5.135998035555781,0.8162600554395055,0.5094460510979153,0.1961367096420729,0.2589756300762379,0.3020133709722331,882.0,459.0,312.0,8.82,4.59,3.12,35.32007840935729,44.64497908610968,44.462944662807296,2.0837166314064883,0.0777992635086048,mouse655957far309,0.3021602160216022,0.8692169216921692,0.0164716471647166,0
mouse657902,far,24,0.0053135312707687,0.0151945888225684,0.0086460309786558,4.58033544546358,0.0184165279360827,5.138076026914131,0.0991413854394292,0.1042107403931049,0.1150274788702633,4023.0,3517.0,3780.0,40.230000000000004,35.17,37.800000000000004,64.57958715763449,57.55448433076965,62.369131316922896,2.532414855429497,0.04522236605636099,mouse657902far24,0.06804680468046799,0.1609360936093609,0.0807380738073807,1
mouse657902,far,22,0.0425806693218442,0.0501137002749456,0.04423481007874099,0.3049015874429194,3.0930765582589745,2.441205076678567,0.2292440231911893,0.5151260595827679,0.2696455874487091,492.0,75.0,485.0,4.92,0.75,4.8500000000000005,64.57958715763449,57.55448433076965,62.369131316922896,2.532414855429497,0.0363518179828413,mouse657902far22,0.1803780378037804,0.6923492349234924,0.3105310531053106,0
mouse657902,far,23,0.0051299791469824,0.0692022649300999,0.0278242426783877,3.108098504565115,1.7415581410877912,1.8276807377027569,0.1376387025106619,0.4033476584053003,0.1935712253106999,1202.0,108.0,873.0,12.02,1.08,8.73,62.500382074398395,56.115491744763354,60.98180172769205,2.532414855429497,0.0839618982670705,mouse657902far23,0.1892889288928894,0.6534653465346535,0.2900090009000902,0
mouse657902,far,25,0.0355094857719774,0.0166863309302364,0.0294756041343227,2.5445770809712025,1.6986430930724568,5.491396814014231,0.1882708784475904,0.2234512890612247,0.1206267631106538,982.0,713.0,989.0,9.82,7.13,9.89,62.500382074398395,56.115491744763354,60.98180172769205,2.532414855429497,0.0311007882713625,mouse657902far25,0.1288028802880287,0.2503150315031504,0.22790279027902802,1
mouse657902,far,31,0.0026615757433506,0.0197519311759348,0.0198816177050332,0.7851916267136835,4.2709278668423964,1.705328857429805,0.1605624404487018,0.1764995645855687,0.1850748482302296,759.0,760.0,1073.0,7.59,7.6000000000000005,10.73,63.183490810703155,56.637019509555856,61.75535758388031,2.5113492389550287,0.0659316499391532,mouse657902far31,0.1765976597659766,0.5921692169216923,0.297029702970297,0
mouse657902,far,34,0.0192660952063064,0.0051330226246671,0.0227502832862706,1.5105204630259872,0.3906235469683556,6.139792380335492,0.1776334032286252,0.0983592900265247,0.1327465363279413,1349.0,1727.0,1388.0,13.49,17.27,13.88,62.361626955055115,55.66369525373342,59.919045400039245,2.5107269863527577,0.0399302206026697,mouse657902far34,0.2011701170117011,0.6720972097209722,0.3675067506750674,0
mouse657902,far,35,0.0918469780530917,0.0971516249484182,0.1020677113424046,1.268628453814788,1.1761925001214153,1.674581823243004,0.3897515727845171,0.37084709503133295,0.4087323671803733,175.0,123.0,143.0,1.75,1.23,1.43,62.960259018829696,56.31844520794611,60.80337543473403,2.510353560755935,0.0493992337620238,mouse657902far35,0.1968496849684968,0.6750675067506752,0.3126912691269125,0
mouse657902,far,239,0.1147601322383359,0.0347456156326088,0.0162369504747771,3.7432033027593796,0.9874809389729751,1.3122609407658004,0.3471922062639375,0.3062587891636835,0.3953071520288989,249.0,272.0,135.0,2.49,2.72,1.35,62.960259018829696,56.31844520794611,60.80337543473403,2.510353560755935,0.0394158554535014,mouse657902far239,0.1760576057605761,0.6159315931593159,0.3121512151215122,0
mouse657902,far,250,0.0463212653749121,0.0161130392549867,0.0089117372372554,2.3089902348495093,2.7236232253374517,1.8654118109930249,0.2230046881196007,0.1436097690380711,0.1427005273578735,430.0,935.0,592.0,4.3,9.35,5.92,62.960259018829696,56.31844520794611,60.80337543473403,2.510353560755935,0.0264745887183775,mouse657902far250,0.1976597659765977,0.6191719171917193,0.2505850585058506,0
mouse657902,far,191,0.0306899472175059,0.0378006822008827,0.0241731257164618,3.2132507655613196,5.474523421937512,4.8125030679947685,0.1964356861254459,0.1581513302629506,0.16680752237797902,763.0,581.0,658.0,7.63,5.8100000000000005,6.58,61.44310057213258,55.45040819337038,59.45062255648426,2.510353560755935,0.0207300613373261,mouse657902far191,0.1601260126012601,0.6224122412241224,0.3024302430243026,0
mouse657902,far,38,0.0673455986802129,0.0605452114394758,0.0443551008429968,6.185907313190321,1.206282874742115,5.251060019060623,0.2780137399740167,0.3136616174874096,0.2586740136903632,233.0,150.0,327.0,2.33,1.5,3.27,62.13177177994686,55.95581503979188,60.08287569494946,2.492614089665707,0.0563238200176833,mouse657902far38,0.2203420342034203,0.8808280828082808,0.37290729072907297,0
mouse657902,far,39,0.0424559948837195,0.0235672418947302,0.0170315376982002,3.6313719506022455,3.7520714576989245,6.138024590313053,0.1955605090288217,0.1454740334493547,0.1726890902326278,586.0,929.0,685.0,5.86,9.290000000000001,6.8500000000000005,62.83443371841706,56.366185314251545,60.33391886718179,2.492739456902787,0.0288953471808807,mouse657902far39,0.17200720072007197,0.5937893789378939,0.2767776777677768,0
mouse657902,far,41,0.0195798442376179,0.0232642570064876,0.0211896419296944,2.497603582422984,1.3507291439583529,1.7612050307076184,0.17938569445511396,0.1756649453095131,0.1026236920353429,1444.0,1350.0,1578.0,14.44,13.5,15.780000000000001,61.4146942875431,55.36861305093718,58.98000742016074,2.492739456902787,0.0421430494029714,mouse657902far41,0.1639063906390639,0.5873087308730875,0.295139513951395,0
mouse657902,far,192,0.0137694899816206,0.026427890306329,0.0450539832483645,1.3724641515150084,1.8526935112660008,0.536899092982162,0.1289272013432185,0.1559757667123349,0.1831404508668314,2033.0,2191.0,1878.0,20.330000000000002,21.91,18.78,61.4146942875431,55.36861305093718,58.98000742016074,2.492739456902787,0.0349059987983551,mouse657902far192,0.1517551755175518,0.2891989198919892,0.2346534653465346,1
mouse657902,far,43,0.0207398844986177,0.0219363162171654,0.0040876877487964,1.0358400574297992,3.9482372703573287,1.99794271071173,0.1126174866285705,0.1903653032928405,0.0830703544044872,3176.0,2121.0,3423.0,31.76,21.21,34.230000000000004,61.75367770878727,55.87478799609447,59.416837152594155,2.492739456902787,0.0261630147529025,mouse657902far43,0.1371737173717372,0.253015301530153,0.2397839783978398,1
mouse657902,far,47,0.0161297924553318,0.0136561323813062,0.0054938776387257,6.195137492688428,0.4940882229271642,1.9782093972780541,0.0529995981772119,0.1120940443880693,0.0785621105711655,4387.0,2695.0,4753.0,43.87,26.95,47.53,61.346494533337285,55.94756246374732,59.22559994036225,2.4937421679075005,0.0336218000961847,mouse657902far47,0.1747074707470747,0.2592259225922593,0.2411341134113411,1
mouse657902,far,240,0.0772853158717979,0.0316110908394506,0.0760329657798972,0.1719042218114143,5.4066895855495325,1.1922225187921192,0.4335484255206683,0.4288108842455747,0.331314490133911,181.0,117.0,244.0,1.81,1.17,2.44,61.30013466968929,55.76515292907384,58.66066241712391,2.494619209418544,0.0416333291095971,mouse657902far240,0.2341134113411341,0.8233123312331234,0.5206120612061208,0
mouse657902,far,56,0.0236970326283272,0.0630475200221766,0.0257056962490563,4.873983724233572,5.1469433750703875,0.2592257892366058,0.2470407520955754,0.3523842347170515,0.2118866517971611,513.0,174.0,505.0,5.13,1.74,5.05,60.706471637247546,55.51878841704495,57.93947433742336,2.478280654001883,0.0363765888425416,mouse657902far56,0.2095409540954096,0.7495949594959498,0.4914491449144916,0
mouse657902,far,53,0.028549819030511,0.0114852614900277,0.0139102308872729,1.4997699961803737,0.4124695711680901,5.849630205149477,0.22874329794023,0.1826720542098966,0.1917254716496729,1167.0,963.0,1148.0,11.67,9.63,11.48,60.706471637247546,55.51878841704495,57.93947433742336,2.478280654001883,0.0156850327339303,mouse657902far53,0.1401440144014402,0.7036903690369039,0.3899189918991897,0
mouse657902,far,55,0.0855051484679346,0.1503727648483051,0.0273250259599914,2.040728024492376,2.1431116159264425,6.122160251355367,0.3772488759194565,0.3943020287659286,0.2435041381828357,65.0,91.0,247.0,0.65,0.91,2.47,61.491945081235535,56.22053078484332,58.7965508887734,2.478280654001883,0.0457390287614366,mouse657902far55,0.1709270927092708,0.6972097209720973,0.295949594959496,0
mouse657902,far,57,0.0558293833000779,0.0960781785263718,0.0728692003598283,1.0133102633231983,4.2105900769929985,1.4350971545702045,0.2401125344977211,0.450697143570151,0.4033816411873925,371.0,77.0,343.0,3.71,0.77,3.43,61.494513021905604,56.07941876925274,58.392860408960765,2.478280654001883,0.07977123098992599,mouse657902far57,0.1644464446444644,0.7236723672367238,0.3507650765076507,0
mouse657902,far,59,0.1384385702389911,0.0920706829618164,0.0805945385523487,5.522133539483208,5.400929020014682,4.7274299832703885,0.38125754785445004,0.4109574292383083,0.3961642120348972,77.0,203.0,98.0,0.77,2.0300000000000002,0.98,62.227594686795136,56.65326145615568,58.91982499403584,2.4796673163954885,0.0596352350468996,mouse657902far59,0.1617461746174617,0.6189018901890191,0.2513951395139515,0
mouse657902,far,60,0.0570100117392611,0.0553677837260413,0.0299343194138362,5.042826671849721,6.214551615172787,1.1141642710605997,0.2928164079723014,0.3185478835178076,0.1885848892543285,731.0,357.0,584.0,7.3100000000000005,3.5700000000000003,5.84,60.990941045445965,56.083125253200045,57.848743663224155,2.4796673163954885,0.027074618080811002,mouse657902far60,0.2022502250225023,0.7161116111611162,0.3224122412241225,0
mouse657902,far,62,0.028531318078187998,0.0277926934609093,0.0164644948145276,1.2078262363643977,2.203053823437795,2.212946703965571,0.0771010659928503,0.08004673238345199,0.0520635069484441,6951.0,4797.0,6317.0,69.51,47.97,63.17,61.99454572920259,56.7789838034691,58.715644899683724,2.4992498874662377,0.0345562107907834,mouse657902far62,0.1371737173717372,0.2360036003600359,0.2214221422142215,1
mouse657902,far,63,0.0442332856471451,0.0346449754604316,0.0527899421654205,2.168338351059309,3.24402881957418,4.258021707961014,0.3200785253892486,0.3308835983733955,0.2327947039084794,393.0,139.0,458.0,3.93,1.3900000000000001,4.58,61.57504495976123,56.76999992856564,58.7141499252789,2.4992498874662377,0.0513805104162913,mouse657902far63,0.1757875787578757,0.594869486948695,0.2927092709270926,0
mouse657902,far,69,0.0131612550909643,0.0141382404410517,0.0142007186587238,5.839417243595022,1.215790931052855,5.636572553003383,0.1468701618293672,0.1814984868122447,0.1410745446247862,1607.0,589.0,1382.0,16.07,5.89,13.82,61.12872816127388,56.27584583128557,57.77261608837723,2.5011247469888422,0.0589743166325122,mouse657902far69,0.2373537353735374,0.5530153015301531,0.40990099009901004,0
mouse657902,far,68,0.0301143687914927,0.0807729359205513,0.0299291081097507,3.215246913929497,1.1472959237365874,0.45730602051852004,0.1815717892212125,0.3109781150586663,0.1872674722492654,804.0,356.0,761.0,8.040000000000001,3.56,7.61,61.12872816127388,56.27584583128557,57.77261608837723,2.5011247469888422,0.0505510435436834,mouse657902far68,0.1639063906390639,0.8373537353735375,0.4868586858685869,0
mouse657902,far,71,0.0718588230059338,0.0222667708296569,0.0884149407651417,0.2874100528175567,5.7149860310715255,3.3178510951376188,0.3087997692908351,0.3041461601033682,0.4361865197895724,153.0,195.0,264.0,1.53,1.95,2.64,61.41109691747786,56.40660787527725,57.690872214185255,2.5032478902417954,0.0584448825712297,mouse657902far71,0.20900090009000896,0.645904590459046,0.3450945094509451,0
mouse657902,far,72,0.0244053727845294,0.003775497196247,0.0153577631822742,0.4176100597553973,5.200288206003302,4.467002541032109,0.1095212766872412,0.1568250700663724,0.132190344577124,2345.0,1563.0,2185.0,23.45,15.63,21.85,61.41109691747786,56.40660787527725,57.690872214185255,2.5032478902417954,0.0364034700405857,mouse657902far72,0.1547254725472547,0.2910891089108911,0.3051305130513052,1
mouse657902,far,73,0.0263978850313648,0.0579956030607506,0.0344375951974774,2.155720532999811,4.58636973796017,1.7561276430344948,0.17378705679713402,0.3365157935207603,0.1985803605081822,413.0,243.0,867.0,4.13,2.43,8.67,60.73683213747121,56.344125440676834,58.01448760343882,2.488473427625861,0.038805824724208,mouse657902far73,0.2071107110711071,0.7420342034203421,0.4393339333933393,0
mouse657902,far,81,0.022985976392939998,0.08236413635490598,0.0307330136737396,3.6285788582921263,2.9607524294793275,2.615292185598914,0.1649866461861024,0.2322141706094279,0.1226043209417959,1193.0,283.0,763.0,11.93,2.83,7.63,61.06662339259467,56.586682000276916,58.183883980716175,2.493992782667985,0.0459470927896054,mouse657902far81,0.1914491449144915,0.8657065706570658,0.3920792079207923,0
mouse657902,far,79,0.0104438305226905,0.0357783629189359,0.0258994248030706,6.119456171670049,1.2562833469504455,1.4953902159877557,0.1179835232607856,0.1563369044057785,0.1414033243390865,1585.0,910.0,1204.0,15.85,9.1,12.040000000000001,61.06662339259467,56.586682000276916,58.183883980716175,2.493992782667985,0.0254102424281908,mouse657902far79,0.1331233123312332,0.2503150315031504,0.2192619261926192,1
mouse657902,far,82,0.036411918365599004,0.0152671909937447,0.0284626027595311,1.6010498676447367,0.2787714693813145,0.7711623499718044,0.157116880629921,0.1956135261741168,0.1465730263424465,1626.0,1221.0,2122.0,16.26,12.21,21.22,60.98671086732252,56.95002192616018,58.024023504074506,2.493992782667985,0.0303093306725006,mouse657902far82,0.2214221422142215,0.6396939693969398,0.3837083708370835,0
mouse657902,far,190,0.0300235739411691,0.1569355214191325,0.04482532646925,3.0156101103442037,2.5169378673399434,0.9382670025141484,0.3427394076010891,0.3701166424945394,0.2586517930594669,173.0,92.0,222.0,1.73,0.92,2.22,62.960259018829696,56.31844520794611,60.80337543473403,2.510353560755935,0.0538299896795533,mouse657902far190,0.1879387938793879,0.5702970297029705,0.3043204320432042,0
mouse657904,far,245,0.1617350765715487,0.0234781817703496,0.0299374931118307,2.0384639203149315,3.8297898876860064,4.3568855325993185,0.4620097390046964,0.2206616231367378,0.3525747901043756,59.0,1124.0,182.0,0.59,11.24,1.82,30.710500644825128,42.201277945811626,32.74247415506539,2.6100766272276377,0.0603057071087714,mouse657904far245,0.2211521152115211,0.5848784878487849,0.3920792079207923,0
mouse657904,far,260,0.056074994381627004,0.0231763880264692,0.0233129614140559,1.9100643548639835,5.328242715112637,0.3426439145887265,0.2944035532580195,0.1645744147305222,0.151388883074313,427.0,967.0,508.0,4.2700000000000005,9.67,5.08,28.461858266062517,38.36490201302859,32.729307602256476,2.5579532833888896,0.0429566240471138,mouse657904far260,0.2732673267326733,0.6099909990999101,0.34887488748874895,0
