mouse,probe_position,unitID,VL_pre,VL_stimOn,VL_post,angle_pre_ch15,angle_stimOn_ch15,angle_post_ch15,MMR_Pre,MMR_stimOn,MMR_Post,Nspikes_pre,Nspikes_StimOn,Nspikes_post,Fspikes_pre,Fspikes_StimOn,Fspikes_post,inst_amp_pre_peak_ch,inst_amp_StimOn_peak_ch,inst_amp_post_peak_ch,distance_peakch_stim_tip,error_waveform,universal_ID,waveform_halfwidth,waveform_duration,waveform_REP,cluster
mouse598183,close,336,0.0276462571350891,0.0168975523759817,0.0211185722033459,5.204584534994623,1.1033726815352372,0.5604087778826342,0.1769639554958764,0.1831379228255588,0.2262224417601142,813.0,730.0,775.0,8.13,7.3,7.75,27.7368760865515,320.7834190920804,25.604383177543262,0.6378675411086537,0.0103317900656357,mouse598183close336,0.1636363636363635,0.7374437443744376,0.4355535553555357,1
mouse598183,close,378,0.0868731138309406,0.0483169529262819,0.0193593254254859,3.8141772304700137,4.006579288492397,5.95060413485133,0.368562538945586,0.2866432195023188,0.3007105276490768,279.0,289.0,282.0,2.79,2.89,2.82,27.001499186649237,507.4412085167107,24.941985807431532,0.7697402159170327,0.0203352390652586,mouse598183close378,0.1647164716471647,0.6696669666966698,0.3615661566156615,1
mouse598183,close,389,0.1420886559652641,0.0983553996210819,0.0608944355591981,0.0189482977364704,5.443537685698526,4.740780012090896,0.4010215409796808,0.4184045504623338,0.3331914432424664,144.0,123.0,157.0,1.44,1.23,1.57,26.346155395392127,508.92517106494637,24.381355349722305,0.7945124291035353,0.0163831536663945,mouse598183close389,0.2065706570657065,0.7490549054905492,0.3448244824482448,1
mouse598183,close,393,0.0330280392313484,0.0357508037373289,0.0780845286155745,2.3102996635628257,6.07357932321995,1.3293150631780333,0.1898503217712148,0.2075548828601222,0.3141578908047887,528.0,464.0,504.0,5.28,4.64,5.04,26.346155395392127,508.92517106494637,24.381355349722305,0.7945124291035353,0.0145818726045363,mouse598183close393,0.1568856885688569,0.938073807380738,0.3345634563456349,1
mouse598183,close,485,0.07196063542701599,0.0859646915639884,0.0715279468763122,5.314360112809824,4.259496964668418,4.3594921137355405,0.5109241455130412,0.5038403118351231,0.3535550466198265,70.0,74.0,108.0,0.7000000000000001,0.74,1.08,26.267518912768693,440.4098354089149,24.377348080992213,0.8158584436040361,0.0280609691219407,mouse598183close485,0.2087308730873087,0.7841584158415843,0.3661566156615664,1
mouse598183,close,395,0.0914498209842174,0.0471339810133366,0.0196657019024746,5.464319953329491,1.6859774686390492,3.2559265158128814,0.3222374431311134,0.4020652814671503,0.3055839109698138,267.0,188.0,248.0,2.67,1.8800000000000001,2.48,25.901826478970822,462.804696886007,23.837490949646977,0.8158584436040361,0.0255802842913962,mouse598183close395,0.4066606660666066,0.831953195319532,0.0758775877587756,0
mouse598183,close,394,0.1068832391853603,0.0541399407629415,0.0710203100333504,6.117064360466892,2.371640782110988,4.533499465206804,0.3612839308047613,0.3599998896639178,0.3831243911686889,124.0,124.0,114.0,1.24,1.24,1.1400000000000001,25.901826478970822,462.804696886007,23.837490949646977,0.8158584436040361,0.0374572470985405,mouse598183close394,0.1828082808280827,0.6437443744374438,0.3985598559855986,1
mouse598183,close,398,0.0260615454858249,0.0208068206746931,0.0124359079626054,4.522945823643481,3.0246052001416763,4.4002852583829934,0.1543612234207063,0.133517741917509,0.1725332094791876,970.0,941.0,821.0,9.700000000000001,9.41,8.21,26.06916214461145,445.4098359022569,24.209986744844198,0.8415016339853418,0.0218299353331853,mouse598183close398,0.1757875787578758,0.3361836183618362,0.24194419441944195,2
mouse598183,close,412,0.1267203835079103,0.0597807946565485,0.0662003355799474,4.649815514765368,2.719329915513153,2.8448373016773334,0.4255537004817868,0.3061979818380954,0.4735332844476529,173.0,145.0,107.0,1.73,1.45,1.07,24.612805925429573,412.178691232881,23.34218979760398,0.8895223437328599,0.0596388598844607,mouse598183close412,0.783078307830783,0.9712871287128714,0.2640864086408641,0
mouse598183,close,384,0.07264894348207598,0.1374780122772553,0.0506623993092806,4.732579606016376,4.9514807673292545,2.758904781599172,0.4494854855545259,0.4556916161987155,0.4629497672889862,74.0,64.0,66.0,0.74,0.64,0.66,26.924445140538808,470.24462795735514,24.680007930062303,0.7909646009778188,0.0140849030624948,mouse598183close384,0.1595859585958596,0.6972097209720973,0.3108010801080111,1
mouse598183,close,381,0.1227795624532919,0.0213133048164092,0.1452873336557018,4.895782505525704,4.982528459362574,5.297926061759207,0.5290688997932973,0.3661579395430835,0.5633179530901234,61.0,72.0,58.0,0.61,0.72,0.58,26.988343762589622,455.3644629195826,24.81171244093179,0.7945124291035353,0.0387268429656683,mouse598183close381,0.1501350135013501,0.7212421242124214,0.3010801080108011,1
mouse598183,close,391,0.1254475782404143,0.0796605434328774,0.0452535169016657,0.6494331129002917,4.1580535717703695,2.436015940800869,0.4604012124843505,0.3990829992000286,0.4329680015646251,53.0,108.0,82.0,0.53,1.08,0.8200000000000001,26.267518912768693,440.4098354089149,24.377348080992213,0.8158584436040361,0.025931892991035,mouse598183close391,0.1633663366336634,0.8246624662466249,0.3340234023402338,1
mouse598183,close,401,0.0604946486890541,0.0479894002096825,0.0872331073254025,6.135064638570117,1.2638725206480228,3.5083381098076236,0.4850604421630201,0.3839562054678858,0.3184040656248346,76.0,117.0,123.0,0.76,1.17,1.23,25.44730232478554,427.76266462798895,23.83832421710453,0.8415016339853418,0.0198601772461838,mouse598183close401,0.1757875787578758,0.8125112511251126,0.3523852385238527,1
mouse598183,close,410,0.1326853043158783,0.1056111662973242,0.1337558294929866,4.863343878070934,6.2709183690476165,4.44298376889102,0.4484647261916707,0.3347674945624341,0.4185460457422428,83.0,138.0,101.0,0.8300000000000001,1.3800000000000001,1.01,24.51719916255216,456.4717599975105,22.88732843062921,0.8678277478854892,0.0250337239981387,mouse598183close410,0.1660666066606662,0.6712871287128714,0.5084608460846086,1
mouse622179,close,308,0.0188352247580386,0.018461663408316002,0.0184755953857781,1.5718787833388939,0.7546526583971229,5.040925594813514,0.1062163502175889,0.1253371452042937,0.1319465878827524,2114.0,2270.0,1704.0,21.14,22.7,17.04,22.1414683664256,42.148291530103826,21.26855641360212,0.6604922406811453,0.0144670464759005,mouse622179close308,0.1369036903690369,0.2681368136813682,0.1884788478847885,2
mouse622179,close,494,0.0287173027335126,0.0588564275477785,0.0240645691757846,5.693746896522711,0.1821096558547355,0.2978988656824431,0.174732407998555,0.2213594923922517,0.155762631036023,861.0,793.0,841.0,8.61,7.930000000000001,8.41,22.1414683664256,42.148291530103826,21.26855641360212,0.6604922406811453,0.0150210061651843,mouse622179close494,0.2578757875787578,0.5886588658865887,0.35805580558055794,1
mouse622179,close,305,0.0563467767658097,0.03295036923173,0.0215390571492599,4.423057099102323,4.917152922657691,1.3900651900256311,0.2256494784029538,0.1802189959102515,0.2042240482236773,691.0,772.0,654.0,6.91,7.72,6.54,22.379213831723632,36.537443285396655,21.34328669994253,0.6694213919497942,0.0211184529787546,mouse622179close305,0.2346534653465347,0.7250225022502251,0.4023402340234022,1
mouse622179,close,310,0.019726027141733,0.0225041366390872,0.0203041794308298,5.415174329458281,3.101879118320669,0.5655199782587866,0.1265159836053863,0.1332693250761367,0.1734322214354245,1400.0,1365.0,1330.0,14.0,13.65,13.3,22.379213831723632,36.537443285396655,21.34328669994253,0.6694213919497942,0.0059514389289282,mouse622179close310,0.2254725472547255,0.6394239423942395,0.3753375337533754,1
mouse622179,close,309,0.1016961637998274,0.0741853781294527,0.0988880713319882,1.7110040021062622,1.8080795486328527,1.5401109376904156,0.4250993905688348,0.38135607749072603,0.3806194027156373,97.0,89.0,119.0,0.97,0.89,1.19,21.919413844324545,43.427557241329254,21.058786566541183,0.6694213919497942,0.0302437856712637,mouse622179close309,0.1998199819981998,0.7209720972097209,0.4158415841584159,1
mouse622179,close,317,0.0186320512878128,0.037685487315541,0.0415455929961512,4.444341125974124,3.7141404965705753,0.1589077977737831,0.1866801697169324,0.1954555859348811,0.1972227037162673,1111.0,881.0,810.0,11.11,8.81,8.1,22.092362289138013,37.72802561782005,21.16489208311404,0.651920240520265,0.049099557287206,mouse622179close317,0.2405940594059407,0.6718271827182718,0.4255625562556259,1
mouse622179,close,315,0.0247772519710073,0.0438564027071472,0.0358792023875977,0.5907011962295287,1.9314768772479507,5.859401537450883,0.2134050815790252,0.1956349624139918,0.2002644173164849,1231.0,1013.0,1061.0,12.31,10.13,10.61,22.092362289138013,37.72802561782005,21.16489208311404,0.651920240520265,0.0147561772731653,mouse622179close315,0.2684068406840684,0.4744374437443746,0.3248424842484247,2
mouse622179,close,325,0.0379383471751717,0.0071866517648975,0.0203504981270136,4.1074805622380985,2.3186265764498506,2.9020907672393825,0.1532253857778891,0.1456464948328962,0.1639271007129589,870.0,1056.0,874.0,8.700000000000001,10.56,8.74,21.981151391490773,52.14359780028711,21.27029764270573,0.6619101147436863,0.0285739137838304,mouse622179close325,0.2181818181818182,0.6777677767776779,0.3985598559855984,1
mouse622179,close,312,0.0324513209746676,0.0612566890988198,0.0350904477934705,4.258249268373866,2.336423643521852,2.741801217493337,0.3119687560459385,0.2637865246615216,0.2469365837682016,181.0,406.0,448.0,1.81,4.0600000000000005,4.48,21.981151391490773,52.14359780028711,21.27029764270573,0.6619101147436863,0.0173340972582191,mouse622179close312,0.1636363636363637,0.6286228622862288,0.3156615661566156,1
mouse622179,close,495,0.0435826017274766,0.0098719010731945,0.0489914649347677,4.1309723787555335,5.7636751830073765,1.0410328311758448,0.2379608627015626,0.2079655967771003,0.2548386343494811,635.0,614.0,482.0,6.3500000000000005,6.140000000000001,4.82,21.981151391490773,52.14359780028711,21.27029764270573,0.6619101147436863,0.0283787101471502,mouse622179close495,0.2500450045004501,0.6893789378937895,0.3718271827182721,1
mouse622179,close,324,0.0392462566429014,0.0479858264975544,0.0152713492429568,0.3804006968524354,4.39151362680233,5.839196977386863,0.17791388379528303,0.2605064584216415,0.2069761760132711,944.0,800.0,590.0,9.44,8.0,5.9,21.981151391490773,52.14359780028711,21.27029764270573,0.6619101147436863,0.0114595679151157,mouse622179close324,0.1703870387038704,0.5886588658865888,0.3137713771377137,1
mouse622179,close,329,0.0436699012658065,0.0411552407483184,0.0118194818956623,3.411738529098661,5.217260685718863,1.5832062850563058,0.1584127148670433,0.1638709005162725,0.1868026437894915,1565.0,1353.0,1208.0,15.65,13.530000000000001,12.08,21.97324362275319,45.9186850876551,21.069307552720907,0.6619101147436863,0.0204008536743885,mouse622179close329,0.2497749774977498,0.7242124212421243,0.4004500450045006,1
mouse622179,close,333,0.0045183883109819,0.023650576269357005,0.0355517273709506,3.6186174060462277,5.859098459430361,0.13187683703447198,0.1415721972944292,0.1234269100429309,0.15912703078009302,1948.0,1973.0,1530.0,19.48,19.73,15.3,21.904003556249627,48.23626160431558,21.13990060871577,0.6412877669190329,0.0172813422457815,mouse622179close333,0.2044104410441044,0.661836183618362,0.3621062106210621,1
mouse622179,close,335,0.0167566777938075,0.0234549897516572,0.0184137040654563,0.3180211481741254,1.0432198489603297,2.16270449459406,0.1835906808983857,0.1840716995492337,0.2174453902843073,554.0,601.0,519.0,5.54,6.01,5.19,21.967587683846702,64.38297285326817,21.04815149632204,0.6412877669190329,0.0082139818843114,mouse622179close335,0.1836183618361836,0.6313231323132313,0.3567056705670569,1
mouse622179,close,337,0.0426572951988971,0.0236648181079312,0.0548529128926471,4.458919699055887,2.0694307842259163,6.182293212095388,0.2296729532512634,0.1945580659517481,0.2094498984977705,504.0,701.0,565.0,5.04,7.01,5.65,21.967587683846702,64.38297285326817,21.04815149632204,0.6412877669190329,0.0140735032256438,mouse622179close337,0.2076507650765077,0.5943294329432943,0.3766876687668766,1
mouse622179,close,336,0.0477561995485455,0.0397493196957761,0.0254545009034902,3.6092698557972716,4.640548944240082,5.648030282808259,0.2873216057798265,0.2404691245535928,0.2160682113710922,558.0,538.0,481.0,5.58,5.38,4.8100000000000005,21.967587683846702,64.38297285326817,21.04815149632204,0.6412877669190329,0.0145998172274356,mouse622179close336,0.2025202520252025,0.7004500450045005,0.3750675067506751,1
mouse622179,close,339,0.0260618230083533,0.0230583537531832,0.0184213424898722,2.6353927711852103,1.3749879862895058,2.4151464665295905,0.2013961704071989,0.2001736718301666,0.2168173560234994,948.0,816.0,569.0,9.48,8.16,5.69,22.009500011847404,67.92717567060393,21.305455882394615,0.625,0.0160807199221344,mouse622179close339,0.1482448244824482,0.9121512151215124,0.5130513051305131,1
mouse622179,close,338,0.0139241767252003,0.0088614979842149,0.0280391967081668,2.8435906370839934,3.5380057858813365,4.924489260926287,0.1669971424519628,0.1937227467815972,0.18341815028006603,1441.0,1117.0,994.0,14.41,11.17,9.94,21.995667398052106,60.2589598179449,20.987659377624947,0.6373774391990982,0.0260965601269577,mouse622179close338,0.2154815481548154,0.6027002700270028,0.3810081008100808,1
mouse622179,close,342,0.0627890009741373,0.0544128375084774,0.0437616349385209,2.7396954525608384,5.667401698518757,4.7010821602121755,0.2235870761806023,0.2893095599163736,0.2775079520175738,444.0,319.0,260.0,4.44,3.19,2.6,21.995667398052106,60.2589598179449,20.987659377624947,0.6373774391990982,0.0220444442755133,mouse622179close342,0.2076507650765077,0.8295229522952297,0.4625562556255626,1
mouse622179,close,340,0.0104621565445516,0.0387257636426413,0.0605922956961588,3.5165835511613266,1.772224278094501,5.580549351724516,0.2115569756638803,0.1922768238324343,0.2326582945371005,871.0,994.0,929.0,8.71,9.94,9.290000000000001,21.995667398052106,60.2589598179449,20.987659377624947,0.6373774391990982,0.0130984562739513,mouse622179close340,0.1865886588658866,0.6102610261026103,0.3270027002700271,1
mouse622179,close,497,0.0602396555585302,0.0086925863544471,0.0280050264605788,4.451324504051864,1.2536399608872602,2.240998286451493,0.1853431817644268,0.1329641258863403,0.1806697249288456,1219.0,1256.0,1174.0,12.19,12.56,11.74,22.28681387713632,78.19034447085536,21.6168600697502,0.6373774391990982,0.0199140887378521,mouse622179close497,0.2427542754275428,0.6467146714671467,0.4126012601260126,1
mouse622179,close,346,0.0237507005142599,0.0221243513727152,0.0372268435556722,4.2208952181402095,0.1834897256072444,1.2234103404367582,0.1591885121301333,0.1730593490175874,0.2125820442018304,818.0,820.0,748.0,8.18,8.2,7.48,22.28681387713632,78.19034447085536,21.6168600697502,0.6373774391990982,0.0211792231719063,mouse622179close346,0.2187218721872187,0.6305130513051306,0.4128712871287131,1
mouse622179,close,350,0.0164035681637865,0.0537325722542132,0.0603969539393196,3.0734161263534534,6.268269441016374,1.8282061887641363,0.2439586774126513,0.2556146298591616,0.24066427351192898,358.0,482.0,333.0,3.58,4.82,3.33,22.255023250257544,70.30717703566407,21.34498650013407,0.6219927652312365,0.0227569566521263,mouse622179close350,0.2063006300630062,0.7941494149414943,0.5135913591359137,1
mouse622179,close,349,0.0463881623950252,0.0499632530951726,0.0870927225002515,0.8642915371336014,2.7507789533074516,5.271394944384133,0.2253542091951891,0.2730756767064099,0.3621457517496262,372.0,388.0,194.0,3.72,3.88,1.94,22.255023250257544,70.30717703566407,21.34498650013407,0.6219927652312365,0.0106315951318949,mouse622179close349,0.1925292529252925,0.8397839783978399,0.4744374437443744,1
mouse622179,close,519,0.1037753747951674,0.05065946534583401,0.0634940855835964,1.4782353497733984,4.0157446062492115,3.0365579833203906,0.3525772413027075,0.2979063374039425,0.4136785810680045,144.0,177.0,99.0,1.44,1.77,0.99,22.66597166463789,74.10205809435995,21.660151056010836,0.6354132513569417,0.0453469194262574,mouse622179close519,0.2284428442844285,0.9110711071107112,0.3413141314131412,1
mouse622179,close,355,0.0659069957973438,0.1008139451096736,0.0391250686342858,2.870224019743921,1.946427058804498,1.3390740092981073,0.2648367135127912,0.3825925130648614,0.2754127015576121,241.0,188.0,244.0,2.41,1.8800000000000001,2.44,22.66597166463789,74.10205809435995,21.660151056010836,0.6354132513569417,0.0390451051406828,mouse622179close355,0.2003600360036004,0.8443744374437444,0.486048604860486,1
mouse622179,close,498,0.2304535617012941,0.041777938555493,0.0276767151350417,1.0633206818647136,4.530565329766688,1.1715267723620189,0.5209143708963577,0.3600842622726241,0.3552182324930421,102.0,190.0,107.0,1.02,1.9000000000000001,1.07,22.66597166463789,74.10205809435995,21.660151056010836,0.6354132513569417,0.0306733384725228,mouse622179close498,0.2276327632763276,0.7695769576957697,0.4298829882988301,1
mouse622179,close,353,0.0249897207200266,0.0428567678037384,0.0177109125191909,4.651689208114121,0.7478956750910201,3.37435644264406,0.1763366504829391,0.2719033298868227,0.1743085379906891,767.0,566.0,578.0,7.67,5.66,5.78,22.66597166463789,74.10205809435995,21.660151056010836,0.6354132513569417,0.0469668070043059,mouse622179close353,0.1782178217821782,0.8351935193519353,0.467146714671467,1
mouse622179,close,359,0.0927162400269136,0.0500664901995254,0.1642523275101894,4.230855851226025,2.7935626048487348,1.2183014830997825,0.3323519783407966,0.3504700341332755,0.5070003754387964,247.0,120.0,110.0,2.47,1.2,1.1,22.821447369123806,92.76710891267038,22.16265603412848,0.6354132513569417,0.0767467881672744,mouse622179close359,0.2211521152115212,0.8567956795679569,0.4633663366336634,1
mouse622179,close,357,0.0430720958457605,0.0227677110729965,0.0120013820519878,2.5942949433049205,1.1675405726136268,4.293138949223909,0.2812490722162643,0.3227282883781475,0.2807340484145025,309.0,191.0,220.0,3.09,1.9100000000000001,2.2,22.821447369123806,92.76710891267038,22.16265603412848,0.6354132513569417,0.0398632020135649,mouse622179close357,0.1973897389738974,0.7490549054905492,0.43879387938793896,1
mouse622179,close,358,0.0697724595035656,0.1003868495703321,0.0490899231027484,5.0046263274955205,2.851225439428975,3.5083532621845763,0.3662024544068221,0.4414657620209007,0.3837444853355183,123.0,98.0,82.0,1.23,0.98,0.8200000000000001,22.821447369123806,92.76710891267038,22.16265603412848,0.6354132513569417,0.042184287993278995,mouse622179close358,0.2006300630063007,0.7903690369036904,0.3988298829882991,1
mouse622179,close,503,0.0538374362914766,0.0484381856301718,0.0453344514848579,4.042125893019058,2.5125305433677934,2.070756390216676,0.2582801561532245,0.2840546516331826,0.3095233026638773,327.0,333.0,218.0,3.27,3.33,2.18,23.000986451288338,85.49787534933957,22.16408181578733,0.6354132513569417,0.0368205863518249,mouse622179close503,0.2457245724572457,0.8114311431143115,0.4371737173717375,1
mouse622179,close,362,0.020024087413586997,0.0141305637955432,0.063473541286641,4.9175742470910855,0.2668358413260116,1.9151896505719064,0.2320135499384397,0.1824945903735196,0.2940232168839534,384.0,835.0,281.0,3.84,8.35,2.81,23.000986451288338,85.49787534933957,22.16408181578733,0.6354132513569417,0.0337540918763349,mouse622179close362,0.1728172817281729,0.86003600360036,0.4190819081908191,1
mouse622179,close,502,0.0383211179623898,0.0919770953630736,0.0400731049528442,1.1197852411072604,2.7255932645545307,4.238104129442909,0.3021037735903519,0.3287324689538122,0.3461301873574762,267.0,335.0,182.0,2.67,3.35,1.82,23.000986451288338,85.49787534933957,22.16408181578733,0.6354132513569417,0.030232279723737997,mouse622179close502,0.2168316831683168,0.7566156615661567,0.3869486948694872,1
mouse622179,close,364,0.0567440500800523,0.0291950519601878,0.0906670564119367,4.337300144839594,4.0331231397938385,3.472292411274072,0.3069338929095074,0.2980955997046819,0.2929365082902028,243.0,201.0,271.0,2.43,2.0100000000000002,2.71,23.45499546663452,97.37110990216284,22.841276003274803,0.6354132513569417,0.0555404196068029,mouse622179close364,0.2141314131413141,0.7690369036903691,0.4738973897389739,1
mouse622179,close,505,0.0491888013883992,0.0465946432200479,0.0801488112484215,5.301755398989085,2.3937948771286814,1.621440925862223,0.3223222425771088,0.25570834161470396,0.410088846312145,260.0,424.0,130.0,2.6,4.24,1.3,23.3203137500252,90.52811820183932,22.550397568717603,0.6354132513569417,0.039277580831557996,mouse622179close505,0.2098109810981099,0.716921692169217,0.4552655265526556,1
mouse622179,close,367,0.0853452193039543,0.0357943201838735,0.0314369353966619,4.654259098544236,5.692869727580082,0.1550433055135582,0.2737349961345676,0.2836277554848318,0.2731695810575899,344.0,354.0,307.0,3.44,3.54,3.0700000000000003,23.3203137500252,90.52811820183932,22.550397568717603,0.6354132513569417,0.0209012560237338,mouse622179close367,0.2273627362736273,0.7080108010801082,0.4355535553555355,1
mouse622179,close,369,0.016013459804929,0.0215538276543605,0.0589118500958051,0.1222971596429154,5.540579968533634,0.2534474568522606,0.2157705223720268,0.2046764923831286,0.2069098206714993,699.0,937.0,710.0,6.99,9.370000000000001,7.1000000000000005,23.608535248736075,109.93130354017336,23.13450748289696,0.6209871174187112,0.0515435601315341,mouse622179close369,0.2808280828082808,0.7382538253825383,0.4992799279927994,1
mouse622179,close,370,0.0263649490129867,0.0175596661506821,0.0412178264595312,0.0116989059416722,5.904198920773077,0.3102305857749665,0.1996948572501845,0.1589962946984225,0.1987037435880956,849.0,904.0,674.0,8.49,9.040000000000001,6.74,23.608535248736075,109.93130354017336,23.13450748289696,0.6209871174187112,0.0181706640645057,mouse622179close370,0.2289828982898291,0.3180918091809182,0.2611161116111612,2
mouse622179,close,376,0.0774614120309627,0.1421389297108488,0.0377546335846715,3.175436351893244,4.998205256676667,3.9556542883558494,0.3369055962719827,0.4025941404524947,0.3191105969454213,166.0,144.0,182.0,1.6600000000000001,1.44,1.82,23.774466485188952,112.76490509508685,23.35150018367885,0.6229967897188556,0.0167913796514333,mouse622179close376,0.1898289828982898,0.7239423942394241,0.3345634563456344,1
mouse622179,close,379,0.0392185478398733,0.0559202875280794,0.0385021539029457,5.63274278206622,2.4211872719813146,6.053533915616795,0.2350652284303434,0.1817262115608413,0.2033844333105302,955.0,977.0,807.0,9.55,9.77,8.07,23.86277975236736,106.50603980115824,23.382504248906635,0.6103277807866851,0.0211075550404382,mouse622179close379,0.2241224122412242,0.3675067506750675,0.2743474347434744,2
mouse622179,close,381,0.0388830604612,0.0425535044141371,0.0587431943908493,5.578799646774619,0.883150871241962,3.9632396815683513,0.2672657339667277,0.2792422461724557,0.2944951197583573,386.0,358.0,271.0,3.86,3.58,2.71,23.86277975236736,106.50603980115824,23.382504248906635,0.6103277807866851,0.0517312088929428,mouse622179close381,0.1927992799279928,0.7533753375337534,0.4058505850585061,1
mouse622179,close,507,0.0529649689352649,0.0447048519026013,0.0424605909704239,4.301639120279535,4.67114373393897,4.705826127611079,0.3174831551279321,0.2647059145301572,0.3399248701630648,287.0,285.0,273.0,2.87,2.85,2.73,23.86277975236736,106.50603980115824,23.382504248906635,0.6103277807866851,0.0176649149614747,mouse622179close507,0.1676867686768677,0.6707470747074709,0.3167416741674168,1
mouse622179,close,508,0.1446396872721978,0.0645141977757058,0.0766898713650366,5.4087703778232505,1.0042966075204325,5.880664513375789,0.46519113452764294,0.4322788207828215,0.4810946399026565,86.0,99.0,53.0,0.86,0.99,0.53,23.988050394513106,125.89872566698344,23.73456645360769,0.6269968101992227,0.0537710406032933,mouse622179close508,0.1687668766876688,0.7506750675067508,0.3658865886588659,1
mouse622179,close,387,0.0394506652588444,0.0499707615574256,0.0854314905899018,4.485278647136797,2.757555917046045,4.478357519996734,0.1816034981019351,0.2746896207362376,0.3338084902900618,576.0,340.0,366.0,5.76,3.4,3.66,24.042040811250356,128.93831534479514,23.91553411010425,0.6329494450586082,0.0268255151765236,mouse622179close387,0.2052205220522053,0.7747074707470748,0.4217821782178218,1
mouse622179,close,390,0.0243104233205131,0.0046553304453092,0.0278261906365709,4.83491920757734,3.332582666178457,4.327160345891162,0.1061420567588157,0.0954746789401623,0.1258340548805795,3417.0,3285.0,2682.0,34.17,32.85,26.82,23.78277943553453,123.35303178748477,23.515590480313183,0.6329494450586082,0.0354885701469354,mouse622179close390,0.1811881188118812,0.3194419441944195,0.2368136813681368,2
mouse622179,close,405,0.0680832842311821,0.0139815560828476,0.0508309345313858,5.251778721061762,1.8645183006879869,3.8667777114726634,0.2992664484451792,0.3040911699752762,0.3456008711714821,317.0,280.0,142.0,3.17,2.8000000000000003,1.42,22.794758054798173,159.41891637441782,22.64586331655089,0.6832825184358224,0.033373277362082,mouse622179close405,0.2003600360036003,0.7814581458145817,0.3799279927992797,1
mouse622179,close,413,0.2173489157070348,0.1607649512082396,0.0488698692323504,5.388109777939931,3.765001120275352,5.140340954381697,0.4671320396542099,0.3762669319388954,0.3803265487965407,118.0,167.0,115.0,1.18,1.67,1.1500000000000001,22.338507867759848,172.86409087800808,22.38519381264952,0.6754628043053148,0.0535216727398571,mouse622179close413,0.1582358235823582,0.7444644464446445,0.4247524752475251,1
mouse622179,close,382,0.0479915369991753,0.0508231475908184,0.0191562742730854,0.1077242445305173,5.760964201988873,4.444336048387335,0.2271750123102528,0.2879706229598709,0.2109626880410127,448.0,326.0,401.0,4.48,3.2600000000000002,4.01,23.86277975236736,106.50603980115824,23.382504248906635,0.6103277807866851,0.0835766348217147,mouse622179close382,0.1633663366336634,0.7369036903690369,0.3426642664266429,1
mouse622179,close,314,0.0157324060268339,0.0494570548190101,0.171029326218936,4.9347467473070195,1.1701006419529705,4.5661442578018745,0.4288924098606347,0.4923251074320284,0.5768307966124725,61.0,59.0,31.0,0.61,0.59,0.31,22.092362289138013,37.72802561782005,21.16489208311404,0.651920240520265,0.0523804937105493,mouse622179close314,0.1714671467146715,0.7282628262826284,0.4001800180018001,1
mouse622179,close,330,0.0160121801233749,0.0741234156450283,0.0526625682309164,4.273065113083159,5.477063718999804,3.4004278173064475,0.2159576687267341,0.2672279562711021,0.2236076622823129,584.0,529.0,322.0,5.84,5.29,3.22,21.97324362275319,45.9186850876551,21.069307552720907,0.6619101147436863,0.0229563799474713,mouse622179close330,0.16606660666066597,0.4495949594959497,0.5883888388838886,1
mouse622179,close,352,0.0994535474589676,0.1043295875338823,0.0919701359956955,2.617347713268593,2.318678493486328,4.294712150352912,0.421092579150863,0.4065787579447449,0.4856111585087462,96.0,172.0,101.0,0.96,1.72,1.01,22.5306506452229,81.38196954053123,21.66894895220865,0.6354132513569417,0.0746010282165849,mouse622179close352,0.2546354635463547,0.8616561656165619,0.6364536453645365,1
mouse622179,close,499,0.1891595844455711,0.0854393420213618,0.1351543063772753,6.0319597829314855,5.407258158666849,5.2997534570814295,0.4388464078275295,0.4441596143067088,0.4877368421798592,86.0,60.0,85.0,0.86,0.6,0.85,22.66597166463789,74.10205809435995,21.660151056010836,0.6354132513569417,0.0640498763932112,mouse622179close499,0.2762376237623762,0.7968496849684968,0.4674167416741676,1
mouse622179,close,363,0.0315471070985802,0.0433421992284247,0.0381187146232061,3.4382719885441886,0.8029216199126756,4.3020466174561065,0.4244909504065416,0.2312741359397328,0.3888739577297957,156.0,293.0,140.0,1.56,2.93,1.4000000000000001,22.66597166463789,74.10205809435995,21.660151056010836,0.6354132513569417,0.0422787859149795,mouse622179close363,0.2368136813681368,0.7900990099009901,0.4501350135013503,1
mouse622179,close,368,0.0948844843342405,0.0231379345458675,0.042622986662302,5.120503215106913,3.9039770953286688,1.6062710514868468,0.4095368076826821,0.4262441082244864,0.3862126120548305,102.0,84.0,94.0,1.02,0.84,0.9400000000000001,23.608535248736075,109.93130354017336,23.13450748289696,0.6209871174187112,0.0227435764240397,mouse622179close368,0.1363636363636363,0.71989198919892,0.3475247524752475,1
mouse622179,close,386,0.1054391432923397,0.038562610868604,0.0459526444110237,4.719819975079917,4.4334253172685205,3.9795988097460087,0.4794819128529772,0.4492176102266657,0.4409460537275879,91.0,57.0,87.0,0.91,0.5700000000000001,0.87,23.983115842553648,116.77613314350056,23.50327339388732,0.6269968101992227,0.0282137908344435,mouse622179close386,0.1630963096309631,0.7250225022502252,0.3245724572457246,1
mouse622179,close,394,0.0329772755133279,0.0581513403218454,0.0393028922161967,3.983181353430072,4.072721414678563,5.393021542371788,0.2673581197692881,0.2653207157697831,0.2849910484411978,202.0,185.0,189.0,2.02,1.85,1.8900000000000001,23.231885156810307,140.36147741339278,23.196871364833044,0.6731456008918131,0.0259144919929087,mouse622179close394,0.18901890189018897,0.7747074707470748,0.4180018001800179,1
mouse622179,close,396,0.1102708007436519,0.1994146026626346,0.11538164015180198,0.021730838267213,6.27675999941376,4.349281597069204,0.4485895116168385,0.48752580809765994,0.4363187129332521,64.0,71.0,58.0,0.64,0.71,0.58,23.231885156810307,140.36147741339278,23.196871364833044,0.6731456008918131,0.0272290417576787,mouse622179close396,0.1549954995499549,0.7466246624662466,0.7687668766876691,1
mouse622179,close,406,0.1766490588144734,0.0415645862982527,0.1446370929065806,3.9157717787782236,1.3272003546145363,5.3474140011638855,0.4858222604061183,0.4087635226490655,0.4326401572442958,92.0,85.0,87.0,0.92,0.85,0.87,22.794758054798173,159.41891637441782,22.64586331655089,0.6832825184358224,0.0351802639484911,mouse622179close406,0.1833483348334833,0.78982898289829,0.3772277227722772,1
mouse622179,close,414,0.0626857814070723,0.0739104264211519,0.1111792794527985,4.241097874296472,4.463614099700775,3.7029384934714655,0.4120323698206513,0.3617984186566966,0.4628235601272976,107.0,81.0,44.0,1.07,0.81,0.44,22.338507867759848,172.86409087800808,22.38519381264952,0.6754628043053148,0.0589418390295078,mouse622179close414,0.1490549054905491,0.8152115211521153,0.3774977497749775,1
mouse622180,close,310,0.0267704532799382,0.0095405198324181,0.0393434528331422,1.5450590192446945,3.7790741149261318,6.180707432344263,0.1549139405094785,0.1172384711071832,0.1618697660715088,1045.0,1061.0,927.0,10.450000000000001,10.61,9.27,21.6222900168765,108.25839392131516,22.290770465593805,0.6485560885536423,0.027898426241288996,mouse622180close310,0.1360936093609361,0.3604860486048605,0.2546354635463548,2
mouse622180,close,313,0.0161003638795793,0.0127597180292951,0.0164099680742864,0.5808234063900233,3.254384118778582,0.1110500240082281,0.1049774381286352,0.1465632507655236,0.1047102065234079,2557.0,2792.0,2718.0,25.57,27.92,27.18,21.0866682854874,104.1586723815728,21.917123133338045,0.6254998001598402,0.0166294651173656,mouse622180close313,0.1215121512151216,0.2165616561656166,0.1809180918091808,2
mouse622180,close,317,0.006825831871339001,0.0257502695864123,0.0147332201894018,6.247767763291017,0.1161158907320814,3.019885513518508,0.1667121394699627,0.1308719798703276,0.1601634728057766,1085.0,1191.0,1036.0,10.85,11.91,10.36,20.86173750964077,101.99427764861996,21.606079376006306,0.6219927652312365,0.0189397982803564,mouse622180close317,0.2076507650765077,0.7404140414041405,0.4163816381638167,1
mouse622180,close,541,0.0472069221093704,0.0314731208839028,0.0612905072124708,0.0815070046400226,3.6475464112430775,4.974909525378425,0.282248769874847,0.2821650967519623,0.2632612276849248,198.0,188.0,363.0,1.98,1.8800000000000001,3.63,20.506735021267648,104.4307787224532,21.430143947346888,0.5963430220938282,0.0407776306818506,mouse622180close541,0.1903690369036903,0.6993699369936994,0.3853285328532855,1
mouse622180,close,327,0.0941407765422864,0.0405117648872653,0.0975425489977277,1.6900728325708851,5.525030610825383,4.404748112694124,0.3147290819216711,0.2803325554971699,0.2980559207243159,331.0,253.0,236.0,3.31,2.5300000000000002,2.36,19.99616200305882,98.39295900305693,20.98044373180546,0.5836308764964376,0.0492580508265713,mouse622180close327,0.1919891989198919,0.6961296129612963,0.3693969396939692,1
mouse622180,close,325,0.0462750966996733,0.0670347074235828,0.0893958024946795,5.671887349289157,0.8289503702428782,2.9497255489473218,0.3344540829871916,0.36813630540969394,0.3263522543878341,200.0,154.0,190.0,2.0,1.54,1.9000000000000001,20.47394383975538,108.81677545506912,21.21578182763936,0.5733672470589858,0.087523615193273,mouse622180close325,0.2500450045004501,0.3361836183618363,0.3089108910891089,2
mouse622180,close,328,0.0354664938911458,0.0306400114626485,0.0289576243321527,0.5842951311261668,1.3657727957896078,5.302083913142873,0.2747465917775132,0.1945429405295537,0.1966502585758791,420.0,482.0,559.0,4.2,4.82,5.59,20.47394383975538,108.81677545506912,21.21578182763936,0.5733672470589858,0.0211522161586082,mouse622180close328,0.1930693069306931,0.5127812781278128,0.3631863186318633,1
mouse622180,close,332,0.1188344832675886,0.087553937968086,0.056349350244074996,0.9462432773141676,3.808772605814769,3.165411129093428,0.3940935213286138,0.4216436075310655,0.2982550766729545,145.0,140.0,155.0,1.45,1.4000000000000001,1.55,19.78484750934944,99.18826432924288,20.893172446066252,0.5717298313014636,0.04073684536636,mouse622180close332,0.1784878487848784,0.5854185418541855,0.4080108010801079,1
mouse622180,close,333,0.0428808267715085,0.0131151177100769,0.0332530740224841,4.3839010857046325,5.865518713392035,0.7423838304298787,0.2355521224235522,0.2596328372723518,0.1321448343939624,432.0,371.0,1343.0,4.32,3.71,13.43,19.994387236832303,98.09513631195163,21.143479346321687,0.5717298313014636,0.0505857192583262,mouse622180close333,0.1385238523852385,0.8576057605760576,0.4779477947794782,1
mouse622180,close,335,0.0384048919956706,0.1099655981373423,0.0408046369553834,0.4611918656760648,4.018943363553875,4.069287208400446,0.3004707680974486,0.323542970878348,0.3204260616665752,194.0,190.0,158.0,1.94,1.9000000000000001,1.58,19.883133693216983,92.87704381924179,20.72563722819664,0.5488624600025037,0.0391083059215179,mouse622180close335,0.2098109810981098,0.7147614761476148,0.3761476147614763,1
mouse622180,close,338,0.0296602743533513,0.0114737421093547,0.023019059091611,1.1473669633209032,3.648185260913828,2.5019826062941863,0.1536014652173192,0.10605426926260499,0.131087816358049,1251.0,1365.0,1528.0,12.51,13.65,15.280000000000001,20.160517875042068,103.16635505685755,20.800343013768217,0.5482928049865328,0.0106705343663608,mouse622180close338,0.2578757875787579,0.6253825382538254,0.3707470747074709,1
mouse622180,close,341,0.0395699443466207,0.0141396886052248,0.0328399773442918,1.0117124452072417,4.857795731943155,1.1160109716051616,0.1583937752430056,0.0973771823307634,0.1765778403162459,2388.0,1904.0,1488.0,23.88,19.04,14.88,19.99086709262243,92.446849520576,20.53751736850895,0.5482928049865328,0.0234573698182496,mouse622180close341,0.16903690369036903,0.2770477047704771,0.1911791179117912,2
mouse622180,close,340,0.0346023623627351,0.0230596880125029,0.019103208774656003,0.9746036402130328,3.8668793354711775,0.6486898075827929,0.2176016259057539,0.1760844084720824,0.1579708483743501,915.0,844.0,1138.0,9.15,8.44,11.38,19.99086709262243,92.446849520576,20.53751736850895,0.5482928049865328,0.0193551913952863,mouse622180close340,0.2206120612061206,0.5813681368136815,0.3899189918991897,1
mouse622180,close,336,0.0342116727506415,0.0204191014497889,0.0279408319221661,6.237065562047948,5.550115852940849,3.1395559455509523,0.1543631920516704,0.1273687010322217,0.1629311091844751,1276.0,1463.0,1569.0,12.76,14.63,15.69,19.99086709262243,92.446849520576,20.53751736850895,0.5482928049865328,0.0219506215579122,mouse622180close336,0.2586858685868587,0.6915391539153917,0.3793879387938793,1
mouse622180,close,353,0.0233209822837174,0.0458979296827948,0.0311442726977368,1.4986955209250268,3.4688775876769333,1.1032718888582207,0.1716830716607005,0.1611073544813216,0.1520719719957326,1610.0,1646.0,1824.0,16.1,16.46,18.240000000000002,20.37759356595684,80.91422885910274,20.49389921479897,0.525594901040716,0.0251470152756566,mouse622180close353,0.2384338433843384,0.5962196219621962,0.376147614761476,1
mouse622180,close,357,0.0191993989979613,0.0484082311775247,0.019334099339016003,2.8027373647316454,4.3645643032437125,2.537619715269744,0.1496980815965994,0.2067728042879483,0.1660226053198054,1190.0,1182.0,1303.0,11.9,11.82,13.030000000000001,20.53396210738621,91.34660021777924,20.68451579016979,0.5261891294962296,0.0209214302121587,mouse622180close357,0.2216921692169217,0.5932493249324934,0.3556255625562555,1
mouse622180,close,356,0.1193084675029904,0.0478697113568145,0.04227784556615599,1.8647729732113043,4.817862897733824,4.642093577682825,0.4204938361666897,0.3788402021619103,0.2627839811543406,92.0,92.0,309.0,0.92,0.92,3.09,20.53396210738621,91.34660021777924,20.68451579016979,0.5261891294962296,0.0366030581446368,mouse622180close356,0.19603960396039602,0.5864986498649867,0.4085508550855085,1
mouse622180,close,359,0.0354244523663801,0.011349021656571,0.0235331082007295,0.9866360944692728,2.523564952973844,3.6259039487533653,0.1690869264224047,0.1571506961327273,0.1101613855321499,1246.0,1993.0,2667.0,12.46,19.93,26.67,20.917684149497138,75.49366193049188,20.843560728060368,0.5261891294962296,0.0807678036654515,mouse622180close359,0.2324932493249325,0.665886588658866,0.3502250225022504,1
mouse622180,close,594,0.035530399132280004,0.0571870245562099,0.0247874770154887,3.4686654569038953,2.7877264592015165,4.760035604119504,0.2176046530493709,0.2567028689495813,0.2323409972620433,655.0,741.0,756.0,6.55,7.41,7.5600000000000005,21.653331987250795,63.11501384618346,21.62550346538641,0.5055937104039171,0.0256121864266505,mouse622180close594,0.261926192619262,0.605940594059406,0.4225922592259225,1
mouse622180,close,361,0.0430141975300713,0.0513139189194394,0.017251731811667,0.6346752377696823,4.037094753938055,2.721133238637356,0.1543749101864122,0.1619547570729257,0.1308772308195791,1812.0,1836.0,1842.0,18.12,18.36,18.42,21.653331987250795,63.11501384618346,21.62550346538641,0.5055937104039171,0.0081948200618437,mouse622180close361,0.2154815481548155,0.531953195319532,0.3272727272727274,1
mouse622180,close,365,0.0367621710437827,0.0363979677413441,0.0243601625471111,1.537017972159364,2.792401224146244,1.0943546617530204,0.1816650420291791,0.1111932033488267,0.1419115424199769,1521.0,1495.0,1554.0,15.21,14.950000000000001,15.540000000000001,21.653331987250795,63.11501384618346,21.62550346538641,0.5055937104039171,0.0372009313772164,mouse622180close365,0.1663366336633663,0.7390639063906391,0.3731773177317733,1
mouse622180,close,358,0.0313795556657878,0.0108168915116823,0.0241259153249915,5.725463729077567,3.9760716450052165,5.255919518298335,0.1845686056884908,0.1515356484013992,0.1564201017277732,1057.0,992.0,1098.0,10.57,9.92,10.98,21.478936204113086,75.89855613538384,21.527662517533336,0.5055937104039171,0.0358936815264611,mouse622180close358,0.2225022502250225,0.6099909990999101,0.3475247524752477,1
mouse622180,close,360,0.0281609563624716,0.0129707358114156,0.0288486385367712,5.703904608976729,0.1477015169707164,1.4475573227392484,0.2082344168652437,0.1357955892835072,0.1698374581978242,964.0,1140.0,1361.0,9.64,11.4,13.61,21.478936204113086,75.89855613538384,21.527662517533336,0.5055937104039171,0.032398069166072005,mouse622180close360,0.2071107110711071,0.6691269126912691,0.3459045904590462,1
mouse622180,close,577,0.0608289778848426,0.0259370603182157,0.0407098923586595,5.767808421036976,4.6357155108485,1.7092256917072532,0.1969260619824382,0.2052062531507811,0.1902711675526471,772.0,604.0,699.0,7.72,6.04,6.99,21.478936204113086,75.89855613538384,21.527662517533336,0.5055937104039171,0.0362159882433844,mouse622180close577,0.2584158415841585,0.6326732673267328,0.4331233123312331,1
mouse622180,close,384,0.022467831134133,0.0223203186131441,0.0088478879355353,1.2318288378242659,3.9957042674139203,4.304233089222222,0.2105592311453007,0.2313369207998708,0.1791894200582152,889.0,827.0,1115.0,8.89,8.27,11.15,21.19426792659309,55.97815776287114,21.102749250632037,0.5055937104039171,0.0536148569566182,mouse622180close384,0.2362736273627362,0.6650765076507652,0.3864086408640864,1
mouse622180,close,380,0.0359136405689722,0.0434517789427577,0.0120509616273567,0.2856894492756271,3.9815913669600533,1.9273715687210824,0.2515330749773328,0.2398184974483919,0.2089122783261502,499.0,641.0,652.0,4.99,6.41,6.5200000000000005,21.19426792659309,55.97815776287114,21.102749250632037,0.5055937104039171,0.0725889525684561,mouse622180close380,0.2384338433843384,0.6064806480648066,0.4857785778577858,1
mouse622180,close,369,0.0350125038774926,0.0194636581005743,0.0348713231554789,0.6013820815545804,2.6821371842058417,2.669316050695973,0.1588394296962494,0.1491846802876895,0.1605790753143452,1544.0,1438.0,1893.0,15.44,14.38,18.93,21.19426792659309,55.97815776287114,21.102749250632037,0.5055937104039171,0.0307613874431427,mouse622180close369,0.2071107110711071,0.6097209720972098,0.3631863186318632,1
mouse622180,close,372,0.0192062252838904,0.0613978707570896,0.0201196404605232,6.0271303286333175,3.419832550152844,6.217673033262602,0.1563646224843028,0.1930030525687107,0.1711229504877897,1291.0,1298.0,1203.0,12.91,12.98,12.030000000000001,21.840057049136487,53.334638905371676,21.873478710415817,0.5055937104039171,0.0173610269517815,mouse622180close372,0.2686768676867687,0.6434743474347436,0.3993699369936995,1
mouse622180,close,377,0.0196940076144146,0.0348641889894401,0.0105098435234161,4.843067075707131,0.5232959583532589,3.176788666314931,0.1750218887842395,0.1670741789440173,0.1383534688465829,1018.0,898.0,957.0,10.18,8.98,9.57,22.36654580485476,50.26343929113189,21.960512101204987,0.4866980583482946,0.0135491253578654,mouse622180close377,0.226012601260126,0.6162016201620162,0.3918091809180921,1
mouse622180,close,375,0.0322359200256183,0.0149876754158447,0.0314111128122571,3.938731267632955,4.154861848524431,3.0282781517483754,0.2044368118204992,0.1501811631566724,0.1752474286346846,623.0,749.0,884.0,6.23,7.49,8.84,22.36654580485476,50.26343929113189,21.960512101204987,0.4866980583482946,0.0253562619749879,mouse622180close375,0.1882088208820882,0.6180918091809181,0.3488748874887492,1
mouse622180,close,374,0.0359314378970876,0.030237171402582995,0.0192511641353967,1.6454737481213944,3.2541578039600885,4.7079873081297166,0.2318300046070331,0.1986748695449086,0.1708596656435089,633.0,625.0,750.0,6.33,6.25,7.5,22.36654580485476,50.26343929113189,21.960512101204987,0.4866980583482946,0.0153956801756152,mouse622180close374,0.19900990099009902,0.5775877587758776,0.3691269126912693,1
mouse622180,close,376,0.0725116896640834,0.0125914466179548,0.0198609254974406,2.907004421615896,4.3533452505586805,2.8221100844691374,0.3127759651457146,0.3503011386693183,0.1856810803207325,229.0,340.0,432.0,2.29,3.4,4.32,22.36654580485476,50.26343929113189,21.960512101204987,0.4866980583482946,0.0311103997442485,mouse622180close376,0.2443744374437444,0.6661566156615663,0.3985598559855986,1
mouse622180,close,379,0.014853501456486,0.0144103992804713,0.0254053570057164,4.8364259578109525,5.982033428117213,0.7746536926598477,0.1682207924080827,0.1990148024105922,0.1386650660082717,1008.0,1111.0,1348.0,10.08,11.11,13.48,22.36654580485476,50.26343929113189,21.960512101204987,0.4866980583482946,0.0567555975269369,mouse622180close379,0.3264626462646265,0.6445544554455447,0.4193519351935192,1
mouse622180,close,381,0.0445769390433802,0.0336232444918084,0.0144345668337879,5.290325162032565,4.6503286192697315,1.170582512675151,0.1833197618160963,0.1525242058365532,0.1046940065495249,1362.0,1291.0,1375.0,13.620000000000001,12.91,13.75,22.885300808133177,29.399328098209445,22.130495086725826,0.4866980583482946,0.0406879799606823,mouse622180close381,0.2279027902790279,0.6197119711971197,0.3623762376237623,1
mouse622180,close,546,0.0217569601455327,0.0458581799671796,0.0329603453504967,3.1921861515483414,1.8470864219522225,1.8684538271465088,0.3155581959151799,0.4107951736633325,0.2523493871884807,183.0,227.0,248.0,1.83,2.27,2.48,22.885300808133177,29.399328098209445,22.130495086725826,0.4866980583482946,0.0608620314149334,mouse622180close546,0.24005400540054,0.7630963096309633,0.3542754275427541,1
mouse622180,close,388,0.059768783051939,0.0457029833391603,0.0618930032172191,4.8224751971503945,1.8529423099184184,4.173224107572841,0.2133139584285806,0.2142310296539833,0.2570130667755476,550.0,529.0,380.0,5.5,5.29,3.8000000000000003,23.393436969334157,28.59960992076462,22.88849010031648,0.4697073557013984,0.0498970955751969,mouse622180close388,0.1614761476147614,0.2605760576057606,0.2187218721872187,2
mouse622180,close,386,0.0419775953539371,0.0134223484126622,0.0320410957674385,2.26063676114043,3.037281252220516,0.1804966847909925,0.2005808841733229,0.1489441043595478,0.1968891776976314,635.0,916.0,739.0,6.3500000000000005,9.16,7.390000000000001,23.393436969334157,28.59960992076462,22.88849010031648,0.4697073557013984,0.0470179164470781,mouse622180close386,0.2011701170117013,0.7582358235823584,0.4066606660666064,1
mouse622180,close,392,0.0462756493417899,0.0770194690594863,0.0480300408935195,3.887289291982603,2.173031603451601,6.106323782928271,0.3525691238761582,0.3785804020437923,0.3263211229002239,185.0,166.0,215.0,1.85,1.6600000000000001,2.15,24.37984865328575,26.41468242357025,23.98955630887744,0.4756574397610111,0.03430610117013799,mouse622180close392,0.1911791179117912,0.7109810981098109,0.3707470747074709,1
mouse622180,close,391,0.0393250586406297,0.0627410532172671,0.04886113322523301,4.587305357683711,0.1347163043489464,5.959120552932857,0.2345391548205779,0.2629407494587489,0.3001074549424413,519.0,327.0,401.0,5.19,3.27,4.01,24.37984865328575,26.41468242357025,23.98955630887744,0.4756574397610111,0.0261392098668666,mouse622180close391,0.2144014401440144,0.6820882088208823,0.5657065706570658,1
mouse622180,close,390,0.0701537858142386,0.0798630904225205,0.0204913254166288,4.3972770305625035,2.144586190770204,3.8820713295680576,0.2759248007719821,0.3038885665006717,0.2124605056530072,545.0,500.0,568.0,5.45,5.0,5.68,24.37984865328575,26.41468242357025,23.98955630887744,0.4756574397610111,0.0592572905286338,mouse622180close390,0.1585058505850585,0.3078307830783079,0.2478847884788478,2
mouse622180,close,394,0.0515325925076109,0.035872357550971,0.1485301178006788,1.2973531100775797,5.825524493608996,5.847973015673876,0.3361069782086778,0.309586756754401,0.3638520332881234,384.0,229.0,203.0,3.84,2.29,2.0300000000000002,25.038294776533302,35.598314397154724,24.323763593504093,0.4756574397610111,0.0436455177525767,mouse622180close394,0.2033303330333034,0.768766876687669,0.3845184518451846,1
mouse622180,close,393,0.0274335654179925,0.0036867578108791,0.0254791353824946,4.229214297539501,3.2398184698402592,4.986115776746441,0.1209001706068339,0.0881892719308874,0.1334724100610191,2872.0,3245.0,2363.0,28.72,32.45,23.63,25.038294776533302,35.598314397154724,24.323763593504093,0.4756574397610111,0.0252180661993833,mouse622180close393,0.1601260126012602,0.2891989198919893,0.20495049504950502,2
mouse622180,close,547,0.034193443220345,0.0815882344948963,0.0186953920572447,2.8976529859201423,4.7073062807204815,4.225825147033879,0.1994515545836901,0.2203437821436007,0.1798612997932246,652.0,598.0,662.0,6.5200000000000005,5.98,6.62,25.454026049091702,34.24063404006465,25.008778470115924,0.4430011286667337,0.0561700714943762,mouse622180close547,0.2341134113411341,0.6882988298829883,0.4495949594959495,1
mouse622180,close,398,0.0266318666402681,0.0071523961339791,0.0251420856317785,4.283604666010191,4.358708837975401,4.367225579029785,0.1332752840184413,0.0950696475748208,0.1220499029582108,3148.0,3362.0,3106.0,31.48,33.62,31.060000000000002,26.672944569821283,51.268052290942116,25.934620091887172,0.4506939094329987,0.0365871436606865,mouse622180close398,0.1441944194419442,0.3145814581458146,0.2108910891089109,2
mouse622180,close,399,0.017784334983647,0.0247083068185757,0.0235552486687484,5.509191728126347,4.3500198075967855,4.29135290588363,0.1851576629401692,0.1461721174345983,0.2035178850458349,894.0,853.0,898.0,8.94,8.53,8.98,26.672944569821283,51.268052290942116,25.934620091887172,0.4506939094329987,0.0355008312701262,mouse622180close399,0.2030603060306031,0.6421242124212423,0.4882088208820881,1
mouse622180,close,548,0.1464136546301555,0.0514313773208502,0.079128791820635,5.0648015268831434,1.8613715725808548,3.23376043470832,0.4469259594698923,0.3475990222916483,0.4355413399675157,110.0,151.0,75.0,1.1,1.51,0.75,28.13495038988112,100.51191237289068,27.155071284496213,0.4394598957811737,0.0642252155805749,mouse622180close548,0.1998199819981998,0.6872187218721874,0.3796579657965798,1
mouse622180,close,405,0.0522608126294431,0.0671354354447626,0.0496254454429717,4.772200367915483,2.4210505692580924,4.448514861407567,0.2394641680485576,0.2648557127362851,0.2491527708837334,460.0,339.0,514.0,4.6000000000000005,3.39,5.14,28.13495038988112,100.51191237289068,27.155071284496213,0.4394598957811737,0.0435820957783446,mouse622180close405,0.2705670567056706,0.4620162016201621,0.3064806480648065,2
mouse622180,close,549,0.0749081038228028,0.07523652598162599,0.1588771823396249,3.9376891707686634,5.6484350410861905,3.2866772055215843,0.3786475094618748,0.4409243661337597,0.4791811474874788,139.0,141.0,83.0,1.3900000000000001,1.41,0.8300000000000001,28.13495038988112,100.51191237289068,27.155071284496213,0.4394598957811737,0.0598484999808237,mouse622180close549,0.1919891989198919,0.705850585058506,0.3918091809180921,1
mouse622180,close,404,0.0194126719494052,0.1041147280767706,0.0938885899717718,3.677591502026122,0.9988866426077472,6.2162103885285385,0.2350746117859978,0.3379086952252397,0.3793464865557056,346.0,277.0,174.0,3.46,2.77,1.74,28.13495038988112,100.51191237289068,27.155071284496213,0.4394598957811737,0.0316417354911534,mouse622180close404,0.1641764176417641,0.6267326732673267,0.3094509450945095,1
mouse622180,close,410,0.0310635710371583,0.0362496560951723,0.024064211470506,5.591657790378643,1.4521520488003332,1.190388553762295,0.1718614065218986,0.1827223872484675,0.1915496357717703,779.0,719.0,718.0,7.79,7.19,7.18,29.276287765930505,135.4984735388949,28.047915444264344,0.4394598957811737,0.0259048106910135,mouse622180close410,0.2216921692169217,0.7171917191719174,0.3823582358235825,1
mouse622180,close,415,0.0709831341884889,0.0294508242075635,0.0422744034072228,5.547751339763192,5.23286792823132,4.427718336969616,0.4031706109150145,0.2576041039288148,0.3190352623583204,140.0,210.0,168.0,1.4000000000000001,2.1,1.68,30.245211811396643,176.88768473253845,29.010936909697428,0.4308421984903521,0.0214667220510201,mouse622180close415,0.1571557155715572,0.6747974797479749,0.3550855085508552,1
mouse622180,close,418,0.0801922606042257,0.0823035015329101,0.1011946220475551,4.634819692376837,5.667994723735029,6.116942260407788,0.4008091414976401,0.3416050501520864,0.39233639382204705,150.0,139.0,121.0,1.5,1.3900000000000001,1.21,30.209926296881644,170.59846857328483,29.366299490069355,0.4308421984903521,0.0317895227735097,mouse622180close418,0.1771377137713772,0.676957695769577,0.3364536453645367,1
mouse622180,close,421,0.0608743691642072,0.0163514875269851,0.0739271726382873,4.026784762394513,5.507543503074812,2.7259031505791778,0.3299901673732126,0.320653592938959,0.4198225113775364,207.0,135.0,97.0,2.07,1.35,0.97,31.380143981012502,218.16086857210212,30.372687855976764,0.425,0.0200625929944299,mouse622180close421,0.1582358235823582,0.6596759675967598,0.2972997299729975,1
mouse622180,close,553,0.0693331306130294,0.0621101347340649,0.1153894329985574,3.3576112883396916,5.608951523606217,4.245771746322909,0.2914067625039594,0.2832430635396573,0.348699161428521,293.0,187.0,243.0,2.93,1.87,2.43,31.394170279616734,253.44324302273225,30.582152297316146,0.425,0.0483237087254085,mouse622180close553,0.1806480648064806,0.7158415841584159,0.2400540054005399,1
mouse622180,close,429,0.0429496766618806,0.0288029259361933,0.0600423239627169,4.652405916061059,4.756691642341607,4.431289655638014,0.2257213560641939,0.1774979587507607,0.2510487017924263,640.0,898.0,722.0,6.4,8.98,7.22,31.394170279616734,253.44324302273225,30.582152297316146,0.425,0.0457659480855581,mouse622180close429,0.1687668766876687,0.7285328532853287,0.3018901890189019,1
mouse622180,close,430,0.1560639712717567,0.0440151813341413,0.0769367465830229,4.725803425684703,3.0318855957185327,1.2061089910643112,0.4269974896954412,0.4435112644383069,0.4242537338158238,112.0,73.0,63.0,1.12,0.73,0.63,31.04821012935411,309.59893434157385,29.975402708249053,0.4387482193696062,0.0950987056753441,mouse622180close430,0.1363636363636363,0.7331233123312332,0.3148514851485148,1
mouse622180,close,435,0.0230662397395349,0.031446736461292,0.0475097539467774,4.550771568670683,4.861408865624399,4.1988148394618925,0.2193908269968708,0.1834876014748812,0.2495487101717532,606.0,1127.0,837.0,6.0600000000000005,11.27,8.370000000000001,31.15396373577973,300.27593199559817,30.14165060954349,0.4107919181288746,0.0335766991533802,mouse622180close435,0.1466246624662467,0.7134113411341134,0.3040504050405043,1
mouse622180,close,431,0.0123864061802791,0.0307320734691937,0.022138062241102,2.1867333875326933,0.8206976882033101,1.453398847267248,0.134587803806568,0.1432966307338022,0.1509255991518073,1877.0,2047.0,2130.0,18.77,20.47,21.3,30.50774792054894,352.52189983979804,29.38728796781432,0.4264680527307995,0.0372244434772044,mouse622180close431,0.1487848784878488,0.6831683168316832,0.2454545454545454,1
mouse622180,close,445,0.0595120266662465,0.0575270315359253,0.035561538493546,4.117006039520583,0.0480991064417654,3.7775796080558752,0.22399105579959003,0.2378369962308379,0.1924959735671173,652.0,665.0,885.0,6.5200000000000005,6.65,8.85,29.4544121663702,494.71965810964434,28.568388798595837,0.4279310692155922,0.0410820047439451,mouse622180close445,0.1933393339333934,0.7965796579657968,0.5511251125112512,1
mouse622180,close,451,0.0549316473251539,0.0474090044929197,0.1140624996121222,4.844014307528743,2.551474714101748,4.778074907691382,0.2033886788150671,0.2170780980072215,0.3102421941460864,798.0,579.0,766.0,7.98,5.79,7.66,28.688454125189015,506.16494690411855,27.59750310619667,0.4322904116447645,0.0248040247805086,mouse622180close451,1.0455445544554458,1.4065706570657068,0.0847884788478845,0
mouse622180,close,465,0.0499378733795369,0.0766116370597154,0.0363797505560685,4.6075885751695935,4.081211970644347,4.73381098156516,0.1725464383656096,0.18838819423749398,0.149945872178164,1743.0,1812.0,1844.0,17.43,18.12,18.44,26.756358820272652,604.7051551714113,25.59153194233083,0.4394598957811737,0.0413237696311255,mouse622180close465,0.1425742574257426,0.453915391539154,0.5011701170117014,1
mouse622180,close,478,0.0977550915035753,0.0173657591548453,0.0969768721260843,4.462432907225313,0.0472415611925298,4.680598052044862,0.2538591886010151,0.1713510798012234,0.2561987777503368,881.0,775.0,962.0,8.81,7.75,9.620000000000001,23.229578630435146,785.8445864968028,22.233484157271185,0.4703721930556694,0.014247132376625,mouse622180close478,0.1544554455445541,0.5030603060306031,0.0791179117911791,2
mouse622180,close,385,0.0141465359636314,0.0630244141419837,,0.9146832430993496,6.021227312301973,,0.1816218939167724,0.3626488069697737,,784.0,96.0,0.0,7.84,0.96,0.0,21.478936204113086,75.89855613538384,21.527662517533336,0.5055937104039171,0.04728455659754401,mouse622180close385,0.2117011701170117,0.5681368136813681,0.3310531053105312,1
mouse631538,close,263,0.0594391751677524,0.0636486018815947,0.0286291853071291,0.0689135053966921,2.715907905496248,6.218316568233465,0.2185721791005029,0.2700016454653148,0.2359190393739046,537.0,479.0,480.0,5.37,4.79,4.8,21.41143864575816,46.163154617229345,22.017527345714,0.5408326913195984,0.0328372151715274,mouse631538close263,0.2403240324032404,0.6783078307830784,0.4201620162016201,1
mouse631538,close,265,0.0171947235688267,0.0322977402106183,0.0339185694422014,2.9123008309153615,1.9734466450250734,0.1022225435767141,0.1483287278144988,0.1993545354559097,0.19209976467663797,1265.0,958.0,1099.0,12.65,9.58,10.99,20.96401192569275,26.61262421012837,21.677517232211198,0.5408326913195984,0.0682051349293537,mouse631538close265,0.1533753375337534,0.3213321332133214,0.2233123312331232,2
mouse631538,close,449,0.0428870305708774,0.0267020319383098,0.0402236645469261,3.1302800624986453,1.894526060738124,3.429898908003874,0.2131870220273436,0.172699976522744,0.1942672670058895,1008.0,844.0,1120.0,10.08,8.44,11.200000000000001,21.312625355185688,45.31988420896376,21.866359529579107,0.5226136240091719,0.0171044187644672,mouse631538close449,0.245994599459946,0.6747974797479749,0.4096309630963096,1
mouse631538,close,266,0.041661893769059995,0.0628940528683122,0.0341073594254643,5.5608521054932245,2.4916422224220547,1.9463695994850283,0.2402389931289425,0.2025237118751417,0.1873567560255305,519.0,485.0,540.0,5.19,4.8500000000000005,5.4,21.312625355185688,45.31988420896376,21.866359529579107,0.5226136240091719,0.0491782176536736,mouse631538close266,0.2324932493249325,0.6413141314131414,0.3926192619261927,1
mouse631538,close,267,0.0068867496600056,0.0061287066282683,0.0295063536677474,3.877762738100351,3.294765795250392,1.803426114436884,0.2144058437741396,0.2162458887610911,0.1943522147981143,961.0,945.0,974.0,9.61,9.450000000000001,9.74,21.312625355185688,45.31988420896376,21.866359529579107,0.5226136240091719,0.0268088113074659,mouse631538close267,0.2384338433843384,0.6777677767776779,0.408820882088209,1
mouse631538,close,269,0.0824308757798475,0.0630142439098797,0.0186491278925946,0.5209918357651097,0.3393754524961727,5.610031816283497,0.2494996427555514,0.2957122725298969,0.1914565721525577,593.0,549.0,654.0,5.93,5.49,6.54,21.312625355185688,45.31988420896376,21.866359529579107,0.5226136240091719,0.0426377455292312,mouse631538close269,0.1938793879387939,0.6118811881188121,0.3677767776777677,1
mouse631538,close,275,0.050065100400907996,0.0525771135507258,0.0450549591555383,2.2423128739372724,1.0323088472985025,2.8376188192084566,0.2678804248230347,0.2462741813465679,0.2869133227450684,243.0,296.0,223.0,2.43,2.96,2.23,20.92678658513959,23.51932977678869,21.9759079825737,0.5396758286230726,0.0462091406319252,mouse631538close275,0.2613861386138614,0.8543654365436546,0.5141314131413138,1
mouse631538,close,274,0.0755311627649155,0.1340139485863612,0.0344082401834664,0.4121181493233798,4.019242959562873,2.8167414428174014,0.3889181509430789,0.3636544560002453,0.2819567703356979,254.0,236.0,295.0,2.54,2.36,2.95,20.92678658513959,23.51932977678869,21.9759079825737,0.5396758286230726,0.0500592597880782,mouse631538close274,0.1822682268226823,0.7971197119711971,0.3963996399639965,1
mouse631538,close,273,0.0416785501599193,0.0310835801954852,0.0683051217578265,0.6742397509666648,5.857259809355674,1.8593382384418768,0.1874146970883617,0.2008743948627764,0.1902366441395605,1022.0,1094.0,968.0,10.22,10.94,9.68,20.92678658513959,23.51932977678869,21.9759079825737,0.5396758286230726,0.0360904844295097,mouse631538close273,0.2022502250225023,0.6102610261026105,0.3774977497749773,1
mouse631538,close,279,0.1000373543428914,0.0369887574390671,0.0398816807686265,3.3219007901627955,3.6420918290664286,4.942100928136352,0.3311930266355281,0.2547619765183341,0.2827306616781421,225.0,288.0,242.0,2.25,2.88,2.42,20.99536125702896,24.517946525008202,22.17516176804435,0.5396758286230726,0.0514419488457702,mouse631538close279,0.1585058505850585,0.8162916291629164,0.3747974797479748,1
mouse631538,close,280,0.0872848256785862,0.0923056437028555,0.0559577480428225,5.024529166465818,0.9062747788309804,5.152056573049941,0.3702519828581625,0.4216417269393274,0.2988143002025542,139.0,83.0,211.0,1.3900000000000001,0.8300000000000001,2.11,20.99536125702896,24.517946525008202,22.17516176804435,0.5396758286230726,0.0740949776710449,mouse631538close280,0.1882088208820882,0.7347434743474349,0.3391539153915389,1
mouse631538,close,454,0.0854964292014428,0.0568269616241646,0.0258484449505866,2.249814065464554,2.5880609151979765,4.876522465163619,0.2390773322357733,0.2787843876123358,0.2507318208530847,385.0,327.0,360.0,3.85,3.27,3.6,20.99536125702896,24.517946525008202,22.17516176804435,0.5396758286230726,0.0375672044841439,mouse631538close454,0.21602160216021601,0.7536453645364538,0.4433843384338435,1
mouse631538,close,282,0.0215064449238207,0.0253559156248119,0.0502227963337105,5.937218433731946,4.075302403997386,4.251748857169442,0.2451290537144531,0.16090438993643802,0.2587056333746971,689.0,697.0,681.0,6.890000000000001,6.97,6.8100000000000005,20.988125396078374,29.61113630001913,22.197662995659517,0.5408326913195984,0.0539795501525505,mouse631538close282,0.2330333033303331,0.8003600360036005,0.8527452745274531,1
mouse631538,close,287,0.0712113054738882,0.0253937260355137,0.0218653304381074,0.7083347980940166,0.2714321242992275,1.1897820210599424,0.3048523241854451,0.2312915952218031,0.173004910215368,550.0,600.0,621.0,5.5,6.0,6.21,21.236243347184047,24.13174621009716,22.13930455890976,0.5408326913195984,0.0453246594749126,mouse631538close287,0.2036003600360035,0.7547254725472547,0.4450045004500452,1
mouse631538,close,285,0.0701862398835303,0.1635660150157441,0.1030522963459256,4.772884042713343,2.2549322611473097,4.186890801172165,0.4026371894279946,0.4135306885292762,0.397944106478079,155.0,133.0,108.0,1.55,1.33,1.08,21.236243347184047,24.13174621009716,22.13930455890976,0.5408326913195984,0.0434202747442335,mouse631538close285,0.1606660666066607,0.7477047704770479,0.3990999099909992,1
mouse631538,close,284,0.0632538775073431,0.0590630050755121,0.0902991198856376,0.1971597966267582,1.4716301642074,3.1170087382229417,0.3819584253443014,0.3139401786436362,0.4292158827172241,129.0,72.0,85.0,1.29,0.72,0.85,21.236243347184047,24.13174621009716,22.13930455890976,0.5408326913195984,0.0864858503703998,mouse631538close284,0.2562556255625562,0.8705670567056706,0.4020702070207022,1
mouse631538,close,463,0.0793393559652052,0.1124770725012212,0.0657676865178733,3.2868021807042367,2.5293474359904162,4.954536397375755,0.3544804674114957,0.4395340911537354,0.4109802790436065,165.0,73.0,130.0,1.6500000000000001,0.73,1.3,22.63322291703256,76.28010921402195,22.919894511019077,0.55,0.0919558908085354,mouse631538close463,0.1593159315931593,0.6761476147614761,0.3186318631863188,1
mouse631538,close,354,0.0538963334224046,0.0762318871226609,0.0529178437392028,5.291708579377032,5.763309930932343,4.618318745001222,0.29920156803048803,0.3093491917783661,0.3482939758025399,271.0,262.0,254.0,2.71,2.62,2.54,23.101609870304504,217.52379232824296,23.51774055132697,0.6133922073192649,0.0199239920027109,mouse631538close354,0.17902790279027897,0.6410441044104412,0.5759675967596761,1
mouse655957,close,301,0.0441068632826118,0.0701360101140146,0.0203254124467885,3.121229103891372,2.2176407235675057,5.260796716084674,0.1661163648418185,0.1867086821210213,0.1264584364458535,1357.0,1456.0,1438.0,13.57,14.56,14.38,32.30856934030088,37.022296424352824,33.46500876892241,0.7470776398741967,0.0194409034021959,mouse655957close301,0.2360036003600361,0.6021602160216022,0.3675067506750679,1
mouse655957,close,303,0.0196399508736024,0.0160816518177577,0.0131592418719727,2.3213224563897277,5.4149893883400955,4.724934802568893,0.1403605630203644,0.1326107108895677,0.1248272991298831,1970.0,2186.0,1481.0,19.7,21.86,14.81,30.459030652931165,33.89935430461242,31.47147748331239,0.7470776398741967,0.0099571402437877,mouse655957close303,0.1568856885688568,0.3577857785778578,0.2856885688568856,2
mouse655957,close,324,0.0164026441920075,0.0145279876561923,0.0237621468341486,2.1358982069750434,1.622587165928267,2.49467308346519,0.244290125239155,0.1742738516017813,0.2155321518519068,414.0,535.0,327.0,4.14,5.3500000000000005,3.27,23.01279228450749,37.03761020816261,23.88864405614726,0.7462405778299649,0.0381809470259752,mouse655957close324,0.1671467146714672,0.6461746174617462,0.3286228622862288,1
mouse655957,close,330,0.0270259085056793,0.0117565318800116,0.0197815114730057,4.634669198312113,5.924385037969241,2.339529445971331,0.1790647466162227,0.1781964938871127,0.1400965015534233,1225.0,1241.0,1584.0,12.25,12.41,15.84,22.543248420274626,44.60402211160896,23.30691247043128,0.7520804478245662,0.0114817882310972,mouse655957close330,0.2713771377137715,0.2816381638163817,0.2252025202520251,2
mouse655957,close,334,0.0271962405941575,0.0525782156546231,0.0740878821102067,0.2858499737701098,0.9509694672528508,4.599437026226159,0.2928302482315304,0.2470137554437928,0.2667618976809986,509.0,417.0,701.0,5.09,4.17,7.01,22.21728909494199,46.672405173661716,22.879828748211104,0.7520804478245662,0.0219086590959412,mouse655957close334,0.1698469846984698,0.3137713771377138,0.24410441044104397,2
mouse655957,close,336,0.0305014851627286,0.006322647874790999,0.0120101367677155,2.939909413186142,1.7279969157993493,4.4953557349981486,0.1566776475637388,0.1347033306142527,0.1347667337287651,1716.0,1721.0,1382.0,17.16,17.21,13.82,22.292825038898076,48.925672901545646,22.94189731441897,0.7520804478245662,0.0144748184010739,mouse655957close336,0.1666066606660666,0.2937893789378939,0.2322232223222322,2
mouse655957,close,351,0.0498859133596019,0.0157027071365373,0.0199277051516759,1.8840050891361493,2.099750857125656,4.281993102791406,0.2255428262248723,0.1827238949876259,0.2743345352171523,569.0,794.0,343.0,5.69,7.94,3.43,21.658020531775644,64.90396612923466,22.28605052362048,0.7866066361276137,0.0311125415098163,mouse655957close351,0.1377137713771377,0.2065706570657065,0.1671467146714671,2
mouse655957,close,356,0.0121765014151647,0.0346440211462159,0.0202337924210233,5.315740630852817,5.149555571563979,1.6618584504235665,0.2251602697874215,0.1783830079923949,0.1981267067696242,615.0,724.0,385.0,6.15,7.24,3.85,21.341342690417587,70.62225598243363,21.9068718144527,0.7866066361276137,0.0207981354731102,mouse655957close356,0.1563456345634564,0.8111611161116113,0.4598559855985599,1
mouse655957,close,355,0.0109670442697574,0.0326015659372087,0.0315294676989157,2.397113340644213,5.917087959151533,3.4385588694275997,0.2202717133394557,0.1801135392706538,0.2828897638724769,1017.0,937.0,649.0,10.17,9.370000000000001,6.49,21.3656256020849,68.15026967934786,22.01372935335944,0.7866066361276137,0.026260467966455002,mouse655957close355,0.6691269126912692,0.945634563456346,0.2635463546354635,0
mouse655957,close,612,0.021981401909826,0.040942182380572,0.0783586987863872,5.4958817653500756,1.8802372829983067,5.916744933584446,0.3150615938968444,0.3615709455079176,0.326069855699826,216.0,195.0,194.0,2.16,1.95,1.94,21.3656256020849,68.15026967934786,22.01372935335944,0.7866066361276137,0.0258440220871067,mouse655957close612,0.1509450945094509,0.7174617461746176,0.3081008100810082,1
mouse655957,close,360,0.014919505014281001,0.0091212799080947,0.0293763672325692,0.8793891007502388,3.9006673240280696,0.928698344504271,0.1697846347002744,0.1398554054178452,0.1953656327837495,1086.0,1104.0,783.0,10.86,11.040000000000001,7.83,21.3656256020849,68.15026967934786,22.01372935335944,0.7866066361276137,0.0314914797193515,mouse655957close360,0.1652565256525653,0.7976597659765978,0.3993699369936992,1
mouse655957,close,361,0.0335154615254603,0.0689489606726633,0.0590822572076908,2.3146186336648933,2.3236697323711457,5.486723409728849,0.2346052178062978,0.2187114884763186,0.2015590733889461,401.0,574.0,486.0,4.01,5.74,4.86,21.11707296583732,74.25893855043654,21.578801295807448,0.7830229881682913,0.0368690341426338,mouse655957close361,0.1984698469846985,0.6734473447344735,0.33186318631863204,1
mouse655957,close,555,0.0741349011358007,0.1138137834544065,0.1150082154887758,4.007945711402279,4.201125014511113,5.266810245484394,0.4275252437551997,0.436684772911338,0.4938170962278615,78.0,76.0,135.0,0.78,0.76,1.35,21.200104849703557,79.83487828022984,21.694835630503693,0.7830229881682913,0.0757919395826595,mouse655957close555,0.26003600360035994,0.8181818181818183,0.5192619261926191,1
mouse655957,close,365,0.0722857742663013,0.071029101170932,0.1809698935050653,6.199042724084609,6.108295632097612,2.2811659178120256,0.4841836177176215,0.3196577011439069,0.5135661605726615,74.0,151.0,69.0,0.74,1.51,0.6900000000000001,20.789678399318,75.26862823557455,21.36141091565205,0.8023403267940608,0.0396464118201226,mouse655957close365,0.1711971197119711,0.3621062106210621,0.23897389738973898,2
mouse655957,close,364,0.0366998750826847,0.0407843445760539,0.0397354168448027,2.8100132414905694,2.123274362753065,1.6126230604677625,0.2171671671022277,0.2606824957439738,0.2407943034360236,223.0,267.0,325.0,2.23,2.67,3.25,20.862758596983024,87.31934166011607,21.151997324200057,0.7956915231419774,0.0667059352011143,mouse655957close364,0.2540954095409542,0.8524752475247526,0.4180018001800182,1
mouse655957,close,370,0.0267701731450958,0.0385202438374429,0.0094578304910013,4.100526848069245,4.551744915746821,1.2028554795657862,0.1667073560230655,0.20393710515089702,0.1570190357302666,1387.0,1464.0,1438.0,13.870000000000001,14.64,14.38,20.941156037584385,81.90910588291861,21.444857370889427,0.8154753215150046,0.0215608317558461,mouse655957close370,0.2103510351035104,0.5805580558055807,0.3699369936993699,1
mouse655957,close,372,0.0168629263152776,0.0311380296114599,0.0200456145946098,4.501923919346627,6.176003956663517,2.9817991838062663,0.1597255306682602,0.1621019771702503,0.1663730229519852,871.0,1050.0,1033.0,8.71,10.5,10.33,20.941156037584385,81.90910588291861,21.444857370889427,0.8154753215150046,0.011518936571161003,mouse655957close372,0.2065706570657065,0.578937893789379,0.3669666966696671,1
mouse655957,close,374,0.107860777156935,0.0577917183384565,0.0130382682924455,5.093429795052871,1.1088415108202372,2.217589585061357,0.2541246879847992,0.2564586644331214,0.2648269645573505,391.0,379.0,287.0,3.91,3.79,2.87,20.674818304406735,87.67097124662214,21.024636940827087,0.8154753215150046,0.0251503206354044,mouse655957close374,0.1563456345634564,0.6872187218721875,0.3062106210621059,1
mouse655957,close,376,0.0529150817308816,0.0287267832131921,0.0307515126769551,3.3559153924499627,1.317745782374329,4.662616622882213,0.2116517681815426,0.1564157034402375,0.169141694760431,894.0,948.0,760.0,8.94,9.48,7.6000000000000005,20.93660141078568,89.21520394832073,21.510631263236903,0.8154753215150046,0.0191594085805498,mouse655957close376,0.1417641764176418,0.627812781278128,0.3218721872187217,1
mouse655957,close,632,0.0693808962884804,0.0177855122027086,0.0325463802475761,3.915700259296914,2.5889174704489752,4.4725801637369695,0.2454242569821829,0.2074432420336157,0.1976068421615429,433.0,620.0,579.0,4.33,6.2,5.79,20.654780318629662,95.5143522229636,20.93047543599561,0.8097067370350823,0.0330044926033178,mouse655957close632,0.2527452745274527,0.5970297029702972,0.3731773177317732,1
mouse655957,close,559,0.0515430560173217,0.04483141689929901,0.0150018924885359,1.9043096990820227,0.5210670600097281,3.2619522341922362,0.1726838005227428,0.193343614513265,0.157764485302776,1183.0,1174.0,1120.0,11.83,11.74,11.200000000000001,20.654780318629662,95.5143522229636,20.93047543599561,0.8097067370350823,0.0178379144795337,mouse655957close559,0.2392439243924393,0.5292529252925293,0.3891089108910892,1
mouse655957,close,561,0.0557485423180763,0.0378793845423109,0.0415299841992464,0.8116735760393586,1.1481247049564398,0.8896112076506597,0.2228744602543829,0.2504356650561403,0.22432691001805202,541.0,629.0,474.0,5.41,6.29,4.74,20.654780318629662,95.5143522229636,20.93047543599561,0.8097067370350823,0.0286096484697943,mouse655957close561,0.1817281728172817,0.7301530153015302,0.4093609360936096,1
mouse655957,close,380,0.0927599427635398,0.0214663722807572,0.0595511897107029,3.709198697707965,3.307336677622788,2.6976716616870737,0.2586283620674601,0.1498529888817383,0.2147179782644702,786.0,804.0,650.0,7.86,8.040000000000001,6.5,20.6745139989576,88.50311323023773,21.13347264425128,0.8299096336348916,0.0083045073833124,mouse655957close380,0.1871287128712871,0.5684068406840685,0.3270027002700271,1
mouse655957,close,562,0.0346596421242567,0.0729415418002496,0.0805624634505742,4.470288742559098,1.7362170272898236,1.2364048187809966,0.3018048199311013,0.3040285086427911,0.2751698550681017,390.0,576.0,434.0,3.9,5.76,4.34,20.776074749171613,96.0712472888693,21.193680550331347,0.8299096336348916,0.0143059608044803,mouse655957close562,0.2068406840684069,0.5824482448244825,0.3969396939693971,1
mouse655957,close,385,0.0401204644144299,0.0532642179857501,0.0415125982316797,0.4844456654566152,5.760666553449227,4.09086967262941,0.2158317908749528,0.2886067220979585,0.1921786302845158,617.0,646.0,571.0,6.17,6.46,5.71,20.84938129570964,95.36949113023216,21.20244729434778,0.8437268515343104,0.0162634236899006,mouse655957close385,0.2603060306030603,0.6210621062106211,0.3629162916291629,1
mouse655957,close,386,0.0371161090123661,0.0541836890767926,0.0474760434220509,4.550268241820829,5.190024885114894,3.830672570595088,0.2047706577899278,0.1898429789175828,0.1711739471878254,761.0,840.0,655.0,7.61,8.4,6.55,20.84938129570964,95.36949113023216,21.20244729434778,0.8437268515343104,0.0208800230113946,mouse655957close386,0.2432943294329432,0.6000000000000001,0.3529252925292528,1
mouse655957,close,390,0.0282812021989264,0.0261819393663263,0.0668321064424709,6.0553003424868885,2.5947291172300333,4.080556804364671,0.21769542679440598,0.1790365381239858,0.2670672284433021,853.0,1057.0,686.0,8.53,10.57,6.86,20.782588966341454,102.40805891049664,20.92933660799927,0.8437268515343104,0.0121136687853362,mouse655957close390,0.2057605760576057,0.575967596759676,0.3407740774077408,1
mouse655957,close,388,0.0607291853304389,0.0159623527293357,0.0289227273022462,0.3240748496645168,2.8508003183436577,4.412858144607247,0.2219706478620074,0.1894990837260649,0.2044765697370701,1002.0,1083.0,803.0,10.02,10.83,8.03,20.782588966341454,102.40805891049664,20.92933660799927,0.8437268515343104,0.0089659513272155,mouse655957close388,0.200900090009001,0.5616561656165618,0.3456345634563456,1
mouse655957,close,384,0.0379005665127855,0.1105864345504318,0.0558475353287476,4.592174511197274,0.4325183241112258,4.726361227951486,0.2632285135422222,0.3499710214725375,0.2789579793669229,274.0,278.0,293.0,2.74,2.7800000000000002,2.93,20.782588966341454,102.40805891049664,20.92933660799927,0.8437268515343104,0.0190805451372043,mouse655957close384,0.2392439243924392,0.6081008100810081,0.3542754275427545,1
mouse655957,close,394,0.0524684364517417,0.1062984593184307,0.0172450552702678,0.5466433837170347,1.1026499920841306,4.617743195441797,0.2647528910343206,0.2868398676728544,0.3327455355584355,311.0,252.0,221.0,3.11,2.52,2.21,20.81251393631145,101.5014993185417,21.011160408616327,0.8591420138719791,0.0348968272229697,mouse655957close394,0.2106210621062105,0.6207920792079209,0.3750675067506749,1
mouse655957,close,395,0.0372375920048501,0.0364146320675857,0.0543565499904267,4.940259149516238,4.856813365782235,1.750253048167289,0.2811379554890961,0.2775170484341062,0.3446857631720758,287.0,250.0,166.0,2.87,2.5,1.6600000000000001,20.605541868262936,98.90994723668061,20.747469971614315,0.8455767262643882,0.018574498382151,mouse655957close395,0.1806480648064807,0.7630963096309633,0.3877587758775879,1
mouse655957,close,398,0.0260004516067373,0.0469834489754136,0.0258323008707609,0.5783007785687845,4.953996387399229,4.565317238600392,0.15308694510449802,0.1578490832039072,0.1551504850988433,890.0,1091.0,870.0,8.9,10.91,8.700000000000001,20.63512717715907,107.86331927839323,20.83809880262478,0.8455767262643882,0.0089402633498445,mouse655957close398,0.1865886588658866,0.5635463546354637,0.3526552655265527,1
mouse655957,close,567,0.0366392679444061,0.0343168299236324,0.0371587527383078,4.422442085028754,3.557978790069515,6.17139395908661,0.2728961413113345,0.3222053939467387,0.3006597441405142,274.0,228.0,280.0,2.74,2.2800000000000002,2.8000000000000003,20.63512717715907,107.86331927839323,20.83809880262478,0.8455767262643882,0.0348626067991053,mouse655957close567,0.21899189918991896,0.7004500450045005,0.42772277227722794,1
mouse655957,close,399,0.019336059395783003,0.0349459548287938,0.0393549118948188,5.093752510626629,5.559040416945199,4.043393514567354,0.241726090695198,0.1867126200505712,0.3282987066647848,347.0,324.0,419.0,3.47,3.24,4.19,20.63512717715907,107.86331927839323,20.83809880262478,0.8455767262643882,0.0155974872933638,mouse655957close399,0.1412241224122412,0.2454545454545454,0.1933393339333933,2
mouse655957,close,400,0.0322946357716453,0.0343193344954559,0.0430653111431056,2.8016629776231707,1.5007762687786628,2.2345471754655177,0.2026531955562694,0.2404198283607379,0.1974461716126176,575.0,888.0,495.0,5.75,8.88,4.95,20.63512717715907,107.86331927839323,20.83809880262478,0.8455767262643882,0.0368119680112513,mouse655957close400,0.2068406840684068,0.742844284428443,0.3923492349234921,1
mouse655957,close,396,0.0896832419170544,0.0351123540071469,0.0203741652817765,1.2118956991557308,3.9913051179628094,2.8968925921759627,0.3081650438907206,0.2423356474813828,0.2792695579190225,283.0,368.0,229.0,2.83,3.68,2.29,20.73090384945686,97.90253439582932,21.38978280358576,0.866386172558173,0.0216672620347791,mouse655957close396,0.1852385238523852,0.7404140414041405,0.3729072907290728,1
mouse655957,close,565,0.0369517561169064,0.027810781773584002,0.0209947521728841,0.994460484179581,0.3901362544863329,0.2730428354403155,0.1535628368678455,0.1274410223904096,0.2163908564573609,1425.0,1536.0,1262.0,14.25,15.36,12.620000000000001,20.73090384945686,97.90253439582932,21.38978280358576,0.866386172558173,0.0212428748429727,mouse655957close565,0.2711071107110712,0.516831683168317,0.3899189918991899,1
mouse655957,close,404,0.0377490006440755,0.018600483755337,0.0793911818294859,1.9546144208343543,4.135873194522478,0.2069752566177975,0.3669927544848488,0.2456940970543889,0.3426471032851763,164.0,303.0,207.0,1.6400000000000001,3.0300000000000002,2.07,20.82767163085809,106.26091780616586,21.210856586817115,0.866386172558173,0.02323377585903,mouse655957close404,0.1868586858685869,0.7520252025202522,0.4123312331233123,1
mouse655957,close,407,0.0099444068142107,0.0200550174299142,0.0428289523788217,3.29163160051395,4.537449007853934,0.7276339456224884,0.128920215615432,0.1083090699621928,0.1912754736687861,1911.0,1795.0,1384.0,19.11,17.95,13.84,20.78940706333673,112.27557601297936,21.07060304101516,0.8624094155330171,0.0242876926832012,mouse655957close407,0.1622862286228623,0.3523852385238525,0.2281728172817281,2
mouse655957,close,405,0.0596445271708328,0.0385769071595891,0.0206294325323374,4.653266126957696,4.834796319241211,5.08493688987279,0.1962445058632357,0.2072393348076979,0.2658719685472414,787.0,725.0,367.0,7.87,7.25,3.67,21.11073394310421,101.39378609230332,21.467533863174893,0.8835298523536146,0.0308259235975072,mouse655957close405,0.1768676867686768,0.718811881188119,0.3872187218721871,1
mouse655957,close,410,0.0514015714104898,0.0096084996862322,0.0749823830535054,4.236745764337758,5.639336228075472,4.370066637488418,0.3140578147835494,0.3373607131006133,0.408975831934887,239.0,239.0,200.0,2.39,2.39,2.0,21.262838286624103,110.03851100706413,21.309659764446693,0.8835298523536146,0.0314153820518955,mouse655957close410,0.1266426642664266,0.6183618361836185,0.3002700270027003,1
mouse655957,close,418,0.100182037669198,0.0983879507520618,0.0275608232593027,3.7926716616913567,1.9751763844039072,3.780525860956601,0.355049822029079,0.4874998878990165,0.3560094577260396,153.0,89.0,95.0,1.53,0.89,0.9500000000000001,21.55620693849728,117.79747550230108,21.62459241608048,0.8835298523536146,0.0394910778709389,mouse655957close418,0.1798379837983797,0.7614761476147617,0.3261926192619263,1
mouse655957,close,416,0.0320470891829724,0.0590932865669812,0.0317825742659402,5.2639113118029535,4.7447992413477005,2.140134765429249,0.3250998792960301,0.2394520093802332,0.3237683775973893,208.0,550.0,319.0,2.08,5.5,3.19,21.14604759687732,103.34937378743359,21.460724901733037,0.9017344398435716,0.0297671077382866,mouse655957close416,0.1495949594959497,0.673987398739874,0.3118811881188118,1
mouse655957,close,419,0.0148557527558179,0.0847380857072564,0.1833151254523117,4.479132655519712,5.360746174050475,1.2504616525140435,0.3229327013218694,0.2943447927360524,0.5164777592857369,215.0,173.0,63.0,2.15,1.73,0.63,21.64964227445027,113.91699634112136,21.911621254713253,0.9017344398435716,0.0428968511355502,mouse655957close419,0.15499549954995498,0.7892889288928895,0.3367236723672365,1
mouse655957,close,426,0.1336543121658915,0.1211136912882384,0.2063233631410005,0.716497149411193,2.1930005329935716,1.952121093083728,0.4262238531407796,0.45563206958865704,0.5614978644528729,97.0,73.0,43.0,0.97,0.73,0.43,21.328915129320013,105.88562476118496,21.879921291520823,0.8870597499605086,0.0533138414743984,mouse655957close426,0.1382538253825382,0.6982898289828985,0.2748874887488749,1
mouse655957,close,429,0.014522804884815,0.0118054191236292,0.0412494572413606,4.2235558276057565,4.756194843811045,4.562281271061921,0.1626872475428968,0.1349720361435909,0.1893541587115209,1173.0,1320.0,848.0,11.73,13.200000000000001,8.48,21.567783991147994,115.08162320205143,21.83573055444734,0.8870597499605086,0.0118978463791223,mouse655957close429,0.1377137713771378,0.2770477047704771,0.223042304230423,2
mouse655957,close,575,0.1930684537947132,0.1268925211930166,0.0537241449682496,4.314128933209638,5.714292750273001,3.8274750471715486,0.4780335247054873,0.5076247971314042,0.4392947464727121,63.0,63.0,99.0,0.63,0.63,0.99,20.980145512112166,109.51103149675035,21.41779109793575,0.8870597499605086,0.0588661656568364,mouse655957close575,0.130963096309631,0.6791179117911792,0.2716471647164716,1
mouse655957,close,446,0.0821283876636916,0.029175557278707,0.0882063215572804,5.480639585162394,5.087105640416289,4.050378797074463,0.3156282998942257,0.2798084058576905,0.3359795693603301,186.0,270.0,172.0,1.86,2.7,1.72,21.385564397249638,118.63908245055588,21.6253499499872,0.9506576670915772,0.0384049146514839,mouse655957close446,0.1687668766876687,0.2535553555355536,0.2403240324032404,2
mouse655957,close,329,0.0343553397944573,0.0427189353521183,0.1203260862586332,3.5076824317512774,0.3531950742094087,4.235166048780578,0.4745636282084173,0.33276297150575396,0.4360825229384061,70.0,135.0,145.0,0.7000000000000001,1.35,1.45,22.543248420274626,44.60402211160896,23.30691247043128,0.7520804478245662,0.049590417816009,mouse655957close329,0.1965796579657965,0.640774077407741,0.3761476147614763,1
mouse655957,close,347,0.043146822460412,0.0582701157808709,0.0714433287348915,1.164997217153685,0.7470787049852883,1.401194473574267,0.3542477769287732,0.3697041890045611,0.313456193532836,136.0,133.0,138.0,1.36,1.33,1.3800000000000001,21.852730537194653,59.46058275437239,22.395412129849127,0.7770135133960028,0.0190268661400244,mouse655957close347,0.13609360936093598,0.6310531053105312,0.3045904590459045,1
mouse655957,close,549,0.028899221120293996,0.0464721363613442,0.1298702917722752,5.743040659467412,5.626130119796127,1.7238937708798354,0.3622299797258509,0.3233627655698606,0.5975093361346961,110.0,149.0,55.0,1.1,1.49,0.55,21.866116595618657,62.70906956015233,22.559210576561213,0.7770135133960028,0.0360309225111554,mouse655957close549,0.2103510351035104,0.6469846984698471,0.2843384338433843,1
mouse655957,close,403,0.0541055084864912,0.0286039364479672,0.0645449766359572,1.2936654565310035,1.7187730949184268,6.06366689614391,0.4448151642079973,0.3381241996773819,0.5994345678667713,99.0,141.0,21.0,0.99,1.41,0.21,20.73090384945686,97.90253439582932,21.38978280358576,0.866386172558173,0.0241368265008161,mouse655957close403,0.1865886588658866,0.3847884788478848,0.2392439243924393,2
mouse655957,close,571,0.0795865081040853,0.0403373843781914,0.1304281392838749,0.38674731056478,0.7307375158490926,3.9294375020655585,0.4922484006087778,0.5046778727311676,0.4195447672003036,52.0,67.0,123.0,0.52,0.67,1.23,20.78940706333673,112.27557601297936,21.07060304101516,0.8624094155330171,0.0398822010834861,mouse655957close571,0.1744374437443745,0.7566156615661568,0.3845184518451846,1
mouse655957,close,411,0.0536679716370944,0.1117293072566599,0.059041055489807995,0.1637398595848246,4.1718975197655555,0.5307354288961881,0.3512161732897126,0.4651099258988488,0.4554097298925821,119.0,64.0,78.0,1.19,0.64,0.78,21.262838286624103,110.03851100706413,21.309659764446693,0.8835298523536146,0.0482591773701602,mouse655957close411,0.2027902790279028,0.7209720972097211,0.3731773177317731,1
mouse655957,close,427,0.077761446614748,0.0400408039492783,0.0712440817993711,4.552266198367535,5.915196369700353,0.0089220302402042,0.4227182033825206,0.2503035448227765,0.3695322663032313,152.0,262.0,107.0,1.52,2.62,1.07,21.328915129320013,105.88562476118496,21.879921291520823,0.8870597499605086,0.0243449962339684,mouse655957close427,0.1288028802880287,0.2462646264626463,0.2297929792979297,2
mouse655957,close,460,0.0401527918180037,0.0100981572581026,0.0737231881798202,3.362707479416222,5.543729093961935,5.44829156362092,0.3559404762838308,0.3793182007655429,0.35601806531348995,99.0,112.0,139.0,0.99,1.12,1.3900000000000001,20.397795993806035,113.12681691258754,20.67390697364753,0.9848857801796104,0.0165933245398537,mouse655957close460,0.1757875787578757,0.7193519351935195,0.3799279927992801,1
mouse655957,close,338,0.009995505434703001,0.0496933420877504,0.0409674892968192,3.8461356906531465,2.685606176673572,1.7869870668284409,0.2649659374764849,0.2051646611859003,0.2314214325398351,478.0,723.0,431.0,4.78,7.23,4.3100000000000005,22.023077039519602,51.211473670517634,22.724490466814782,0.7689278249614849,0.0653729398415206,mouse655957close338,0.2748874887488748,0.9394239423942394,0.2403240324032403,1
mouse655957,close,439,0.1093267709449939,0.1091845351774458,0.0986456790909698,1.8148997307797936,3.756245282007392,4.143245729219828,0.40080840479463503,0.4660638769192758,0.5437000602670452,100.0,85.0,60.0,1.0,0.85,0.6,20.915012099049694,114.43379991468586,21.460654532580733,0.9293815147720552,0.06587879997115201,mouse655957close439,0.1558055805580558,0.6704770477047706,0.2762376237623763,1
mouse655957,close,481,0.1483016241298994,0.0353038827004598,0.0424353027098741,5.133049753240922,4.700222328661635,3.483380712195044,0.4231279474608246,0.2775901915457129,0.3193324272845225,179.0,284.0,265.0,1.79,2.84,2.65,19.453452028729988,102.24276458606191,19.784528116122587,1.0319883720275147,0.0439866687887347,mouse655957close481,0.6972097209720973,0.9297029702970301,0.2816381638163817,0
mouse657902,close,328,0.0728713193743456,0.0102793702464502,0.0301264030686681,6.105199974466844,3.516317671985046,5.3788563816386405,0.2785386789682966,0.2495285746183815,0.2431461693756973,410.0,396.0,357.0,4.1,3.96,3.5700000000000003,27.1410307502572,33.46652703599525,26.90789158093886,0.6179603547154138,0.0109374994729297,mouse657902close328,0.1582358235823583,0.6108010801080109,0.6129612961296129,1
mouse657902,close,332,0.0263677373294527,0.0760800525484871,0.0345526120962321,0.3276081383360226,0.6763148652290626,4.317096431338204,0.2586171544997682,0.4053783091104455,0.2298255274178295,333.0,249.0,312.0,3.33,2.49,3.12,26.16631558403673,26.83548143698475,25.80528455567668,0.6179603547154138,0.0207476647199353,mouse657902close332,0.1714671467146715,0.6723672367236724,0.2918991899189921,1
mouse657902,close,337,0.1040530344299167,0.1052448649083222,0.09522564840614199,1.4292545795099056,0.5753954257135939,2.7315090748671174,0.4034921326727228,0.3987114268919171,0.4448218947745636,96.0,75.0,72.0,0.96,0.75,0.72,25.531990271392196,28.61318583484702,25.382053569793907,0.6274950199005567,0.0349524915523511,mouse657902close337,0.1882088208820882,0.563006300630063,0.3140414041404142,1
mouse657902,close,497,0.0385744861944099,0.0383503416629863,0.0466676021823928,2.382139333813849,1.7744654940027782,2.8616710920541917,0.2333717314700321,0.2588165488863955,0.211468780307552,318.0,254.0,322.0,3.18,2.54,3.22,25.131740093416774,33.087978048488104,24.926326208074684,0.6062177826491071,0.0193081055647353,mouse657902close497,0.1612061206120612,0.6351035103510351,0.2759675967596762,1
mouse657902,close,499,0.0140540200795166,0.022287679383988,0.08559873780223401,5.1066016781419785,4.7757304976960775,2.966867770585988,0.2969126318762135,0.2346695915509691,0.3560029554407918,390.0,222.0,265.0,3.9,2.22,2.65,25.131740093416774,33.087978048488104,24.926326208074684,0.6062177826491071,0.0332953893958125,mouse657902close499,0.1909090909090909,0.7971197119711971,0.302700270027003,1
mouse657902,close,342,0.08245476832849401,0.1785719300496596,0.0892006166550743,1.2866810624507956,3.943280858406735,3.3929743326361166,0.3317064844721952,0.492188852129481,0.3867165541084281,199.0,74.0,191.0,1.99,0.74,1.9100000000000001,24.672670734101402,42.93789831781429,24.6266330260333,0.6169481339626534,0.0384704539733069,mouse657902close342,0.5000900090009002,1.0460846084608464,0.1898289828982897,0
mouse657902,close,344,0.1073152090995781,0.0265656605644736,0.0547868454135311,0.8013745535052613,4.6773359279249815,4.2006130001141235,0.4604929014998014,0.5175419802284138,0.3465464331721544,69.0,96.0,74.0,0.6900000000000001,0.96,0.74,24.832484226135485,38.05452942487744,24.83206092452853,0.6169481339626534,0.0384887617868036,mouse657902close344,0.2681368136813682,0.5370837083708372,0.2937893789378938,1
mouse657902,close,498,0.1093965881094881,0.0220021000166284,0.0627851485278376,4.742260070159318,2.90021317529684,5.43688455049147,0.4405472636988572,0.40869080603989005,0.4275769729094822,52.0,79.0,59.0,0.52,0.79,0.59,24.832484226135485,38.05452942487744,24.83206092452853,0.6169481339626534,0.0342460968885496,mouse657902close498,0.1887488748874888,0.5327632763276329,0.2873087308730873,2
mouse657902,close,349,0.0255167187548426,0.003498752239874,0.0154254309581882,4.093061081333992,6.163693311714053,2.0916139495184933,0.2326943115632931,0.1376377511017751,0.1640217355508085,770.0,937.0,747.0,7.7,9.370000000000001,7.47,24.322073635917413,48.762772000732774,24.30814804949377,0.6067330549755798,0.0153733014406957,mouse657902close349,0.1792979297929793,0.2778577857785779,0.2324932493249325,2
mouse657902,close,500,0.0369529660121862,0.130983008876459,0.0248157047275401,2.0693383178875218,1.2427387125449627,2.691160601124665,0.3447570777209028,0.4173692395474652,0.2769340218666533,319.0,207.0,326.0,3.19,2.07,3.2600000000000002,23.69358099814097,60.434670912106384,23.782327898569346,0.6067330549755798,0.0476039268387648,mouse657902close500,0.1730873087308732,0.3051305130513052,0.3089108910891089,2
mouse657902,close,351,0.0307869251949556,0.0474199811676725,0.0283830522082403,4.442841189961655,3.5465552562052967,1.906080546171785,0.1573657444978581,0.2148894867615596,0.19313828330336197,1514.0,1416.0,1489.0,15.14,14.16,14.89,23.902606729738284,55.20592893412966,23.975822245830887,0.6067330549755798,0.0184469556484673,mouse657902close351,0.1879387938793879,0.2978397839783978,0.2357335733573358,2
mouse657902,close,354,0.00357798266201,0.0097707834831973,0.0093344693737985,2.161517537792201,2.8763210229641425,2.610792451771667,0.1000630905086556,0.0865791026019984,0.0968413203562399,3714.0,3775.0,4199.0,37.14,37.75,41.99,23.11893609870769,70.96562011382375,23.32406770830216,0.5984354601792913,0.0115440597273894,mouse657902close354,0.2027902790279029,0.3745274527452746,0.2630063006300629,2
mouse657902,close,353,0.0397763551689047,0.0194091359137303,0.0206397962949844,1.000851416724718,1.3641917756128517,0.6744405775624379,0.1230663296813896,0.1327391788725885,0.1036022187245935,1651.0,2292.0,2206.0,16.51,22.92,22.06,22.684214885393118,88.16089668636528,22.869637281279307,0.6123724356957946,0.0496459074871122,mouse657902close353,0.2416741674167417,0.5854185418541854,0.4150315031503152,1
mouse657902,close,356,0.0167307463797314,0.0431710963975884,0.0413959312827674,0.5369817396406911,0.3739355891635514,3.7585992339501577,0.2105405632893061,0.2342697029957295,0.2085430533472749,596.0,643.0,641.0,5.96,6.43,6.41,22.772665299538183,81.42597236672165,22.86325519482235,0.6123724356957946,0.0127188514154423,mouse657902close356,0.2141314131413141,0.5810981098109812,0.352925292529253,1
mouse657902,close,359,0.0314936133964457,0.0270503083640446,0.0333049309907171,0.7655679969757941,6.212776814130379,0.1058250839323648,0.1566044626433046,0.1713657999373872,0.1739335633534841,1073.0,1004.0,987.0,10.73,10.040000000000001,9.870000000000001,22.769834360624213,87.94856039293329,22.71868491311645,0.6108395861435308,0.0294836078695911,mouse657902close359,0.2033303330333034,0.5600360036003601,0.3213321332133214,1
mouse657902,close,360,0.0473222905966747,0.0159644272857368,0.0078503543814393,5.579693417779637,3.8178616663219667,1.5412168585738864,0.1862420096666059,0.1584660762405664,0.1601001139389571,1412.0,1344.0,1460.0,14.120000000000001,13.44,14.6,22.769834360624213,87.94856039293329,22.71868491311645,0.6108395861435308,0.0170675526225301,mouse657902close360,0.1433843384338433,0.6010801080108013,0.3167416741674167,1
mouse657902,close,362,0.0202458362270758,0.0168567680418491,0.0378258315772024,3.2410377615393102,1.0269741990627728,0.5078524482302772,0.1421721792525932,0.1612095632905524,0.1428907594338943,1622.0,1626.0,1678.0,16.22,16.26,16.78,22.256980671733523,103.4646169683793,22.43717143884941,0.6254998001598402,0.0167760569321852,mouse657902close362,0.20198019801980202,0.531953195319532,0.34401440144014395,1
mouse657902,close,361,0.0390454479276205,0.0180770187507332,0.0255946763622499,1.7222313171449626,0.7559494377641757,2.9918933275857644,0.1551501137825837,0.1304667895589379,0.1624842418575487,1776.0,1760.0,1592.0,17.76,17.6,15.92,22.256980671733523,103.4646169683793,22.43717143884941,0.6254998001598402,0.0207406856841568,mouse657902close361,0.1738973897389738,0.288928892889289,0.2192619261926193,2
mouse657902,close,363,0.0352450733749488,0.0288828595496773,0.0250429329106178,0.3648523203419708,3.858439274736197,1.387894177896075,0.2158869906811217,0.1711886620183424,0.1445220371021825,1298.0,1228.0,1374.0,12.98,12.280000000000001,13.74,22.24421601179579,98.15921764871685,22.291475360005265,0.6057020719792859,0.0069796850149708,mouse657902close363,0.1836183618361837,0.5324932493249325,0.3116111611161118,1
mouse657902,close,364,0.0301966497053434,0.0376331000871336,0.019023998046851003,1.1019302138100433,2.9728775305931605,2.394135902096756,0.1541200178044203,0.1664573566610313,0.1984006814011287,1258.0,1205.0,1418.0,12.58,12.05,14.18,22.183202394428697,106.60795742431479,22.09730068260541,0.6057020719792859,0.0154588074691283,mouse657902close364,0.1460846084608461,0.5686768676867687,0.3089108910891089,1
mouse657902,close,506,0.0487830985835244,0.0265509384968535,0.0273552893166776,4.051930392571988,5.069608773281897,2.784045785420462,0.1964320619106215,0.1884791736909488,0.1748478804302208,1027.0,939.0,1035.0,10.27,9.39,10.35,22.397630733497557,104.22153636648208,22.256800119859843,0.6214901447328027,0.0088503608890675,mouse657902close506,0.2073807380738074,0.5154815481548155,0.3461746174617461,1
mouse657902,close,543,0.0110342446679928,0.0233144813403921,0.0321252996095429,0.9200155349609784,3.994071104569185,3.5711512484388934,0.1591261179679776,0.1817341707726365,0.1545813544394244,1184.0,1173.0,1420.0,11.84,11.73,14.200000000000001,22.397630733497557,104.22153636648208,22.256800119859843,0.6214901447328027,0.0191206115162589,mouse657902close543,0.1917191719171918,0.5333033303330333,0.2929792979297931,2
mouse657902,close,509,0.0159599557657338,0.0322414926383211,0.0267139388300735,1.4521088699521316,3.2596283975117517,3.9308536767556532,0.1979609260324095,0.21350898967346102,0.2671843064918889,469.0,457.0,473.0,4.69,4.57,4.73,22.397630733497557,104.22153636648208,22.256800119859843,0.6214901447328027,0.0569080589088046,mouse657902close509,0.2233123312331233,0.4509450945094509,0.381818181818182,1
mouse657902,close,366,0.0116450350891583,0.0272464586793872,0.0305324110192661,0.2921338692735906,0.6360368962521066,1.2461771124696994,0.1514861654021768,0.1576098330885034,0.1474286991058109,1750.0,1625.0,1701.0,17.5,16.25,17.01,21.864264335452916,115.95723812462923,22.20581426331384,0.6214901447328027,0.0144580030318541,mouse657902close366,0.1242124212421242,0.5981098109810981,0.3699369936993703,1
mouse657902,close,368,0.0513222433636518,0.0537416587846013,0.0365707481565214,0.8981417708872436,6.217468262478285,1.896326615336796,0.3464646141871509,0.2697111233108873,0.2355852414864017,303.0,353.0,320.0,3.0300000000000002,3.5300000000000002,3.2,21.800598236401683,116.99206829825481,22.03498690422037,0.6209871174187112,0.031966789194598,mouse657902close368,0.4144914491449145,0.7231323132313232,0.3747974797479748,1
mouse657902,close,369,0.0546425738842496,0.058380481382804994,0.0472150656115812,0.4730946894784449,1.8854332090670645,4.161930890767943,0.2769347822608156,0.3307096196477762,0.3014798076904445,273.0,262.0,297.0,2.73,2.62,2.97,22.10203441036661,114.73177136717712,22.288230240087643,0.6209871174187112,0.0155955527632354,mouse657902close369,0.2316831683168316,0.5608460846084609,0.3315931593159316,1
mouse657902,close,508,0.010116937658243,0.0357722425920603,0.006032236507037,5.073625953523266,3.8755042659086207,3.6817303153431613,0.1883459057284008,0.1806384318926805,0.1518202669549486,1160.0,1279.0,1251.0,11.6,12.790000000000001,12.51,22.10203441036661,114.73177136717712,22.288230240087643,0.6209871174187112,0.0083822900886586,mouse657902close508,0.1938793879387939,0.4822682268226823,0.3604860486048606,1
mouse657902,close,377,0.040195610435359005,0.0900188530414664,0.0152306038021166,4.951053113186176,5.792355358329138,4.485050143080767,0.3871300939209766,0.32633219622556703,0.3716127180808283,154.0,151.0,121.0,1.54,1.51,1.21,22.919541285544874,148.21358431772717,22.7155702739522,0.6422616289332566,0.0171348150911844,mouse657902close377,0.12502250225022501,0.5981098109810981,0.2492349234923494,2
mouse657902,close,381,0.0633427177034762,0.0313808720573376,0.0631648137681871,4.326898544972741,3.5388751062590167,4.731993573156667,0.2375048152533468,0.3564604922163426,0.2841422370932129,337.0,152.0,275.0,3.37,1.52,2.75,22.909471535186096,141.22218872962682,23.01184030513227,0.6642665127793212,0.0378681439326933,mouse657902close381,0.1304230423042304,0.5954095409540955,0.2565256525652566,2
mouse657902,close,512,0.0418778708325605,0.136972402172183,0.1417762834043962,5.333895027384553,4.52927068922237,2.0682188107618105,0.4250875478858494,0.3899617299483727,0.4909237384132201,111.0,100.0,61.0,1.11,1.0,0.61,23.000514666899253,145.4113293870705,22.995289900108517,0.649519052838329,0.042164536238844,mouse657902close512,0.1711971197119712,0.6207920792079208,0.3305130513051307,1
mouse657902,close,385,0.0188263226138613,0.0632242875794785,0.0686047239333955,4.607066836053634,0.0036561856388306,5.827532466663022,0.3309194512491137,0.3048613748816448,0.327735328494682,171.0,217.0,170.0,1.71,2.17,1.7,23.01682936089396,148.46824388101214,23.00396657201514,0.6698880503487131,0.042395054638679,mouse657902close385,0.1587758775877588,0.5427542754275428,0.4587758775877589,1
mouse657902,close,513,0.1029861337320249,0.1081004933682076,0.1890583335186806,4.820977676183717,1.5688662745486783,5.176053461016539,0.5004094702991533,0.326668494339537,0.5113680346152601,56.0,88.0,49.0,0.56,0.88,0.49,23.01682936089396,148.46824388101214,23.00396657201514,0.6698880503487131,0.0363043992519646,mouse657902close513,0.1304230423042304,0.6510351035103511,0.3086408640864085,1
mouse657902,close,335,0.1853639578458815,0.0720929309701869,0.2659566589898546,1.499518876499613,2.7683696747937305,1.4935506801268732,0.5539105216121591,0.436444832155182,0.6266890378216963,55.0,59.0,26.0,0.55,0.59,0.26,26.393099499580217,26.966659374112268,26.00989603515789,0.6179603547154138,0.0859473452739256,mouse657902close335,0.5816381638163818,1.0379837983798381,0.3931593159315931,0
mouse657902,close,346,0.2542245550969192,0.0743209990043286,0.0890458672274287,5.26324273292205,0.6456271560806656,1.8369392294471283,0.5509742135231064,0.4879297313262644,0.5047353860764173,55.0,64.0,48.0,0.55,0.64,0.48,24.832484226135485,38.05452942487744,24.83206092452853,0.6169481339626534,0.0803121060228229,mouse657902close346,0.1668766876687669,0.5376237623762378,0.2597659765976596,2
