mouse,probe_position,unitID,VL_pre,VL_stimOn,VL_post,angle_pre_ch15,angle_stimOn_ch15,angle_post_ch15,MMR_Pre,MMR_stimOn,MMR_Post,Nspikes_pre,Nspikes_StimOn,Nspikes_post,Fspikes_pre,Fspikes_StimOn,Fspikes_post,inst_amp_pre_peak_ch,inst_amp_StimOn_peak_ch,inst_amp_post_peak_ch,distance_peakch_stim_tip,error_waveform,universal_ID,waveform_halfwidth,waveform_duration,waveform_REP,cluster
mouse598180,close,260,0.0813985814622615,0.0255638493099461,0.0670090480709923,0.5269234842035266,1.860299474953596,5.825033939784339,0.3613296206337942,0.2807142727113078,0.2693761386615636,325.0,427.0,422.0,3.25,4.2700000000000005,4.22,33.03370736442988,295.7343569078425,38.23613633248552,1.024084957413202,0.0258290377167056,mouse598180close260,0.2000900090009001,0.7655265526552656,0.3429342934293432,0
mouse598180,close,263,0.0368933703685685,0.0272895786397631,0.0545011877165675,5.228258853001664,2.1784828450422498,5.9527705040804735,0.1894307077667684,0.2156023296606073,0.2182706953630709,662.0,570.0,620.0,6.62,5.7,6.2,32.518624969777576,294.68936813616074,38.07195507270072,1.024084957413202,0.0328032001141835,mouse598180close263,0.2335733573357336,0.661836183618362,0.3315931593159317,0
mouse598180,close,269,0.0327049539629179,0.112680749923786,0.0629000046423701,3.6367641699051334,2.7699843086333535,1.3401657792425081,0.235246531986892,0.3891412708871827,0.3847072344998883,257.0,90.0,101.0,2.57,0.9,1.01,32.952886151896486,300.589379307939,37.88322948455585,1.0059199769365357,0.0828355514482031,mouse598180close269,0.2063006300630063,0.7676867686768677,0.4612061206120615,0
mouse598180,close,273,0.2628766053061601,0.0705049520523484,0.0881149963768564,3.146838882853645,3.013665871085189,5.413364695973461,0.4956668734487581,0.440145215387745,0.4153153780449621,87.0,62.0,92.0,0.87,0.62,0.92,32.755792016779765,297.52381106040315,38.51574681805288,0.9880536422684753,0.0570112971041543,mouse598180close273,0.1714671467146714,0.6604860486048606,0.3081008100810082,0
mouse598180,close,276,0.0785732028842562,0.0335886867076805,0.0548112165782405,1.8444134472191096,1.5585533067638375,1.7842373228061714,0.196664510741381,0.0984189106163739,0.1784291909615973,2164.0,1688.0,2036.0,21.64,16.88,20.36,32.53896997546477,304.6395586696042,38.3853587308601,0.9705024471890836,0.0357954031701976,mouse598180close276,0.19603960396039602,0.420972097209721,0.3502250225022503,0
mouse598180,close,277,0.0639672435056034,0.029874600264982995,0.0199423490512279,0.0543705339712896,0.8672292418001627,0.3430316381120796,0.3259784325560654,0.4748722203265841,0.3413131258112425,110.0,71.0,119.0,1.1,0.71,1.19,32.53896997546477,304.6395586696042,38.3853587308601,0.9705024471890836,0.0476879126238919,mouse598180close277,0.1628262826282629,0.5627362736273629,0.3575157515751574,0
mouse598180,close,278,0.0612365778071825,0.0506739214627237,0.044271158245809,1.7243869177857023,0.9351281832048942,0.7577107048710964,0.2403855249484874,0.2435493403434202,0.256871471993981,520.0,450.0,487.0,5.2,4.5,4.87,32.041093710538505,304.3883504980548,38.862875463136284,0.9705024471890836,0.0119829757435751,mouse598180close278,0.1973897389738974,0.7177317731773177,0.3380738073807382,0
mouse598180,close,280,0.121916141916254,0.038042150490597997,0.1350433324561671,4.195135956342513,0.9720390310764996,3.1028779724887467,0.4494662658702222,0.3161749239813036,0.4939325092765575,126.0,125.0,114.0,1.26,1.25,1.1400000000000001,32.43325225554924,304.0282040140512,38.90902202163132,0.9490126448051154,0.0226937895671577,mouse598180close280,0.1574257425742574,0.5162916291629163,0.2684068406840685,1
mouse598180,close,283,0.0635874671400184,0.1209622829214514,0.1145463520179443,3.1432501675144384,2.4006434315738625,2.5698448360347506,0.2352632807137776,0.4379308272342121,0.4337016137923327,391.0,118.0,82.0,3.91,1.18,0.8200000000000001,32.30785558818068,311.85013454994095,38.77027530255275,0.9490126448051154,0.0781892124256044,mouse598180close283,0.2381638163816382,0.4493249324932494,0.288928892889289,0
mouse598180,close,284,0.1038461936249806,0.0678496674179825,0.0567593541695308,2.036496268652888,0.003382649906835,2.9777757581732383,0.2967105151361793,0.3846010441148659,0.2841505467302815,248.0,217.0,374.0,2.48,2.17,3.74,32.30785558818068,311.85013454994095,38.77027530255275,0.9490126448051154,0.0143016318832657,mouse598180close284,0.1795679567956796,0.6467146714671469,0.3718271827182716,0
mouse598180,close,287,0.0550992182265375,0.0848118062984966,0.0966613401991487,2.937653192032477,1.4651087771591071,5.5718673676906585,0.2642398076600377,0.2393548748300237,0.2459280903297563,537.0,687.0,602.0,5.37,6.87,6.0200000000000005,32.410231126615535,308.90344566475306,39.09136266499787,0.9320675941153624,0.0436342080129998,mouse598180close287,0.2387038703870386,0.7242124212421244,0.2573357335733574,0
mouse598180,close,291,0.0215717398733885,0.00293053417548,0.0426774221627491,0.8265398005917654,2.8989324791927613,2.112937045595292,0.0901041478683238,0.0722604729204743,0.1201332227479304,2808.0,2137.0,2306.0,28.080000000000002,21.37,23.06,31.813245147605354,314.2506383403983,38.889692194455684,0.9154916711800278,0.030394313634542005,mouse598180close291,0.1369036903690369,0.2373537353735373,0.223852385238524,1
mouse598180,close,294,0.0940231583677576,0.0323841143276285,0.0501232480836717,1.6056690467716912,0.9691495171199216,1.5304403219168383,0.2064142211708061,0.1524539104269692,0.14718399528965398,878.0,745.0,998.0,8.78,7.45,9.98,31.97900598069109,315.09440799063213,39.425974808153526,0.9154916711800278,0.0473947784357257,mouse598180close294,0.2000900090009001,0.7271827182718272,0.2711071107110711,0
mouse598180,close,295,0.0777172295198474,0.0335396482678429,0.0696260270087049,1.8981415615568185,5.4103040199595585,1.8514913497051595,0.2252606688564166,0.0971615214737467,0.1488060955492215,1815.0,1845.0,2131.0,18.150000000000002,18.45,21.31,31.97900598069109,315.09440799063213,39.425974808153526,0.9154916711800278,0.0286614642150388,mouse598180close295,0.1347434743474347,0.2686768676867688,0.2192619261926192,1
mouse598180,close,296,0.0234826239401652,0.1158556930594872,0.1521745605360182,2.3619621265841078,2.471897870105801,2.0856130164124247,0.2243848528281865,0.3197572661531068,0.4582654172319432,314.0,145.0,157.0,3.14,1.45,1.57,32.00904203543878,310.7760419144744,39.24395209312829,0.8806957476904268,0.0611261860675591,mouse598180close296,0.1849684968496849,0.5516651665166518,0.3361836183618361,0
mouse598180,close,297,0.0728156173221247,0.0151914537641915,0.0699842688717803,1.862979977135782,5.980483296105968,1.4985524358979925,0.2332754790284882,0.0948111720533286,0.1843528582058847,1623.0,1432.0,1588.0,16.23,14.32,15.88,32.54220452229172,316.35688026534933,40.348388738980226,0.8806957476904268,0.0117001007350559,mouse598180close297,0.1163816381638164,0.2044104410441044,0.1898289828982898,1
mouse598180,close,304,0.0161540575306974,0.0202262069269841,0.0535090069127699,1.9744315155656973,6.12973138093581,1.5971441332644736,0.1672355720975092,0.1582219893593101,0.18011531508219397,826.0,859.0,726.0,8.26,8.59,7.26,32.797555550523136,322.0716749360498,40.78705296907629,0.8645808232895291,0.0186514926076665,mouse598180close304,0.1871287128712871,0.6426642664266428,0.2794779477947795,0
mouse598180,close,311,0.0602675668231179,0.0820228574336699,0.0868849784096604,2.6265336779364516,5.921719042391914,1.6120338878933709,0.2383657064427194,0.3332166783933272,0.439562803309088,566.0,183.0,105.0,5.66,1.83,1.05,32.43909896866724,324.62244502194443,40.66361787289409,0.8336666000266533,0.061574260739357005,mouse598180close311,0.1841584158415842,0.8052205220522053,0.5624662466246625,0
mouse598180,close,312,0.1338220185783344,0.04998222859970901,0.0650174469947206,1.4160370709853156,5.714283909761642,1.8356662055496336,0.2345874804214694,0.2401214710071099,0.1495568437377716,1439.0,1555.0,1665.0,14.39,15.55,16.65,32.3386532620754,323.91152725865805,40.738890330639656,0.8295330011518529,0.017762218555591,mouse598180close312,0.1374437443744374,0.2287128712871287,0.1973897389738975,1
mouse598180,close,315,0.0185589217537343,0.0384018974294178,0.0680028156779181,2.5657977016994282,3.0480896960797517,3.7572411300912814,0.1678417851635316,0.3142762936548219,0.2365709010024878,628.0,347.0,491.0,6.28,3.47,4.91,32.29802616314161,333.1192228561706,40.48006397907568,0.8147085368400163,0.0423839635247908,mouse598180close315,0.0772277227722771,0.1574257425742574,0.0969396939693969,1
mouse598180,close,738,0.0260144805016018,0.0495446761337291,0.0119281751779304,4.756533192265113,5.734082509036312,3.5674461095127827,0.3446630744333249,0.3920226096933061,0.4269374023684227,95.0,222.0,126.0,0.9500000000000001,2.22,1.26,32.29802616314161,333.1192228561706,40.48006397907568,0.8147085368400163,0.0721875183213599,mouse598180close738,0.1887488748874888,0.6000000000000001,0.31998199819982,0
mouse598180,close,317,0.0984134573384581,0.1124686781388063,0.19936880048376698,1.7660715146413068,2.1741271645203306,1.810191718386981,0.2267105407412964,0.324906375449969,0.4322272859851258,838.0,307.0,410.0,8.38,3.0700000000000003,4.1,32.29802616314161,333.1192228561706,40.48006397907568,0.8147085368400163,0.0472027583251418,mouse598180close317,0.19900990099009902,0.3685868586858687,0.2473447344734474,1
mouse598180,close,316,0.0942902499648125,0.0634985134614314,0.0873283292781366,2.4324352303003045,1.6853203914519561,1.2814991550256785,0.2279740566933955,0.2442520001091014,0.2043905059913468,1222.0,1191.0,1231.0,12.22,11.91,12.31,32.29802616314161,333.1192228561706,40.48006397907568,0.8147085368400163,0.0196915898978302,mouse598180close316,0.1655265526552656,0.5913591359135915,0.3693969396939696,0
mouse598180,close,322,0.0402920491988937,0.096265688386374,0.0348254697224102,0.2521561247578658,0.0255152380044643,3.075854606604522,0.2092589978431023,0.3437492990286675,0.3273575356077928,329.0,216.0,133.0,3.29,2.16,1.33,32.11404014613116,321.865020092735,40.96038401448881,0.8003905296791061,0.0358468332946077,mouse598180close322,0.1328532853285329,0.7390639063906392,0.3162016201620162,0
mouse598180,close,323,0.0426651233496195,0.0036570997649345,0.0754260288874359,2.3662226830888984,1.9404272292341769,2.2469977558133185,0.1693898443674452,0.1581557928263981,0.2421108928431078,1124.0,692.0,951.0,11.24,6.92,9.51,32.54728712089642,333.6949995284657,40.44108223514472,0.8003905296791061,0.0502140370503119,mouse598180close323,0.3243024302430243,0.6189018901890191,0.3305130513051307,0
mouse598180,close,324,0.0505326440082114,0.0429429484438415,0.0772838521678502,1.9821577514588808,6.037388355442737,1.9550393907253127,0.3243906664903968,0.2733030777135485,0.2432915112634578,503.0,344.0,476.0,5.03,3.44,4.76,32.54728712089642,333.6949995284657,40.44108223514472,0.8003905296791061,0.0198966125538015,mouse598180close324,0.1979297929792979,0.648874887488749,0.396129612961296,0
mouse598180,close,327,0.0763030487651048,0.0593416914633479,0.0589932506337393,3.2189116181077497,0.6139490577309291,1.1622679823123874,0.2665038022327184,0.49147182243830606,0.3337681460277508,232.0,136.0,128.0,2.32,1.36,1.28,32.33607127419001,329.6817289204305,40.694112227129025,0.7866066361276137,0.0593939077112219,mouse598180close327,0.187128712871287,0.582988298829883,0.3837083708370837,0
mouse598180,close,632,0.0134122509489708,0.0556547961095139,0.0674147380841713,1.9025255401079388,3.698000631300295,4.171208591435837,0.3117539887517225,0.1969924603521888,0.2364479539366275,505.0,652.0,558.0,5.05,6.5200000000000005,5.58,32.33607127419001,329.6817289204305,40.694112227129025,0.7866066361276137,0.0425958013563674,mouse598180close632,0.2540954095409541,0.5970297029702971,0.3880288028802879,0
mouse598180,close,329,0.0235192164080291,0.0217357685228018,0.0397465590918355,3.9872965457955623,5.7216747661038445,2.5240075243891336,0.176395294609245,0.2036160651944883,0.2030957320207722,616.0,442.0,505.0,6.16,4.42,5.05,32.34633898486592,323.34192503479505,40.858637484479814,0.7866066361276137,0.0210059525942056,mouse598180close329,0.1536453645364537,0.6602160216021603,0.3882988298829882,0
mouse598180,close,336,0.1544946986590041,0.1616802171181944,0.0611817374495575,1.3360262958733669,0.012876547676801001,5.569565810769014,0.5644978570933782,0.4940586532857274,0.3407249485348894,58.0,85.0,187.0,0.58,0.85,1.87,32.32471287796021,318.62899385517835,40.803209303041854,0.760756202735147,0.0237751959865158,mouse598180close336,0.1774077407740774,0.6413141314131414,0.38505850585058504,0
mouse598180,close,337,0.0912948531422866,0.0355699583634674,0.0598173674566848,2.4218563516371727,5.6335766618180925,2.255452208337763,0.2539076570376357,0.1916246807111584,0.1526004944309419,1203.0,1413.0,1670.0,12.030000000000001,14.13,16.7,32.32471287796021,318.62899385517835,40.803209303041854,0.760756202735147,0.0051153538142844,mouse598180close337,0.1393339333933393,0.2141314131413141,0.2044104410441044,1
mouse598180,close,340,0.1187088181151325,0.1465623797227998,0.140113817886314,2.0561745280831545,0.5139169339841797,1.6614939262265411,0.485887907494404,0.5524094385624979,0.539288951984403,117.0,58.0,83.0,1.17,0.58,0.8300000000000001,32.297203314606854,311.7179936244765,40.60857420353315,0.760756202735147,0.0443915394257568,mouse598180close340,0.1617461746174617,0.5773177317731775,0.334023402340234,0
mouse598180,close,343,0.08640610519955799,0.0444628069903386,0.0444223192252026,2.0645691106279203,5.985904422500428,3.1686501580181456,0.2211158175623394,0.1742683394646878,0.1537545484070162,1254.0,1230.0,1311.0,12.540000000000001,12.3,13.11,31.97198092400108,325.9099948480843,40.241107675730596,0.760756202735147,0.0114727254473942,mouse598180close343,0.1755175517551755,0.2762376237623762,0.2316831683168316,1
mouse598180,close,351,0.0997511595438681,0.0460875576358108,0.1113156865426764,3.4750232370710057,0.4384399174523297,4.171710688954052,0.4402461023846394,0.3107266128776209,0.3847924551489689,210.0,233.0,135.0,2.1,2.33,1.35,32.46968996502651,308.35472454352515,40.83784232428543,0.7487489565935969,0.0081141284178672,mouse598180close351,0.1306930693069308,0.7744374437443746,0.4528352835283528,0
mouse598180,close,355,0.0308619962526707,0.0262996591786788,0.0451016569170403,3.5894830576318313,4.5335132245439524,3.0968384346414353,0.2099035180315717,0.2778311717003471,0.2039769566175632,717.0,429.0,426.0,7.17,4.29,4.26,31.192039913054828,305.4843626981396,38.71634228283092,0.7335700375560605,0.0457576765597929,mouse598180close355,0.1846984698469846,0.6118811881188121,0.4163816381638164,0
mouse598180,close,642,0.0237177707518917,0.0662431576598914,0.0419496522225594,4.363368672611776,1.5699870319857765,6.116527701437337,0.1914174783325997,0.229327595377949,0.19481971199044396,707.0,670.0,695.0,7.07,6.7,6.95,31.10520945383596,292.5997435187789,38.82176907740313,0.7335700375560605,0.0169966413831634,mouse598180close642,0.1517551755175518,0.5765076507650765,0.4298829882988301,0
mouse598180,close,357,0.042970378266951006,0.0229932965037928,0.02867637795676,1.4735579163147208,5.7914589841313875,1.3154166787052677,0.166571898102785,0.14603671765661,0.1305137653378792,2216.0,1635.0,1979.0,22.16,16.35,19.79,31.10520945383596,292.5997435187789,38.82176907740313,0.7335700375560605,0.0166781455371058,mouse598180close357,0.2419441944194419,0.6016201620162017,0.4180018001800179,0
mouse598180,close,365,0.0239249757193348,0.0381497760957684,0.0719730888942873,4.042607085616154,2.65843604039352,4.1400627757222965,0.1859722904016228,0.3308979267731262,0.2284908336696953,726.0,417.0,476.0,7.26,4.17,4.76,30.77379382331779,284.0670267690964,38.02788901215907,0.7228416147400479,0.0781839433624145,mouse598180close365,0.2457245724572457,0.6283528352835285,0.4987398739873986,0
mouse598180,close,363,0.0210557463259247,0.0427732176195766,0.101270951880785,0.4203364570078142,5.0663736696929975,4.500575446497481,0.3186296063847845,0.2687872029307876,0.3292792431911531,211.0,313.0,253.0,2.11,3.13,2.5300000000000002,30.77379382331779,284.0670267690964,38.02788901215907,0.7228416147400479,0.0100272103306278,mouse598180close363,0.1512151215121512,0.6237623762376239,0.344824482448245,0
mouse598180,close,362,0.0386392670526103,0.13365007498853299,0.0307260218524252,3.3762927071299904,5.124687705784162,3.5222841048944686,0.1997176001393302,0.3772570684731409,0.3052100388174529,584.0,316.0,235.0,5.84,3.16,2.35,30.77379382331779,284.0670267690964,38.02788901215907,0.7228416147400479,0.0789260479399975,mouse598180close362,0.1722772277227723,0.7514851485148515,0.5133213321332136,0
mouse598180,close,364,0.0484824139649516,0.1202019533188702,0.072873550371609,2.2738726403537433,2.069205107028953,1.0785234976987672,0.4427639375401316,0.3999909992325695,0.4103354492162887,136.0,85.0,114.0,1.36,0.85,1.1400000000000001,30.77379382331779,284.0670267690964,38.02788901215907,0.7228416147400479,0.0427599249387011,mouse598180close364,0.1695769576957696,0.6097209720972098,0.4034203420342034,0
mouse598180,close,643,0.1106045878089032,0.0805997776176806,0.070787687434495,2.8806962510995175,4.4103477790783465,6.267461275884518,0.4398061638270796,0.2910850014150105,0.3425935343048462,91.0,188.0,101.0,0.91,1.8800000000000001,1.01,30.50261145950477,267.26290388734253,37.85214394943787,0.7128288714691626,0.0262020819213112,mouse598180close643,0.2071107110711071,0.6664266426642667,0.4458145814581457,0
mouse598180,close,368,0.0568018087561422,0.0121018039698674,0.0455801797008995,3.1024413050283015,0.4340795188274272,2.503838189548925,0.1829738093473111,0.1879381548904558,0.2074373506577663,1090.0,794.0,949.0,10.9,7.94,9.49,30.086275025943657,239.46788219647755,37.42778123401643,0.7035623639735145,0.0547823240239221,mouse598180close368,0.21197119711971202,1.0458145814581459,0.4674167416741674,0
mouse598180,close,648,0.0929345261670892,0.1151330309343439,0.0304424359651389,2.234886143374707,4.554971252488506,3.693202769181106,0.2873140695507258,0.3310149263133716,0.2362097269789499,273.0,145.0,265.0,2.73,1.45,2.65,29.587738958775287,234.88938898621865,37.39001410559382,0.7267220926874317,0.0584810260281462,mouse598180close648,0.2894689468946894,0.6491449144914492,0.4614761476147618,0
mouse598180,close,375,0.06248679979143,0.0694002719375378,0.0552348352812545,2.751394196343988,2.1616790350766606,2.8506107974560844,0.2118587157315154,0.1899135333453012,0.1989023346968665,905.0,477.0,604.0,9.05,4.7700000000000005,6.04,29.293134070348053,197.3814676321729,35.983843652813455,0.7185053931599957,0.0307466592712759,mouse598180close375,0.1450045004500449,0.3194419441944195,0.3226822682268226,1
mouse598180,close,376,0.0064386432119308,0.0557029372696383,0.06539086684173501,5.435583801462961,4.965217237109568,5.132674348913091,0.1993145950796528,0.2268064728711996,0.213064861828471,792.0,547.0,627.0,7.92,5.47,6.2700000000000005,29.74774191099184,210.77031695325104,35.70976566031253,0.7185053931599957,0.0283648039811622,mouse598180close376,0.1803780378037803,0.7666066606660668,0.4074707470747077,0
mouse598180,close,380,0.0411516323929253,0.0216037825890879,0.054227291936772996,2.7881321434716613,3.91531660351864,2.8478535867345727,0.1677529901533216,0.1373432229881693,0.1833541081392306,1138.0,1328.0,956.0,11.38,13.280000000000001,9.56,29.74774191099184,210.77031695325104,35.70976566031253,0.7185053931599957,0.0252393078772558,mouse598180close380,0.2616561656165617,0.5235823582358236,1.3385238523852387,0
mouse598180,close,386,0.0674297085607989,0.0725788052961504,0.0187962500117902,0.9402364697487476,3.395779626024372,1.7461596545658298,0.1642096171755532,0.2141302753871093,0.1857147799072682,1300.0,876.0,997.0,13.0,8.76,9.97,29.39255135326247,171.1762301127658,35.33652297460115,0.7079901129253149,0.0274338110173958,mouse598180close386,0.2079207920792078,0.6715571557155717,0.3799279927992799,0
mouse598180,close,387,0.0592087544277792,0.0675579586201909,0.1768972047494079,1.1273628351334113,1.2849025101499247,2.5580824740387116,0.272883664344981,0.4527669522064881,0.4963933008837803,138.0,95.0,131.0,1.3800000000000001,0.9500000000000001,1.31,29.57634882246584,144.68826091248096,35.162709641114525,0.7079901129253149,0.0172896032186807,mouse598180close387,0.1495949594959496,0.7441944194419444,0.3226822682268225,0
mouse598180,close,391,0.0751388698930232,0.0403096814487242,0.07687981762207001,4.668407875513943,4.473649498058969,4.648662559641563,0.2997235310254834,0.3409764825101263,0.3901536840861651,174.0,213.0,201.0,1.74,2.13,2.0100000000000002,29.04425511134644,156.23420068065556,34.501991072474084,0.7013380069552769,0.0188584122081576,mouse598180close391,0.1474347434743474,0.7169216921692171,0.3407740774077407,0
mouse598180,close,392,0.0108096705349484,0.0276167877029667,0.047336407871366,3.25001431213736,4.203547936592038,4.479875054214443,0.1272651810211584,0.2657087465996942,0.2657673971756074,745.0,305.0,336.0,7.45,3.0500000000000003,3.36,29.083729973015622,127.09021501492649,34.581648006305144,0.7013380069552769,0.0294715553035484,mouse598180close392,0.1566156615661567,0.5829882988298831,0.3780378037803783,0
mouse598180,close,388,0.0332615795620757,0.0833347961287142,0.0545031308707854,1.7314152603475097,3.5292232010154585,2.603368272099686,0.1656568099058074,0.2185138273923446,0.2276318085092784,688.0,749.0,853.0,6.88,7.49,8.53,29.083729973015622,127.09021501492649,34.581648006305144,0.7013380069552769,0.0349773810090019,mouse598180close388,0.2087308730873087,0.6027002700270029,0.4082808280828084,0
mouse598180,close,400,0.0070634140248757,0.0731636937334024,0.0289124007476203,4.229856701053777,3.469650948645588,4.770456135318732,0.13214544040580198,0.2940750656306993,0.2229574245209263,1334.0,642.0,905.0,13.34,6.42,9.05,29.083729973015622,127.09021501492649,34.581648006305144,0.7013380069552769,0.0358945903970142,mouse598180close400,0.2265526552655266,0.6091809180918093,0.3745274527452746,0
mouse598180,close,394,0.0361432048605009,0.1299000890878045,0.029374277367654,5.81051300771026,4.955169333604872,3.5355836809538634,0.2985597787244659,0.3056487324321286,0.3054520168707688,356.0,372.0,413.0,3.56,3.72,4.13,29.413350400809897,108.96013703222694,34.00735585319416,0.7013380069552769,0.0144177790920198,mouse598180close394,0.1811881188118812,0.5284428442844284,0.3264626462646265,0
mouse598180,close,395,0.0488429752502834,0.1681556548870064,0.0411860117070056,5.266666317498366,5.094702392757488,4.112427854262137,0.23957652461574,0.4548126789722945,0.3820879548369543,273.0,235.0,136.0,2.73,2.35,1.36,29.413350400809897,108.96013703222694,34.00735585319416,0.7013380069552769,0.040064814666418,mouse598180close395,0.2527452745274527,0.6097209720972099,0.4252925292529254,0
mouse598180,close,396,0.0546828637454292,0.1758134761845511,0.07421932418756401,4.184576804738141,4.467684011251716,4.133880054228738,0.3383490799224251,0.5052903361746519,0.2777756544703917,137.0,221.0,256.0,1.37,2.21,2.56,28.98230967219373,79.34700958514426,33.60440902513556,0.6955213871621778,0.0156387028462583,mouse598180close396,0.1587758775877588,0.5640864086408642,0.3297029702970298,0
mouse598180,close,397,0.0368301375730535,0.0360784389917075,0.0625724247858451,3.155358936229123,4.403439155408694,3.7312141309062468,0.2113220156160326,0.223031522426101,0.2407835619566476,706.0,446.0,562.0,7.0600000000000005,4.46,5.62,28.98230967219373,79.34700958514426,33.60440902513556,0.6955213871621778,0.0422862164451297,mouse598180close397,0.2387038703870387,0.5851485148514852,0.3920792079207921,0
mouse598180,close,399,0.0226166354315588,0.0855974714320467,0.0307423704150905,2.7305901727603827,4.2995633609855295,3.742322554265132,0.09452256167308198,0.2828250123114676,0.1078385740591703,1870.0,1706.0,1696.0,18.7,17.06,16.96,29.213648217473825,86.37479324628934,33.597179846644266,0.6955213871621778,0.0187030508575335,mouse598180close399,0.1566156615661565,0.6361836183618363,0.3224122412241222,0
mouse598180,close,401,0.0569612372857966,0.2301179218363415,0.0963988663001488,1.440875263898404,4.965388088527702,4.297044090121596,0.4994331760695996,0.5285098221627911,0.2960508332858939,108.0,127.0,184.0,1.08,1.27,1.84,28.525125122824555,64.85330660222344,33.018052907565746,0.6661456297237115,0.0095043951412601,mouse598180close401,0.1709270927092709,0.6000000000000001,0.3405040504050405,0
mouse598180,close,404,0.0441739053408645,0.0126272117125903,0.0526058085666766,0.2454349342967173,3.3936863801278085,3.3811637174058538,0.2361432676263662,0.1688666772528709,0.2246197208794153,592.0,474.0,718.0,5.92,4.74,7.18,28.664899207625343,64.8317650885039,32.262635028753394,0.6661456297237115,0.0325730042102831,mouse598180close404,0.2044104410441044,0.5430243024302431,0.3693969396939693,0
mouse598180,close,405,0.0219770819613664,0.0454729326198233,0.0274433913633283,5.346359761482331,6.230135075105742,4.9211295943499564,0.2066878637255695,0.200410806418207,0.1699018429987589,561.0,508.0,559.0,5.61,5.08,5.59,29.152054724296544,62.22493666987151,33.03335042996211,0.6619101147436863,0.0137771819084969,mouse598180close405,0.1863186318631864,0.564896489648965,0.3766876687668767,0
mouse598180,close,406,0.0136681281448324,0.0809358463521892,0.0514524442116458,4.319119851261107,4.768462252572588,4.2208450718161945,0.1494721665384575,0.2042430870213424,0.2009609799378751,911.0,845.0,805.0,9.11,8.45,8.05,29.152054724296544,62.22493666987151,33.03335042996211,0.6619101147436863,0.0255688898217009,mouse598180close406,0.1863186318631864,0.6113411341134113,0.3796579657965798,0
mouse598180,close,407,0.0160992297549633,0.1076219502095236,0.0463217163401073,5.939923682010335,4.149837550638762,5.2679169249724245,0.2736610374655839,0.42371168909378104,0.3195398998753645,215.0,187.0,296.0,2.15,1.87,2.96,29.152054724296544,62.22493666987151,33.03335042996211,0.6619101147436863,0.0431121283721396,mouse598180close407,0.1587758775877588,0.4671467146714673,0.3108010801080108,1
mouse598180,close,411,0.0034677432689789,0.0510615107298245,0.0482248399795055,4.873142067509108,5.073019412166582,4.433986787671015,0.1421307699833045,0.2231601693440484,0.2007751985447131,1282.0,798.0,733.0,12.82,7.98,7.33,28.422211389545986,88.17858796982486,32.138859735291874,0.6619101147436863,0.0438375594059723,mouse598180close411,0.17308730873087302,0.6105310531053106,0.3531953195319534,0
mouse598180,close,414,0.0669732503342889,0.0769831364671124,0.0494229593093195,2.5083505330542875,4.0067931974549635,3.707708185577721,0.2318921103742423,0.1938364489930496,0.2401358732894598,592.0,563.0,530.0,5.92,5.63,5.3,28.81322668546493,104.5951450210255,32.69829832985125,0.6585969936159746,0.0179179219019185,mouse598180close414,0.1652565256525652,0.5619261926192621,0.3213321332133214,0
mouse598180,close,415,0.0329324551616262,0.0969109981593716,0.0366723491026696,1.820857585322732,1.559781892199061,4.09460376632522,0.4225867556775843,0.302564845445551,0.4975436492885278,89.0,95.0,83.0,0.89,0.9500000000000001,0.8300000000000001,28.294294064373805,150.41204894756487,31.50965140542428,0.6585969936159746,0.0202035046865432,mouse598180close415,0.1301530153015301,0.7428442844284429,0.3172817281728174,0
mouse598180,close,419,0.1577622817702501,0.0432924030516129,0.1019498012308798,5.145684078396394,1.7886919934159258,4.210191143887181,0.4039645758070758,0.3399783872050574,0.3160109298286059,181.0,144.0,249.0,1.81,1.44,2.49,28.600666123905892,157.21750657890328,31.718923403842588,0.6585969936159746,0.0282073292746845,mouse598180close419,0.200900090009001,0.5867686768676871,0.3753375337533752,0
mouse598180,close,652,0.0146294042399213,0.0150892333529782,0.0935624840521562,2.0327388319301107,5.436958416920361,4.636504471874126,0.18539512956455897,0.1904515724054187,0.3692689894329223,492.0,528.0,505.0,4.92,5.28,5.05,28.600666123905892,157.21750657890328,31.718923403842588,0.6585969936159746,0.0251184590090661,mouse598180close652,0.1285328532853284,0.7112511251125114,0.264896489648965,0
mouse598180,close,418,0.1531041384856645,0.1032215934222355,0.0768369672079785,2.8423166041330483,5.320019619371388,5.4405225163995246,0.5402516942998078,0.3851881269671112,0.4188298481580311,87.0,103.0,62.0,0.87,1.03,0.62,28.600666123905892,157.21750657890328,31.718923403842588,0.6585969936159746,0.0582467979411598,mouse598180close418,0.1574257425742574,0.7312331233123314,0.3804680468046802,0
mouse598180,close,417,0.0370600614242877,0.0662243322009104,0.0669078580104858,4.138271346174385,4.225532636085698,3.0675122241265886,0.18704007108256102,0.2565094463685938,0.2653736457935176,659.0,494.0,393.0,6.59,4.94,3.93,28.600666123905892,157.21750657890328,31.718923403842588,0.6585969936159746,0.0120575415650241,mouse598180close417,0.16795679567956798,0.5343834383438345,0.2883888388838884,0
mouse598180,close,416,0.2645514023025559,0.1787279040261558,0.0738577908589731,2.0893102671779618,3.3382588824808583,3.9802736823082974,0.4942604156070747,0.3947214358762674,0.3682926177271517,57.0,224.0,141.0,0.5700000000000001,2.24,1.41,28.275490995076606,195.66547444288472,31.103681580458893,0.6562202374203344,0.0122079194409683,mouse598180close416,0.146084608460846,0.5805580558055807,0.3683168316831683,0
mouse598180,close,422,0.0359258101758719,0.0614359477058922,0.0487183346407386,4.193425444202712,3.8435270264022408,4.63678855086258,0.2206692035144861,0.2231725723641529,0.1951887537949216,702.0,507.0,624.0,7.0200000000000005,5.07,6.24,28.153057697960357,292.80670459766515,30.7763457699338,0.6523994175349945,0.0332370494093687,mouse598180close422,0.2335733573357336,0.6286228622862287,0.3958595859585959,0
mouse598180,close,423,0.0165872648109195,0.0844218880777927,0.0412082054441655,4.026714981791855,0.8363804675669938,2.117673870183417,0.268506358844392,0.2591105051732417,0.1915468387685579,239.0,512.0,504.0,2.39,5.12,5.04,28.562422776237078,297.95189841081736,31.537539684920734,0.6523994175349945,0.0189160633479032,mouse598180close423,0.146084608460846,0.7217821782178219,0.4549954995499551,0
mouse598180,close,424,0.0161228630351527,0.021108326902793,0.034243608574969,0.6421381733833055,3.7543209527444974,3.873174957176402,0.0607216741772729,0.0895362864314768,0.1000212371709726,4187.0,4294.0,4353.0,41.87,42.94,43.53,28.562422776237078,297.95189841081736,31.537539684920734,0.6523994175349945,0.0115338584935769,mouse598180close424,0.1331233123312332,0.2257425742574257,0.187938793879388,1
mouse598180,close,425,0.0823704376999475,0.3094051824589738,0.0441101622026176,4.747109627489267,1.6246495704450792,6.0046585238954675,0.3388092037445057,0.6103442957897067,0.2842026972318386,241.0,258.0,165.0,2.41,2.58,1.6500000000000001,28.562422776237078,297.95189841081736,31.537539684920734,0.6523994175349945,0.0225981034814257,mouse598180close425,0.2006300630063006,0.5886588658865888,0.3861386138613859,0
mouse598180,close,428,0.1425493851277091,0.08688508514633099,0.1220312899766871,4.972412043450532,2.7772743490924485,5.709001870316937,0.5142578354537488,0.3371773071262082,0.3457041632432338,62.0,151.0,149.0,0.62,1.51,1.49,28.346717098062058,343.523709147378,31.14856143832993,0.6523994175349945,0.0560255867117795,mouse598180close428,0.14095409540954099,0.7914491449144916,0.3396939693969395,0
mouse598180,close,430,0.1576896647766195,0.0900189695460001,0.1804538623408663,4.433893059949038,5.7662814346731075,4.3998880315030755,0.4623479536249438,0.3736969499038295,0.4240145105326202,63.0,173.0,131.0,0.63,1.73,1.31,28.424955340912124,377.3205809734272,31.26177233265049,0.651920240520265,0.0285114518461582,mouse598180close430,0.1417641764176417,0.6982898289828984,0.3086408640864085,0
mouse598180,close,436,0.0592310999107236,0.0744456047494698,0.0444848395071514,4.413673420363427,4.841359593619613,4.2428267838248175,0.1828816482504487,0.2759295913530648,0.2008120062816613,506.0,596.0,546.0,5.0600000000000005,5.96,5.46,28.22567804141937,470.07668403113763,30.7798877423734,0.6523994175349945,0.0137256016899675,mouse598180close436,0.1698469846984699,0.5840684068406843,0.3232223222322232,0
mouse598180,close,437,0.0158629952185428,0.08771750147384301,0.0213556482168959,5.514692324322243,5.119602087058349,4.605462203687863,0.181402854385858,0.2379756792424751,0.1282964178151694,1543.0,1259.0,1201.0,15.43,12.59,12.01,28.22567804141937,470.07668403113763,30.7798877423734,0.6523994175349945,0.0142754633423157,mouse598180close437,0.1887488748874888,0.5754275427542754,0.3224122412241226,0
mouse598180,close,443,0.0233045356418812,0.0621559188427643,0.0450137814047127,5.063936592228363,4.8620390516000604,4.224325503354216,0.1881854487948472,0.22926070214372002,0.171520631624064,776.0,925.0,1054.0,7.76,9.25,10.540000000000001,28.152831070937317,509.9789696378897,30.71534421589953,0.6523994175349945,0.0278270783556154,mouse598180close443,0.1949594959495949,0.6086408640864088,0.3051305130513051,0
mouse598180,close,434,0.0449095639916118,0.0259187588617356,0.1179778983819107,2.730436734514873,2.421525825615725,5.8923137141528334,0.3675082178229044,0.3027729499478608,0.37920922059643897,114.0,185.0,148.0,1.1400000000000001,1.85,1.48,28.152831070937317,509.9789696378897,30.71534421589953,0.6523994175349945,0.025823571385305003,mouse598180close434,0.2036003600360036,0.6337533753375338,0.4139513951395138,0
mouse598180,close,445,0.0800813953951251,0.0648364109481231,0.0116199798746931,1.8520741370284903,4.024128489228671,6.107674705845356,0.3948980455520091,0.4639356574251317,0.3638731918678006,54.0,92.0,150.0,0.54,0.92,1.5,27.97661244968173,549.0924339667147,30.9462620757514,0.6523994175349945,0.0408114978476297,mouse598180close445,0.1366336633663366,0.6661566156615663,0.32403240324032395,0
mouse598180,close,453,0.0272024670691193,0.0262547944956961,0.0642450462560798,1.5920981336606248,2.1648538830325017,5.354347492646285,0.3354197260795251,0.2056870156825891,0.3072827355382301,220.0,477.0,331.0,2.2,4.7700000000000005,3.31,28.37606954333217,697.3582977346363,30.55218931958934,0.6562202374203344,0.0384990012063323,mouse598180close453,0.1684968496849684,0.6734473447344735,0.4285328532853286,0
mouse598180,close,456,0.0123049016679175,0.030099150648652,0.0266625211112457,4.29682001063878,2.2584062963074265,3.7727677427735933,0.1498239921308155,0.2014189311363766,0.2092890474590266,901.0,944.0,1110.0,9.01,9.44,11.1,28.07294090000542,908.3596932082612,30.00338606869329,0.659545297913646,0.0564569209737616,mouse598180close456,0.1171917191719171,0.258955895589559,0.2079207920792078,1
mouse598180,close,459,0.0477269061921884,0.0580776830318261,0.0378509812957845,5.835443980031368,0.8897709708870211,5.267956986426093,0.2484359130026668,0.2225447431765473,0.1783393029674567,412.0,767.0,690.0,4.12,7.67,6.9,27.86809389685069,1054.8403346253688,30.17185458841763,0.6623820649745885,0.0324331077281917,mouse598180close459,0.1946894689468946,0.6216021602160218,0.3356435643564354,0
mouse598180,close,460,0.038581674901416,0.0609474674543275,0.0583331595337192,0.0485235276633257,5.0343959053622065,5.422039954689739,0.1847595642273224,0.2367436338260651,0.2333082928643772,676.0,518.0,514.0,6.76,5.18,5.14,27.86809389685069,1054.8403346253688,30.17185458841763,0.6623820649745885,0.0231682048649918,mouse598180close460,0.1776777677767778,0.8025202520252026,0.5149414941494149,0
mouse598180,close,463,0.0999711180104161,0.076806330239407,0.0175773682086918,5.738946752827972,1.6887848636130276,4.223344317085152,0.4112554249596312,0.39868884264629206,0.2721154094978172,88.0,203.0,192.0,0.88,2.0300000000000002,1.92,27.758483301494145,1105.461519814617,30.295253440648228,0.6675514961409346,0.0351465978118016,mouse598180close463,0.1525652565256525,0.7849684968496851,0.4447344734473447,0
mouse598180,close,466,0.0655010357264669,0.0716896775236916,0.0570582652694291,4.420068313825288,4.531884400805998,3.809315609454256,0.2988703307495087,0.2756852100308789,0.3396562889495607,165.0,333.0,274.0,1.6500000000000001,3.33,2.74,27.68086077519383,1266.4508880900694,29.974918117417946,0.6736096792653741,0.0372829132162473,mouse598180close466,0.1266426642664266,0.8781278127812784,0.2727272727272726,0
mouse598180,close,659,0.1632988759363331,0.0555444753224259,0.0352264636002527,4.2772992782840085,1.741204093542268,3.2124141194666422,0.4308194545440516,0.2899558299770569,0.2904139214070406,137.0,190.0,169.0,1.37,1.9000000000000001,1.69,27.618732408042764,1279.8881723314564,29.986781807020808,0.6805328794408101,0.0278209553658515,mouse598180close659,0.1485148514851485,0.7101710171017104,0.2829882988298832,0
mouse598180,close,658,0.1297698963702653,0.0940247662142153,0.0747223801883795,6.178385270530717,2.5544348277185107,4.107627088816529,0.39917246191812,0.3994450092956505,0.385880352800474,79.0,132.0,91.0,0.79,1.32,0.91,27.618732408042764,1279.8881723314564,29.986781807020808,0.6805328794408101,0.0428882964368294,mouse598180close658,0.1447344734473448,0.6866786678667869,0.2770477047704772,0
mouse598180,close,469,0.0463993915583725,0.0850719265338502,0.09727786854312301,5.540915760715072,1.1926444652683033,1.153980245105465,0.30019465408068796,0.3043997090884227,0.3239964006592142,177.0,168.0,218.0,1.77,1.68,2.18,27.618732408042764,1279.8881723314564,29.986781807020808,0.6805328794408101,0.0436417982666387,mouse598180close469,0.1325832583258326,0.7072007200720073,0.4209720972097209,0
mouse598180,close,471,0.0762271773942373,0.0555964100735184,0.1168091389710295,5.791783479283669,5.633685073032742,5.404462154080372,0.2023356493206195,0.2163475297000951,0.2603962219169526,956.0,804.0,1020.0,9.56,8.040000000000001,10.200000000000001,27.618732408042764,1279.8881723314564,29.986781807020808,0.6805328794408101,0.0454817792681219,mouse598180close471,0.1795679567956796,0.7479747974797479,0.2702970297029706,0
mouse598180,close,475,0.1204869883853329,0.1620002651363638,0.1615168385639285,4.474478568384406,4.30558738272819,4.663439429723307,0.3662873817656547,0.5656301729670326,0.3227693705318066,97.0,201.0,223.0,0.97,2.0100000000000002,2.23,27.280382771092896,1436.9014618208391,29.59281526509402,0.6805328794408101,0.017960560145656,mouse598180close475,0.1693069306930693,0.7890189018901891,0.4234023402340233,0
mouse598180,close,476,0.0865295191226026,0.0545847240178432,0.0776817522494445,5.086202984957879,1.8907872721958023,4.919254763826193,0.2398264199454791,0.1775784528518615,0.22839600726446102,679.0,828.0,966.0,6.79,8.28,9.66,26.95925326952497,1339.9788294679772,29.009491996221186,0.6805328794408101,0.0577875939165571,mouse598180close476,0.1242124212421242,0.2308730873087309,0.1771377137713772,1
mouse598180,close,742,0.1690750147106854,0.0751708983061397,0.0905963401811804,4.515934903333099,0.9086777876978938,4.665255608890021,0.3882340412648135,0.3237333928337628,0.2767334864305588,218.0,271.0,271.0,2.18,2.71,2.71,27.140146995258483,1406.234433046587,29.63044332562359,0.6882949948968102,0.0437399976795953,mouse598180close742,0.1055805580558056,0.7563456345634565,0.3153915391539156,0
mouse598180,close,325,0.1664392443420269,0.1501528249703422,0.2126850200315497,3.671523514867491,0.2178338591337822,2.2026750326581968,0.4873670365530495,0.4345752898581886,0.6104687803773902,78.0,80.0,47.0,0.78,0.8,0.47000000000000003,32.54728712089642,333.6949995284657,40.44108223514472,0.8003905296791061,0.0469096968562845,mouse598180close325,0.1895589558955895,0.6113411341134114,0.3421242124212422,0
mouse598180,close,462,0.0240599341709284,0.0313368986889516,0.0839436799692104,5.066605956115969,0.4194729826401049,5.499441173008703,0.1994966798607874,0.1734458916485383,0.2475475457231636,618.0,752.0,650.0,6.18,7.5200000000000005,6.5,27.758483301494145,1105.461519814617,30.295253440648228,0.6675514961409346,0.0487672783487867,mouse598180close462,0.1668766876687669,0.7601260126012602,0.4158415841584159,0
mouse598180,close,267,0.1725411059089553,0.0791838574680591,0.2284179149102999,2.0007614962617173,5.0675466029677265,2.9509646853412703,0.4847423781042489,0.3998528225839911,0.4501163328911327,57.0,94.0,77.0,0.5700000000000001,0.9400000000000001,0.77,32.952886151896486,300.589379307939,37.88322948455585,1.0059199769365357,0.0337957846725034,mouse598180close267,0.1325832583258326,0.6243024302430243,0.2403240324032405,0
mouse598180,close,736,0.0154012494421459,0.0700666257953696,0.1137407091096321,4.766973595936177,4.419389172038791,0.7287006476601494,0.39867690443030396,0.5075249651127586,0.3436337342372673,61.0,81.0,84.0,0.61,0.81,0.84,32.50200167778465,301.24089475207217,38.7240653336995,0.9880536422684753,0.0308849349174503,mouse598180close736,0.17497749774977497,0.6048604860486049,0.3272727272727274,0
mouse598180,close,282,0.1078393673912563,0.0600911991940039,0.0765450873345172,1.5610951788774283,2.3736281348799486,0.5564717956577034,0.3702375730885818,0.2797276151658906,0.4037190534352859,77.0,181.0,198.0,0.77,1.81,1.98,32.310061367618424,312.48002623272606,39.44384913202086,0.9320675941153624,0.0444621427796777,mouse598180close282,0.1552655265526552,0.7641764176417642,0.3291629162916291,0
mouse598180,close,737,0.0723560399454818,0.0534723523515804,0.0856140172484227,4.3590392251478685,0.2959726511021192,2.664268172551004,0.4710324047541265,0.4540917767290428,0.3611935192977963,55.0,57.0,95.0,0.55,0.5700000000000001,0.9500000000000001,31.813245147605354,314.2506383403983,38.889692194455684,0.9154916711800278,0.0375072852428894,mouse598180close737,0.1428442844284427,0.5981098109810982,0.2816381638163816,0
mouse598180,close,306,0.2418532208472024,0.0859785403290038,0.1428721817903944,1.7139388203477095,6.166099986238002,1.1592790954172931,0.4570350025425374,0.48063476059894605,0.3818263740219313,57.0,52.0,106.0,0.5700000000000001,0.52,1.06,32.55888705778062,322.14949669061576,41.013011752641184,0.8488963423174823,0.0176791110717926,mouse598180close306,0.130963096309631,0.6243024302430243,0.3664266426642665,0
mouse598180,close,630,0.0784285009030298,0.0365863438977749,0.0716763981374426,4.346920921034903,4.912168162212104,0.3947640688846098,0.4284799319713125,0.46227516306535793,0.4524574027612229,67.0,98.0,114.0,0.67,0.98,1.1400000000000001,32.11404014613116,321.865020092735,40.96038401448881,0.8003905296791061,0.0171176694545037,mouse598180close630,0.1436543654365436,0.5805580558055806,0.3963996399639963,0
mouse598180,close,634,0.0599226902891645,0.1726850169782915,0.1250980444800427,2.1574466244085686,0.3022965009107016,2.2849709964470177,0.5013257694519504,0.4585721747327291,0.5340964072141591,75.0,55.0,49.0,0.75,0.55,0.49,32.31006556189958,332.37565665954725,40.829966180891574,0.7733854149129009,0.0469885915330773,mouse598180close634,0.1801080108010802,0.6261926192619263,0.4147614761476149,0
mouse598180,close,359,0.17664265735971,0.1458064586442444,0.0764291526175433,4.5297869997153954,6.257319037219242,2.55616353663609,0.4797411778446029,0.3319770263228363,0.4922421415235847,104.0,178.0,166.0,1.04,1.78,1.6600000000000001,31.10520945383596,292.5997435187789,38.82176907740313,0.7335700375560605,0.0232065738874012,mouse598180close359,0.1903690369036904,0.6785778577857786,0.3796579657965798,0
mouse598180,close,647,0.0571928441315917,0.0978958721135277,0.08940709687346199,2.207701867051058,0.3888710185513386,3.247606472861912,0.5183479684860852,0.5045055356028951,0.4635739583281836,60.0,61.0,117.0,0.6,0.61,1.17,30.77379382331779,284.0670267690964,38.02788901215907,0.7228416147400479,0.0887512205809288,mouse598180close647,0.2173717371737173,0.6275427542754277,0.4096309630963096,0
mouse598180,close,366,0.0805006545474397,0.1894401827073623,0.0670102304347521,5.270355778001206,0.3397625408442949,2.57943192355826,0.4473382110700625,0.4274295192111647,0.3888190721893578,71.0,102.0,69.0,0.71,1.02,0.6900000000000001,30.50261145950477,267.26290388734253,37.85214394943787,0.7128288714691626,0.0317690803122559,mouse598180close366,0.1595859585958596,0.6199819981998199,0.3421242124212421,0
mouse598180,close,409,0.1491470367203158,0.0980242749725359,0.0265723923029042,0.1906754284552996,2.1310521391657566,1.9087930555132828,0.4534652473917141,0.3821121230482967,0.4457221048717364,86.0,56.0,44.0,0.86,0.56,0.44,29.152054724296544,62.22493666987151,33.03335042996211,0.6619101147436863,0.0917710075905412,mouse598180close409,0.2651665166516652,0.8108910891089111,0.4817281728172818,0
mouse598180,close,429,0.1170337013013481,0.1292271004429335,0.0663643621158568,6.0194767836600755,2.5043575862685086,4.176437079585721,0.5297615830954937,0.3280433876430541,0.3565553477508266,61.0,232.0,162.0,0.61,2.32,1.62,28.346717098062058,343.523709147378,31.14856143832993,0.6523994175349945,0.0470187676626656,mouse598180close429,0.1779477947794779,0.5333033303330335,0.5233123312331235,0
mouse598180,close,448,0.1179991908915345,0.1302864888992514,0.0297041609266584,0.0206233922062887,3.6937093992505625,5.249705939285944,0.4375760588749686,0.4740738437131216,0.3874353416050379,84.0,73.0,87.0,0.84,0.73,0.87,28.038759732517853,676.6674841892598,30.27804583386302,0.653834841531101,0.0407380240765344,mouse598180close448,0.1687668766876687,0.5727272727272728,0.4666066606660669,0
mouse598180,close,467,0.2559956621204206,0.069335411200654,0.2404763434767987,5.3055036726138844,0.3829394059393375,4.589548434591744,0.4866450041973804,0.3783525210863259,0.4676931317668712,68.0,139.0,121.0,0.68,1.3900000000000001,1.21,27.68086077519383,1266.4508880900694,29.974918117417946,0.6736096792653741,0.0842980182180044,mouse598180close467,0.1390639063906391,0.7236723672367238,0.3526552655265528,0
mouse598180,close,477,0.1210870255618177,0.1681232803384318,0.1402106266536485,3.3410503699038303,3.744678678906425,2.2502950024094,0.4189129489447606,0.5046159209080934,0.4847125313659384,102.0,71.0,75.0,1.02,0.71,0.75,26.95925326952497,1339.9788294679772,29.009491996221186,0.6805328794408101,0.0328531953251123,mouse598180close477,0.1093609360936094,0.7463546354635464,0.3175517551755177,0
mouse598180,close,479,0.075823717860391,0.0539904716283456,0.1157809576179484,3.8354522972511966,3.7221590810399086,5.413615936452278,0.414564447306761,0.4112345225887563,0.3499242639070289,80.0,63.0,131.0,0.8,0.63,1.31,27.140146995258483,1406.234433046587,29.63044332562359,0.6882949948968102,0.0810758943939259,mouse598180close479,0.1981998199819982,0.3283528352835283,0.1995499549954995,1
mouse598181,far,28,0.0175631464809963,0.1550961990375391,0.1169181146488341,1.4942659634021975,4.999604346653222,4.81373793952278,0.2655422142155478,0.3608390572528356,0.3225061752380055,184.0,352.0,286.0,1.84,3.52,2.86,39.18036516016811,49.575369283081656,43.53290071338297,2.0895573693966862,0.0331943343497705,mouse598181far28,0.1917191719171918,0.6310531053105312,0.5559855985598562,0
mouse598181,far,31,0.0146214800011779,0.0229784571755076,0.0201875946052461,0.8249861284664217,4.497665276025378,1.7912016918007647,0.1818348681982122,0.2094027546391088,0.2489593525126435,568.0,358.0,651.0,5.68,3.58,6.51,38.70124997888708,48.812652290347465,43.33567604406561,2.057911562725668,0.0260095621213024,mouse598181far31,0.2748874887488749,0.7849684968496851,0.4414941494149415,0
mouse598181,far,32,0.0255992586492668,0.12155992007812699,0.0793375691742487,2.2426305485952445,3.863316520988728,0.0526070699988021,0.35565254288803005,0.4859524902852211,0.3845762929165944,130.0,118.0,166.0,1.3,1.18,1.6600000000000001,38.70124997888708,48.812652290347465,43.33567604406561,2.057911562725668,0.0215704060173784,mouse598181far32,0.1493249324932494,0.6885688568856886,0.29891989198919894,0
mouse598181,far,37,0.1662990755291482,0.1543410515828959,0.0520195274897392,3.9305397207332007,0.4764880020705246,0.4970446714581818,0.4509693975027164,0.4590228383187894,0.5041450716140139,107.0,63.0,43.0,1.07,0.63,0.43,39.22251194452657,48.95566378579876,44.331438696259355,2.042975770781436,0.0430310190884061,mouse598181far37,0.1261026102610261,0.6742574257425743,0.2640864086408643,0
mouse598181,far,69,0.0795760911647336,0.0341548222515341,0.0633039132998964,1.7189887620979118,3.9660460456684907,2.468674206849944,0.3249178263524616,0.2915960937915702,0.35677460319373294,216.0,233.0,184.0,2.16,2.33,1.84,38.79990708487824,48.92274362967145,43.59278877678809,2.0342381866438357,0.0280172188616428,mouse598181far69,0.1495949594959496,0.7474347434743475,0.2972997299729972,0
mouse598181,far,42,0.034012903888691,0.0878652761034449,0.0630888568783722,1.0967319469305583,1.8356629841061416,5.528965720440965,0.3060108687199479,0.4024683188736334,0.4257509388568425,247.0,218.0,368.0,2.47,2.18,3.68,38.200533374610096,49.745004175393674,43.23504947686314,2.0175789947360183,0.027236656699646,mouse598181far42,0.1431143114311431,0.6842484248424844,0.3402340234023403,0
mouse598181,far,71,0.0290599866370938,0.0427946121868986,0.0351871333457528,3.5033711241277543,4.199453210798809,3.9409602266812636,0.1965067036482784,0.2034435569596481,0.2596709044567805,610.0,566.0,565.0,6.1000000000000005,5.66,5.65,38.200533374610096,49.745004175393674,43.23504947686314,2.0175789947360183,0.0175179690007624,mouse598181far71,0.2287128712871287,0.7050405040504051,0.3415841584158415,0
mouse598181,far,43,0.1935306254683328,0.0311018516563718,0.0375375148901947,0.271755379564379,1.9043262573352333,1.4834937277590048,0.4286712229753317,0.3580545275826801,0.3720445456286645,84.0,127.0,234.0,0.84,1.27,2.34,38.989187575604674,50.0912337841731,44.02605231775997,2.0175789947360183,0.0634936583242006,mouse598181far43,0.1676867686768677,0.684788478847885,0.2964896489648964,0
mouse598181,far,47,0.0929259398992643,0.0879519845958227,0.0184342083856993,0.5528453129908178,1.4333366218090684,4.341760082410671,0.2845208892406952,0.3463667299395388,0.4521919827408659,195.0,145.0,137.0,1.95,1.45,1.37,39.12848362905117,50.62901510237252,44.79996448552629,1.9866743568083824,0.0343110830633685,mouse598181far47,0.1166516651665166,0.2287128712871288,0.1760576057605759,1
mouse598181,far,46,0.0218124400173488,0.1710771425964632,0.0319170288686953,6.139577079531692,4.513914196505353,0.7262096603187883,0.3060174251601619,0.5309050740685379,0.3573623477580591,123.0,71.0,111.0,1.23,0.71,1.11,39.12848362905117,50.62901510237252,44.79996448552629,1.9866743568083824,0.0305198359131555,mouse598181far46,0.1223222322232223,0.1995499549954995,0.1760576057605761,1
mouse598181,far,49,0.0249883083330196,0.0178655527975804,0.0222024596273929,1.6896523126682148,2.4088004689719553,4.5873640333751275,0.1927964760047031,0.2178089342716887,0.2368462247320913,654.0,597.0,621.0,6.54,5.97,6.21,38.164330811596884,52.04805859002221,43.542468426392354,1.9866743568083824,0.0217358463209012,mouse598181far49,0.1360936093609361,0.5792079207920793,0.2441044104410441,1
mouse598181,far,48,0.0279204276824883,0.0563167476282178,0.0043541420519466,1.620683694296877,5.377013805128592,5.493651878800565,0.1935083345873539,0.2597482619280618,0.2082801186113971,654.0,434.0,733.0,6.54,4.34,7.33,38.164330811596884,52.04805859002221,43.542468426392354,1.9866743568083824,0.0274510145702609,mouse598181far48,0.1541854185418542,0.4188118811881188,0.4838883888388841,0
mouse598181,far,53,0.0344988827510878,0.1398430964904236,0.0367645195004799,6.181865743128624,0.7763395876995791,2.324009412810104,0.4867602109445113,0.3830999839490682,0.4426599094504578,144.0,155.0,137.0,1.44,1.55,1.37,36.91857038164957,52.569970082209885,42.39384195114547,1.9715159142142367,0.0194417752861103,mouse598181far53,0.1382538253825382,0.4282628262826283,0.2422142214221423,1
mouse598181,far,54,0.0161439084425015,0.040577197525767,0.0387574637453722,3.8442443223156655,1.770573230938561,3.179419051300493,0.2013776527880413,0.2140498052940472,0.2262849289205747,525.0,409.0,612.0,5.25,4.09,6.12,37.49988567113977,51.259990385995216,42.75369084825789,1.9643701280563195,0.0375552811602827,mouse598181far54,0.1992799279927992,0.9035103510351036,0.0448244824482451,0
mouse598181,far,74,0.1853846328116711,0.07697716853188401,0.0593564793571488,2.501215871319804,3.842609762737056,4.697142503247614,0.4248858822476966,0.4809214590678807,0.5680822705841094,110.0,113.0,54.0,1.1,1.1300000000000001,0.54,38.013712316332274,51.43727272490674,43.09099831809376,1.957517560585345,0.0218342825942762,mouse598181far74,0.1628262826282628,0.7784878487848786,0.3607560756075606,0
mouse598181,far,56,0.0114230062646198,0.0896494964356779,0.0946456118859881,3.705085478257181,3.9001446278917475,0.7243477250467364,0.2127589792086623,0.3615708758672074,0.3416609654725617,438.0,433.0,561.0,4.38,4.33,5.61,37.58205006632486,53.56367918523622,42.98060947590766,1.957517560585345,0.0502226586279838,mouse598181far56,0.2063006300630063,0.7755175517551757,0.2535553555355535,0
mouse598181,far,60,0.0529138836254704,0.11870247953247198,0.0909594942338062,1.1752023955007358,0.9874830233298884,1.5063450313894495,0.3784367990752427,0.3796895861747026,0.385570128938383,136.0,97.0,129.0,1.36,0.97,1.29,37.0113082745781,58.87589494493348,42.38759249548985,1.9212626056840847,0.0292380438709124,mouse598181far60,0.1752475247524753,0.3723672367236724,0.1995499549954995,1
mouse598181,far,39,0.0488123786645503,0.0389760812390371,0.0932886819267774,5.011628100741381,0.102228612281429,0.8766926530220904,0.3119972817020718,0.342571755499274,0.3963590625893859,398.0,280.0,81.0,3.98,2.8000000000000003,0.81,38.79990708487824,48.92274362967145,43.59278877678809,2.0342381866438357,0.0368631824265981,mouse598181far39,0.2027902790279028,0.7387938793879392,0.3275427542754275,0
mouse655957,far,277,0.0575974038521866,0.0697153195082779,0.0565825107559864,1.765307442446567,1.7679758323692358,0.72113552417878,0.2167679599660419,0.3274499010639738,0.2908565112565323,377.0,253.0,276.0,3.77,2.5300000000000002,2.7600000000000002,43.66945440390282,40.922478774405796,39.35351238891272,2.0977666695798183,0.0254242846528492,mouse655957far277,0.1779477947794779,0.8181818181818183,0.4109810981098108,0
mouse655957,far,278,0.0208749212582708,0.0994582411690594,0.0855068231451701,0.1046187456060625,3.5289120167193966,3.6392539089984135,0.2954286320051103,0.3991376972137857,0.3181326379056454,125.0,96.0,157.0,1.25,0.96,1.57,43.66945440390282,40.922478774405796,39.35351238891272,2.0977666695798183,0.0207755720852046,mouse655957far278,0.1606660666066607,0.7760576057605761,0.39666966696669703,0
mouse655957,far,655,0.0522562929507286,0.0543211047605694,0.0280105586678793,0.906898921428202,3.8512250659057434,1.8449109703362199,0.2144242366682409,0.3096788858020726,0.203146964108294,393.0,239.0,326.0,3.93,2.39,3.2600000000000002,43.66945440390282,40.922478774405796,39.35351238891272,2.0977666695798183,0.0462424180208867,mouse655957far655,0.2011701170117011,0.7714671467146715,0.4039603960396042,0
mouse655957,far,287,0.0396222158406047,0.0435379973757586,0.0552700167812569,1.165314920170932,2.275220094320193,1.316369615301543,0.17756844578480502,0.1759158589547356,0.1877096045665455,1208.0,1265.0,1254.0,12.08,12.65,12.540000000000001,44.39518392254861,41.776147216970294,40.34322044387151,2.091948852147203,0.0285255929931128,mouse655957far287,0.1471647164716472,0.3437443744374439,0.2171017101710172,1
mouse655957,far,289,0.0915064194738462,0.0642806007241915,0.0844805193824331,3.497508459310835,2.96048624814898,0.9995973804318576,0.3215887431793233,0.3501573767804637,0.2897272303316772,187.0,248.0,244.0,1.87,2.48,2.44,43.14488149360172,39.29597163571306,38.415755764359076,2.091948852147203,0.0252745748362748,mouse655957far289,0.1606660666066607,0.8918991899189921,0.4674167416741676,0
mouse655957,far,656,0.0765395053651601,0.0583046796072443,0.046592528568527,4.265278743049017,1.7716104984901608,0.7610888110479843,0.3240745516812638,0.3354732348087628,0.3410574775616909,267.0,179.0,207.0,2.67,1.79,2.07,43.14488149360172,39.29597163571306,38.415755764359076,2.091948852147203,0.0270058975251944,mouse655957far656,0.1668766876687669,0.8692169216921692,0.4541854185418542,0
mouse655957,far,292,0.0686107040900566,0.0561814815266742,0.0740509519810553,2.3314257566033927,1.5239106201823218,2.7159386845829707,0.2259058260708159,0.2122405738564567,0.2612230219816585,636.0,556.0,605.0,6.36,5.5600000000000005,6.05,44.02734756198843,41.8474810218964,40.12718688624865,2.091948852147203,0.0137595688251967,mouse655957far292,0.17497749774977497,0.8289828982898292,0.44203420342034205,0
mouse655957,far,298,0.09532203066651801,0.1056187730141901,0.1303524515221569,3.007391818848294,2.8742969820776434,2.09312629057435,0.2886698028490806,0.3289649166331921,0.3519690823943012,366.0,359.0,323.0,3.66,3.59,3.23,42.381474516928954,38.357759051979244,38.947844048089145,2.091948852147203,0.0145410071899382,mouse655957far298,0.1714671467146714,0.7582358235823584,0.4001800180018003,0
mouse655957,far,297,0.1126697090086003,0.0794533616195203,0.0498886196572636,5.803529679718579,2.831278851618201,3.2013957436041696,0.3157187556227936,0.3317388784156452,0.2944459742973063,227.0,165.0,201.0,2.27,1.6500000000000001,2.0100000000000002,42.381474516928954,38.357759051979244,38.947844048089145,2.091948852147203,0.0362343739925364,mouse655957far297,0.1898289828982898,0.8027902790279029,0.3629162916291631,0
mouse655957,far,296,0.0247471057294606,0.0465965098252008,0.05620252744284901,0.1704870281416119,3.563279191133568,2.398718752732354,0.2013135774338267,0.1756761376677534,0.2484104103553463,646.0,874.0,773.0,6.46,8.74,7.73,42.381474516928954,38.357759051979244,38.947844048089145,2.091948852147203,0.0160641137319684,mouse655957far296,0.1595859585958596,0.4687668766876689,0.5249324932493248,0
mouse655957,far,299,0.0301868333341548,0.0399166535897426,0.0544423027485958,2.2983884811132134,2.7345432242414174,3.0471152714422054,0.1597747684236218,0.1513183239796789,0.1710544910410945,1017.0,1016.0,999.0,10.17,10.16,9.99,43.373724264663316,39.980349854117044,40.178160547137814,2.0864143883706325,0.015706357211283998,mouse655957far299,0.1841584158415842,0.5810981098109813,0.5289828982898289,0
mouse655957,far,300,0.1272642377758753,0.0704960211958444,0.059477095376808,2.3417123999332152,2.5717032549940546,2.8436374575999843,0.38722145519710793,0.3800801371379224,0.2873708874082684,146.0,111.0,174.0,1.46,1.11,1.74,41.86694882340443,37.252754388173535,38.33727204330565,2.0864143883706325,0.0384081894204648,mouse655957far300,0.1798379837983797,0.8783978397839787,0.4190819081908191,0
mouse655957,far,303,0.032044029128941005,0.0963296338579758,0.0872868596743694,2.950398624379431,1.80161227583415,2.6822822524239984,0.2280515784363254,0.4136545944515995,0.3718487476618472,274.0,163.0,341.0,2.74,1.6300000000000001,3.41,43.161688670676746,40.90684599333056,40.33927995360432,2.0932928605429293,0.0357078434768635,mouse655957far303,0.2003600360036004,0.6261926192619263,0.4946894689468947,0
mouse655957,far,304,0.0356930936160036,0.0566135755405376,0.0192869977036816,1.9148612651246075,1.8551298243656336,1.8488346216206355,0.188034792748768,0.1993322752337111,0.1733499371529573,837.0,952.0,793.0,8.370000000000001,9.52,7.930000000000001,43.161688670676746,40.90684599333056,40.33927995360432,2.0932928605429293,0.014960773480273998,mouse655957far304,0.2295229522952295,0.7909090909090909,0.5289828982898291,0
mouse655957,far,305,0.0444712553380576,0.0326691050588991,0.0317004917331186,4.989046486215823,2.6693881432164166,2.0069338127444696,0.199548112327381,0.1868520485862463,0.2648990348353378,498.0,635.0,469.0,4.98,6.3500000000000005,4.69,43.161688670676746,40.90684599333056,40.33927995360432,2.0932928605429293,0.0295444512750268,mouse655957far305,0.3121512151215121,0.7279927992799281,0.7252925292529252,0
mouse655957,far,753,0.025912594138945998,0.056949008018687006,0.0496075155754266,2.008232691145027,3.3080055978162815,1.5790092710588208,0.2447737804911419,0.3057962781831363,0.2922291079530931,277.0,187.0,264.0,2.77,1.87,2.64,41.521118944269006,36.131033803949904,38.369472124095616,2.0932928605429293,0.0410473452908686,mouse655957far753,0.1914491449144915,0.9631863186318632,0.40396039603960404,0
mouse655957,far,306,0.1250107680445948,0.1660743295147487,0.1300209885974516,2.4692164684780717,1.9346687766919584,1.9016749703367133,0.5079360174263432,0.4975512152854567,0.3996841090221752,100.0,93.0,124.0,1.0,0.93,1.24,41.521118944269006,36.131033803949904,38.369472124095616,2.0932928605429293,0.0336816763845849,mouse655957far306,0.2106210621062106,0.6996399639963998,0.3121512151215121,0
mouse655957,far,307,0.1133247161768751,0.0695919472392503,0.07751615077104401,2.9410035397806693,1.2262285703280291,2.3157907099597668,0.3579898261063335,0.3586915507403718,0.20947481000483603,328.0,168.0,354.0,3.2800000000000002,1.68,3.54,41.521118944269006,36.131033803949904,38.369472124095616,2.0932928605429293,0.0360540783671903,mouse655957far307,0.19009900990099,0.7512151215121513,0.4884788478847884,0
mouse655957,far,788,0.0299649605647768,0.0822871200473441,0.1049358106675811,2.084763497301417,3.4889401314128548,0.9041129009928872,0.4381009233580272,0.3945664435757343,0.4411899825717399,100.0,87.0,136.0,1.0,0.87,1.36,40.07762766369315,32.96792424229577,36.876568713778695,2.0837166314064883,0.0816894822868539,mouse655957far788,0.2567956795679568,0.6866786678667867,0.5135913591359139,0
mouse655957,far,316,0.0809803276493307,0.0704769080276895,0.0656642702373858,1.8308960172101416,1.4908497208733589,1.6928273134957996,0.2070850404087852,0.2080587045670302,0.2223752384643521,1259.0,558.0,1253.0,12.59,5.58,12.530000000000001,40.825986848439754,35.89964595424867,38.18422397294053,2.0580634101018367,0.0260352310204775,mouse655957far316,0.1644464446444645,0.2551755175517551,0.2216921692169218,1
mouse655957,far,320,0.1244763124484556,0.0702929817254003,0.0682538618569268,2.0847077831157157,2.786557537095248,1.4456933725980559,0.2952829904415321,0.2675899298976868,0.2291302635807022,351.0,480.0,460.0,3.5100000000000002,4.8,4.6000000000000005,40.72022724126444,35.19051338772565,38.04528280101403,2.053959590644373,0.0507489681101095,mouse655957far320,0.2430243024302429,0.9896489648964898,0.4987398739873989,0
mouse655957,far,322,0.0578236710589874,0.1144142932832383,0.0985210955663407,2.0265321818689297,2.9707987360326045,1.9848792706292409,0.3157358842557599,0.3149388813938207,0.3229497521574609,304.0,234.0,200.0,3.04,2.34,2.0,39.67875690935104,35.305553944829356,37.91344879241042,2.050152433357091,0.0270955369292121,mouse655957far322,0.1792979297929793,0.8870387038703873,0.3653465346534651,0
mouse655957,far,662,0.2276432692850131,0.2190228308433469,0.1818865507551436,0.9361960823056724,1.0550202617232354,0.9330471640263024,0.3926437079333958,0.3898209304631176,0.3399860127828183,392.0,342.0,349.0,3.92,3.42,3.49,38.84503972910501,33.633250390829645,37.27770369556281,2.056088519495209,0.0190890008084853,mouse655957far662,0.1822682268226823,0.6286228622862287,0.3893789378937894,0
mouse655957,far,664,0.0840655963176305,0.0931187585166804,0.1505122677270483,0.7795557924339581,1.9842068000908764,1.6833244008384776,0.3205373147905331,0.4442809791637277,0.4597350632306022,123.0,89.0,138.0,1.23,0.89,1.3800000000000001,39.61023657914305,32.27028157734201,37.3664648761759,2.0531987239427165,0.0549672112728558,mouse655957far664,0.1757875787578758,0.6405040504050407,0.3267326732673267,0
mouse655957,far,666,0.0622598261110824,0.0410288238132252,0.0595467309094522,2.0045100890067538,2.4848866147788606,1.844557823297,0.1977337220844834,0.1832240813082343,0.2492231421507142,700.0,710.0,716.0,7.0,7.1000000000000005,7.16,38.69908795518792,31.475109202329275,36.04506663698429,2.0506096654409878,0.0285675383282865,mouse655957far666,0.2084608460846084,0.6807380738073808,0.3718271827182721,0
mouse655957,far,333,0.0961374069651128,0.026358364821439,0.1180743854702584,0.8895967883979858,2.205915842346266,1.8889324807129984,0.2679180015912205,0.2858111957977106,0.27417513720338604,360.0,332.0,324.0,3.6,3.3200000000000003,3.24,38.69908795518792,31.475109202329275,36.04506663698429,2.0506096654409878,0.0312178404816334,mouse655957far333,0.1798379837983799,0.7009900990099012,0.3297029702970296,0
mouse655957,far,334,0.035316396710117,0.0156555931591129,0.0730730604967487,2.5912344278854667,2.4587022285314504,1.835211845997912,0.188525903432577,0.2006217728735791,0.2940260510496953,778.0,658.0,797.0,7.78,6.58,7.97,38.05330211744123,32.53089161724684,37.082006675108325,2.0506096654409878,0.0246825839275924,mouse655957far334,0.1944194419441944,0.6356435643564359,0.336993699369937,0
mouse655957,far,338,0.0933131527768646,0.1605171739509533,0.0777352774045307,1.3869753732929981,1.4592762494278568,1.690274370296064,0.3133218861719499,0.3314951961037057,0.2325463207125229,609.0,436.0,635.0,6.09,4.36,6.3500000000000005,37.37764086649731,30.410242854736207,35.55903092196785,2.0463381929681126,0.0218336825259115,mouse655957far338,0.1055805580558055,0.1987398739873987,0.1844284428442845,1
mouse655957,far,337,0.0651165098289189,0.0618286637613417,0.0543698468239036,1.2849206172194052,1.3984805349539244,1.80792357971164,0.1502436507247629,0.1725710252848998,0.140782158224112,2633.0,2256.0,2758.0,26.330000000000002,22.56,27.580000000000002,37.37764086649731,30.410242854736207,35.55903092196785,2.0463381929681126,0.0220485707258337,mouse655957far337,0.1460846084608461,0.3035103510351035,0.2527452745274527,1
mouse655957,far,339,0.0970227679220841,0.0456112144974033,0.0955648990397544,0.6106436231203253,2.813183026537003,0.5836890417008286,0.3452150564401057,0.307041439690786,0.3297890060507537,317.0,184.0,176.0,3.17,1.84,1.76,38.25654798413582,31.311098962743074,35.65403678125286,2.0463381929681126,0.0409151185660644,mouse655957far339,0.1960396039603961,0.7117911791179119,0.3639963996399639,0
mouse655957,far,670,0.0636807807855417,0.0189777043112793,0.0148642493379603,3.60386003241588,2.0498672748370192,1.4917701687511786,0.30498133125529303,0.250875208148171,0.3412439728881229,210.0,254.0,239.0,2.1,2.54,2.39,41.01049694874305,36.2373712726454,41.032875104907,2.021911224559575,0.0184677473184859,mouse655957far670,0.1636363636363637,0.7339333933393342,0.5897389738973898,0
mouse655957,far,345,0.1026829971762568,0.0544219507727764,0.0554943885788966,1.7429875210455277,1.8603815771462635,1.1568929588214536,0.26730887165899997,0.2793192501272858,0.2417202002089212,489.0,434.0,470.0,4.89,4.34,4.7,41.01049694874305,36.2373712726454,41.032875104907,2.021911224559575,0.0191718185337115,mouse655957far345,0.2287128712871288,0.8214221422142215,0.547074707470747,0
mouse655957,far,341,0.0412141230184256,0.0148860292121575,0.0481924813192555,5.7788351090621495,2.787480254201397,1.5975752133279912,0.2068509525983413,0.1910539510782913,0.2866421963406027,333.0,361.0,331.0,3.33,3.61,3.31,41.01049694874305,36.2373712726454,41.032875104907,2.021911224559575,0.0242836465825059,mouse655957far341,0.2081908190819081,0.7647164716471649,0.4671467146714673,0
mouse655957,far,347,0.0488800876759886,0.0561434717911186,0.0750020669141126,1.3740994993860414,1.4941516350897326,1.3183552178374838,0.16422985414254698,0.1468014963679139,0.1642554405304731,2295.0,2170.0,2130.0,22.95,21.7,21.3,36.19288592221264,30.730593037176238,33.707671078384045,2.0208290377961218,0.028243536128929003,mouse655957far347,0.1714671467146715,0.2713771377137715,0.2225022502250224,1
mouse655957,far,350,0.0803127465787559,0.1547596469143083,0.0830699129777674,1.6612516680170395,1.1033753599470646,1.3727800523341611,0.2372146539203234,0.3463164094386473,0.2101505397115479,650.0,430.0,719.0,6.5,4.3,7.19,35.86760873547917,30.93411999386899,33.57898426625756,2.033930923114155,0.0246484710107642,mouse655957far350,0.1231323132313232,0.2222322232223222,0.2073807380738073,1
mouse655957,far,353,0.0546483046878419,0.0479191331013411,0.0147575103231553,2.751419146779353,1.0372362311092622,0.5285578300169022,0.20330796334749401,0.1690788493576624,0.1701374993756252,598.0,611.0,592.0,5.98,6.11,5.92,34.81797372162283,32.053610950966075,34.43993059943471,2.0331625611347457,0.0186812794997191,mouse655957far353,0.18307830783078302,0.7730873087308732,0.5135913591359135,0
mouse655957,far,359,0.1521997538755366,0.0973954869930098,0.0359250452717972,0.5701936063044359,1.2497611379020048,5.766239143542646,0.3969545512378132,0.3587008489945816,0.2504413383111818,387.0,309.0,374.0,3.87,3.09,3.74,35.52775258097392,31.557829585459817,33.748654940613086,2.032701404535353,0.0272801392338805,mouse655957far359,0.2095409540954096,0.6885688568856887,0.4285328532853286,0
mouse655957,far,360,0.0385401288246679,0.0326644033177934,0.0307588748384631,2.8279127314032144,5.6741016735088925,3.9357160401067035,0.272611758585241,0.2766899897573032,0.2850839225526137,427.0,357.0,405.0,4.2700000000000005,3.5700000000000003,4.05,34.450805913157104,32.39259285761881,34.09964283563172,2.0325476624177847,0.0233582094556031,mouse655957far360,0.1698469846984698,0.8365436543654365,0.37101710171017105,0
mouse655957,far,366,0.0191291944925016,0.0421076228437987,0.0445444117404213,0.2565930663650324,5.065856024022559,1.7169405312890118,0.205211650517571,0.1916479490646537,0.1765850469610373,499.0,804.0,726.0,4.99,8.040000000000001,7.26,34.61125210096304,31.222747644716886,32.72219470211673,2.032701404535353,0.0379620745764317,mouse655957far366,0.1922592259225923,0.6151215121512154,0.3388838883888386,0
mouse655957,far,367,0.0593278673341488,0.0775739769323283,0.0355876379660685,1.6429683807315434,1.2455106648868906,1.566516728298447,0.2030449888936321,0.2133958954636146,0.1594380731276453,1436.0,1165.0,1539.0,14.36,11.65,15.39,34.61125210096304,31.222747644716886,32.72219470211673,2.032701404535353,0.0117399661069987,mouse655957far367,0.1401440144014402,0.2468046804680469,0.1852385238523852,1
mouse655957,far,362,0.0932642770959397,0.0672715066679679,0.0116987405347616,0.0713535800636124,2.4161297154056127,3.360926694704548,0.3216396245669888,0.3870024084514345,0.3472349248174064,183.0,85.0,172.0,1.83,0.85,1.72,34.726492787831695,33.348266316458066,33.526797150895554,2.053959590644373,0.0410921468030273,mouse655957far362,0.1714671467146715,0.6796579657965798,0.3035103510351035,0
mouse655957,far,369,0.0547364385694121,0.038811234248586,0.0313613573460481,1.2901429346140547,6.202319260716322,1.574258273686012,0.2286924029009964,0.128749082267579,0.1588317576362316,932.0,1331.0,899.0,9.32,13.31,8.99,34.726492787831695,33.348266316458066,33.526797150895554,2.053959590644373,0.0339176305195373,mouse655957far369,0.2254725472547255,0.6483348334833485,0.4784878487848786,0
mouse655957,far,675,0.1042084011811523,0.1381717049043602,0.1093099287077945,6.1304896790884005,2.4798277182837847,3.820032016164531,0.3920295828167904,0.4073003152890707,0.4394591257452313,146.0,93.0,112.0,1.46,0.93,1.12,34.10140572734015,32.25678456570035,32.958575575197905,2.054415975405176,0.0912132831218067,mouse655957far675,0.2211521152115212,0.8265526552655267,0.3882988298829882,0
mouse655957,far,372,0.0358218286852642,0.1144585768179794,0.1525011220509894,0.9250523914909472,5.572214848873063,2.022913275375484,0.3350944001478987,0.4480194601993509,0.4438780720175705,88.0,82.0,94.0,0.88,0.8200000000000001,0.9400000000000001,33.854510047728446,32.61604107970577,32.701043255847345,2.054415975405176,0.0643548940760207,mouse655957far372,0.2133213321332133,0.8017101710171018,0.4984698469846987,0
mouse655957,far,373,0.0264953298831674,0.0334659187345802,0.0137185567501077,5.450021086180652,4.602476137768118,5.206444732684389,0.2035218689723085,0.2051685181494948,0.2066592715862311,653.0,785.0,509.0,6.53,7.8500000000000005,5.09,34.12449350886477,31.675913140870236,32.46744704796401,2.0331625611347457,0.0086661441490237,mouse655957far373,0.1406840684068407,0.6672367236723674,0.3035103510351035,0
mouse655957,far,374,0.0119735783201103,0.0197774690906665,0.0244605782343266,5.0485853639510365,0.2319308214178263,0.2018027365758081,0.1054283874589518,0.1071288149524224,0.1038808739089505,2535.0,3403.0,2214.0,25.35,34.03,22.14,34.12449350886477,31.675913140870236,32.46744704796401,2.0331625611347457,0.0189277734337616,mouse655957far374,0.226012601260126,0.3491449144914492,0.2592259225922591,1
mouse655957,far,378,0.0192992101278821,0.0234613808319467,0.015798524562852,2.013315088757132,1.3574496816436277,1.1424115317872554,0.1103760943661927,0.1168294647065626,0.0900400419607812,2004.0,2584.0,2115.0,20.04,25.84,21.150000000000002,33.529183734969266,34.34810827404778,33.40005838986461,2.033930923114155,0.0183801075416169,mouse655957far378,0.2225022502250225,0.5975697569756976,0.4706570657065706,0
mouse655957,far,376,0.0434090378115636,0.0560177064028477,0.0215012141319392,5.584917463326561,5.31892346243774,0.4258275057582792,0.3572600779697097,0.3218490839766833,0.2711494176862109,241.0,177.0,203.0,2.41,1.77,2.0300000000000002,33.529183734969266,34.34810827404778,33.40005838986461,2.033930923114155,0.0128835885056096,mouse655957far376,0.1954995499549956,0.6156615661566157,0.3518451845184517,0
mouse655957,far,377,0.0555514176169308,0.1716030981452267,0.1157537833514987,3.7005963482751607,1.7317712777894838,3.5529776042801338,0.2295453928389195,0.4518438616995731,0.3583724837884164,244.0,85.0,206.0,2.44,0.85,2.06,33.529183734969266,34.34810827404778,33.40005838986461,2.033930923114155,0.020976288998798998,mouse655957far377,0.1617461746174617,0.6645364536453645,0.3731773177317733,0
mouse655957,far,385,0.0343442149583642,0.0699099559285748,0.0455939646916774,1.3612958531046038,1.3613232339214196,1.6572534392260776,0.1163972409009472,0.1681034494546159,0.1424737644906444,2590.0,2560.0,2420.0,25.900000000000002,25.6,24.2,33.424370622429855,34.73526481765886,32.863433891063394,2.0350061424968717,0.0081379881056457,mouse655957far385,0.1336633663366337,0.2562556255625562,0.2160216021602161,1
mouse655957,far,387,0.1318495428373579,0.2251398483275745,0.1146530880190924,0.2519255388832012,0.4081685534584174,1.5796282548943714,0.3648145328598902,0.535287225294086,0.34580535285893,119.0,70.0,167.0,1.19,0.7000000000000001,1.67,32.620029893952754,33.81068869588471,32.442855320889976,2.0350061424968717,0.0415759487430859,mouse655957far387,0.1498649864986498,0.8146714671467148,0.4077407740774076,0
mouse655957,far,388,0.0414500286717629,0.0103868407631544,0.0468420099798836,1.281135545454526,1.1587984908570907,2.60314714311494,0.2307172490119836,0.1580737090717596,0.2289266106216348,639.0,801.0,679.0,6.390000000000001,8.01,6.79,32.620029893952754,33.81068869588471,32.442855320889976,2.0350061424968717,0.020073185923257,mouse655957far388,0.1922592259225922,0.7493249324932494,0.7328532853285331,0
mouse655957,far,391,0.014362650712722998,0.0126399519286746,0.010336813307309999,3.463350467499269,2.7299099456104083,1.6278807736558016,0.1319412072295994,0.1180038818695205,0.157520117762286,1447.0,1920.0,1443.0,14.47,19.2,14.43,33.710440519185376,34.90431246665048,31.38946360575779,2.036387733217817,0.0191843830846519,mouse655957far391,0.1995499549954995,0.6237623762376239,0.3742574257425742,0
mouse655957,far,392,0.0430372069611549,0.0279785209093316,0.0101773251966811,2.7955198563360244,2.097565079697481,2.0102922799688496,0.1799702689771423,0.1162500162522181,0.1613640074427911,1425.0,1734.0,1684.0,14.25,17.34,16.84,33.710440519185376,34.90431246665048,31.38946360575779,2.036387733217817,0.0224064025125637,mouse655957far392,0.2227722772277228,0.5916291629162916,0.4088208820882087,0
mouse655957,far,394,0.0334876483342606,0.0463601340959432,0.1045302036027918,3.900762624236214,4.997225711492859,4.998019314345588,0.2541986089553278,0.2477989098678382,0.3153165535903915,396.0,389.0,434.0,3.96,3.89,4.34,33.710440519185376,34.90431246665048,31.38946360575779,2.036387733217817,0.0175131267072476,mouse655957far394,0.1938793879387939,0.6750675067506752,0.3594059405940594,0
mouse655957,far,396,0.074420345393791,0.068081167922158,0.0661429858691374,0.7067693330996238,6.180853769225086,3.227992046925378,0.3222583985894173,0.3787672382156167,0.3753261931719995,156.0,116.0,111.0,1.56,1.16,1.11,33.13181881715788,35.755945659106004,31.17352121260429,2.036387733217817,0.0168113552286265,mouse655957far396,0.1814581458145815,0.6040504050405042,0.3591359135913589,0
mouse655957,far,398,0.0513453941005731,0.0454719953894342,0.077243605524795,5.12001845704064,6.1223365829389325,0.5106267040520629,0.2508649468257648,0.3014669194393199,0.2700977735011081,371.0,422.0,310.0,3.71,4.22,3.1,32.46257139331557,35.33099062072819,31.627996390555506,2.038075072218882,0.0377562263586169,mouse655957far398,0.1782178217821782,0.7153015301530155,0.4293429342934293,0
mouse655957,far,399,0.0269999628854767,0.0825703425341467,0.0746223491069591,1.195783437805674,0.5951388518291552,1.3604984070793833,0.1739104520095629,0.2873364409943845,0.2449757617964269,598.0,496.0,589.0,5.98,4.96,5.89,32.46257139331557,35.33099062072819,31.627996390555506,2.038075072218882,0.0294995880542672,mouse655957far399,0.1919891989198919,0.5805580558055806,0.36291629162916295,0
mouse655957,far,401,0.022222218681772002,0.0248603835171166,0.0345908970118591,1.8354170635501703,1.1859413763417108,1.8538838580344583,0.0919464332321937,0.1053467376263518,0.1449892971856919,2409.0,2799.0,2327.0,24.09,27.990000000000002,23.27,32.84517680103974,38.258283704139686,31.535734682237248,2.038075072218882,0.0374212261937677,mouse655957far401,0.2246624662466246,0.6264626462646267,0.4425742574257424,0
mouse655957,far,406,0.0254843319803645,0.0655270274059338,0.0251975386383152,5.104264558518237,4.654860257362142,3.390389697629713,0.2569924769777581,0.3442633558057014,0.3293577828665687,354.0,252.0,213.0,3.54,2.52,2.13,33.458812287691345,39.141330249281005,31.24463832070151,2.053350919838107,0.0161812038811151,mouse655957far406,0.200900090009001,0.6143114311431144,0.3553555355535555,0
mouse655957,far,405,0.0374845875947581,0.0106133790639674,0.0228231537825384,2.340379191003158,3.1866769351469126,1.609494251248065,0.1302237466527469,0.1006894207842904,0.1435174160653871,2137.0,2627.0,2503.0,21.37,26.27,25.03,33.458812287691345,39.141330249281005,31.24463832070151,2.053350919838107,0.0288199196561289,mouse655957far405,0.2511251125112512,0.6275427542754277,0.4112511251125114,0
mouse655957,far,407,0.0300674362021465,0.0917258503094196,0.0786811681064194,5.5698900369614845,2.3649178639732646,4.558490397547613,0.3067888048414841,0.4781574968836001,0.3696165893702356,354.0,55.0,126.0,3.54,0.55,1.26,32.73767264845082,38.24112999857574,31.223870269614725,2.0556325060671714,0.0407259888973772,mouse655957far407,0.1925292529252925,0.6245724572457247,0.3604860486048605,0
mouse655957,far,412,0.0204617890714137,0.0113355845469213,0.011131687672789,1.2125677176765126,2.502834896326061,2.2553800093632046,0.1143090199494598,0.1243515876865163,0.1300799016990843,1620.0,1981.0,1618.0,16.2,19.81,16.18,33.24655796697368,40.97731914315607,30.13306263988844,2.0556325060671714,0.022199116095808998,mouse655957far412,0.24194419441944195,0.6437443744374439,0.3912691269126912,0
mouse655957,far,408,0.0358656473292178,0.1255068223826263,0.0330507365491555,4.937951662768999,1.2283242405611046,5.2167659819463985,0.3240792063287114,0.4016057094642488,0.3179700743629354,136.0,150.0,149.0,1.36,1.5,1.49,32.356812343315674,40.12376937665364,30.52858236228273,2.0556325060671714,0.0573576903489486,mouse655957far408,0.2122412241224122,0.6278127812781279,0.4385238523852387,0
mouse655957,far,411,0.0954557415184878,0.0889520605379198,0.052582150358272996,1.5123270982410901,0.7661337162497809,0.5456380083211158,0.2740652274780022,0.2213637737738175,0.1822080192373887,624.0,794.0,576.0,6.24,7.94,5.76,32.356812343315674,40.12376937665364,30.52858236228273,2.0556325060671714,0.0385444153375243,mouse655957far411,0.1871287128712871,0.7976597659765977,0.3726372637263725,0
mouse655957,far,421,0.0738712279508019,0.0581175604471003,0.08291032482006,4.103751996850253,4.754829016292193,4.444072875026927,0.4012882439945489,0.35381200859788997,0.3610687122626588,108.0,184.0,153.0,1.08,1.84,1.53,32.356812343315674,40.12376937665364,30.52858236228273,2.0556325060671714,0.0258652102481015,mouse655957far421,0.1830783078307831,0.6016201620162017,0.3442844284428443,0
mouse655957,far,416,0.0235498218361643,0.0197469035984626,0.0550220477511146,0.49568349288117,3.667325226361483,5.830375922273547,0.188281730049911,0.1806940444470275,0.2961483269303908,630.0,755.0,457.0,6.3,7.55,4.57,32.356812343315674,40.12376937665364,30.52858236228273,2.0556325060671714,0.0242497214923348,mouse655957far416,0.1590459045904591,0.8781278127812782,0.4082808280828086,0
mouse655957,far,418,0.0551269928040902,0.0452051022149704,0.0122118897417454,4.653809746358559,2.8152003404244517,5.266794609461601,0.3606822394395854,0.3557421165835325,0.2858116542818914,260.0,176.0,236.0,2.6,1.76,2.36,32.35451278626009,42.376411000622184,30.08877206877585,2.0582152462752776,0.0660324804798408,mouse655957far418,0.2168316831683168,0.6180918091809181,0.3774977497749777,0
mouse655957,far,419,0.0181803283909291,0.0500754632210518,0.0112188034242102,2.9403319579192413,3.103609113496283,4.863785298784186,0.1859065259979803,0.2113301771821276,0.2112011452227977,681.0,596.0,584.0,6.8100000000000005,5.96,5.84,32.35451278626009,42.376411000622184,30.08877206877585,2.0582152462752776,0.0366781303859909,mouse655957far419,0.1703870387038705,0.7806480648064807,0.4128712871287129,0
mouse655957,far,422,0.0970455346682906,0.1166299666942055,0.0692296819788713,6.048633201440568,5.730831239988523,6.165237559403148,0.3083063372944888,0.3746687417311538,0.3412652873047161,263.0,154.0,216.0,2.63,1.54,2.16,30.729377382938004,41.341130622339655,30.130959193797196,2.0582152462752776,0.0307669353488747,mouse655957far422,0.2125112511251126,0.6132313231323132,0.394779477947795,0
mouse655957,far,684,0.0106345037939191,0.0138587863939237,0.0450322744240571,2.4948937487008003,5.7718784208209195,4.773777583366791,0.1568783806284495,0.1572026955245879,0.2249792260521262,961.0,947.0,652.0,9.61,9.47,6.5200000000000005,30.729377382938004,41.341130622339655,30.130959193797196,2.0582152462752776,0.0186705201879268,mouse655957far684,0.2387038703870386,0.6062106210621063,0.3893789378937896,0
mouse655957,far,423,0.0164549854198124,0.0608447976419548,0.052834184840927,1.6266906475482887,3.841897604000815,0.7409907045674555,0.270320008352282,0.2983432158516731,0.2879825680489011,289.0,216.0,235.0,2.89,2.16,2.35,30.729377382938004,41.341130622339655,30.130959193797196,2.0582152462752776,0.0274303539094509,mouse655957far423,0.2373537353735374,0.632943294329433,0.3645364536453644,0
mouse655957,far,426,0.095174095272926,0.1238035763170414,0.0490625158416424,3.8449327439779264,0.151269271419501,4.488038304748521,0.3728853122413861,0.3956617219413414,0.29857976605921305,250.0,195.0,207.0,2.5,1.95,2.07,32.85600063715873,45.13651738388436,30.397121349444443,2.061098008344096,0.0578532985722845,mouse655957far426,0.1801080108010802,0.5802880288028803,0.2908190819081908,0
mouse655957,far,428,0.061098070838527994,0.0854225563915182,0.0504350292451928,4.452980367992623,6.150465027406818,5.362574429917443,0.2453696666918074,0.3098339194960111,0.2834481272060412,383.0,420.0,357.0,3.83,4.2,3.5700000000000003,32.85600063715873,45.13651738388436,30.397121349444443,2.061098008344096,0.0177871795985092,mouse655957far428,0.1547254725472547,0.5773177317731774,0.3129612961296131,0
mouse655957,far,430,0.0656768981542676,0.028432648041431,0.0378139726951499,4.928958179660455,2.9279864187341293,5.2458482449126365,0.3155489334338723,0.2777700202968433,0.3212322580807185,253.0,357.0,231.0,2.5300000000000002,3.5700000000000003,2.31,31.25563307065532,44.3495544100827,30.13142427248476,2.061098008344096,0.0183152449414502,mouse655957far430,0.1776777677767776,0.7134113411341134,0.3491449144914492,0
mouse655957,far,433,0.0805540423700823,0.0640693773792793,0.0552748228779315,2.9179225267005795,4.429835650017236,4.759176669056607,0.3109106144298788,0.3031805015257497,0.2370841629016332,195.0,308.0,361.0,1.95,3.08,3.61,32.31435445019832,46.114364765349045,29.538621429451407,2.0642795353343018,0.0131775757752773,mouse655957far433,0.1379837983798381,0.6102610261026103,0.2848784878487849,0
mouse655957,far,434,0.0171826176193352,0.0429975963150178,0.0540299267012013,1.8785938070486128,0.876494542419505,1.98989542397078,0.1682137190861762,0.1520588603645864,0.23701215480789697,1042.0,1211.0,941.0,10.42,12.11,9.41,32.095831869599714,44.22346855979581,28.454405979513467,2.0642795353343018,0.014042067458594,mouse655957far434,0.2405940594059405,0.6099909990999101,0.3799279927992801,0
mouse655957,far,688,0.0309799577482335,0.0561655856366544,0.0110554130593698,3.956802582144584,4.703471197593204,4.741211288435479,0.2414237727499385,0.2675316645696632,0.2143412345825584,447.0,443.0,437.0,4.47,4.43,4.37,32.095831869599714,44.22346855979581,28.454405979513467,2.0642795353343018,0.0213608959177207,mouse655957far688,0.2268226822682267,0.56003600360036,0.3531953195319532,0
mouse655957,far,689,0.0530194722259172,0.0264432412068838,0.0888702726987877,5.027232032337371,5.560775986062436,5.345382604974766,0.2332264803966303,0.2160829615208204,0.2467272074765104,468.0,545.0,419.0,4.68,5.45,4.19,32.095831869599714,44.22346855979581,28.454405979513467,2.0642795353343018,0.022847813742717,mouse655957far689,0.2341134113411341,0.6475247524752477,0.3610261026102611,0
mouse655957,far,437,0.047099758303083,0.0119684314273906,0.0359619081482825,3.3087768889763565,5.42963979172445,3.3119348490198144,0.1955756478424524,0.1834341677679457,0.1606338475956664,856.0,897.0,826.0,8.56,8.97,8.26,31.791035297250236,48.98478888157589,29.055311172663327,2.0642795353343018,0.0135587899149485,mouse655957far437,0.1895589558955895,0.4744374437443744,0.3216021602160217,0
mouse655957,far,447,0.0324630824250338,0.0318831037061866,0.0251950800188906,1.5182023841494026,5.116954735339586,2.85854742290908,0.1906360853485099,0.1824569400255359,0.2248304174330558,781.0,822.0,843.0,7.8100000000000005,8.22,8.43,31.791035297250236,48.98478888157589,29.055311172663327,2.0642795353343018,0.0216297567267319,mouse655957far447,0.3056705670567057,0.7026102610261028,0.4026102610261027,0
mouse655957,far,443,0.0377318939355212,0.0327482329391529,0.0193520990207862,4.188808917903846,4.5963481814935,3.4361962662993766,0.1885981666101771,0.1588057250669216,0.1458121410040474,1153.0,1188.0,992.0,11.53,11.88,9.92,31.00508973009116,47.66833788129776,28.194091875630843,2.050762053481584,0.0224973490026467,mouse655957far443,0.1968496849684968,0.5821782178217823,0.3305130513051306,0
mouse655957,far,441,0.0267955778996126,0.0567253867868705,0.0193759844729814,2.3296680414047315,4.746692931697861,4.0086543867461035,0.2072788777023478,0.2613345202814667,0.2504798318420087,499.0,634.0,435.0,4.99,6.34,4.3500000000000005,31.00508973009116,47.66833788129776,28.194091875630843,2.050762053481584,0.0323565580186191,mouse655957far441,0.2095409540954095,0.5486948694869488,0.4128712871287131,0
mouse655957,far,442,0.0324911946490204,0.0037454413041372,0.0132308456924898,1.8055837500887804,3.7484036292938514,0.5494149403234548,0.1497605593855431,0.1243119724842897,0.1207515359126347,1543.0,1630.0,1534.0,15.43,16.3,15.34,31.00508973009116,47.66833788129776,28.194091875630843,2.050762053481584,0.0312034415191578,mouse655957far442,0.1871287128712871,0.5694869486948696,0.3472547254725473,0
mouse655957,far,444,0.0264825295791553,0.0350182034501044,0.0692830827811628,2.805471608215924,1.4809161439821306,4.320100013551352,0.2132826014703041,0.3093263698382378,0.3068344747201913,361.0,381.0,305.0,3.61,3.81,3.0500000000000003,31.00508973009116,47.66833788129776,28.194091875630843,2.050762053481584,0.0510027324287511,mouse655957far444,0.2751575157515752,0.6974797479747976,0.3639963996399639,0
mouse655957,far,445,0.0506673527570274,0.0348983941907772,0.0685729299066014,4.458694127678579,4.740193117846777,4.4514212428678706,0.2589804143673987,0.2179609702457088,0.3237882765664515,552.0,668.0,560.0,5.5200000000000005,6.68,5.6000000000000005,31.00508973009116,47.66833788129776,28.194091875630843,2.050762053481584,0.0324410278264823,mouse655957far445,0.2427542754275428,0.7212421242124214,0.3237623762376237,0
mouse655957,far,438,0.0391523135087885,0.0242522961425089,0.0111940543167226,3.3945203901949306,1.5089989716359617,4.368266111498587,0.1350623651971841,0.1250493120113408,0.1000218964303156,2051.0,2268.0,1911.0,20.51,22.68,19.11,31.3993218088378,53.037959052374056,28.29953329830968,2.050762053481584,0.0131298728717874,mouse655957far438,0.2165616561656165,0.6297029702970298,0.4080108010801079,0
mouse655957,far,446,0.0363297422989106,0.0200284337160895,0.1052072192891802,3.0300995551454264,5.380092907295544,4.4209238919952085,0.3393741488601784,0.3257648695229537,0.4355068423223863,258.0,181.0,196.0,2.58,1.81,1.96,31.3993218088378,53.037959052374056,28.29953329830968,2.050762053481584,0.0228706573034866,mouse655957far446,0.1506750675067507,0.5832583258325833,0.3172817281728173,0
mouse655957,far,448,0.0124059727590913,0.0438390725398197,0.0246379963464478,4.500883849678913,4.242746844622825,5.995303986889566,0.220576028684055,0.2359558730046588,0.2136439304908991,483.0,637.0,608.0,4.83,6.37,6.08,31.3993218088378,53.037959052374056,28.29953329830968,2.050762053481584,0.0285918032749356,mouse655957far448,0.1358235823582358,0.7023402340234025,0.4574257425742573,0
mouse655957,far,455,0.0283148533114468,0.0315547268806766,0.0786821329425837,4.25188083754216,4.089229599135784,3.933767875505652,0.2374172495432814,0.2012156615522489,0.239311396593377,761.0,711.0,733.0,7.61,7.11,7.33,31.3993218088378,53.037959052374056,28.29953329830968,2.050762053481584,0.0167421709367392,mouse655957far455,0.1636363636363635,0.6718271827182719,0.3548154815481547,0
mouse655957,far,454,0.0264638827035657,0.0142357701515797,0.0178828557570396,4.8469347375936636,6.042878457315828,4.1700334806737365,0.2143713617284888,0.1340152416724507,0.1923478700528184,1051.0,1223.0,1131.0,10.51,12.23,11.31,29.80170799767001,51.2446788288644,28.723820000742002,2.054872258803452,0.0180147062876423,mouse655957far454,0.23006300630063,0.6126912691269126,0.3715571557155716,0
mouse655957,far,463,0.026393382623052002,0.0215494553191491,0.0234670253165,1.5386300525788632,4.706332126271621,0.9716286739348088,0.1594756147098046,0.15957850588335099,0.1553264686132331,1349.0,1576.0,1376.0,13.49,15.76,13.76,30.745211777963878,52.5669605483802,28.55330616686562,2.0727397328174133,0.0149926481834896,mouse655957far463,0.2154815481548155,0.5910891089108912,0.3718271827182718,0
mouse655957,far,694,0.058126378253888,0.0387732352225247,0.0790311867101861,4.933215915315072,3.6814474944661986,4.323462869683918,0.2368524474726757,0.3114226441623476,0.3490931674534839,308.0,274.0,203.0,3.08,2.74,2.0300000000000002,30.745211777963878,52.5669605483802,28.55330616686562,2.0727397328174133,0.021477065405388,mouse655957far694,0.1828082808280828,0.6351035103510353,0.3602160216021602,0
mouse655957,far,460,0.0079523044643112,0.0231596469275653,0.009937597604834,5.045422677781735,6.2588467109105395,5.502613769914165,0.0925623707687181,0.1115116717458424,0.1309375691226023,1988.0,2045.0,1472.0,19.88,20.45,14.72,30.64463192050464,56.99964356139945,27.713399523325464,2.0727397328174133,0.018778392305836004,mouse655957far460,0.1450045004500449,0.2886588658865886,0.1917191719171918,1
mouse655957,far,459,0.0230837604140758,0.0205754648130152,0.0273018740802054,4.195451390539149,4.178377000586218,4.689408645132724,0.1386361742161101,0.1132995036962561,0.1221782535408001,1523.0,1630.0,1554.0,15.23,16.3,15.540000000000001,30.64463192050464,56.99964356139945,27.713399523325464,2.0727397328174133,0.0211923160563264,mouse655957far459,0.2211521152115212,0.6450945094509452,0.3226822682268225,0
mouse655957,far,458,0.0332199699853496,0.0261941820094534,0.0028528915042704,3.106373993124516,1.018384399487831,5.521182104239774,0.1610373057561709,0.1304407035797612,0.1287785368897425,1589.0,1904.0,1529.0,15.89,19.04,15.290000000000001,29.5612615459298,54.73066474521447,28.039969464196073,2.0727397328174133,0.0205919084214088,mouse655957far458,0.2017101710171017,0.5154815481548156,0.3394239423942395,0
mouse655957,far,462,0.0616077026750079,0.0335882588278301,0.05201022030348,4.226909559735612,5.589104622372319,5.066405292456438,0.2026331030908573,0.245990451922733,0.2781518091161419,607.0,511.0,477.0,6.07,5.11,4.7700000000000005,30.714154442151532,56.72181605654213,27.73182758817825,2.0774082410542234,0.0161713641230675,mouse655957far462,0.2289828982898289,0.5716471647164718,0.3850585058505851,0
mouse655957,far,464,0.0218519984594899,0.040327027391392,0.0311630964003257,3.5999233384041167,4.98446410721716,1.4490233270267003,0.2378805765184839,0.2083701705837319,0.1841971147092031,596.0,769.0,704.0,5.96,7.69,7.04,30.714154442151532,56.72181605654213,27.73182758817825,2.0774082410542234,0.0110403038578808,mouse655957far464,0.1776777677767776,0.5616561656165616,0.3202520252025203,0
mouse655957,far,465,0.0194802555243711,0.0196952617956325,0.0293306437408827,6.192439140427097,1.802909834050923,3.3964301439517204,0.2141821806354046,0.1484371278805228,0.1649292090916994,1432.0,1233.0,1072.0,14.32,12.33,10.72,30.714154442151532,56.72181605654213,27.73182758817825,2.0774082410542234,0.021495693368167,mouse655957far465,0.1377137713771378,0.2362736273627363,0.1952295229522952,1
mouse655957,far,466,0.0743269247024554,0.0238693304042902,0.0807291871025741,5.260078402785315,4.933671181999483,5.4915262173851485,0.2573100385507196,0.2702698510051746,0.2302707218339336,288.0,231.0,303.0,2.88,2.31,3.0300000000000002,30.714154442151532,56.72181605654213,27.73182758817825,2.0774082410542234,0.0246042538347975,mouse655957far466,0.2154815481548155,0.6564356435643565,0.4371737173717375,0
mouse655957,far,467,0.0533825448428842,0.0067600787055873,0.010912290910451001,5.6202200095099775,4.887927670244618,1.5554532797941791,0.2608488178716289,0.2250559068924537,0.2050776004183291,480.0,562.0,513.0,4.8,5.62,5.13,30.714154442151532,56.72181605654213,27.73182758817825,2.0774082410542234,0.0167396437071832,mouse655957far467,0.2044104410441044,0.6045904590459048,0.3715571557155716,0
mouse655957,far,469,0.0420531247653405,0.0457345023720404,0.1192817170950349,1.3665729343154236,4.07462411704409,2.711073660962645,0.3420319517115676,0.4201524459476256,0.4231483748888315,157.0,200.0,95.0,1.57,2.0,0.9500000000000001,30.781869531330837,60.650863859766105,27.494627562556172,2.08236644229588,0.0283183723652855,mouse655957far469,0.1479747974797479,0.4493249324932493,0.4647164716471648,0
mouse655957,far,472,0.0262771636919665,0.0180533527200773,0.0210044417984182,4.094707279283116,0.0755438965389198,3.28733765795508,0.1449680068370963,0.1572670749065541,0.1427471591876895,1533.0,1568.0,1360.0,15.33,15.68,13.6,30.82563108215305,59.304212639945604,27.71653202908504,2.08236644229588,0.0122433205198596,mouse655957far472,0.2395139513951396,0.5797479747974799,0.3626462646264627,0
mouse655957,far,473,0.0859127441901907,0.05382520385939401,0.0382261960864306,2.8526043331257953,1.850561697333847,1.1992160036435582,0.3325842709161331,0.3385838839296868,0.2855199389601866,195.0,346.0,325.0,1.95,3.46,3.25,30.82563108215305,59.304212639945604,27.71653202908504,2.08236644229588,0.0194669406534154,mouse655957far473,0.1798379837983799,0.7320432043204322,0.4547254725472546,0
mouse655957,far,474,0.0333572486445272,0.0567841944851538,0.0494377140508034,3.611063836312418,4.700817881711392,4.267569425234127,0.2434215350196839,0.2783771912539699,0.2640540712569093,530.0,561.0,522.0,5.3,5.61,5.22,31.51611628087705,60.48259697647221,27.6630154341044,2.0876122724299164,0.0135789817790042,mouse655957far474,0.2527452745274529,0.6561656165616564,0.4163816381638164,0
mouse655957,far,476,0.0178705606579795,0.0331451272988077,0.0085665386906444,1.016157091924643,5.082571204422277,5.3198472996048025,0.17781189098593,0.2199038071626071,0.2140721841329233,1107.0,1017.0,855.0,11.07,10.17,8.55,31.51611628087705,60.48259697647221,27.6630154341044,2.0876122724299164,0.0129627848752785,mouse655957far476,0.1930693069306931,0.5851485148514852,0.3486048604860488,0
mouse655957,far,478,0.0738169262915211,0.057267931053128,0.0448433978552675,4.714162754112388,3.3994759557998013,3.096621385296944,0.3875712066813989,0.2549190405627314,0.2503743052051029,108.0,394.0,329.0,1.08,3.94,3.29,30.81477869809964,65.09621091237562,27.488847395634888,2.0673050089428027,0.0426804266199493,mouse655957far478,0.1450045004500451,0.6232223222322234,0.6718271827182719,0
mouse655957,far,495,0.012967248249695001,0.0246403626640912,0.0155019445265682,5.343880801472318,2.156177959036984,4.817636605433418,0.1017001576055958,0.0971924561770965,0.1027779565657937,2580.0,2605.0,2344.0,25.8,26.05,23.44,30.74833813853678,76.47542917134732,28.47702656700964,2.111575241377868,0.0288666915352744,mouse655957far495,0.1752475247524753,0.3494149414941494,0.2643564356435643,1
mouse655957,far,348,0.1218324434374269,0.2082095550394564,0.1928531019968727,3.636635092230992,4.266922475977522,0.0800490563251544,0.5183288512390287,0.4433859831435829,0.5294781704948797,67.0,96.0,62.0,0.67,0.96,0.62,36.19288592221264,30.730593037176238,33.707671078384045,2.0208290377961218,0.0174486620192704,mouse655957far348,0.1539153915391539,0.6456345634563457,0.2738073807380738,0
mouse655957,far,755,0.0889216254235171,0.19972844193231698,0.1207970655100816,1.7718689360502533,1.2347939948860238,1.1676701126069613,0.3766186271144103,0.4367280301342002,0.4004326474110208,141.0,128.0,103.0,1.41,1.28,1.03,35.86760873547917,30.93411999386899,33.57898426625756,2.033930923114155,0.0711175558435943,mouse655957far755,0.2303330333033303,0.6756075607560758,0.3696669666966697,0
mouse655957,far,395,0.1277574408616025,0.0758093354843442,0.0695578504882534,0.2313745203910598,1.4040254571101536,1.5588456775641362,0.4545257777846208,0.3759061605844789,0.4290719981200476,87.0,80.0,125.0,0.87,0.8,1.25,33.424370622429855,34.73526481765886,32.863433891063394,2.0350061424968717,0.0590673259190655,mouse655957far395,0.2149414941494148,0.6726372637263728,0.38883888388838894,0
mouse655957,far,680,0.0640079044551004,0.1799290962561429,0.0790072348079269,3.825939824480341,2.543091375746415,5.203546718672905,0.4114685942872075,0.4585156655993048,0.3236620897576615,77.0,60.0,135.0,0.77,0.6,1.35,33.13181881715788,35.755945659106004,31.17352121260429,2.036387733217817,0.0533966784750205,mouse655957far680,0.1844284428442844,0.7336633663366338,0.4863186318631863,0
mouse655957,far,424,0.2379206923650797,0.0610321227935672,0.1561685821617025,5.542149750001405,1.5817305682198701,4.277847158560446,0.4658513507891834,0.3913140339395369,0.5633993250352728,71.0,88.0,62.0,0.71,0.88,0.62,31.25563307065532,44.3495544100827,30.13142427248476,2.061098008344096,0.0440522387611488,mouse655957far424,0.1830783078307831,0.7668766876687672,0.3966696669666968,0
mouse655957,far,457,0.1230588127782807,0.1677097035778712,0.1055252192704775,4.572196489252102,5.921090525397989,0.4969110204553111,0.4340974034471119,0.3642723720927128,0.3805269744441599,122.0,158.0,165.0,1.22,1.58,1.6500000000000001,30.745211777963878,52.5669605483802,28.55330616686562,2.0727397328174133,0.0609085481250347,mouse655957far457,0.1838883888388839,0.7722772277227724,0.3359135913591361,0
mouse655957,far,456,0.0349209878234298,0.0803163208232748,0.1254039435209739,3.9724020026871374,0.6034737706521937,4.723366445378984,0.4727179921786679,0.4568518299277489,0.4331859398860557,78.0,65.0,89.0,0.78,0.65,0.89,30.745211777963878,52.5669605483802,28.55330616686562,2.0727397328174133,0.0845338578295161,mouse655957far456,0.2913591359135914,0.7161116111611163,0.3731773177317733,0
mouse655957,far,309,0.0257166205176154,0.0225899600826337,0.0489497113993312,5.662793851566911,1.98137575523352,0.6903869878148696,0.2228378506730111,0.2165812677457899,0.2358268916916683,472.0,621.0,437.0,4.72,6.21,4.37,41.54343281972427,38.77628741421564,39.49127233692643,2.0837166314064883,0.0829397586853355,mouse655957far309,0.3021602160216022,0.8692169216921692,0.0164716471647166,0
mouse657902,far,24,0.0115227586328361,0.008391421595415999,0.0111973426551939,3.649618974350491,3.2595569891832916,3.8466305689811837,0.1002799103620813,0.0683789125022385,0.0763841405974761,3595.0,4344.0,3555.0,35.95,43.44,35.550000000000004,53.4737177530415,65.50377291634587,58.94476278711998,2.532414855429497,0.0140345301849044,mouse657902far24,0.06804680468046799,0.1609360936093609,0.0807380738073807,1
mouse657902,far,22,0.0637506006984712,0.0219841795600626,0.0527838636805928,3.092898178064805,1.317154887112107,0.9611286528481447,0.4230168645918907,0.1947211270186139,0.2653463579675169,94.0,682.0,406.0,0.9400000000000001,6.82,4.0600000000000005,53.4737177530415,65.50377291634587,58.94476278711998,2.532414855429497,0.0692118470094777,mouse657902far22,0.1803780378037804,0.6923492349234924,0.3105310531053106,0
mouse657902,far,23,0.1113227845246442,0.0216417916052822,0.0316266501785523,0.1189758929824378,0.7805982147939602,0.6990450983441109,0.3718746139629157,0.1291715358095688,0.1196844044587154,380.0,1324.0,1082.0,3.8000000000000003,13.24,10.82,52.849188226143475,69.26162109970291,58.145652272286355,2.532414855429497,0.0853490223475732,mouse657902far23,0.1892889288928894,0.6534653465346535,0.2900090009000902,0
mouse657902,far,25,0.0843588159293364,0.0148002490123153,0.0215993665076682,1.3933379812753872,1.4696513789085124,1.2198099458176963,0.2679278260889059,0.1670396230854624,0.2108063799987394,568.0,986.0,1020.0,5.68,9.86,10.200000000000001,52.849188226143475,69.26162109970291,58.145652272286355,2.532414855429497,0.017230468571938,mouse657902far25,0.1288028802880287,0.2503150315031504,0.22790279027902802,1
mouse657902,far,27,0.0175880588668962,0.0387714999553607,0.0345524636998978,2.5021374209067337,1.0844620959706217,0.8208357932991575,0.1592343292591434,0.1837520662436137,0.2884520131956571,782.0,700.0,494.0,7.82,7.0,4.94,51.89386231841361,74.2942971568055,57.02292461057465,2.5122201336666343,0.0361034563861028,mouse657902far27,0.3437443744374437,0.6326732673267327,0.3542754275427543,0
mouse657902,far,31,0.0113941948556125,0.0048698944828513,0.0138783026854277,0.1169471962548166,1.5536353398864438,3.3474390352619685,0.1976475139014223,0.1368838117386355,0.1636743014965296,958.0,966.0,928.0,9.58,9.66,9.28,52.89570223422392,76.92377754676144,58.172353963070364,2.5113492389550287,0.0111789326970461,mouse657902far31,0.1765976597659766,0.5921692169216923,0.297029702970297,0
mouse657902,far,34,0.0039618499212792,0.0127787435785073,0.0192710577068625,3.724714361404687,3.8798488556970345,3.176605502441012,0.0992493263160112,0.1350808520937372,0.1350748000058555,1596.0,1245.0,1424.0,15.96,12.450000000000001,14.24,51.49932072720564,85.94758565436855,56.710448363630235,2.5107269863527577,0.0193225934364672,mouse657902far34,0.2011701170117011,0.6720972097209722,0.3675067506750674,0
mouse657902,far,35,0.1289018724065793,0.0371691274398108,0.0670327024088246,0.7481523156873359,0.7668594962232702,0.9363554573978772,0.3208206508753976,0.2654205193613208,0.3241287393254035,203.0,243.0,277.0,2.0300000000000002,2.43,2.77,51.93438118028185,84.21091542108722,57.33946259873903,2.510353560755935,0.0293805374129105,mouse657902far35,0.1968496849684968,0.6750675067506752,0.3126912691269125,0
mouse657902,far,239,0.0353224404260451,0.0826490467019182,0.0858631415885053,4.5323701169753345,2.91463307629025,5.362299471232555,0.2854856984394026,0.2953747132958136,0.33302963856691803,280.0,183.0,244.0,2.8000000000000003,1.83,2.44,51.93438118028185,84.21091542108722,57.33946259873903,2.510353560755935,0.0500461411962396,mouse657902far239,0.1760576057605761,0.6159315931593159,0.3121512151215122,0
mouse657902,far,250,0.0395907029608366,0.020036456538591,0.0383707393090336,4.515754345625815,4.857239792696792,5.321447947505672,0.19215240490684196,0.1593407377984746,0.1529404070050283,1447.0,906.0,937.0,14.47,9.06,9.370000000000001,51.93438118028185,84.21091542108722,57.33946259873903,2.510353560755935,0.0438576480987615,mouse657902far250,0.1976597659765977,0.6191719171917193,0.2505850585058506,0
mouse657902,far,191,0.058288526475296004,0.0131372175883207,0.0696644158767543,1.554778764962135,1.7972499799001251,3.3866211164615487,0.2459265952630766,0.16654441587393398,0.2385944051349534,605.0,700.0,619.0,6.05,7.0,6.19,50.78261174248936,90.20055131118751,55.96138968929271,2.510353560755935,0.0180900024739653,mouse657902far191,0.1601260126012601,0.6224122412241224,0.3024302430243026,0
mouse657902,far,38,0.0609415644197498,0.0610497951163615,0.1555244218806151,0.8097496334610036,3.3517104635309907,0.7809620722909184,0.3564587775544384,0.341219356369072,0.4143700690954446,142.0,271.0,158.0,1.42,2.71,1.58,51.327308324641216,89.07672175287459,56.46727195735043,2.492614089665707,0.07379110697610401,mouse657902far38,0.2203420342034203,0.8808280828082808,0.37290729072907297,0
mouse657902,far,39,0.0101916557829877,0.051784904047181994,0.0168008361038762,2.0019849701722587,2.3870087996321727,5.579105352199204,0.1467884316445026,0.2326125367013295,0.1239568840496337,1150.0,871.0,933.0,11.5,8.71,9.33,51.595965555873725,92.67808550745244,56.83758882261545,2.492739456902787,0.0268740036346917,mouse657902far39,0.17200720072007197,0.5937893789378939,0.2767776777677768,0
mouse657902,far,41,0.034753619376897,0.0153106381118528,0.0392702658724285,1.4991041278883015,4.659529706762378,0.7228967177847933,0.1413222410650517,0.1186631593614736,0.152698692820795,1747.0,1724.0,1534.0,17.47,17.240000000000002,15.34,50.688258401160496,99.294463998211,55.54566547544577,2.492739456902787,0.0498949050297261,mouse657902far41,0.1639063906390639,0.5873087308730875,0.295139513951395,0
mouse657902,far,192,0.0402996259336151,0.0234711785857222,0.0307545004724021,1.1590086526480623,1.7743581137612359,0.9560310596594304,0.1710221542016151,0.1095779123614567,0.1245816822050694,2261.0,2321.0,2575.0,22.61,23.21,25.75,50.688258401160496,99.294463998211,55.54566547544577,2.492739456902787,0.0150239285422358,mouse657902far192,0.1517551755175518,0.2891989198919892,0.2346534653465346,1
mouse657902,far,43,0.0235417842529435,0.0147384142992604,0.0225082425498551,1.7604020406745147,2.03045218728821,0.7299975729614995,0.1411170282093997,0.0893184510813762,0.1047445184351543,2605.0,3589.0,3156.0,26.05,35.89,31.560000000000002,51.09096980766405,98.20404750530045,55.78406505563244,2.492739456902787,0.0190375198940185,mouse657902far43,0.1371737173717372,0.253015301530153,0.2397839783978398,1
mouse657902,far,193,0.0833945822211835,0.0226728388415335,0.0605227054360985,3.2416708464837023,4.3103288710140415,0.26017943219092804,0.4067401202769093,0.2008170502934814,0.2612463376696754,88.0,813.0,343.0,0.88,8.13,3.43,51.343207613310135,102.87341205301807,55.973513210645855,2.4931155207892,0.0785043867135304,mouse657902far193,0.1738973897389739,0.5905490549054907,0.2554455445544554,0
mouse657902,far,47,0.0304088934966484,0.0119012295049445,0.0315545590916424,2.279686292366978,1.3188828728407658,1.5687830608975148,0.1054276344106532,0.0745056844980781,0.1120338780771091,3566.0,4667.0,4324.0,35.660000000000004,46.67,43.24,51.183634375872046,106.87369031656708,55.32884615732032,2.4937421679075005,0.0255429128411471,mouse657902far47,0.1747074707470747,0.2592259225922593,0.2411341134113411,1
mouse657902,far,240,0.0487798430292501,0.0219311966535281,0.0528049165352188,1.792699876978077,5.383238379813439,3.7251237068596232,0.3780470598826679,0.2394919075232065,0.299431026703333,116.0,291.0,191.0,1.16,2.91,1.9100000000000001,50.304080298752915,112.30049009065908,54.29437657842961,2.494619209418544,0.0433840723459912,mouse657902far240,0.2341134113411341,0.8233123312331234,0.5206120612061208,0
mouse657902,far,56,0.0466132767670611,0.0161455080464477,0.0113370328154444,2.4899648509711843,0.8313143295652209,0.6956902183934937,0.3786234631846649,0.2157751262128595,0.212890568327845,243.0,549.0,351.0,2.43,5.49,3.5100000000000002,50.22074002070603,116.03153006623764,53.75743524951775,2.478280654001883,0.0324057556794846,mouse657902far56,0.2095409540954096,0.7495949594959498,0.4914491449144916,0
mouse657902,far,49,0.0551976290932445,0.1074834361133765,0.0713178244650075,2.7925283454412613,1.174826267061796,2.0834103963366593,0.3180470725951302,0.284120720378386,0.2966655540116354,184.0,372.0,233.0,1.84,3.72,2.33,50.22074002070603,116.03153006623764,53.75743524951775,2.478280654001883,0.0238592832920864,mouse657902far49,0.1822682268226823,0.8052205220522054,0.4117911791179117,0
mouse657902,far,53,0.0142579780337825,0.0224980470826148,0.0161518769017726,6.2288182868765585,4.9092384771622335,0.9207698993641809,0.1404202631091295,0.1733651911464028,0.1971356737785121,993.0,946.0,886.0,9.93,9.46,8.86,50.22074002070603,116.03153006623764,53.75743524951775,2.478280654001883,0.0161814760267549,mouse657902far53,0.1401440144014402,0.7036903690369039,0.3899189918991897,0
mouse657902,far,55,0.0459749202823434,0.0721428228307049,0.017573668887268003,2.7923647700028713,1.7028802639408471,1.2064541090156709,0.2950600704188887,0.311535400069899,0.4113692399037315,182.0,212.0,102.0,1.82,2.12,1.02,51.006656216710155,116.30592972073453,55.130727908424674,2.478280654001883,0.0441124333640932,mouse657902far55,0.1709270927092708,0.6972097209720973,0.295949594959496,0
mouse657902,far,57,0.0868894383688714,0.0517626549963482,0.086248210105139,0.2063600402057538,1.4022365629707123,5.847531724516193,0.3897875958284816,0.2731467320521941,0.3235335723804087,123.0,377.0,215.0,1.23,3.77,2.15,50.13914802428978,121.77272727348594,54.38095816849649,2.478280654001883,0.0585463964112031,mouse657902far57,0.1644464446444644,0.7236723672367238,0.3507650765076507,0
mouse657902,far,59,0.0688289129412133,0.1457245864945578,0.0742180192530781,4.9651951770982174,3.6897222816057385,5.634211845347017,0.3377958818192104,0.440459858252925,0.2777821142925782,108.0,113.0,185.0,1.08,1.1300000000000001,1.85,50.70051077204301,121.58729522479784,55.18599095916797,2.4796673163954885,0.0344841895978151,mouse657902far59,0.1617461746174617,0.6189018901890191,0.2513951395139515,0
mouse657902,far,197,0.1031422363268546,0.0878544599758104,0.0974161956911111,3.9646406792953446,0.4349985414557997,5.3844218094893606,0.5115180312578302,0.4224961536157309,0.3708724660627521,66.0,83.0,130.0,0.66,0.8300000000000001,1.3,50.70051077204301,121.58729522479784,55.18599095916797,2.4796673163954885,0.0512025280178606,mouse657902far197,0.1687668766876688,0.6048604860486051,0.2724572457245724,0
mouse657902,far,60,0.0804276038996365,0.027049611746953,0.0154805869493049,5.44182295954818,0.8214498711123217,0.8432334318703868,0.2660124693195241,0.2077307555984319,0.1657907623562386,592.0,742.0,871.0,5.92,7.42,8.71,49.934334818552465,126.9974725344957,54.144890887676624,2.4796673163954885,0.0331289175110288,mouse657902far60,0.2022502250225023,0.7161116111611162,0.3224122412241225,0
mouse657902,far,62,0.0472058262093867,0.0305549529404854,0.0329030373488748,0.8909250662908456,1.5296096326594009,1.3204086056746611,0.1132683780657935,0.0913310594161227,0.0921490886735798,4991.0,6301.0,5733.0,49.910000000000004,63.01,57.33,50.677521045995704,127.79869791321177,55.01216550053825,2.4992498874662377,0.0203710379826774,mouse657902far62,0.1371737173717372,0.2360036003600359,0.2214221422142215,1
mouse657902,far,63,0.0729100416242173,0.0580947645494611,0.0775966501920653,4.262184680025558,0.6306918548337108,5.760005978691812,0.3096309615804578,0.2324758701866813,0.3630663717112045,143.0,340.0,268.0,1.43,3.4,2.68,50.482735377094315,132.63247314528365,54.92054392743497,2.4992498874662377,0.0324327641956861,mouse657902far63,0.1757875787578757,0.594869486948695,0.2927092709270926,0
mouse657902,far,69,0.0157132857661012,0.0191142991673311,0.0178489597114506,1.1208286184735814,0.0989328427957547,6.051925601162322,0.1839107285199264,0.12123955048118401,0.1724170460261346,431.0,1358.0,987.0,4.3100000000000005,13.58,9.870000000000001,49.81353726192646,137.334924743749,54.15009482304062,2.5011247469888422,0.0624424706489292,mouse657902far69,0.2373537353735374,0.5530153015301531,0.40990099009901004,0
mouse657902,far,68,0.0472123178715636,0.0067177655939721,0.0201346279404052,1.4244735881704795,4.827972928898019,5.144431013730487,0.28706567826942403,0.15940617497914902,0.18009385838667397,264.0,815.0,507.0,2.64,8.15,5.07,49.81353726192646,137.334924743749,54.15009482304062,2.5011247469888422,0.0587439374992827,mouse657902far68,0.1639063906390639,0.8373537353735375,0.4868586858685869,0
mouse657902,far,72,0.0437218228812783,0.0124967437724647,0.0131477522618387,0.7292554828988221,1.618358905066874,6.129945673196343,0.0985065944374342,0.0859109888072843,0.1191202886008858,2158.0,2956.0,2843.0,21.580000000000002,29.560000000000002,28.43,49.835350231570885,141.96818614081982,54.57954911653674,2.5032478902417954,0.0183690150526525,mouse657902far72,0.1547254725472547,0.2910891089108911,0.3051305130513052,1
mouse657902,far,73,0.0492945855397247,0.0363374410451774,0.0071146951200377,1.5334167318320382,0.3005278198238972,6.065034275500568,0.31950291124953,0.1533116897347539,0.2083373045600045,441.0,796.0,536.0,4.41,7.96,5.36,49.64151178108351,148.70632218467753,54.413932960011465,2.488473427625861,0.0375927732507396,mouse657902far73,0.2071107110711071,0.7420342034203421,0.4393339333933393,0
mouse657902,far,76,0.0613860504581282,0.0544558434938267,0.0710696804255127,3.4245511107757896,1.303899523420697,1.3757643117277794,0.3491698773740405,0.4004626473977085,0.3474991642216262,201.0,123.0,175.0,2.0100000000000002,1.23,1.75,50.0747646948905,148.7828366374037,54.669124423228816,2.488473427625861,0.0622479855624234,mouse657902far76,0.1917191719171918,0.6823582358235826,0.445004500450045,0
mouse657902,far,81,0.0614026696224698,0.0048841672993262,0.0380763532063327,3.9431496739366514,2.178079616548759,2.165912533007268,0.2497066156867214,0.1217094425607687,0.1589751171107028,370.0,1531.0,877.0,3.7,15.31,8.77,49.61390684011725,161.74335166899226,54.29506369257235,2.493992782667985,0.0747556496917362,mouse657902far81,0.1914491449144915,0.8657065706570658,0.3920792079207923,0
mouse657902,far,79,0.0216591291587683,0.0269216842229326,0.0372120104525206,0.7478283651016263,1.866652014279758,1.5928424321785553,0.1645244468134601,0.1590206709880806,0.2097574982315295,917.0,1200.0,892.0,9.17,12.0,8.92,49.61390684011725,161.74335166899226,54.29506369257235,2.493992782667985,0.0353904317180827,mouse657902far79,0.1331233123312332,0.2503150315031504,0.2192619261926192,1
mouse657902,far,82,0.0148955331617691,0.0262289120305139,0.0354213180287824,5.511550931529556,1.6205921393034017,5.97316764383851,0.1299367785682297,0.1155702330877613,0.1513894098277061,1574.0,2022.0,1500.0,15.74,20.22,15.0,49.65677287635695,161.18600445862256,54.75071081851595,2.493992782667985,0.0351315385423601,mouse657902far82,0.2214221422142215,0.6396939693969398,0.3837083708370835,0
mouse657902,far,45,0.041163270024472,0.0156339092743106,0.0452122117145175,0.7154307887332491,3.2180381686647834,1.4782282042114043,0.2605427981347808,0.2761261519959183,0.3652369864266128,203.0,198.0,132.0,2.0300000000000002,1.98,1.32,51.343207613310135,102.87341205301807,55.973513210645855,2.4931155207892,0.0367720407219115,mouse657902far45,0.2252025202520252,0.7452745274527454,0.2813681368136816,0
mouse657904,far,245,0.1617350765715487,0.0601558540884013,0.0299374931118307,2.0384639203149315,4.007313822438482,4.3568855325993185,0.4620097390046964,0.20301954888720103,0.3525747901043756,59.0,450.0,182.0,0.59,4.5,1.82,30.710500644825128,56.529231090468045,32.74247415506539,2.6100766272276377,0.0513899904960213,mouse657904far245,0.2211521152115211,0.5848784878487849,0.3920792079207923,0
mouse657904,far,376,0.1057772566790377,0.0500458401130609,0.1589124967716325,1.4620993380811995,4.275010952762528,1.3417042988878791,0.3220860691326789,0.3228935956755964,0.4369280277387409,131.0,187.0,99.0,1.31,1.87,0.99,28.541015555695942,46.34467368037689,31.88921652103773,2.577547283756401,0.0936195245409166,mouse657904far376,0.1774077407740774,0.6186318631863187,0.429072907290729,0
mouse657904,far,260,0.056074994381627004,0.0301846823025033,0.0233129614140559,1.9100643548639835,3.1965921158251747,0.3426439145887265,0.2944035532580195,0.2193576806987891,0.151388883074313,427.0,692.0,508.0,4.2700000000000005,6.92,5.08,28.461858266062517,42.864067553998815,32.729307602256476,2.5579532833888896,0.0318461364710506,mouse657904far260,0.2732673267326733,0.6099909990999101,0.34887488748874895,0
