mouse,probe_position,unitID,VL_pre,VL_stimOn,VL_post,angle_pre_ch15,angle_stimOn_ch15,angle_post_ch15,MMR_Pre,MMR_stimOn,MMR_Post,Nspikes_pre,Nspikes_StimOn,Nspikes_post,Fspikes_pre,Fspikes_StimOn,Fspikes_post,inst_amp_pre_peak_ch,inst_amp_StimOn_peak_ch,inst_amp_post_peak_ch,distance_peakch_stim_tip,error_waveform,universal_ID,waveform_halfwidth,waveform_duration,waveform_REP,cluster
mouse598180,close,260,0.0726464174991337,0.0360948390733852,0.0290157116667946,0.8081189417933203,4.2030859286755895,1.976333224223048,0.2811317337349121,0.2965509221886428,0.2379284028597447,338.0,566.0,396.0,3.38,5.66,3.96,6.710835385952332,57.256771866404094,6.1140671250384235,1.024084957413202,0.0718093973535825,mouse598180close260,0.2000900090009001,0.7655265526552656,0.3429342934293432,0
mouse598180,close,263,0.0667296104089147,0.0505470111126006,0.0237430771415472,4.594108785394593,4.277888030258044,4.325375250357328,0.2495749928385471,0.1727082361735532,0.2288074380781138,524.0,871.0,649.0,5.24,8.71,6.49,6.274476880656532,56.91446147258544,5.6451232631448445,1.024084957413202,0.060047890106029005,mouse598180close263,0.2335733573357336,0.661836183618362,0.3315931593159317,0
mouse598180,close,269,0.0961563007979201,0.0244207370717622,0.0580784451562131,1.7606793660328302,4.868490024890085,2.4133350889875316,0.4636278284789124,0.2889518003427859,0.3496160040759796,57.0,333.0,180.0,0.5700000000000001,3.33,1.8,6.175053306715465,57.75470733938469,5.623519154491455,1.0059199769365357,0.0624726176710912,mouse598180close269,0.2063006300630063,0.7676867686768677,0.4612061206120615,0
mouse598180,close,273,0.1381845785012467,0.111893728759784,0.0746406331300456,5.460160338063494,3.9010818244983176,3.0872955680949863,0.4451058750277599,0.4699771106361281,0.4295386879560577,80.0,114.0,88.0,0.8,1.1400000000000001,0.88,6.393271194631943,57.307069335178525,5.7523721702981785,0.9880536422684753,0.09236148214647301,mouse598180close273,0.1714671467146714,0.6604860486048606,0.3081008100810082,0
mouse598180,close,276,0.0318359847026871,0.0269469097939361,0.0141361711797655,5.319756672298513,4.62820275545838,3.5264543483456516,0.1602184261633494,0.1314079260496183,0.1145659440645393,1684.0,1880.0,2405.0,16.84,18.8,24.05,6.380422149241693,58.26857713579385,5.738674759502606,0.9705024471890836,0.0360834719542738,mouse598180close276,0.19603960396039602,0.420972097209721,0.3502250225022503,0
mouse598180,close,277,0.1063249581884551,0.1637817836886811,0.0530981528862592,4.6462668915822025,1.7816373065550382,1.7338455183243582,0.4576522499132747,0.4123138110607458,0.4337615089717543,70.0,208.0,75.0,0.7000000000000001,2.08,0.75,6.380422149241693,58.26857713579385,5.738674759502606,0.9705024471890836,0.0305255859043478,mouse598180close277,0.1628262826282629,0.5627362736273629,0.3575157515751574,0
mouse598180,close,278,0.0383439331370471,0.0287093435521153,0.0267928422908435,1.4873148635439402,2.7413259097190927,4.4378547114382,0.2476610543116716,0.2125679748021226,0.197640085382367,557.0,578.0,666.0,5.57,5.78,6.66,6.855999405060783,58.34120064196998,6.239746466248679,0.9705024471890836,0.0281617933972808,mouse598180close278,0.1973897389738974,0.7177317731773177,0.3380738073807382,0
mouse598180,close,280,0.1001141724957278,0.0413506532648193,0.0551365640215072,2.4251006439078377,2.8913419605298647,3.5693654141812843,0.4468224236996891,0.3262017808301796,0.3320150400899043,73.0,121.0,183.0,0.73,1.21,1.83,6.684907062885249,58.622159143079976,5.921730976013175,0.9490126448051154,0.0242414048445724,mouse598180close280,0.1574257425742574,0.5162916291629163,0.2684068406840685,1
mouse598180,close,283,0.0969998655395749,0.039335724984736004,0.0665873481784294,3.604725441840832,5.641826618837932,0.1433661593330195,0.3768433709945471,0.1823431868055961,0.3123544045844399,253.0,546.0,169.0,2.5300000000000002,5.46,1.69,6.715050976820263,59.653218890898856,5.9209693606225295,0.9490126448051154,0.0355823257726958,mouse598180close283,0.2381638163816382,0.4493249324932494,0.288928892889289,0
mouse598180,close,284,0.0563963213484021,0.0626984899457827,0.0555861139924368,5.396368623750097,3.3368154351047217,4.6576648082921155,0.3547986316699495,0.4012420125916076,0.3576249190238723,144.0,131.0,181.0,1.44,1.31,1.81,6.715050976820263,59.653218890898856,5.9209693606225295,0.9490126448051154,0.0196957113016658,mouse598180close284,0.1795679567956796,0.6467146714671469,0.3718271827182716,0
mouse598180,close,287,0.0205129499445398,0.0516089361479921,0.0306851826163802,2.0243214176663717,4.2830671554253135,3.9304100281847454,0.2073112508365793,0.2838369748939028,0.2245193420311581,749.0,525.0,568.0,7.49,5.25,5.68,6.9438889303407825,59.3369620483581,6.146834078173788,0.9320675941153624,0.0658645611669083,mouse598180close287,0.2387038703870386,0.7242124212421244,0.2573357335733574,0
mouse598180,close,291,0.0235911883049389,0.0132174359190696,0.0233668343443809,4.622758878789393,1.5988259836066665,4.227608162459711,0.1201724764779465,0.0889823097558513,0.1220266002198244,2751.0,3965.0,2377.0,27.51,39.65,23.77,6.774150080881301,59.65344776506652,6.026509067637546,0.9154916711800278,0.0224507553697286,mouse598180close291,0.1369036903690369,0.2373537353735373,0.223852385238524,1
mouse598180,close,294,0.0179692765893421,0.1133154940292686,0.0221865579536032,5.1721025089245005,5.8468785125044285,3.076809811058725,0.190134370078477,0.2926177986397719,0.1991543826564504,856.0,309.0,764.0,8.56,3.09,7.640000000000001,7.292577179605075,60.11405451909368,6.5686793508565495,0.9154916711800278,0.0556531889072384,mouse598180close294,0.2000900090009001,0.7271827182718272,0.2711071107110711,0
mouse598180,close,295,0.0470406428843242,0.0275892962498372,0.0413675073939369,4.5891112778788266,5.197315667759129,4.480410251744423,0.1650444316261946,0.1261963547689162,0.1554058551486976,1787.0,2146.0,1756.0,17.87,21.46,17.56,7.292577179605075,60.11405451909368,6.5686793508565495,0.9154916711800278,0.0205743638886595,mouse598180close295,0.1347434743474347,0.2686768676867688,0.2192619261926192,1
mouse598180,close,293,0.0865150906328007,0.1265611200646949,0.17546943109742,3.1585549926116823,0.6863101548455015,0.2244313906281436,0.4235608994939603,0.5548756297406965,0.5626523242599575,80.0,59.0,36.0,0.8,0.59,0.36,7.292577179605075,60.11405451909368,6.5686793508565495,0.9154916711800278,0.0393624739218158,mouse598180close293,0.2111611161116112,0.5557155715571558,0.5154815481548157,0
mouse598180,close,296,0.0598296740846505,0.0381830577551972,0.0812595603140353,0.8907735972652489,1.7308542471367727,2.425636506497835,0.2843085615110421,0.2924477810855085,0.3278199632930211,308.0,529.0,211.0,3.08,5.29,2.11,7.003844052110223,59.16214988478694,6.304864583062037,0.8806957476904268,0.0445069333527002,mouse598180close296,0.1849684968496849,0.5516651665166518,0.3361836183618361,0
mouse598180,close,297,0.0284306727284378,0.018082928548,0.0338241583717465,4.074802243582527,4.677769134877549,4.537451377882423,0.1579949180526186,0.1671162986669462,0.1463814513298893,1394.0,2170.0,1703.0,13.94,21.7,17.03,7.432656357464963,60.51224113239069,6.743924479853231,0.8806957476904268,0.0191722861756006,mouse598180close297,0.1163816381638164,0.2044104410441044,0.1898289828982898,1
mouse598180,close,304,0.0508273226984708,0.0386400804662096,0.0458126926686299,4.789592195982461,4.83096441083454,2.275266927393281,0.2555128455602495,0.2340662802839915,0.2164157345094037,492.0,608.0,873.0,4.92,6.08,8.73,7.357673210004859,62.08157254827886,6.773368756489317,0.8645808232895291,0.0194198415492662,mouse598180close304,0.1871287128712871,0.6426642664266428,0.2794779477947795,0
mouse598180,close,626,0.056718598670836,0.0567065325469745,0.0323172382499539,4.444459491762529,6.256776832198723,0.4894268297161476,0.2231757536471171,0.2081556092646369,0.2109966077463193,751.0,478.0,490.0,7.51,4.78,4.9,7.654628396039982,61.441436198553035,7.005187698157111,0.8488963423174823,0.090941517322104,mouse598180close626,0.2948694869486949,0.7090909090909092,0.4706570657065706,0
mouse598180,close,307,0.057785842691275,0.0927117454257962,0.07607068722508399,4.514823134853714,2.162332366329744,3.4505537475977994,0.3777564479140917,0.2628915021269838,0.3294879046585058,112.0,409.0,151.0,1.12,4.09,1.51,7.350284497657513,62.7397545746208,6.551800197550543,0.8488963423174823,0.0841048623301094,mouse598180close307,0.1684968496849684,0.601890189018902,0.3018901890189018,0
mouse598180,close,311,0.0392405750934175,0.0298094585429317,0.0566570442209653,3.3650811865967705,0.0208590464479424,3.7633382324982763,0.2616756994691712,0.2219090501156749,0.325972114602273,361.0,1081.0,234.0,3.61,10.81,2.34,7.740858255524457,62.121253456442325,6.959737364688598,0.8336666000266533,0.0675045191350135,mouse598180close311,0.1841584158415842,0.8052205220522053,0.5624662466246625,0
mouse598180,close,312,0.0375045725763021,0.0109907165779385,0.0341294596771955,5.351917848671785,1.5467155838823583,5.30300659040575,0.1622485195900192,0.1399103567430233,0.1462405029860178,1503.0,1686.0,1773.0,15.030000000000001,16.86,17.73,8.183086779397557,61.582016965514775,7.3701928897132545,0.8295330011518529,0.0122005575622475,mouse598180close312,0.1374437443744374,0.2287128712871287,0.1973897389738975,1
mouse598180,close,315,0.0442547055949814,0.0642578570101086,0.0635862203747281,3.80531297436818,4.916764802200138,4.623365761921741,0.2579043886691399,0.2526554728432375,0.2557022477508686,355.0,751.0,417.0,3.5500000000000003,7.51,4.17,7.8991257001606625,63.06009699106797,7.058363449266057,0.8147085368400163,0.0500168131488339,mouse598180close315,0.0772277227722771,0.1574257425742574,0.0969396939693969,1
mouse598180,close,738,0.0481209733153616,0.0431905274367757,0.076820467764494,0.143704727040293,5.992361980837044,4.433889231577114,0.3344933944223481,0.3181320028549542,0.2744264290239275,208.0,293.0,326.0,2.08,2.93,3.2600000000000002,7.8991257001606625,63.06009699106797,7.058363449266057,0.8147085368400163,0.0555566023380312,mouse598180close738,0.1887488748874888,0.6000000000000001,0.31998199819982,0
mouse598180,close,317,0.0266858979500939,0.0514946915328356,0.0294426299026493,2.7099675386262865,6.072481066241705,0.2560330878261564,0.2330392895815483,0.1822305435989059,0.2350740796469647,466.0,1053.0,445.0,4.66,10.53,4.45,7.8991257001606625,63.06009699106797,7.058363449266057,0.8147085368400163,0.0554202356070997,mouse598180close317,0.19900990099009902,0.3685868586858687,0.2473447344734474,1
mouse598180,close,316,0.0331788132807964,0.0364376672718235,0.0424428184808828,2.8552583022609688,5.879171305451053,0.1729945316615211,0.1763242794566489,0.1329882044857325,0.1907557316513965,1337.0,1367.0,1253.0,13.370000000000001,13.67,12.530000000000001,7.8991257001606625,63.06009699106797,7.058363449266057,0.8147085368400163,0.0252644212707665,mouse598180close316,0.1655265526552656,0.5913591359135915,0.3693969396939696,0
mouse598180,close,322,0.066770482405029,0.0731559876782981,0.0723311605172485,3.9549792774084165,5.195912768826738,1.7103347105062985,0.3485261366563126,0.4214364301439047,0.3399906318008339,206.0,136.0,158.0,2.06,1.36,1.58,8.400868871373298,61.27558165695206,7.626359371179948,0.8003905296791061,0.0246720650324668,mouse598180close322,0.1328532853285329,0.7390639063906392,0.3162016201620162,0
mouse598180,close,323,0.0335491709972363,0.0124843148838164,0.042455618816388,5.872829450855432,5.910162196174232,6.0382760118227985,0.2067988109770517,0.1209374732294012,0.1877883204932544,737.0,1279.0,728.0,7.37,12.790000000000001,7.28,8.1667284000472,63.409612513704516,7.343006409282894,0.8003905296791061,0.0778724612844949,mouse598180close323,0.3243024302430243,0.6189018901890191,0.3305130513051307,0
mouse598180,close,324,0.032929225130117,0.0517847509969467,0.0478905018336368,4.429682433470356,1.636508952054067,0.9204149058635156,0.2341554421769325,0.3061763867265843,0.2746904722183625,378.0,434.0,401.0,3.7800000000000002,4.34,4.01,8.1667284000472,63.409612513704516,7.343006409282894,0.8003905296791061,0.0419347512106946,mouse598180close324,0.1979297929792979,0.648874887488749,0.396129612961296,0
mouse598180,close,327,0.061843297861052006,0.0726090191355459,0.0334633584515714,1.8383165921565767,0.6665372574986094,2.8353107835430897,0.3776449188330106,0.2511712641399596,0.3350842308669191,120.0,525.0,161.0,1.2,5.25,1.61,8.969354987301646,62.27415197983029,8.224372179198843,0.7866066361276137,0.0788312368611847,mouse598180close327,0.187128712871287,0.582988298829883,0.3837083708370837,0
mouse598180,close,632,0.0574914086381639,0.0278193056750647,0.0292136384431641,4.910358003903867,4.23972293663366,5.733201410273996,0.2395786724308851,0.1854078213386327,0.209504652568425,716.0,1018.0,687.0,7.16,10.18,6.87,8.969354987301646,62.27415197983029,8.224372179198843,0.7866066361276137,0.0163050588837864,mouse598180close632,0.2540954095409541,0.5970297029702971,0.3880288028802879,0
mouse598180,close,329,0.047227492887757,0.0518363411697002,0.0600887802357835,6.070256573771792,4.079600447231822,5.697277513625803,0.2337670220600614,0.2237425176767907,0.2626498727745586,458.0,702.0,339.0,4.58,7.0200000000000005,3.39,8.551098118435101,61.63049981310938,7.7965702897103,0.7866066361276137,0.0507314187220714,mouse598180close329,0.1536453645364537,0.6602160216021603,0.3882988298829882,0
mouse598180,close,336,0.0512734101758445,0.0685120547971207,0.0351270926888054,4.070882510131319,1.5459998238890567,2.808738651348765,0.3437711449223582,0.3692380443595277,0.2899142928936843,189.0,249.0,245.0,1.8900000000000001,2.49,2.45,8.784067997443294,61.17684207294603,7.991050475433153,0.760756202735147,0.0455802723422665,mouse598180close336,0.1774077407740774,0.6413141314131414,0.38505850585058504,0
mouse598180,close,337,0.045235650876201,0.002440138505981,0.0430345234873042,4.3575353665067516,3.9119881309954594,4.021349875863416,0.1910513002319417,0.1333641106242401,0.1921053909866896,1103.0,1346.0,1527.0,11.03,13.46,15.27,8.784067997443294,61.17684207294603,7.991050475433153,0.760756202735147,0.0180814189822879,mouse598180close337,0.1393339333933393,0.2141314131413141,0.2044104410441044,1
mouse598180,close,340,0.1326175064810692,0.0751712763684717,0.1441606542933101,3.2927005842267114,3.5959619420603017,4.754016706897511,0.4079290066998427,0.3404209570128568,0.43898318471192405,105.0,200.0,119.0,1.05,2.0,1.19,9.211791211968896,59.75918945215953,8.33133446989369,0.760756202735147,0.0438563967358988,mouse598180close340,0.1617461746174617,0.5773177317731775,0.334023402340234,0
mouse598180,close,343,0.0182098070198563,0.0196948117601662,0.0225549328850295,5.1563499754834785,2.402354931856574,4.286767461479238,0.17097673223478102,0.1345046037891778,0.159762171572921,1011.0,1350.0,1270.0,10.11,13.5,12.700000000000001,8.90082298879965,61.90928520470163,8.039219740877629,0.760756202735147,0.0393212325365105,mouse598180close343,0.1755175517551755,0.2762376237623762,0.2316831683168316,1
mouse598180,close,351,0.057729289868249,0.0768782709116717,0.0402623469297831,1.1385826295001342,2.7751012972890967,3.56900494032606,0.3495472406817893,0.3660342636855256,0.3243891185281028,139.0,153.0,205.0,1.3900000000000001,1.53,2.05,9.70530057582854,59.27958000141138,8.675629389731903,0.7487489565935969,0.0486166523507914,mouse598180close351,0.1306930693069308,0.7744374437443746,0.4528352835283528,0
mouse598180,close,355,0.0602866810795721,0.0356574288947821,0.074105419815842,4.333933770817136,4.9068109794520804,3.825996248804557,0.2325217096030667,0.1561306966561135,0.2783390277855019,704.0,1306.0,458.0,7.04,13.06,4.58,9.573598326757017,58.68525163414959,8.317162118011732,0.7335700375560605,0.0668010274412689,mouse598180close355,0.1846984698469846,0.6118811881188121,0.4163816381638164,0
mouse598180,close,642,0.0617119172884021,0.0160773751696515,0.0416080940418021,3.927367278654908,3.9129584884795268,4.750858484227536,0.2149062070858832,0.2275301183480903,0.2261393372019992,810.0,677.0,667.0,8.1,6.7700000000000005,6.67,9.453372291399699,56.46552105322481,8.615890929501829,0.7335700375560605,0.0114677508988204,mouse598180close642,0.1517551755175518,0.5765076507650765,0.4298829882988301,0
mouse598180,close,358,0.2681809254011655,0.1606597402686286,0.043802658512737,2.9301264659010924,3.861294376790492,2.308746615040296,0.5197483217892453,0.4942018921912323,0.3925936862905053,57.0,56.0,75.0,0.5700000000000001,0.56,0.75,9.453372291399699,56.46552105322481,8.615890929501829,0.7335700375560605,0.07066167943781501,mouse598180close358,0.1522952295229522,0.7015301530153017,0.3364536453645362,0
mouse598180,close,357,0.0645312658087906,0.0102296791503326,0.0568875534021213,4.4254440791835306,3.1642130519927503,4.457218293113548,0.1691140273116797,0.0964081696212035,0.1665557943888495,2071.0,1711.0,1814.0,20.71,17.11,18.14,9.453372291399699,56.46552105322481,8.615890929501829,0.7335700375560605,0.0302854964490157,mouse598180close357,0.2419441944194419,0.6016201620162017,0.4180018001800179,0
mouse598180,close,365,0.0522239791838411,0.0364436892059799,0.0814323204050563,3.7070487643188437,3.6465248234970566,4.537521855513432,0.2449623432020543,0.1320161576514699,0.2783392887829851,645.0,1594.0,590.0,6.45,15.94,5.9,9.33014157893476,55.4713505871076,8.288784145407298,0.7228416147400479,0.08570920101963,mouse598180close365,0.2457245724572457,0.6283528352835285,0.4987398739873986,0
mouse598180,close,363,0.035772599326415,0.0433030566398767,0.0286354803500788,3.999764877450312,4.925419638241394,5.102500332841177,0.26053463217115197,0.3042691567813603,0.2502125687571448,296.0,337.0,341.0,2.96,3.37,3.41,9.33014157893476,55.4713505871076,8.288784145407298,0.7228416147400479,0.0252253109045362,mouse598180close363,0.1512151215121512,0.6237623762376239,0.344824482448245,0
mouse598180,close,362,0.0552004371544973,0.0191493952937281,0.1166703400804239,4.8467300471787285,4.353153781712304,4.3302396258239595,0.30548555821636497,0.1753137324542205,0.351063358948844,273.0,1156.0,247.0,2.73,11.56,2.47,9.33014157893476,55.4713505871076,8.288784145407298,0.7228416147400479,0.088329126493899,mouse598180close362,0.1722772277227723,0.7514851485148515,0.5133213321332136,0
mouse598180,close,364,0.1131436440557885,0.0864621002786185,0.0927680956358011,3.464192179305511,0.2774904029293465,0.1393316807791429,0.45442811594596105,0.4982430511930259,0.38514211424855704,87.0,73.0,121.0,0.87,0.73,1.21,9.33014157893476,55.4713505871076,8.288784145407298,0.7228416147400479,0.0757455534829383,mouse598180close364,0.1695769576957696,0.6097209720972098,0.4034203420342034,0
mouse598180,close,643,0.0791691709578379,0.0294994009178223,0.0769927088001278,3.586489842732907,3.0771778887747607,3.8350500477773686,0.3928542432073287,0.3168753711808241,0.4192916836420723,132.0,90.0,107.0,1.32,0.9,1.07,9.078680095851967,52.713880888435895,8.184730437606957,0.7128288714691626,0.0526052143149558,mouse598180close643,0.2071107110711071,0.6664266426642667,0.4458145814581457,0
mouse598180,close,368,0.0521839957854537,0.0300068166184068,0.0246972300066184,3.0974342906539363,6.030844733524639,3.1608525614561125,0.2033108657437372,0.1724275314432168,0.1977752384199225,781.0,1067.0,697.0,7.8100000000000005,10.67,6.97,9.069897560267343,48.885729439028175,8.073694304025741,0.7035623639735145,0.0577533255005944,mouse598180close368,0.21197119711971202,1.0458145814581459,0.4674167416741674,0
mouse598180,close,648,0.0751596284894363,0.0341868791341411,0.0422731011157987,3.998906714179435,1.0976878796051772,4.472027807245514,0.3679461046018237,0.2821641594493648,0.3186103414685735,187.0,280.0,232.0,1.87,2.8000000000000003,2.32,8.887807820271016,48.1810682853304,7.97667244809558,0.7267220926874317,0.0296379482117519,mouse598180close648,0.2894689468946894,0.6491449144914492,0.4614761476147618,0
mouse598180,close,375,0.0385873203578746,0.0371411570232877,0.0398414471932033,4.7824723303136665,3.300855586559839,5.073117503907537,0.2208353241710507,0.2090948082088733,0.2252901406655107,620.0,1108.0,554.0,6.2,11.08,5.54,8.836627627939754,43.3433863110689,8.027616556860869,0.7185053931599957,0.0416203941202655,mouse598180close375,0.1450045004500449,0.3194419441944195,0.3226822682268226,1
mouse598180,close,376,0.0647306446498254,0.0607465485198443,0.0956548544177237,3.241860574460814,5.103016308233369,2.854581777634924,0.256880007140514,0.2490732656172722,0.2599813609575849,394.0,687.0,531.0,3.94,6.87,5.3100000000000005,8.908273471015814,44.85242673860405,8.117362150980616,0.7185053931599957,0.0202897446546844,mouse598180close376,0.1803780378037803,0.7666066606660668,0.4074707470747077,0
mouse598180,close,380,0.0238597972593657,0.0450564204158274,0.0280260710412375,5.605733385411416,3.5666128926054497,1.6314388585610975,0.1863874810740022,0.1697044388380946,0.1712008834150709,1096.0,891.0,1112.0,10.96,8.91,11.120000000000001,8.908273471015814,44.85242673860405,8.117362150980616,0.7185053931599957,0.0230708091391883,mouse598180close380,0.2616561656165617,0.5235823582358236,1.3385238523852387,0
mouse598180,close,386,0.0754142317567775,0.0707244361236634,0.0305130656543753,4.289795134886415,3.1015065437988723,4.1284836318242535,0.2344135756778861,0.2060077597859594,0.1850868127911925,960.0,1365.0,771.0,9.6,13.65,7.71,8.845702776279314,39.65435624580395,8.016077577641196,0.7079901129253149,0.0400608912998447,mouse598180close386,0.2079207920792078,0.6715571557155717,0.3799279927992799,0
mouse598180,close,387,0.0691303359609333,0.0747939306329908,0.0904504669068231,1.786132050584366,3.2162507218765564,3.9122821710210265,0.4037719202497167,0.29999830608461997,0.4890909283928693,87.0,178.0,65.0,0.87,1.78,0.65,9.280186763294328,36.01537862425742,8.521936960941433,0.7079901129253149,0.0220911469063739,mouse598180close387,0.1495949594959496,0.7441944194419444,0.3226822682268225,0
mouse598180,close,650,0.0761081826504274,0.0912091629418,0.0600103921024372,3.72353095623254,2.287788099863311,2.0877766416017884,0.2813064398269194,0.4182336016450007,0.4418812356134645,279.0,72.0,86.0,2.79,0.72,0.86,9.280186763294328,36.01537862425742,8.521936960941433,0.7079901129253149,0.0674297013179937,mouse598180close650,0.21494149414941502,0.8260126012601261,0.3936993699369938,0
mouse598180,close,391,0.0755389402038877,0.0328934546261384,0.0693936199660151,1.8418645812954424,5.785269698274631,2.779418852310648,0.2870536520901476,0.2825974806453374,0.3313834459873733,269.0,244.0,265.0,2.69,2.44,2.65,8.958381789587044,37.56384592399197,8.111766994840014,0.7013380069552769,0.0182029126390795,mouse598180close391,0.1474347434743474,0.7169216921692171,0.3407740774077407,0
mouse598180,close,392,0.0849157471997279,0.0146824573337812,0.0592841465503855,4.176726183260989,5.402640259590807,3.140294546302964,0.2737602502281963,0.158235262999288,0.2562488146784927,479.0,1119.0,349.0,4.79,11.19,3.49,9.944093172429998,34.83189400160059,8.829848444529503,0.7013380069552769,0.0380727452631185,mouse598180close392,0.1566156615661567,0.5829882988298831,0.3780378037803783,0
mouse598180,close,388,0.0430726506945391,0.0352870583258745,0.0244129034644265,3.301205877732162,4.769458693032688,6.106960556494642,0.2318475138529806,0.315712622856709,0.20600427493672305,573.0,508.0,560.0,5.73,5.08,5.6000000000000005,9.944093172429998,34.83189400160059,8.829848444529503,0.7013380069552769,0.0382692905931657,mouse598180close388,0.2087308730873087,0.6027002700270029,0.4082808280828084,0
mouse598180,close,400,0.0550927944443579,0.0199723717757867,0.0382650190175961,4.247108765108873,4.152352588364865,4.827746181290343,0.1665818826719548,0.1510410867551698,0.2041630959874719,1284.0,1443.0,754.0,12.84,14.43,7.54,9.944093172429998,34.83189400160059,8.829848444529503,0.7013380069552769,0.0253837151706101,mouse598180close400,0.2265526552655266,0.6091809180918093,0.3745274527452746,0
mouse598180,close,394,0.0677269884973415,0.1034597844377546,0.0258525904596303,3.8691111315735482,6.090901536685144,4.2713899556939845,0.2599913341303436,0.3686998752800317,0.2246158190880652,438.0,115.0,500.0,4.38,1.1500000000000001,5.0,9.55968414437958,31.39381526377979,8.690024872871382,0.7013380069552769,0.020940365563536,mouse598180close394,0.1811881188118812,0.5284428442844284,0.3264626462646265,0
mouse598180,close,395,0.088404607803015,0.0241337960826354,0.0519127369479007,3.7888502392389225,4.977541108995228,2.2233961198825822,0.3963452671280876,0.19897989970882698,0.33585381807146997,127.0,407.0,189.0,1.27,4.07,1.8900000000000001,9.55968414437958,31.39381526377979,8.690024872871382,0.7013380069552769,0.0692483082677765,mouse598180close395,0.2527452745274527,0.6097209720972099,0.4252925292529254,0
mouse598180,close,396,0.0958871805190771,0.10133336627176599,0.0660661385071842,4.287529223708405,0.5569372083021537,4.5314036878492265,0.3236467154684208,0.3128479052257591,0.29818181378693104,237.0,177.0,285.0,2.37,1.77,2.85,9.864820450368024,26.944325818697454,8.98652985747977,0.6955213871621778,0.0149519833256638,mouse598180close396,0.1587758775877588,0.5640864086408642,0.3297029702970298,0
mouse598180,close,397,0.049258249452810994,0.0438859485990301,0.0366315223175179,4.703286682436231,4.871402403492492,4.285036012192285,0.2751446143542708,0.2373686288808577,0.260499591456599,360.0,936.0,446.0,3.6,9.36,4.46,9.864820450368024,26.944325818697454,8.98652985747977,0.6955213871621778,0.047054612708866,mouse598180close397,0.2387038703870387,0.5851485148514852,0.3920792079207921,0
mouse598180,close,399,0.0274034684620667,0.0161653730708107,0.0566319163567456,3.7282336749267135,4.280588730966163,4.109234860001676,0.1383331253564896,0.14385033778019798,0.1676608061645597,1594.0,1696.0,1455.0,15.94,16.96,14.55,10.536666574636827,27.89771472754859,9.703204640380877,0.6955213871621778,0.0293458527054597,mouse598180close399,0.1566156615661565,0.6361836183618363,0.3224122412241222,0
mouse598180,close,401,0.0990290195591676,0.1503397443317218,0.0428608809118139,3.8388597040317034,5.054002529552762,4.963328612225193,0.3464396923837762,0.3544723839575215,0.3411469671765867,189.0,166.0,180.0,1.8900000000000001,1.6600000000000001,1.8,9.780972965466427,23.97113181049476,8.816900076528544,0.6661456297237115,0.0382298287774725,mouse598180close401,0.1709270927092709,0.6000000000000001,0.3405040504050405,0
mouse598180,close,404,0.0274944776651607,0.0540137782596459,0.0872290327230722,4.7371912844512165,3.0903711243518,4.261313398495363,0.2008089244446678,0.17686516150113699,0.2804290707556271,662.0,1007.0,515.0,6.62,10.07,5.15,9.702892155722703,17.200740725973667,8.937253475644793,0.6661456297237115,0.0142647362669476,mouse598180close404,0.2044104410441044,0.5430243024302431,0.3693969396939693,0
mouse598180,close,408,0.1378900058169843,0.0697055447161232,0.1248005768497529,3.763388515090128,2.3295399210878416,3.6496695940365416,0.430326099587026,0.4007274456051398,0.4589943177040798,111.0,124.0,74.0,1.11,1.24,0.74,10.052527732840122,17.436977527942773,9.479683137985408,0.6619101147436863,0.0368560648902043,mouse598180close408,0.1814581458145815,0.601080108010801,0.3801980198019804,0
mouse598180,close,405,0.1059381915820817,0.0487994658636932,0.033210817309018995,4.502587644650373,3.990952955695081,4.486523523948613,0.2803823468126604,0.1807682117486508,0.1787482979029307,678.0,1023.0,750.0,6.78,10.23,7.5,10.052527732840122,17.436977527942773,9.479683137985408,0.6619101147436863,0.0209415903855809,mouse598180close405,0.1863186318631864,0.564896489648965,0.3766876687668767,0
mouse598180,close,406,0.0779261524130906,0.0255062313702722,0.0857449113179304,4.128283354073542,2.3022485148341154,4.2145311768775775,0.2219744028740761,0.2156927296807342,0.2500133886193169,780.0,706.0,616.0,7.8,7.0600000000000005,6.16,10.052527732840122,17.436977527942773,9.479683137985408,0.6619101147436863,0.0141357958226872,mouse598180close406,0.1863186318631864,0.6113411341134113,0.3796579657965798,0
mouse598180,close,407,0.1209232021635284,0.0707517378009236,0.0709103702011588,4.754206742360965,4.144755245636786,4.055039387282426,0.3395101450992744,0.2507819003470197,0.2757821676424103,251.0,735.0,406.0,2.5100000000000002,7.3500000000000005,4.0600000000000005,10.052527732840122,17.436977527942773,9.479683137985408,0.6619101147436863,0.0300645863537846,mouse598180close407,0.1587758775877588,0.4671467146714673,0.3108010801080108,1
mouse598180,close,410,0.1296297763391085,0.0289368205975927,0.0546658502663183,4.565589485519166,1.2442853925792132,4.3510804758500266,0.4915595569918538,0.3643345872724036,0.3618548205734903,76.0,99.0,121.0,0.76,0.99,1.21,10.052527732840122,17.436977527942773,9.479683137985408,0.6619101147436863,0.0298229780379977,mouse598180close410,0.1479747974797479,0.5684068406840684,0.3650765076507651,0
mouse598180,close,411,0.066129710754912,0.0278937499857986,0.0565579998871828,4.090995326903345,6.136620032150718,3.8788660767727055,0.2293878011231948,0.1232038198546112,0.2119903130224463,810.0,1410.0,712.0,8.1,14.1,7.12,9.257608622077829,13.501785476307676,8.225316526157679,0.6619101147436863,0.0268114442672648,mouse598180close411,0.17308730873087302,0.6105310531053106,0.3531953195319534,0
mouse598180,close,414,0.0474848888269115,0.0751855255221757,0.1238569762702497,4.4463962173206735,4.410148215078431,4.214010092673019,0.2427401709264185,0.2987884279815732,0.3344839073284724,436.0,344.0,352.0,4.36,3.44,3.52,9.643932308190587,12.377728928659177,8.942428286990856,0.6585969936159746,0.021213784129868,mouse598180close414,0.1652565256525652,0.5619261926192621,0.3213321332133214,0
mouse598180,close,415,0.059216309997678,0.1210621364030033,0.0910428108385183,2.3713893653899185,5.3165223881711485,2.7456471422552204,0.3708071094481024,0.3206000703748016,0.3747821689511278,134.0,203.0,150.0,1.34,2.0300000000000002,1.5,8.972018858771039,10.557813675786711,8.036620168598969,0.6585969936159746,0.0209495379011964,mouse598180close415,0.1301530153015301,0.7428442844284429,0.3172817281728174,0
mouse598180,close,419,0.06320070444407,0.0688828423864951,0.1010272949094725,3.214085700758152,3.825361764959034,3.918971277751918,0.3768363379520565,0.3693545301042465,0.346579301611524,113.0,113.0,220.0,1.1300000000000001,1.1300000000000001,2.2,9.24529005624378,10.813551801174919,8.258966673587256,0.6585969936159746,0.0370736269759474,mouse598180close419,0.200900090009001,0.5867686768676871,0.3753375337533752,0
mouse598180,close,652,0.0622200919940748,0.0185099997928528,0.0316449226760271,1.4162962399731684,4.301117464259649,1.1288102533110282,0.2636753593984537,0.2182379762671416,0.2086891385021387,505.0,576.0,510.0,5.05,5.76,5.1000000000000005,9.24529005624378,10.813551801174919,8.258966673587256,0.6585969936159746,0.0429522754677704,mouse598180close652,0.1285328532853284,0.7112511251125114,0.264896489648965,0
mouse598180,close,418,0.1087021455787175,0.102200498495369,0.0580654997910599,1.6303868234692418,2.1835782356232567,3.095231026195885,0.4678301809699283,0.4740623502593377,0.3924818484168604,73.0,72.0,127.0,0.73,0.72,1.27,9.24529005624378,10.813551801174919,8.258966673587256,0.6585969936159746,0.0558958374515893,mouse598180close418,0.1574257425742574,0.7312331233123314,0.3804680468046802,0
mouse598180,close,417,0.1396260361784103,0.0050802452658853,0.0546824041973352,5.0021937120617945,4.112714508896383,4.714214001960691,0.30432226803532003,0.2570560395890082,0.2849748971083121,500.0,724.0,331.0,5.0,7.24,3.31,9.24529005624378,10.813551801174919,8.258966673587256,0.6585969936159746,0.0372372534303749,mouse598180close417,0.16795679567956798,0.5343834383438345,0.2883888388838884,0
mouse598180,close,416,0.0502336525981555,0.06010857688450799,0.0699539734490384,3.896078468958189,0.26477371197723704,5.976995287183257,0.3806620923306975,0.4687676024548894,0.3703461790289678,103.0,130.0,137.0,1.03,1.3,1.37,8.302566039499606,11.605153471578847,7.331609524020017,0.6562202374203344,0.032343905440903,mouse598180close416,0.146084608460846,0.5805580558055807,0.3683168316831683,0
mouse598180,close,422,0.0467024440820701,0.0344605281632242,0.0404115413347188,3.72527231417449,5.584105804204757,5.106486064072385,0.2146715119721536,0.1615131692144922,0.21120559328188002,609.0,804.0,614.0,6.09,8.040000000000001,6.140000000000001,8.168271271252085,21.89051232751216,7.2235984340421835,0.6523994175349945,0.032130625336578,mouse598180close422,0.2335733573357336,0.6286228622862287,0.3958595859585959,0
mouse598180,close,423,0.0548974201723207,0.0437124440324966,0.0334119337197176,1.6680035112308047,4.380299948074157,2.4569698723848106,0.3237269806017423,0.2260242063507376,0.2532259655660667,156.0,405.0,313.0,1.56,4.05,3.13,8.675769582631611,23.094631886386853,7.882868648015408,0.6523994175349945,0.0213406106880908,mouse598180close423,0.146084608460846,0.7217821782178219,0.4549954995499551,0
mouse598180,close,424,0.0553108399132875,0.021784104921236,0.0582966708217076,5.224893951545741,5.27551746405413,5.234278554084568,0.1391446345482553,0.0953671266955418,0.1482693845313243,4331.0,4802.0,4231.0,43.31,48.02,42.31,8.675769582631611,23.094631886386853,7.882868648015408,0.6523994175349945,0.0142461718120094,mouse598180close424,0.1331233123312332,0.2257425742574257,0.187938793879388,1
mouse598180,close,425,0.0735064923067016,0.0283835674833975,0.1200308685393181,3.2269722978763604,5.045098171482536,4.387579839530768,0.2930490581224447,0.3225865758410451,0.3315176178675612,268.0,505.0,273.0,2.68,5.05,2.73,8.675769582631611,23.094631886386853,7.882868648015408,0.6523994175349945,0.0193283992097455,mouse598180close425,0.2006300630063006,0.5886588658865888,0.3861386138613859,0
mouse598180,close,428,0.09933057892011199,0.16189517378261403,0.0690116222291464,2.324361848515816,3.4906595241513467,4.630233462157573,0.4302062632038412,0.4369357335594849,0.3358870911704434,119.0,150.0,155.0,1.19,1.5,1.55,7.906252701589368,28.10727768206802,6.95049362479544,0.6523994175349945,0.0307910807288165,mouse598180close428,0.14095409540954099,0.7914491449144916,0.3396939693969395,0
mouse598180,close,430,0.0497951974896881,0.0652538230902606,0.0841558970155681,5.571488386734372,0.4252766781040154,4.897042156771223,0.3829020355381119,0.4162714788356255,0.3992729117986293,102.0,115.0,125.0,1.02,1.1500000000000001,1.25,8.127845360484791,32.77196703193253,7.215366709614668,0.651920240520265,0.0282018795916218,mouse598180close430,0.1417641764176417,0.6982898289828984,0.3086408640864085,0
mouse598180,close,436,0.0383602028805851,0.0115795977813067,0.0522243907932978,5.00290697783192,4.837349617910413,4.310694811781047,0.2262061173105715,0.1827725840511305,0.2346845327904991,528.0,594.0,473.0,5.28,5.94,4.73,7.982122631861441,44.97824921569735,7.0651974421407155,0.6523994175349945,0.0137786558257297,mouse598180close436,0.1698469846984699,0.5840684068406843,0.3232223222322232,0
mouse598180,close,437,0.0263407995982996,0.0284756863236489,0.0250678325709385,3.5782287206708316,4.4570688917436465,3.6345215992140174,0.1616481382698129,0.1591489696375435,0.1577384139106238,1150.0,1193.0,1289.0,11.5,11.93,12.89,7.982122631861441,44.97824921569735,7.0651974421407155,0.6523994175349945,0.0113036335801423,mouse598180close437,0.1887488748874888,0.5754275427542754,0.3224122412241226,0
mouse598180,close,443,0.0398342400885079,0.012236479016432999,0.0362531473258089,3.6189557835441692,3.7709848739761163,3.343611571794329,0.1876065564068147,0.1578649204644542,0.1815944350320709,1070.0,1145.0,977.0,10.700000000000001,11.450000000000001,9.77,7.448387376644166,49.89549814864161,6.3734465124994735,0.6523994175349945,0.0177104950429345,mouse598180close443,0.1949594959495949,0.6086408640864088,0.3051305130513051,0
mouse598180,close,434,0.0450499564074292,0.1031008134125868,0.0392314378951584,0.2491328766355058,2.7732621948028644,2.8427959582268536,0.37275058657684795,0.408400155180251,0.3414505278593856,151.0,87.0,192.0,1.51,0.87,1.92,7.448387376644166,49.89549814864161,6.3734465124994735,0.6523994175349945,0.039053595816768,mouse598180close434,0.2036003600360036,0.6337533753375338,0.4139513951395138,0
mouse598180,close,445,0.1053249458376226,0.0602642384703238,0.0942695330336218,2.948019477711412,2.855957746793179,2.8002986242425982,0.3933548838362351,0.43573046793604003,0.36919729952801295,158.0,77.0,142.0,1.58,0.77,1.42,7.5087377222036435,54.931396948484256,6.5387093989017435,0.6523994175349945,0.0223176207904637,mouse598180close445,0.1366336633663366,0.6661566156615663,0.32403240324032395,0
mouse598180,close,446,0.1271739270039914,0.046450635590937005,0.0692883111747188,4.970251814073713,4.5730806532458805,0.7771735448036887,0.3433141643269414,0.3506732361564811,0.3255789859364837,213.0,172.0,198.0,2.13,1.72,1.98,7.5087377222036435,54.931396948484256,6.5387093989017435,0.6523994175349945,0.0403645649579287,mouse598180close446,0.17605760576057602,0.8743474347434745,0.3596759675967594,0
mouse598180,close,453,0.0365195374111705,0.0262739086025689,0.0365607175291567,3.4316840664146726,0.9925242527498309,5.27405057329908,0.257979686352603,0.2810548342649012,0.2263306408919848,414.0,387.0,439.0,4.14,3.87,4.39,7.11547378007767,74.08887771685342,5.923321733102523,0.6562202374203344,0.0357933163879106,mouse598180close453,0.1684968496849684,0.6734473447344735,0.4285328532853286,0
mouse598180,close,456,0.0214299590782282,0.0309067019719939,0.039184621327102,1.862140819478944,4.06063935896621,4.598639330838531,0.1652900363268786,0.1604580291373318,0.1755300313954938,1160.0,1491.0,1286.0,11.6,14.91,12.86,6.8922587377243785,102.3912683776793,5.693530105897748,0.659545297913646,0.016450461215702,mouse598180close456,0.1171917191719171,0.258955895589559,0.2079207920792078,1
mouse598180,close,459,0.0315436786996332,0.0385677279386372,0.0465309016174321,4.697889951251511,3.3759980648100956,3.653615245189799,0.1950585178363569,0.26743648659897196,0.2086979769050047,520.0,334.0,637.0,5.2,3.34,6.37,7.314665619933537,121.07762429096105,6.057458341484589,0.6623820649745885,0.0383781157877374,mouse598180close459,0.1946894689468946,0.6216021602160218,0.3356435643564354,0
mouse598180,close,460,0.0421949273455373,0.0520472742969555,0.0632694502937819,1.8591818543194265,3.019955295441826,5.6513039066238795,0.2335546337060584,0.2125034839696839,0.2253395640146376,611.0,757.0,706.0,6.11,7.57,7.0600000000000005,7.314665619933537,121.07762429096105,6.057458341484589,0.6623820649745885,0.0439247938454848,mouse598180close460,0.1776777677767778,0.8025202520252026,0.5149414941494149,0
mouse598180,close,463,0.0470984542799139,0.1202218513138791,0.058006547237422,4.306441598436388,3.387714647572066,2.6881526588869624,0.3971436709619195,0.4316533054291929,0.3878756825984185,105.0,98.0,113.0,1.05,0.98,1.1300000000000001,7.06008602803534,128.1743244664363,5.712573120422378,0.6675514961409346,0.0350836117287468,mouse598180close463,0.1525652565256525,0.7849684968496851,0.4447344734473447,0
mouse598180,close,466,0.1325812538573892,0.117285271669598,0.0444046276387606,1.7666166849525111,2.5028192879152584,3.8527746854629554,0.3908962009474649,0.360289691870239,0.3156249489134962,122.0,129.0,219.0,1.22,1.29,2.19,7.162438780225291,149.48309515676266,5.728735721148496,0.6736096792653741,0.0275823083958826,mouse598180close466,0.1266426642664266,0.8781278127812784,0.2727272727272726,0
mouse598180,close,659,0.10805818034945401,0.1030737360203558,0.0433766249891973,0.5258002114174541,3.0910044810291986,5.278623374082335,0.3998888148843811,0.3629046682683309,0.3553845672345399,126.0,124.0,163.0,1.26,1.24,1.6300000000000001,7.044956248386698,151.42602169285615,5.548066076612924,0.6805328794408101,0.0776791637998955,mouse598180close659,0.1485148514851485,0.7101710171017104,0.2829882988298832,0
mouse598180,close,658,0.0828047711490992,0.2073743633346915,0.0841678034522738,5.1395496723915635,4.885123036091764,2.2988900486026504,0.3967300894268438,0.5577975036370046,0.4016878555827035,104.0,59.0,111.0,1.04,0.59,1.11,7.044956248386698,151.42602169285615,5.548066076612924,0.6805328794408101,0.0435462711392417,mouse598180close658,0.1447344734473448,0.6866786678667869,0.2770477047704772,0
mouse598180,close,469,0.049726815238171,0.0215665899528073,0.1667931780179915,5.928189844472872,3.559972056388535,3.6136774421895383,0.3352273623844283,0.3123273164095543,0.4265459578507103,149.0,229.0,96.0,1.49,2.29,0.96,7.044956248386698,151.42602169285615,5.548066076612924,0.6805328794408101,0.0597280020527208,mouse598180close469,0.1325832583258326,0.7072007200720073,0.4209720972097209,0
mouse598180,close,471,0.0228194285740847,0.0287314037391363,0.0243298237516876,5.3100936864784485,2.1274553060321746,4.892243759794661,0.1558546893493802,0.1543987170390665,0.1527637313064572,1091.0,1058.0,1063.0,10.91,10.58,10.63,7.044956248386698,151.42602169285615,5.548066076612924,0.6805328794408101,0.0260003793215885,mouse598180close471,0.1795679567956796,0.7479747974797479,0.2702970297029706,0
mouse598180,close,475,0.0716347382458198,0.0796303766696848,0.1370438569132925,3.587697485180542,4.050132608596353,4.383272702704913,0.3636132791040777,0.3707714935299127,0.3910957229834063,194.0,150.0,231.0,1.94,1.5,2.31,6.9927419771675225,172.31062878089747,5.444535346754826,0.6805328794408101,0.0096781421456634,mouse598180close475,0.1693069306930693,0.7890189018901891,0.4234023402340233,0
mouse598180,close,476,0.0439136323080084,0.0191364138753502,0.0537816901959305,4.899949969799233,5.254673144335916,4.158319045562397,0.2077474778716128,0.17510478133358703,0.2181573847800552,960.0,583.0,1035.0,9.6,5.83,10.35,6.7653384018527145,160.29577207816504,5.279559969943638,0.6805328794408101,0.0474323060805399,mouse598180close476,0.1242124212421242,0.2308730873087309,0.1771377137713772,1
mouse598180,close,742,0.0585632788627959,0.0260166932115755,0.042650784931581004,4.5152100197768235,5.615273818398129,1.8329257884467665,0.2759558475395102,0.2439396727253001,0.3166383134815344,329.0,330.0,208.0,3.29,3.3000000000000003,2.08,6.890011261508808,169.13433674307745,5.340684814754495,0.6882949948968102,0.0527595720072101,mouse598180close742,0.1055805580558056,0.7563456345634565,0.3153915391539156,0
mouse598181,far,28,0.0621650680968831,0.0604650540111626,0.0291723596121111,1.888554895909908,2.1646854247811387,1.9924480482355904,0.2701083488562003,0.28036063611876,0.2110572827543828,336.0,345.0,563.0,3.36,3.45,5.63,9.870083908293491,10.04119537996777,9.654475175205388,2.0895573693966862,0.0337592435327326,mouse598181far28,0.1917191719171918,0.6310531053105312,0.5559855985598562,0
mouse598181,far,31,0.0297927565221186,0.0752839544100044,0.0601797271912357,4.794910186890499,4.655904080909398,1.1306426630882471,0.1840681678164487,0.2318275283784164,0.2502999431108433,829.0,559.0,529.0,8.290000000000001,5.59,5.29,9.720962954489263,9.757668717384453,9.456631978967518,2.057911562725668,0.0311419578546614,mouse598181far31,0.2748874887488749,0.7849684968496851,0.4414941494149415,0
mouse598181,far,32,0.1202503398216403,0.050451346553655,0.0982257320464133,0.7765147224514961,6.2220066606235305,1.1629235858994182,0.3825212328040867,0.3088047233329984,0.3953710606832589,168.0,201.0,159.0,1.68,2.0100000000000002,1.59,9.720962954489263,9.757668717384453,9.456631978967518,2.057911562725668,0.0241691463571789,mouse598181far32,0.1493249324932494,0.6885688568856886,0.29891989198919894,0
mouse598181,far,35,0.0465571883539267,0.0706671117738725,0.1115415026599377,3.5048842170661394,0.1766579290924383,4.458392651658224,0.3704138058559979,0.4688633193735427,0.3413938330679786,121.0,131.0,225.0,1.21,1.31,2.25,9.825834486794244,9.767861387629008,9.598916188109623,2.0519807503970404,0.0488897398823506,mouse598181far35,0.1927992799279928,0.6666966696669667,0.3013501350135016,0
mouse598181,far,79,0.1177728712655179,0.1410110316405021,0.1017145617728779,1.6257838483221991,1.5740610059700202,5.4907016589966915,0.4502267800541443,0.4339794264119347,0.4260804425244131,78.0,63.0,97.0,0.78,0.63,0.97,9.640732565918688,9.464631439576676,9.458606442289526,2.042975770781436,0.0700185425716386,mouse598181far79,0.1784878487848784,0.6089108910891091,0.3264626462646265,0
mouse598181,far,37,0.0621644708816645,0.0734312210323748,0.155493352967184,6.057390662461352,4.3762021455663165,2.6345200039857364,0.3374868464910897,0.3878110404714524,0.4857997257250648,146.0,132.0,78.0,1.46,1.32,0.78,9.852302827341727,9.838596668356224,9.55439887695489,2.042975770781436,0.0335121637111306,mouse598181far37,0.1261026102610261,0.6742574257425743,0.2640864086408643,0
mouse598181,far,69,0.0629837977245376,0.18153365388720397,0.0735649688687424,1.8122310927988128,5.250521582808102,0.1768383026459854,0.3717665419643695,0.5290956883872396,0.3825718851753373,182.0,77.0,109.0,1.82,0.77,1.09,9.848702829671057,9.696507613041282,9.580846350633934,2.0342381866438357,0.0266791291105943,mouse598181far69,0.1495949594959496,0.7474347434743475,0.2972997299729972,0
mouse598181,far,42,0.0564994858582129,0.0315011187125454,0.0789121023380128,0.3115417179848864,1.4812153456056534,2.419941229417017,0.2988404026675358,0.3245098458476215,0.3380957142876957,263.0,277.0,231.0,2.63,2.77,2.31,9.799129587825576,9.622473349880888,9.648068911476038,2.0175789947360183,0.024276648530177997,mouse598181far42,0.1431143114311431,0.6842484248424844,0.3402340234023403,0
mouse598181,far,71,0.0676815830225614,0.0421833976722181,0.0489838643306212,5.860585293171866,0.4868666800755728,5.900938567307175,0.2394870971393912,0.2596918320716138,0.2630994760649888,691.0,665.0,566.0,6.91,6.65,5.66,9.799129587825576,9.622473349880888,9.648068911476038,2.0175789947360183,0.0266737066576377,mouse598181far71,0.2287128712871287,0.7050405040504051,0.3415841584158415,0
mouse598181,far,43,0.0216012594306343,0.0774203156212085,0.0504761591307838,5.769564032769573,6.280469868104747,6.0685019409248735,0.2500960183656285,0.5014274412982536,0.2705236154536489,274.0,55.0,214.0,2.74,0.55,2.14,9.798315344482717,9.681489049430112,9.584810201612594,2.0175789947360183,0.033897016666349,mouse598181far43,0.1676867686768677,0.684788478847885,0.2964896489648964,0
mouse598181,far,47,0.0577345278535334,0.1221237072561884,0.07455784624804401,4.113008938081382,0.837299325348114,5.258279002136066,0.3104066108720159,0.4444291037702996,0.3734835152534367,178.0,123.0,151.0,1.78,1.23,1.51,9.858935766926878,9.76883555590112,9.606776999126762,1.9866743568083824,0.0197463775141492,mouse598181far47,0.1166516651665166,0.2287128712871288,0.1760576057605759,1
mouse598181,far,46,0.0295377840519856,0.0225333364734792,0.0192710648109787,3.4995121081100518,0.3367638355692299,1.1449746100880556,0.2631757805100863,0.2917804556340245,0.3067318288942565,383.0,247.0,233.0,3.83,2.47,2.33,9.858935766926878,9.76883555590112,9.606776999126762,1.9866743568083824,0.0334505754381503,mouse598181far46,0.1223222322232223,0.1995499549954995,0.1760576057605761,1
mouse598181,far,49,0.0306506076922346,0.0476856759273227,0.0304269604851237,4.397569705556301,5.431666548774683,1.348289800107686,0.1878464958579406,0.2142495566457327,0.1970980762885,685.0,653.0,765.0,6.8500000000000005,6.53,7.65,9.819746154967932,9.730722770852363,9.597975329556704,1.9866743568083824,0.0288362111450444,mouse598181far49,0.1360936093609361,0.5792079207920793,0.2441044104410441,1
mouse598181,far,48,0.0264136578611861,0.0333205538084354,0.0324534338621516,2.396568408643766,3.982310727611096,3.182823574263384,0.1583421304372109,0.1907010059443059,0.190889424516485,1032.0,797.0,853.0,10.32,7.97,8.53,9.819746154967932,9.730722770852363,9.597975329556704,1.9866743568083824,0.0196560753428771,mouse598181far48,0.1541854185418542,0.4188118811881188,0.4838883888388841,0
mouse598181,far,53,0.033302574717919996,0.1002563769261916,0.0378528340414051,6.001035047393738,3.2338277267968194,0.4342877690843761,0.2871796021312798,0.3936920041737902,0.38138283771803105,232.0,121.0,192.0,2.32,1.21,1.92,9.438942516750878,9.274435994729224,9.14834620805284,1.9715159142142367,0.0275386738059401,mouse598181far53,0.1382538253825382,0.4282628262826283,0.2422142214221423,1
mouse598181,far,54,0.0140722736336787,0.013247964949192,0.0471302116486558,3.9624302188469667,1.1683947668751469,2.991744749666384,0.1745016210077746,0.1955306849013706,0.2418958833216971,694.0,559.0,462.0,6.94,5.59,4.62,9.474856251553756,9.278173131166573,9.206405613626043,1.9643701280563195,0.0369896732230652,mouse598181far54,0.1992799279927992,0.9035103510351036,0.0448244824482451,0
mouse598181,far,74,0.0801730328902943,0.1513444165280248,0.0958144942252929,5.099248191367918,4.229800653998087,4.17729988029576,0.4694849573390937,0.5238279111526519,0.4576348411695384,64.0,62.0,75.0,0.64,0.62,0.75,9.396269170594056,9.294135501893477,9.138782195117654,1.957517560585345,0.0240574623318598,mouse598181far74,0.1628262826282628,0.7784878487848786,0.3607560756075606,0
mouse598181,far,56,0.0227221730614393,0.0472331738596777,0.0651869280367639,3.933428374228919,5.383778300676356,0.8464598765027029,0.2274997369286423,0.2008920846442598,0.2176780827885497,599.0,632.0,646.0,5.99,6.32,6.46,9.468788237387017,9.338072777011373,9.228309603381204,1.957517560585345,0.0383325927467347,mouse598181far56,0.2063006300630063,0.7755175517551757,0.2535553555355535,0
mouse598181,far,58,0.1075636198816943,0.1044302413813622,0.0780026647518946,6.210558600400437,1.4630897226326116,0.7940613915105632,0.4512740619460184,0.4543296655481563,0.5737656108330296,80.0,64.0,51.0,0.8,0.64,0.51,9.461311448825038,9.301366529113151,9.16862224305493,1.927595652620124,0.0415785938726801,mouse598181far58,0.1296129612961295,0.2073807380738074,0.1547254725472546,1
mouse598181,far,60,0.0317445270934053,0.028096959288449,0.0369433515827871,4.873636183204857,1.7482214707212858,1.3236307485149854,0.2721475861235756,0.350433665801412,0.3019557551316109,262.0,189.0,207.0,2.62,1.8900000000000001,2.07,9.354446243967331,9.558131501364468,9.136344645268435,1.9212626056840847,0.0304659034559858,mouse598181far60,0.1752475247524753,0.3723672367236724,0.1995499549954995,1
mouse598181,far,61,0.0719932824990518,0.0674133709349801,0.1031766554389957,6.020168462909076,6.26226693964015,1.1194601445831742,0.3416773667409453,0.36340223455306003,0.4129339130862855,202.0,153.0,132.0,2.02,1.53,1.32,9.515883230949413,9.45806775854776,9.197239926462158,1.9091883092036783,0.0379757045585315,mouse598181far61,0.1922592259225922,0.3783078307830785,0.2095409540954094,1
mouse655957,far,277,0.0719623330777998,0.1179305500822589,0.04485456201174401,1.0088535063740984,0.2064082629998441,6.004711606520265,0.3366503087104569,0.4010631483708705,0.2916970198985678,166.0,139.0,310.0,1.6600000000000001,1.3900000000000001,3.1,8.118132905671812,10.669129792120083,8.130366996527087,2.0977666695798183,0.0254234420586373,mouse655957far277,0.1779477947794779,0.8181818181818183,0.4109810981098108,0
mouse655957,far,278,0.0872678817722965,0.0779000366899752,0.0318949736485427,0.6459997591364963,2.5899173318630964,2.4366628941971578,0.4559750386467633,0.4159422645149987,0.4004554898546684,70.0,92.0,105.0,0.7000000000000001,0.92,1.05,8.118132905671812,10.669129792120083,8.130366996527087,2.0977666695798183,0.0121095961228784,mouse655957far278,0.1606660666066607,0.7760576057605761,0.39666966696669703,0
mouse655957,far,655,0.0372932015375426,0.0361764212697171,0.0716856556175437,4.626131410617278,2.425079572308823,5.212216790276766,0.2515993934246199,0.3007978854095531,0.2771026049985206,370.0,341.0,325.0,3.7,3.41,3.25,8.118132905671812,10.669129792120083,8.130366996527087,2.0977666695798183,0.033523949550953995,mouse655957far655,0.2011701170117011,0.7714671467146715,0.4039603960396042,0
mouse655957,far,287,0.0154458835393921,0.0452718620763258,0.0412107125365231,0.3925718696392489,4.039175995444825,5.604443985928412,0.1847564094602104,0.1992015196678905,0.1763240133926054,789.0,784.0,941.0,7.890000000000001,7.84,9.41,8.367834329065298,11.192843726319781,8.430128743152682,2.091948852147203,0.0132364623100092,mouse655957far287,0.1471647164716472,0.3437443744374439,0.2171017101710172,1
mouse655957,far,289,0.1136315336629768,0.0665714769085427,0.0699747481870164,3.488748471966829,4.660164953745063,3.9539618255232214,0.4564196417854614,0.3280546414866413,0.3829717518891135,90.0,130.0,151.0,0.9,1.3,1.51,8.252233174493457,10.571704476290623,8.295286870043489,2.091948852147203,0.0188219144655377,mouse655957far289,0.1606660666066607,0.8918991899189921,0.4674167416741676,0
mouse655957,far,656,0.0568529802672944,0.0685369229054633,0.0439716692051598,4.028828955466313,2.0868763114820257,2.942312727007877,0.3693501279228965,0.3807444142584076,0.3060613703262056,140.0,117.0,240.0,1.4000000000000001,1.17,2.4,8.252233174493457,10.571704476290623,8.295286870043489,2.091948852147203,0.043047063190582005,mouse655957far656,0.1668766876687669,0.8692169216921692,0.4541854185418542,0
mouse655957,far,292,0.0661652702036337,0.042645343313945996,0.0721529881817899,5.989549483876416,1.8480775531323697,5.125935372267903,0.2357965879656626,0.2394959001580326,0.2606188316591445,439.0,382.0,543.0,4.39,3.8200000000000003,5.43,8.704475818757519,11.29091757702006,8.661374896071283,2.091948852147203,0.0144146915655665,mouse655957far292,0.17497749774977497,0.8289828982898292,0.44203420342034205,0
mouse655957,far,298,0.063872851802792,0.0277935401984014,0.1189688722807154,0.0502487666070508,3.1643951449895518,4.117966454189041,0.3304775770758881,0.2458410805191778,0.3230913303856156,184.0,318.0,327.0,1.84,3.18,3.27,8.116150849318137,10.191211800505586,8.161585971033443,2.091948852147203,0.0926927640707608,mouse655957far298,0.1714671467146714,0.7582358235823584,0.4001800180018003,0
mouse655957,far,297,0.0531911586615855,0.0948667807381229,0.0759931807554704,4.500202665276664,5.731572893294654,5.0367862337682805,0.369177155421438,0.3864289571387199,0.3227009000405896,139.0,211.0,196.0,1.3900000000000001,2.11,1.96,8.116150849318137,10.191211800505586,8.161585971033443,2.091948852147203,0.0338357984840294,mouse655957far297,0.1898289828982898,0.8027902790279029,0.3629162916291631,0
mouse655957,far,296,0.0363382081616166,0.0430799265679388,0.0231970984392964,3.420498794639235,1.223554560326555,5.3323236398215,0.23395567297667702,0.238387286375346,0.2218742356704829,488.0,450.0,469.0,4.88,4.5,4.69,8.116150849318137,10.191211800505586,8.161585971033443,2.091948852147203,0.0311863218362453,mouse655957far296,0.1595859585958596,0.4687668766876689,0.5249324932493248,0
mouse655957,far,295,0.1386413916847297,0.0441484839624607,0.2118861770623196,3.5075326057822362,4.1393202515604965,3.186330515135169,0.5236811264121671,0.4806765936653029,0.4934941704105177,73.0,78.0,78.0,0.73,0.78,0.78,8.116150849318137,10.191211800505586,8.161585971033443,2.091948852147203,0.0515542545543166,mouse655957far295,0.1703870387038704,0.8567956795679569,0.3342934293429344,0
mouse655957,far,299,0.0254214079608825,0.0239262856292689,0.0135847821459705,0.6239826918872624,2.1982252969761187,3.9493441020636935,0.1845106845021469,0.1639338686059736,0.1607074040471474,1094.0,890.0,1050.0,10.94,8.9,10.5,8.602808088663387,10.98048284137235,8.579455868796115,2.0864143883706325,0.0081250404902601,mouse655957far299,0.1841584158415842,0.5810981098109813,0.5289828982898289,0
mouse655957,far,300,0.0773536810807321,0.0878248680388423,0.146881171461695,4.390909531290868,1.497902147964979,3.9864345646830293,0.4100114226091692,0.3699825790928044,0.4619769304533633,83.0,106.0,77.0,0.8300000000000001,1.06,0.77,8.009413506377285,10.194767544957676,7.951798047153014,2.0864143883706325,0.0279540610487631,mouse655957far300,0.1798379837983797,0.8783978397839787,0.4190819081908191,0
mouse655957,far,303,0.0523947778466561,0.0609862856483078,0.0753402500780453,5.1906684033686865,0.5703808333351672,3.8034643579997116,0.3148790521138832,0.2933872356225884,0.3121569396531856,221.0,260.0,311.0,2.21,2.6,3.11,8.646179798660471,11.07587762503759,8.645788675756995,2.0932928605429293,0.0226068086200227,mouse655957far303,0.2003600360036004,0.6261926192619263,0.4946894689468947,0
mouse655957,far,304,0.0185906153556604,0.0387788186164976,0.013611391068116001,0.2664197886113512,5.155978913210086,5.31167579634757,0.1859083807054591,0.2230231740661774,0.1900434160749022,815.0,501.0,801.0,8.15,5.01,8.01,8.646179798660471,11.07587762503759,8.645788675756995,2.0932928605429293,0.0358749347355077,mouse655957far304,0.2295229522952295,0.7909090909090909,0.5289828982898291,0
mouse655957,far,305,0.0259034606721512,0.0830563303413303,0.0224401355457955,2.835832797164678,0.5833882142040921,2.4271508930207752,0.2096726583450011,0.3453651409467493,0.2050217249912655,424.0,301.0,445.0,4.24,3.0100000000000002,4.45,8.646179798660471,11.07587762503759,8.645788675756995,2.0932928605429293,0.0243833524550553,mouse655957far305,0.3121512151215121,0.7279927992799281,0.7252925292529252,0
mouse655957,far,753,0.0839785856118402,0.0421565602943012,0.0611758961902352,6.147831041319875,4.203012170827473,4.380565897836101,0.3810582049439047,0.3759960503635385,0.3803674396927086,153.0,182.0,138.0,1.53,1.82,1.3800000000000001,8.018095741240526,9.958528152034287,7.951018617247382,2.0932928605429293,0.015529144647665999,mouse655957far753,0.1914491449144915,0.9631863186318632,0.40396039603960404,0
mouse655957,far,306,0.0553814825984765,0.035787437504521,0.0554841411893314,0.4231682541805653,2.5165997825269133,0.3952565192022004,0.25315036987474604,0.3555607145781349,0.3417708149545797,351.0,203.0,147.0,3.5100000000000002,2.0300000000000002,1.47,8.018095741240526,9.958528152034287,7.951018617247382,2.0932928605429293,0.0259609480976016,mouse655957far306,0.2106210621062106,0.6996399639963998,0.3121512151215121,0
mouse655957,far,307,0.1027264646994837,0.0695948736750177,0.0333814164012282,2.78103069100464,1.2461354735183965,5.011440161311121,0.3441767930590111,0.3241845126009138,0.3020446714551291,250.0,276.0,304.0,2.5,2.7600000000000002,3.04,8.018095741240526,9.958528152034287,7.951018617247382,2.0932928605429293,0.0154283698952887,mouse655957far307,0.19009900990099,0.7512151215121513,0.4884788478847884,0
mouse655957,far,310,0.0222481141318979,0.1094508856181849,0.0463781864923363,2.8885008693576246,5.092265913770071,4.659332741863628,0.3256326082662722,0.3490876218021436,0.3739142938121667,264.0,207.0,193.0,2.64,2.07,1.93,7.830718816893687,9.666107261427653,7.7201430594196125,2.0837166314064883,0.07741637271446,mouse655957far310,0.2808280828082808,0.8473447344734475,0.4441944194419444,0
mouse655957,far,788,0.0334728508724454,0.0838052857603925,0.0977768575365467,4.324260846186978,4.547860439120633,3.420668687806298,0.3264926635209317,0.3725383825223645,0.3798177068975432,194.0,158.0,150.0,1.94,1.58,1.5,7.830718816893687,9.666107261427653,7.7201430594196125,2.0837166314064883,0.0734887070119772,mouse655957far788,0.2567956795679568,0.6866786678667867,0.5135913591359139,0
mouse655957,far,316,0.0513333973583956,0.0530474086765373,0.0513970269951362,4.446621573697204,3.8709692488396783,3.863821535464589,0.2092727758536589,0.2282911187233443,0.1966319781791894,941.0,919.0,1014.0,9.41,9.19,10.14,7.912653084696478,10.080020092003217,7.870657771081093,2.0580634101018367,0.0215232973269388,mouse655957far316,0.1644464446444645,0.2551755175517551,0.2216921692169218,1
mouse655957,far,320,0.0164511737502243,0.0468304318077446,0.0215341639284749,0.355417736562032,5.407741172845359,4.5619935980634985,0.1727552962306916,0.2020197475908417,0.2098883943387614,887.0,609.0,659.0,8.870000000000001,6.09,6.59,8.34810037223958,10.03477059590954,8.207308673993861,2.053959590644373,0.0266862863806652,mouse655957far320,0.2430243024302429,0.9896489648964898,0.4987398739873989,0
mouse655957,far,322,0.1137301578821521,0.0482370407426482,0.0355282764473499,3.647056284565872,5.235220163998669,4.446279222180743,0.3508983145602062,0.3475039302810419,0.2205634941872427,252.0,251.0,539.0,2.52,2.5100000000000002,5.39,8.122886957302773,9.886302107457137,8.04960257202254,2.050152433357091,0.0279045916150798,mouse655957far322,0.1792979297929793,0.8870387038703873,0.3653465346534651,0
mouse655957,far,662,0.0547440354543071,0.096705710351315,0.0522552599738782,5.3882255095541485,3.450066452726412,3.7786671982676414,0.3807969040912597,0.44005503716033006,0.3558777539243694,129.0,113.0,169.0,1.29,1.1300000000000001,1.69,8.1475095090286,9.600097277549576,8.018484845900698,2.056088519495209,0.0486401782016814,mouse655957far662,0.1822682268226823,0.6286228622862287,0.3893789378937894,0
mouse655957,far,664,0.1266363709154372,0.152440677474203,0.0842829587247372,2.365833034266972,2.783585531236105,2.2097418914087923,0.4070181712988176,0.4963473261986746,0.4643397855554599,115.0,68.0,68.0,1.1500000000000001,0.68,0.68,8.20145218966734,9.080875066700063,7.975855171891628,2.0531987239427165,0.0422965304394006,mouse655957far664,0.1757875787578758,0.6405040504050407,0.3267326732673267,0
mouse655957,far,666,0.0629146430614848,0.0371676871385231,0.0291042567011577,3.6720160103635977,5.366020624009213,4.047684217044701,0.2440862309581293,0.2797465204016232,0.1959815115119798,516.0,219.0,654.0,5.16,2.19,6.54,8.059438185200543,9.125836898995539,7.939562489178928,2.0506096654409878,0.0313151873777341,mouse655957far666,0.2084608460846084,0.6807380738073808,0.3718271827182721,0
mouse655957,far,333,0.0552705074527452,0.0586475999781402,0.0598300712311025,3.7537499959007454,4.403525986726146,0.5769402505538667,0.2818062204462038,0.3216886183638365,0.308308668338605,245.0,205.0,249.0,2.45,2.05,2.49,8.059438185200543,9.125836898995539,7.939562489178928,2.0506096654409878,0.0321614122221273,mouse655957far333,0.1798379837983799,0.7009900990099012,0.3297029702970296,0
mouse655957,far,334,0.0232146389351526,0.0481391574243659,0.0673084445709627,4.645897506021192,0.3492770361255977,0.27591111844431104,0.2071009314350169,0.2397130272719984,0.2729427862941699,666.0,571.0,699.0,6.66,5.71,6.99,8.589169425328354,9.102970262982913,8.29443220532497,2.0506096654409878,0.0428877148641251,mouse655957far334,0.1944194419441944,0.6356435643564359,0.336993699369937,0
mouse655957,far,338,0.0675464008375987,0.0410782341446305,0.0694817107078464,3.885664578031548,3.2782396240526164,5.274607637117875,0.3295240217576446,0.2807114698566899,0.3381134735798689,220.0,241.0,297.0,2.2,2.41,2.97,8.501293440031422,9.13837797180134,8.188497233204991,2.0463381929681126,0.029415644511962998,mouse655957far338,0.1055805580558055,0.1987398739873987,0.1844284428442845,1
mouse655957,far,337,0.0216397108456173,0.0253744268605676,0.0138667209554688,4.1619908725807795,3.12308284513246,3.8930187807222634,0.13383083224034698,0.1612172025555853,0.1359850600028276,2485.0,1520.0,2046.0,24.85,15.200000000000001,20.46,8.501293440031422,9.13837797180134,8.188497233204991,2.0463381929681126,0.0299497324201394,mouse655957far337,0.1460846084608461,0.3035103510351035,0.2527452745274527,1
mouse655957,far,339,0.0236174906018072,0.0197699756127846,0.0584927806980492,2.468738533151958,5.615294401980368,5.356441785973504,0.2890204672252642,0.2187102167158955,0.3109843685791834,318.0,428.0,218.0,3.18,4.28,2.18,9.032392121405824,9.110245451485904,8.737894431137656,2.0463381929681126,0.0329518698408795,mouse655957far339,0.1960396039603961,0.7117911791179119,0.3639963996399639,0
mouse655957,far,340,0.0177848126962851,0.0495445878646326,0.0444952941778984,4.455907421148479,3.271341604449483,4.261580439512627,0.2233503100274118,0.26349222970976605,0.3132027669550624,494.0,344.0,242.0,4.94,3.44,2.42,9.286438652714036,9.363241248066826,8.659031902328048,2.0446576730592336,0.0221157696728553,mouse655957far340,0.1204320432043204,0.985868586858686,0.4873987398739872,0
mouse655957,far,670,0.0810585827966829,0.0758976557908519,0.1139919911562659,4.19208888453164,4.230774253349192,4.042170136186632,0.3023022659303398,0.3168248463550372,0.3441887145587943,307.0,243.0,205.0,3.0700000000000003,2.43,2.05,9.643767198533633,9.310578604085217,9.139670339406582,2.021911224559575,0.0190651067089083,mouse655957far670,0.1636363636363637,0.7339333933393342,0.5897389738973898,0
mouse655957,far,345,0.0102065640278537,0.0290677194857684,0.0469930073230266,2.9159934489257906,4.094825051508742,6.129809657567243,0.2055764462918702,0.2198044762350268,0.2314365245203208,724.0,498.0,475.0,7.24,4.98,4.75,9.643767198533633,9.310578604085217,9.139670339406582,2.021911224559575,0.0261003758925977,mouse655957far345,0.2287128712871288,0.8214221422142215,0.547074707470747,0
mouse655957,far,341,0.0357983585167852,0.030603628526492004,0.0337758395487331,4.158155591430338,4.35439708083359,5.057207260548091,0.2082245515763102,0.2547099811790821,0.2280954642371064,618.0,426.0,532.0,6.18,4.26,5.32,9.643767198533633,9.310578604085217,9.139670339406582,2.021911224559575,0.0228903270542631,mouse655957far341,0.2081908190819081,0.7647164716471649,0.4671467146714673,0
mouse655957,far,347,0.0439605796555915,0.0431950034294408,0.0573849301988479,5.404195746180488,5.711900450006949,5.250213745552439,0.1496467890099367,0.1745456229904478,0.1847831391449711,1786.0,1341.0,1671.0,17.86,13.41,16.71,9.351476668310507,9.121621091895015,8.90969959646217,2.0208290377961218,0.0162635074041516,mouse655957far347,0.1714671467146715,0.2713771377137715,0.2225022502250224,1
mouse655957,far,350,0.026616014764082995,0.0840923922402039,0.0964731137479054,0.7605587975031728,0.4112567928305203,4.052651556823828,0.3062853346064833,0.3164695698798146,0.2953487609607425,233.0,229.0,311.0,2.33,2.29,3.11,8.667385589694637,8.664493787081543,8.406141076755969,2.033930923114155,0.0155738951646774,mouse655957far350,0.1231323132313232,0.2222322232223222,0.2073807380738073,1
mouse655957,far,353,0.0458573891976767,0.0326494729237675,0.0360092415453738,4.5789086661462495,2.784545596311645,2.3272536167396827,0.2201164238952514,0.2604674305384306,0.2238954326263935,561.0,383.0,523.0,5.61,3.83,5.23,9.092505841157324,8.921586621853884,8.748868708206505,2.0331625611347457,0.0120921965011418,mouse655957far353,0.18307830783078302,0.7730873087308732,0.5135913591359135,0
mouse655957,far,359,0.0289543834223619,0.0963890064589222,0.0163529337675618,3.8676197251324123,3.9438664043796186,2.884299074727428,0.254222155382918,0.3751163002586909,0.2662024177355228,282.0,120.0,326.0,2.82,1.2,3.2600000000000002,9.545012260659345,8.99748142931119,9.052218326693838,2.032701404535353,0.0548263618593502,mouse655957far359,0.2095409540954096,0.6885688568856887,0.4285328532853286,0
mouse655957,far,360,0.0935916092071032,0.0537234878091001,0.034289227652383,4.967331939909599,5.275669052802706,5.579388347843847,0.3463876326040591,0.36809185977859005,0.2613603152555898,267.0,133.0,439.0,2.67,1.33,4.39,10.27204052608116,9.36640045552754,9.846078657542016,2.0325476624177847,0.0427309483828765,mouse655957far360,0.1698469846984698,0.8365436543654365,0.37101710171017105,0
mouse655957,far,366,0.0265092555645305,0.0536580590969196,0.02418044257694,3.358500080120748,3.3667022401160116,4.889343415135284,0.17269506729703898,0.2271700951218692,0.2153408021966559,775.0,633.0,609.0,7.75,6.33,6.09,9.260503633632323,8.737916195131445,8.915789143637264,2.032701404535353,0.0229447506021225,mouse655957far366,0.1922592259225923,0.6151215121512154,0.3388838883888386,0
mouse655957,far,367,0.0244028404829457,0.0270462292441382,0.054002383404201,5.944247503456649,5.817887554245832,6.05439719084944,0.1675752883493802,0.2160657955750732,0.1841020038181992,909.0,640.0,1136.0,9.09,6.4,11.36,9.260503633632323,8.737916195131445,8.915789143637264,2.032701404535353,0.0063771853431298,mouse655957far367,0.1401440144014402,0.2468046804680469,0.1852385238523852,1
mouse655957,far,362,0.0549798926718776,0.0887339787264036,0.0706800424609867,2.6928774310212624,0.2134514444030063,5.928669037628093,0.394311839839392,0.4319656973761286,0.3595383751132883,135.0,110.0,164.0,1.35,1.1,1.6400000000000001,11.573255345247262,9.783597871559977,10.835110948678727,2.053959590644373,0.0250220835317657,mouse655957far362,0.1714671467146715,0.6796579657965798,0.3035103510351035,0
mouse655957,far,369,0.0599341837297573,0.0695720605443675,0.040088383728444,4.514631933163488,4.644972741521835,4.093591883359016,0.1544024066663696,0.1778093173405229,0.1710693638106601,2264.0,1307.0,1805.0,22.64,13.07,18.05,11.573255345247262,9.783597871559977,10.835110948678727,2.053959590644373,0.0480644242835037,mouse655957far369,0.2254725472547255,0.6483348334833485,0.4784878487848786,0
mouse655957,far,675,0.086100223258041,0.1122691080271564,0.0862995537271724,4.880286612948794,5.086542431813113,3.274596006286997,0.4063471495274242,0.3488622204750539,0.3583990340316081,82.0,183.0,214.0,0.8200000000000001,1.83,2.14,10.167971382529648,9.170620938323534,9.612134613879928,2.054415975405176,0.0973139963385645,mouse655957far675,0.2211521152115212,0.8265526552655267,0.3882988298829882,0
mouse655957,far,372,0.0644902055775205,0.069394790521352,0.1081874162680087,6.174433852028151,4.289296500636617,4.547725645859662,0.3933735138448438,0.4203146096627458,0.4010657303010977,103.0,92.0,116.0,1.03,0.92,1.16,10.959468108093462,9.527443486996152,10.427673569668274,2.054415975405176,0.0573890688028036,mouse655957far372,0.2133213321332133,0.8017101710171018,0.4984698469846987,0
mouse655957,far,373,0.0504707440249148,0.0157648482601578,0.0434466978631263,4.052110427802125,5.8864235536389735,2.8484498287199504,0.2222422850155042,0.2135865412321513,0.2352400373318341,614.0,420.0,538.0,6.140000000000001,4.2,5.38,10.43066896871312,9.576984029682896,9.942468171377564,2.0331625611347457,0.0097614562674303,mouse655957far373,0.1406840684068407,0.6672367236723674,0.3035103510351035,0
mouse655957,far,374,0.0116908410461112,0.0520813499644533,0.0205041332508616,5.192346236069848,6.137454682936429,4.556246197681441,0.1175241500047782,0.1969510303704491,0.1262836526514186,2463.0,1692.0,1934.0,24.63,16.92,19.34,10.43066896871312,9.576984029682896,9.942468171377564,2.0331625611347457,0.0234726398636562,mouse655957far374,0.226012601260126,0.3491449144914492,0.2592259225922591,1
mouse655957,far,378,0.0834121871662063,0.0329404120408846,0.049329328708363,4.788055619220191,5.2194889972371135,5.19831922906577,0.2395638493810895,0.2057170896037788,0.1578852715168218,1422.0,685.0,1539.0,14.22,6.8500000000000005,15.39,11.671612448580403,9.980672080464164,11.11723025012569,2.033930923114155,0.052323284293534,mouse655957far378,0.2225022502250225,0.5975697569756976,0.4706570657065706,0
mouse655957,far,376,0.0774165994138377,0.0710608430403979,0.0383690081827264,3.3737597431565454,3.691773766149226,4.0812799684915815,0.3446377227395813,0.3199720723665597,0.3449642175058856,161.0,205.0,145.0,1.61,2.05,1.45,11.671612448580403,9.980672080464164,11.11723025012569,2.033930923114155,0.0120755577980504,mouse655957far376,0.1954995499549956,0.6156615661566157,0.3518451845184517,0
mouse655957,far,377,0.0528678709048581,0.05563914796852,0.0585315600656203,3.6162291068009003,1.924021961617952,5.450903318337666,0.3003043370329862,0.3215859879682012,0.279302657396463,245.0,193.0,271.0,2.45,1.93,2.71,11.671612448580403,9.980672080464164,11.11723025012569,2.033930923114155,0.0199124104020534,mouse655957far377,0.1617461746174617,0.6645364536453645,0.3731773177317733,0
mouse655957,far,385,0.0653668144191581,0.0361478782474259,0.0530461897635981,5.598339196906912,5.588870701299691,4.928263577707881,0.1972037736783039,0.23313148112475,0.2376002139577729,1411.0,793.0,1238.0,14.11,7.930000000000001,12.38,11.674503099266328,10.30457455247686,11.25564450001297,2.0350061424968717,0.020767342251213003,mouse655957far385,0.1336633663366337,0.2562556255625562,0.2160216021602161,1
mouse655957,far,387,0.0819400003516479,0.0735837726045455,0.1682256423879065,4.749703306553238,1.2376216199520251,4.291787454644696,0.5411429674363559,0.4261034398862482,0.4987454418479769,57.0,79.0,65.0,0.5700000000000001,0.79,0.65,10.74824304465158,9.689988879649247,10.429638397129093,2.0350061424968717,0.0245977964021489,mouse655957far387,0.1498649864986498,0.8146714671467148,0.4077407740774076,0
mouse655957,far,388,0.041030571087622,0.0519054746464455,0.0189651957991431,5.481998043090699,0.3672423629510782,3.160781634291036,0.2061552205148538,0.2235247061584467,0.1647645847885116,961.0,686.0,894.0,9.61,6.86,8.94,10.74824304465158,9.689988879649247,10.429638397129093,2.0350061424968717,0.0327416373505809,mouse655957far388,0.1922592259225922,0.7493249324932494,0.7328532853285331,0
mouse655957,far,391,0.0322553187730404,0.0532186346623069,0.0486072298564094,4.216981940252071,4.506398105559078,4.509036975660593,0.14573620579188698,0.1769354634675574,0.1876792872056014,1652.0,1393.0,1523.0,16.52,13.93,15.23,12.846428720486585,11.057333446615543,12.587280445579498,2.036387733217817,0.0151461932784558,mouse655957far391,0.1995499549954995,0.6237623762376239,0.3742574257425742,0
mouse655957,far,392,0.0755783507430472,0.0815210126330317,0.061737781673345996,3.999599500605554,4.1761070482454485,3.7008558182419513,0.1874665833238621,0.18212311777551998,0.1837270867981817,1975.0,1784.0,1739.0,19.75,17.84,17.39,12.846428720486585,11.057333446615543,12.587280445579498,2.036387733217817,0.0191149925804356,mouse655957far392,0.2227722772277228,0.5916291629162916,0.4088208820882087,0
mouse655957,far,394,0.0379740612686892,0.0797524476171929,0.0324826489517136,4.365883443285636,4.969929607920078,4.882914070129262,0.2486860066690231,0.2565922803863144,0.22055811321775798,396.0,466.0,492.0,3.96,4.66,4.92,12.846428720486585,11.057333446615543,12.587280445579498,2.036387733217817,0.0314322721671345,mouse655957far394,0.1938793879387939,0.6750675067506752,0.3594059405940594,0
mouse655957,far,396,0.0531883126942173,0.0982637398644473,0.0743723338868907,4.511443130705403,3.55652313776826,3.3840856519127973,0.3086968249400931,0.3357636027973203,0.34389884206614696,331.0,227.0,231.0,3.31,2.27,2.31,12.937223514243323,11.168053380531271,12.6938537651535,2.036387733217817,0.0312417356268356,mouse655957far396,0.1814581458145815,0.6040504050405042,0.3591359135913589,0
mouse655957,far,398,0.0598132497468435,0.0912554301770583,0.0348193946161444,4.149543519532904,4.538288504660062,3.4344020299783526,0.2683895829757289,0.2754671867583462,0.2272222033020943,510.0,564.0,495.0,5.1000000000000005,5.64,4.95,11.15017112840419,9.941373012767276,10.960565945298306,2.038075072218882,0.0211807653374585,mouse655957far398,0.1782178217821782,0.7153015301530155,0.4293429342934293,0
mouse655957,far,399,0.0412947205889902,0.0405945145609154,0.0484244433446176,4.268710029572694,4.152268278924497,0.4532599830929932,0.2619813812265065,0.2669041634294073,0.22149265175778002,398.0,287.0,498.0,3.98,2.87,4.98,11.15017112840419,9.941373012767276,10.960565945298306,2.038075072218882,0.0190058604277893,mouse655957far399,0.1919891989198919,0.5805580558055806,0.36291629162916295,0
mouse655957,far,682,0.0799508522236893,0.1688269160981273,0.1097222294248571,3.8362037629416537,2.683589127513862,0.8016542116081562,0.4904880228177708,0.5058191842116601,0.4876109209321636,52.0,60.0,56.0,0.52,0.6,0.56,14.161475819003895,12.07580418162394,14.248374796389935,2.038075072218882,0.0412117220852207,mouse655957far682,0.2054905490549055,0.7228622862286229,0.5829882988298832,0
mouse655957,far,402,0.0853724846082904,0.0236921670814628,0.0451637539390582,4.632849025224148,4.162139268088473,4.455799546645153,0.2387129623530624,0.1769527737324426,0.1981907908418743,875.0,1081.0,1007.0,8.75,10.81,10.07,14.161475819003895,12.07580418162394,14.248374796389935,2.038075072218882,0.0178286677643474,mouse655957far402,0.2297929792979298,0.5970297029702971,0.3542754275427544,0
mouse655957,far,401,0.0762332076106963,0.0780059660969239,0.04473629490166701,4.419927138024514,4.569632621573929,4.269659967620971,0.1871420675931349,0.2131109098325226,0.1398432302254381,2587.0,1484.0,2531.0,25.87,14.84,25.310000000000002,14.161475819003895,12.07580418162394,14.248374796389935,2.038075072218882,0.0551810849599778,mouse655957far401,0.2246624662466246,0.6264626462646267,0.4425742574257424,0
mouse655957,far,406,0.1497354055843663,0.032037038557839,0.0630454736354891,4.36387510686119,4.916867514231028,3.5437860079272783,0.3615943565847485,0.2834159679258871,0.2987724757709778,175.0,195.0,219.0,1.75,1.95,2.19,13.034816607639101,11.403831262118466,12.77613069576893,2.053350919838107,0.0200770775637755,mouse655957far406,0.200900090009001,0.6143114311431144,0.3553555355535555,0
mouse655957,far,405,0.0851181419997283,0.0545926147552978,0.0736307535858765,4.419383157617084,4.412900383343376,4.5352044038046895,0.1821292974047076,0.1787046994026378,0.1783848259758478,2084.0,1746.0,1905.0,20.84,17.46,19.05,13.034816607639101,11.403831262118466,12.77613069576893,2.053350919838107,0.0215257459609515,mouse655957far405,0.2511251125112512,0.6275427542754277,0.4112511251125114,0
mouse655957,far,407,0.0994222703810245,0.0641825780176287,0.0622722617010595,4.644905033359867,4.86752495887531,4.2577630241397575,0.3186429957362293,0.2368501824944086,0.2363676904741401,304.0,547.0,488.0,3.04,5.47,4.88,11.427272030834875,10.369691415216833,11.423582559556793,2.0556325060671714,0.015845422013258,mouse655957far407,0.1925292529252925,0.6245724572457247,0.3604860486048605,0
mouse655957,far,412,0.0337507332907665,0.0202709663870939,0.0236541333036217,4.788637119712992,3.831880156242762,4.936852879083177,0.1624333145966676,0.15190445208032502,0.1428570122846443,1283.0,1195.0,1342.0,12.83,11.950000000000001,13.42,12.530863754761677,10.997774311336636,12.334486864747007,2.0556325060671714,0.0200785369090397,mouse655957far412,0.24194419441944195,0.6437443744374439,0.3912691269126912,0
mouse655957,far,408,0.0436792727634327,0.0705802182069223,0.0582019984587864,5.294453012695441,3.7698302431868655,3.883833076542967,0.3876837284260251,0.305520780427498,0.3442938555957617,120.0,240.0,162.0,1.2,2.4,1.62,12.125524844364069,10.910441774918564,12.091842138528097,2.0556325060671714,0.0582982773123453,mouse655957far408,0.2122412241224122,0.6278127812781279,0.4385238523852387,0
mouse655957,far,411,0.0348026339719822,0.0337527629379438,0.0456164529340786,1.5994078951587245,4.115602240422399,3.4624101834020427,0.2240886468137099,0.2140703958523025,0.2683861547181463,445.0,333.0,624.0,4.45,3.33,6.24,12.125524844364069,10.910441774918564,12.091842138528097,2.0556325060671714,0.0564930932305105,mouse655957far411,0.1871287128712871,0.7976597659765977,0.3726372637263725,0
mouse655957,far,421,0.1212747146747223,0.08538225227745401,0.1368371961810352,0.1474910792726818,3.8646489660638834,2.6668812912282522,0.4092817869289301,0.4577690365381883,0.5146707215842117,102.0,58.0,81.0,1.02,0.58,0.81,12.125524844364069,10.910441774918564,12.091842138528097,2.0556325060671714,0.0138024860393477,mouse655957far421,0.1830783078307831,0.6016201620162017,0.3442844284428443,0
mouse655957,far,416,0.0489416842434412,0.0703410063117676,0.0811474429953295,1.9180562890553519,1.9003072744119889,4.390864941796757,0.2655031779265281,0.35028066528728097,0.2781901119732184,358.0,168.0,432.0,3.58,1.68,4.32,12.125524844364069,10.910441774918564,12.091842138528097,2.0556325060671714,0.0158842577688221,mouse655957far416,0.1590459045904591,0.8781278127812782,0.4082808280828086,0
mouse655957,far,418,0.0752131801776809,0.0699160026039291,0.0404887150691989,4.7821341971946465,4.570272932365903,4.4222320623219735,0.2216792918274131,0.2579274009970878,0.2156543366499702,798.0,617.0,506.0,7.98,6.17,5.0600000000000005,12.633769077805214,11.257281376831727,12.476299971268576,2.0582152462752776,0.0247982724902315,mouse655957far418,0.2168316831683168,0.6180918091809181,0.3774977497749777,0
mouse655957,far,419,0.0435394664385068,0.0587280556018766,0.0573072232494409,2.767096273758039,0.5739480656550484,3.1017931935010616,0.3820411443395613,0.4202233450891463,0.3874164449356925,132.0,104.0,137.0,1.32,1.04,1.37,12.633769077805214,11.257281376831727,12.476299971268576,2.0582152462752776,0.0207566484170914,mouse655957far419,0.1703870387038705,0.7806480648064807,0.4128712871287129,0
mouse655957,far,422,0.0889664126307832,0.0490842855657626,0.0573099204606612,3.459475395991593,3.6455154042611153,5.141020731527787,0.3997464294095419,0.3769434882907197,0.3661528003186907,133.0,150.0,126.0,1.33,1.5,1.26,11.522253412544513,10.260568687078104,11.400022187547586,2.0582152462752776,0.0339908784628138,mouse655957far422,0.2125112511251126,0.6132313231323132,0.394779477947795,0
mouse655957,far,684,0.0403346218549392,0.0623287195485622,0.0865039847144114,4.464614543812937,4.70122808781945,5.042633460464908,0.2227733854383456,0.2731197402667276,0.2706004742590388,568.0,391.0,635.0,5.68,3.91,6.3500000000000005,11.522253412544513,10.260568687078104,11.400022187547586,2.0582152462752776,0.0141134926286816,mouse655957far684,0.2387038703870386,0.6062106210621063,0.3893789378937896,0
mouse655957,far,423,0.1095151483895746,0.036531184916231,0.020343696865739,4.762894941267659,2.249930156330811,5.846961584860897,0.3202360377452967,0.3207447636394979,0.2415211941833565,237.0,189.0,284.0,2.37,1.8900000000000001,2.84,11.522253412544513,10.260568687078104,11.400022187547586,2.0582152462752776,0.0259839902506948,mouse655957far423,0.2373537353735374,0.632943294329433,0.3645364536453644,0
mouse655957,far,426,0.0454445598702508,0.0475594871797621,0.0983768675086275,4.971461310571018,2.2892348802645,5.8488891838812505,0.3662898372097472,0.3068091561154104,0.4053845035341686,153.0,201.0,202.0,1.53,2.0100000000000002,2.02,14.133857403529037,13.065196313727036,13.84957326221566,2.061098008344096,0.0234197822715925,mouse655957far426,0.1801080108010802,0.5802880288028803,0.2908190819081908,0
mouse655957,far,428,0.0760930750464783,0.033722124923031005,0.0551421080185822,4.422721982225654,4.5518188984913515,4.6088144262738115,0.275993105567306,0.2175309703051205,0.2271952260509165,385.0,654.0,499.0,3.85,6.54,4.99,14.133857403529037,13.065196313727036,13.84957326221566,2.061098008344096,0.0223927111712121,mouse655957far428,0.1547254725472547,0.5773177317731774,0.3129612961296131,0
mouse655957,far,430,0.0286753055519862,0.0798390418565454,0.0930283392935691,3.0680495119390594,6.100736702214321,5.369944310771398,0.2867301014296396,0.3648389676617188,0.37493196495646997,235.0,187.0,199.0,2.35,1.87,1.99,12.476133759952454,11.305517236151967,12.321533220961332,2.061098008344096,0.0152917497139415,mouse655957far430,0.1776777677767776,0.7134113411341134,0.3491449144914492,0
mouse655957,far,433,0.0499796106514869,0.07348671946633999,0.1056787650653498,5.442144007809817,5.035915765540926,3.766767750861257,0.2672503777868363,0.2869298094819693,0.2872122399526038,404.0,400.0,360.0,4.04,4.0,3.6,14.87071592297198,13.68518650008333,14.609508612982474,2.0642795353343018,0.0076120431393465,mouse655957far433,0.1379837983798381,0.6102610261026103,0.2848784878487849,0
mouse655957,far,434,0.068832558553855,0.0304446772249683,0.0450406040453679,4.609467362649974,4.886429226785639,4.321366760353516,0.2350781846718795,0.1965983348775052,0.2127921766261844,790.0,762.0,736.0,7.9,7.62,7.36,11.82224800498662,10.728034264696603,11.640373097225366,2.0642795353343018,0.0235689535284248,mouse655957far434,0.2405940594059405,0.6099909990999101,0.3799279927992801,0
mouse655957,far,688,0.0721021944439922,0.1397708665293074,0.2667321848099021,4.588055471537558,4.160258552270475,4.66484399657632,0.4585434257123948,0.4309195395616944,0.5524205683097738,74.0,100.0,68.0,0.74,1.0,0.68,11.82224800498662,10.728034264696603,11.640373097225366,2.0642795353343018,0.0720353613279874,mouse655957far688,0.2268226822682267,0.56003600360036,0.3531953195319532,0
mouse655957,far,689,0.0997833003978303,0.0266890011964041,0.0671916582763039,6.077574869738128,4.711155039055692,3.2083580469890536,0.34571414608480394,0.3164002540619421,0.3514654277709442,193.0,161.0,198.0,1.93,1.61,1.98,11.82224800498662,10.728034264696603,11.640373097225366,2.0642795353343018,0.0470509994256409,mouse655957far689,0.2341134113411341,0.6475247524752477,0.3610261026102611,0
mouse655957,far,437,0.0715184210699757,0.0487341790755187,0.0540884824223396,4.949211493221047,4.979473703335059,4.662583909368583,0.1810351567470493,0.1532335028572178,0.1627791361009768,2679.0,2561.0,2597.0,26.79,25.61,25.97,13.667872914035632,12.87310127865997,13.346863273002885,2.0642795353343018,0.0226762219354072,mouse655957far437,0.1895589558955895,0.4744374437443744,0.3216021602160217,0
mouse655957,far,447,0.0592936098179713,0.0622649780120429,0.0634938431285004,4.1518985170423806,4.67288714709178,3.970003930072542,0.2478864159189137,0.3004292111524145,0.2347018072176787,427.0,274.0,496.0,4.2700000000000005,2.74,4.96,13.667872914035632,12.87310127865997,13.346863273002885,2.0642795353343018,0.0289004949032856,mouse655957far447,0.3056705670567057,0.7026102610261028,0.4026102610261027,0
mouse655957,far,443,0.0294216453525596,0.0478929816296485,0.0211877102645933,4.03519225665468,4.003291725656194,5.017651700318632,0.2171685758008708,0.2073091481808443,0.201433808530153,667.0,787.0,709.0,6.67,7.87,7.09,12.014275352253554,10.906497192797438,11.899408493165472,2.050762053481584,0.0196853772273983,mouse655957far443,0.1968496849684968,0.5821782178217823,0.3305130513051306,0
mouse655957,far,441,0.0554300988096727,0.1406391230600669,0.025466752485293002,5.954343070638815,4.490818298011804,5.280037451413113,0.2867192759755706,0.4119484969941708,0.2581809409307576,300.0,213.0,324.0,3.0,2.13,3.24,12.014275352253554,10.906497192797438,11.899408493165472,2.050762053481584,0.0478578611828418,mouse655957far441,0.2095409540954095,0.5486948694869488,0.4128712871287131,0
mouse655957,far,442,0.0624916140893989,0.0924247020018639,0.0880098591501171,4.889740510188793,4.119343731646889,4.566032374954639,0.20315045437019397,0.2513358696479958,0.2176885992348694,832.0,590.0,929.0,8.32,5.9,9.290000000000001,12.014275352253554,10.906497192797438,11.899408493165472,2.050762053481584,0.0221082321471128,mouse655957far442,0.1871287128712871,0.5694869486948696,0.3472547254725473,0
mouse655957,far,444,0.093798437362802,0.0354107430208902,0.1020484570118369,5.428488874783783,4.4986984715358185,5.347349593333826,0.2915353765095572,0.2757358392776484,0.30412760273312,419.0,359.0,317.0,4.19,3.59,3.17,12.014275352253554,10.906497192797438,11.899408493165472,2.050762053481584,0.0247531838832426,mouse655957far444,0.2751575157515752,0.6974797479747976,0.3639963996399639,0
mouse655957,far,445,0.0508474142069774,0.0257341150720258,0.0488655689008035,5.599730395151662,3.509923991031855,3.9383371077585734,0.2114450536087251,0.2010061523911456,0.2365384114315817,609.0,649.0,488.0,6.09,6.49,4.88,12.014275352253554,10.906497192797438,11.899408493165472,2.050762053481584,0.0200992919043914,mouse655957far445,0.2427542754275428,0.7212421242124214,0.3237623762376237,0
mouse655957,far,438,0.0693922951886212,0.0749691257085045,0.05636540031283001,4.362315639565772,4.0728143205942136,4.262649718536485,0.188838806905269,0.2261325032978967,0.1775922315520786,2294.0,1730.0,2002.0,22.94,17.3,20.02,12.372728351229114,11.475809774600894,12.294467904689338,2.050762053481584,0.0205767673791715,mouse655957far438,0.2165616561656165,0.6297029702970298,0.4080108010801079,0
mouse655957,far,446,0.0983380059152849,0.0864808580918408,0.0624252651698661,4.057519710749945,4.423002184600369,4.581870689701108,0.4139832667413449,0.4250770350031212,0.3310327990458168,158.0,95.0,261.0,1.58,0.9500000000000001,2.61,12.372728351229114,11.475809774600894,12.294467904689338,2.050762053481584,0.0433363485572673,mouse655957far446,0.1506750675067507,0.5832583258325833,0.3172817281728173,0
mouse655957,far,448,0.028772692494978998,0.0377894884897784,0.0467360542105138,3.3647516069074332,3.0547035562826053,5.929271523830223,0.2458421815178751,0.3119627300361581,0.27280042615834,484.0,234.0,362.0,4.84,2.34,3.62,12.372728351229114,11.475809774600894,12.294467904689338,2.050762053481584,0.0242605892968642,mouse655957far448,0.1358235823582358,0.7023402340234025,0.4574257425742573,0
mouse655957,far,455,0.0515978432482913,0.05757557435805201,0.0670229390861701,4.7827280634643445,4.75254127311793,4.88093659802025,0.2218787574602463,0.2397193180523048,0.2590312269005822,458.0,548.0,533.0,4.58,5.48,5.33,12.372728351229114,11.475809774600894,12.294467904689338,2.050762053481584,0.0134475112535801,mouse655957far455,0.1636363636363635,0.6718271827182719,0.3548154815481547,0
mouse655957,far,454,0.0229840807004593,0.0271193837685987,0.0367214341601927,4.161996203842287,4.8918470755775925,4.373157648387301,0.1862990769430525,0.1948653255805861,0.1993117152702254,843.0,677.0,791.0,8.43,6.7700000000000005,7.91,11.906805152710076,10.763217347015466,11.814999904660892,2.054872258803452,0.0204343116618539,mouse655957far454,0.23006300630063,0.6126912691269126,0.3715571557155716,0
mouse655957,far,463,0.0874430847654013,0.1069829347007056,0.0994982884172659,4.3570202334686785,4.251075248271191,4.301461517874295,0.2412086565282497,0.27000810171100303,0.2774717382565811,770.0,569.0,873.0,7.7,5.69,8.73,11.771464311901047,10.67093984384942,11.587276512325378,2.0727397328174133,0.0145682032953294,mouse655957far463,0.2154815481548155,0.5910891089108912,0.3718271827182718,0
mouse655957,far,694,0.0979545237866208,0.0871337941636833,0.2090854394025026,4.949920426275039,2.4402750197160956,4.228428225608114,0.4305789839353599,0.512032077797545,0.5553925515618139,74.0,60.0,78.0,0.74,0.6,0.78,11.771464311901047,10.67093984384942,11.587276512325378,2.0727397328174133,0.0677878533434546,mouse655957far694,0.1828082808280828,0.6351035103510353,0.3602160216021602,0
mouse655957,far,460,0.0506305368009544,0.0400314858954898,0.0399968897988438,5.270633924136498,3.3110683568002903,4.4916137393637365,0.1939170866564332,0.2476934370547536,0.2162540753140411,927.0,520.0,906.0,9.27,5.2,9.06,10.344635339375575,9.947780786311977,10.389051705331957,2.0727397328174133,0.0195039534448676,mouse655957far460,0.1450045004500449,0.2886588658865886,0.1917191719171918,1
mouse655957,far,459,0.0502699784143501,0.0407305455792549,0.0391023166470971,4.08477367164117,4.662062876157131,4.549454387297006,0.2037925534079744,0.1555138537572504,0.1407434480239889,1275.0,1401.0,1360.0,12.75,14.01,13.6,10.344635339375575,9.947780786311977,10.389051705331957,2.0727397328174133,0.0189665612246252,mouse655957far459,0.2211521152115212,0.6450945094509452,0.3226822682268225,0
mouse655957,far,458,0.052214035836582,0.0688084413885866,0.0769318806275005,4.2754562837653864,4.3014433205923845,4.441029933685686,0.1639628095719542,0.1776792054445474,0.2020128541770799,2045.0,1744.0,1782.0,20.45,17.44,17.82,11.098594977601492,10.392927002080194,11.02046297727922,2.0727397328174133,0.0136901309750317,mouse655957far458,0.2017101710171017,0.5154815481548156,0.3394239423942395,0
mouse655957,far,462,0.0555105461147035,0.06032935776142599,0.0722310548257755,4.712745381919757,4.488308318847494,4.4826782994151095,0.2512448403641589,0.2440911703322396,0.3006986947555211,583.0,431.0,331.0,5.83,4.3100000000000005,3.31,11.299767037234275,10.557687159015828,11.175430266880259,2.0774082410542234,0.029248037303242,mouse655957far462,0.2289828982898289,0.5716471647164718,0.3850585058505851,0
mouse655957,far,464,0.0709237292061388,0.1439211542010236,0.0656789104569695,4.380252190200713,4.981840695500366,5.418978976525709,0.2732525199524461,0.3538778841839903,0.2687335157640403,391.0,191.0,418.0,3.91,1.9100000000000001,4.18,11.299767037234275,10.557687159015828,11.175430266880259,2.0774082410542234,0.0215661314244223,mouse655957far464,0.1776777677767776,0.5616561656165616,0.3202520252025203,0
mouse655957,far,465,0.0396103706870492,0.0475827929470219,0.0423823537798947,4.697849868909738,4.679884304217215,4.53673027856498,0.1650048649671028,0.2149182947843831,0.2085738619931979,1312.0,642.0,1008.0,13.120000000000001,6.42,10.08,11.299767037234275,10.557687159015828,11.175430266880259,2.0774082410542234,0.0163473343788843,mouse655957far465,0.1377137713771378,0.2362736273627363,0.1952295229522952,1
mouse655957,far,466,0.0836234276734037,0.0912008774297659,0.0783138531596205,4.867771583728895,3.7333136454265485,4.30843921985389,0.3782314482121701,0.3972655209194041,0.4533637153416409,116.0,120.0,121.0,1.16,1.2,1.21,11.299767037234275,10.557687159015828,11.175430266880259,2.0774082410542234,0.0240673111591004,mouse655957far466,0.2154815481548155,0.6564356435643565,0.4371737173717375,0
mouse655957,far,467,0.0645687472165973,0.0604155540929125,0.07848268990853301,4.678244168292818,4.4412144574575665,4.931678397100792,0.3030025266897667,0.28290918101953005,0.265784223351676,347.0,309.0,438.0,3.47,3.09,4.38,11.299767037234275,10.557687159015828,11.175430266880259,2.0774082410542234,0.0154728588465849,mouse655957far467,0.2044104410441044,0.6045904590459048,0.3715571557155716,0
mouse655957,far,469,0.1110793262225129,0.1783985112956378,0.2427501893372247,3.427161695870236,2.5997736852675337,3.0577086796057724,0.4973517767224221,0.5160798055052573,0.5818632221634948,54.0,52.0,47.0,0.54,0.52,0.47000000000000003,8.877114670444865,9.028630754827976,8.927355528129468,2.08236644229588,0.0302541404967906,mouse655957far469,0.1479747974797479,0.4493249324932493,0.4647164716471648,0
mouse655957,far,472,0.0328390776001718,0.0337987314838896,0.0446035770688226,3.99176691782254,4.872687069264306,3.7210782341798847,0.1783367642277885,0.1669234080244874,0.1756015100877166,1161.0,1065.0,1024.0,11.61,10.65,10.24,10.075683054148048,9.695413207290311,9.892899159608776,2.08236644229588,0.0062690411662794,mouse655957far472,0.2395139513951396,0.5797479747974799,0.3626462646264627,0
mouse655957,far,473,0.1129417570597233,0.0546127045255987,0.0962948098716495,0.3122063217507423,0.7407469424678974,2.245207942015986,0.4055533003705023,0.4074907985143861,0.365973197520193,98.0,98.0,186.0,0.98,0.98,1.86,10.075683054148048,9.695413207290311,9.892899159608776,2.08236644229588,0.0293671163591374,mouse655957far473,0.1798379837983799,0.7320432043204322,0.4547254725472546,0
mouse655957,far,474,0.085439002977268,0.1054881880029948,0.0798345614618557,5.508843058416343,4.961052419048718,4.707342569177976,0.2725275697023993,0.2720161419020083,0.2411126154107922,342.0,438.0,452.0,3.42,4.38,4.5200000000000005,9.898806354658893,9.717141789573567,9.810883834916117,2.0876122724299164,0.0285634498219407,mouse655957far474,0.2527452745274529,0.6561656165616564,0.4163816381638164,0
mouse655957,far,476,0.0409850829878125,0.075654190734496,0.0281211329311757,4.885924599200852,4.578928539097074,4.450685971370589,0.2452263262505966,0.3128469286496215,0.2093274688688746,531.0,291.0,534.0,5.3100000000000005,2.91,5.34,9.898806354658893,9.717141789573567,9.810883834916117,2.0876122724299164,0.0243998497405286,mouse655957far476,0.1930693069306931,0.5851485148514852,0.3486048604860488,0
mouse655957,far,478,0.046269808929583,0.0519192118270897,0.0786003521179031,3.247356040585182,3.5415228513020285,1.7019543151608618,0.3436795730262804,0.3162695511202645,0.2906117799517893,167.0,246.0,310.0,1.67,2.46,3.1,8.67007120260351,9.16375414702643,8.608987671928606,2.0673050089428027,0.0124604214566543,mouse655957far478,0.1450045004500451,0.6232223222322234,0.6718271827182719,0
mouse655957,far,495,0.008805121653184,0.0249415640489961,0.0291988093739693,5.198103169639085,4.939337289919205,4.559938073478841,0.1319002076044829,0.1702744428408352,0.1388100276397396,2304.0,1401.0,1856.0,23.04,14.01,18.56,8.856361256670901,10.195507022226368,8.561581704165047,2.111575241377868,0.0300142877692001,mouse655957far495,0.1752475247524753,0.3494149414941494,0.2643564356435643,1
mouse657902,far,24,0.0378615546953129,0.0374307938227298,0.0444109596065362,2.2218725101875747,5.098873130353266,4.010571127727356,0.1842708155929028,0.151799059717048,0.1602839129939199,810.0,1173.0,1822.0,8.1,11.73,18.22,8.494491637632091,9.534310239575873,10.800424952198279,2.532414855429497,0.0874322341123573,mouse657902far24,0.06804680468046799,0.1609360936093609,0.0807380738073807,1
mouse657902,far,19,0.1197769778803308,0.1763202075414651,0.0867866240568453,1.3429490163397295,0.2107657173832622,3.716827152602045,0.3917588121547362,0.4748647116987683,0.4798752104947895,110.0,115.0,59.0,1.1,1.1500000000000001,0.59,8.494491637632091,9.534310239575873,10.800424952198279,2.532414855429497,0.0365245116662864,mouse657902far19,0.1331233123312331,0.5284428442844284,0.3445544554455446,0
mouse657902,far,22,0.0397597299972801,0.0517283405963283,0.0412321441387376,2.1815267043429127,0.31491134763607,4.4429497895988765,0.3687600311133507,0.3447529174687292,0.2956426504416833,212.0,126.0,178.0,2.12,1.26,1.78,8.494491637632091,9.534310239575873,10.800424952198279,2.532414855429497,0.026571279749607997,mouse657902far22,0.1803780378037804,0.6923492349234924,0.3105310531053106,0
mouse657902,far,23,0.0287238375465705,0.0347106527774961,0.0811492006893028,3.673574776938477,3.4409728978577405,5.7005241799479185,0.2053304901859914,0.2261277785394136,0.3022816860008503,610.0,406.0,352.0,6.1000000000000005,4.0600000000000005,3.52,8.428718673884411,9.41083436722002,10.778773043298518,2.532414855429497,0.0544626057479937,mouse657902far23,0.1892889288928894,0.6534653465346535,0.2900090009000902,0
mouse657902,far,25,0.0372381763959244,0.0137060951270921,0.0289936121064991,5.506025500651977,2.5552496331743355,5.8580928016393745,0.1426889295927364,0.1381069434792575,0.1619035672456433,1265.0,998.0,818.0,12.65,9.98,8.18,8.428718673884411,9.41083436722002,10.778773043298518,2.532414855429497,0.0058624129700049,mouse657902far25,0.1288028802880287,0.2503150315031504,0.22790279027902802,1
mouse657902,far,189,0.1171765208047007,0.1995294941499261,0.2104749749944265,0.6447558472313534,4.03900653738574,1.383613260482777,0.3867837831403103,0.5248762399010359,0.7012154452617251,94.0,76.0,10.0,0.9400000000000001,0.76,0.1,8.417108745020512,9.372715212569485,10.782863000020107,2.5122201336666343,0.0462075282207762,mouse657902far189,0.1914491449144914,0.6953195319531954,0.3828982898289829,0
mouse657902,far,27,0.0203607540061737,0.0310649480741517,0.0546766291577915,0.9026822267798242,1.8902205192464576,3.3004982257370252,0.2011228568590739,0.2158733059641784,0.2128279501682635,718.0,554.0,635.0,7.18,5.54,6.3500000000000005,8.755545938636827,9.737796472295742,11.15758228886325,2.5122201336666343,0.0499938441134757,mouse657902far27,0.3437443744374437,0.6326732673267327,0.3542754275427543,0
mouse657902,far,31,0.0420931469142279,0.0658667975288482,0.0324868023402825,3.2952737264181184,3.169101054317375,0.3376042848280977,0.2479402620084534,0.2190979812032513,0.1970401357162624,432.0,638.0,768.0,4.32,6.38,7.68,8.578964004823336,9.662980425853034,11.008572592107386,2.5113492389550287,0.0203070580805481,mouse657902far31,0.1765976597659766,0.5921692169216923,0.297029702970297,0
mouse657902,far,34,0.0169962386944844,0.0132793207398247,0.029603575346396002,2.3051370635694237,4.876832695454171,4.076522036913332,0.2100566182121285,0.1743517395046874,0.1839448743111492,686.0,883.0,829.0,6.86,8.83,8.290000000000001,8.716038456622545,10.068398373350037,11.134563085181496,2.5107269863527577,0.0376149274251188,mouse657902far34,0.2011701170117011,0.6720972097209722,0.3675067506750674,0
mouse657902,far,35,0.111812667424322,0.2446784624630252,0.0564586286899062,0.3630084392335241,3.703335875070118,4.19068917437442,0.4302432696832926,0.5004297178974151,0.3700281114720429,110.0,78.0,132.0,1.1,0.78,1.32,8.639421290658635,9.90519287722433,10.897972739339357,2.510353560755935,0.0891919713268439,mouse657902far35,0.1968496849684968,0.6750675067506752,0.3126912691269125,0
mouse657902,far,239,0.0572760935239825,0.2109026656397842,0.0470317371281492,6.264837708798398,4.325438706418075,6.138707790625918,0.4811901355463363,0.5241185473449246,0.4211672928754598,91.0,77.0,74.0,0.91,0.77,0.74,8.639421290658635,9.90519287722433,10.897972739339357,2.510353560755935,0.0368725750521164,mouse657902far239,0.1760576057605761,0.6159315931593159,0.3121512151215122,0
mouse657902,far,250,0.0302569562337084,0.0283242729635593,0.0284686477119546,3.3718598643481563,4.3859579962985045,3.1733928439859365,0.2016415203123258,0.18114339719548003,0.1788707152486698,639.0,736.0,855.0,6.390000000000001,7.36,8.55,8.639421290658635,9.90519287722433,10.897972739339357,2.510353560755935,0.0186473088180048,mouse657902far250,0.1976597659765977,0.6191719171917193,0.2505850585058506,0
mouse657902,far,191,0.0349704879061285,0.0945961581183904,0.0535209755418536,3.19847623190687,4.938384849516401,0.5698065045287849,0.2356976944127131,0.2838343917742081,0.2244614820171216,461.0,370.0,470.0,4.61,3.7,4.7,8.737968276685736,10.384391495490561,11.105348158722887,2.510353560755935,0.0399746370214007,mouse657902far191,0.1601260126012601,0.6224122412241224,0.3024302430243026,0
mouse657902,far,36,0.1065974134925302,0.1767470458984011,0.0922698738828583,3.199355387537936,5.2262035743788635,1.8794111304307968,0.4520583053782042,0.4670995481265363,0.4164450146699983,120.0,76.0,76.0,1.2,0.76,0.76,8.737968276685736,10.384391495490561,11.105348158722887,2.510353560755935,0.0278934644419482,mouse657902far36,0.1728172817281728,0.5133213321332133,0.2813681368136815,0
mouse657902,far,38,0.1793785557074354,0.0808280740771727,0.0313748457810144,2.8858078123863584,2.7247874832079724,5.183936057410607,0.4388336630407055,0.3752851330703319,0.3971549552737529,125.0,88.0,78.0,1.25,0.88,0.78,8.525865961861077,10.14434454008092,11.014096739065923,2.492614089665707,0.0685151883939452,mouse657902far38,0.2203420342034203,0.8808280828082808,0.37290729072907297,0
mouse657902,far,39,0.043850833438502,0.0181787594111333,0.031431037279148,2.780243982093895,3.9976541849959792,1.7044639726930144,0.2628491594642773,0.1899454881303542,0.2389649456995782,365.0,543.0,683.0,3.65,5.43,6.83,8.649381543219175,10.2879055897516,11.126770990198322,2.492739456902787,0.0336617971066715,mouse657902far39,0.17200720072007197,0.5937893789378939,0.2767776777677768,0
mouse657902,far,41,0.0144309531626845,0.016050995140768,0.0213778477404007,1.737212913988458,4.534333721564316,2.8206280910861308,0.1632309604766249,0.167846311805995,0.1663443272471139,1069.0,1110.0,1349.0,10.69,11.1,13.49,9.109224231997704,11.034584545517992,11.432031577850296,2.492739456902787,0.02694990040343,mouse657902far41,0.1639063906390639,0.5873087308730875,0.295139513951395,0
mouse657902,far,192,0.0218199714325376,0.0138001503682771,0.0271439801293074,2.3509977052569533,3.2884337165651227,5.074371854807524,0.171666748757246,0.1592451744524664,0.2049963433689478,1016.0,1051.0,1297.0,10.16,10.51,12.97,9.109224231997704,11.034584545517992,11.432031577850296,2.492739456902787,0.0176376773570318,mouse657902far192,0.1517551755175518,0.2891989198919892,0.2346534653465346,1
mouse657902,far,43,0.0270764660164303,0.0152198579232981,0.0164765002003274,5.361998849731265,5.265156035104204,6.042606329261904,0.126931976999905,0.1227509311283823,0.1208329114605146,2829.0,2671.0,2600.0,28.29,26.71,26.0,8.750923971007277,10.737185239494424,11.243837036519398,2.492739456902787,0.0204512962612471,mouse657902far43,0.1371737173717372,0.253015301530153,0.2397839783978398,1
mouse657902,far,44,0.0660639163778037,0.0352585632120899,0.1131509253098055,4.27848985563295,0.5132868951475971,4.475178082497782,0.453627039631872,0.4100019560366333,0.4570603709571281,66.0,99.0,79.0,0.66,0.99,0.79,9.254017282594992,11.376222808043885,11.571262844022332,2.4931155207892,0.0226137861461725,mouse657902far44,0.1706570657065707,0.6504950495049505,0.3445544554455445,0
mouse657902,far,193,0.1184682202344533,0.10919034274225001,0.1833341406289493,2.852289249876,3.4271932938337155,5.304928723076406,0.4604527770538969,0.4626802822462385,0.4693282203067675,70.0,103.0,89.0,0.7000000000000001,1.03,0.89,8.95666909049639,11.015720365618368,11.337885404677394,2.4931155207892,0.0766080507570939,mouse657902far193,0.1738973897389739,0.5905490549054907,0.2554455445544554,0
mouse657902,far,47,0.0353693151073692,0.0187939091289086,0.0348673067068065,4.9424382361005526,5.430434999532634,5.243951444128619,0.15649251916129597,0.1331770760680474,0.1219366313285441,3115.0,2822.0,2613.0,31.150000000000002,28.22,26.13,9.210965101217221,11.452049646932778,11.582492565857606,2.4937421679075005,0.0107954642401853,mouse657902far47,0.1747074707470747,0.2592259225922593,0.2411341134113411,1
mouse657902,far,240,0.0821058744878146,0.04408085845774801,0.0281640335777394,4.733464202381144,2.3600807525494965,5.880391032949863,0.3749151731693553,0.3614109796620087,0.3979977694485484,174.0,177.0,134.0,1.74,1.77,1.34,9.501046060523436,12.00231697196154,11.904533607755852,2.494619209418544,0.0522317212460172,mouse657902far240,0.2341134113411341,0.8233123312331234,0.5206120612061208,0
mouse657902,far,56,0.0372581586448291,0.0476614365545745,0.052592116782277,3.1948972424894886,4.545935253797013,3.6449648917024335,0.3016541830017143,0.312220793369144,0.2803282937388636,241.0,195.0,216.0,2.41,1.95,2.16,9.92474092262928,12.56064666694409,12.407810584779089,2.478280654001883,0.0678911414375768,mouse657902far56,0.2095409540954096,0.7495949594959498,0.4914491449144916,0
mouse657902,far,49,0.0619423483957485,0.0259981285103596,0.0349321509093015,3.1678212596567565,3.2885501284031173,0.6977963014904127,0.21833638778992198,0.2292020304735529,0.2288835440801923,681.0,588.0,517.0,6.8100000000000005,5.88,5.17,9.92474092262928,12.56064666694409,12.407810584779089,2.478280654001883,0.0193530953012181,mouse657902far49,0.1822682268226823,0.8052205220522054,0.4117911791179117,0
mouse657902,far,53,0.0170060331442569,0.0098630899637346,0.0177882672987257,3.6041998787515928,1.5204391270559252,3.479690361913641,0.1599173194544872,0.1477514985756972,0.1556741777331364,1050.0,1143.0,1239.0,10.5,11.43,12.39,9.92474092262928,12.56064666694409,12.407810584779089,2.478280654001883,0.0226200683559807,mouse657902far53,0.1401440144014402,0.7036903690369039,0.3899189918991897,0
mouse657902,far,195,0.0255629263663933,0.0873910928731934,0.0955277079263435,6.169672747423857,5.1033696981988435,3.6647910185391073,0.2905077842947411,0.3600435108788485,0.4005474024745922,215.0,165.0,121.0,2.15,1.6500000000000001,1.21,9.549277283861027,12.242862584259464,11.847721300342672,2.478280654001883,0.0681614925439867,mouse657902far195,0.1857785778577857,0.6742574257425743,0.3024302430243025,0
mouse657902,far,55,0.030699494519264,0.0840605652594615,0.0459784983986663,5.528013650228322,5.005917220792792,0.5759024644609411,0.3441584334178623,0.3452585409658289,0.3463019032088206,173.0,153.0,134.0,1.73,1.53,1.34,9.549277283861027,12.242862584259464,11.847721300342672,2.478280654001883,0.0282820466990593,mouse657902far55,0.1709270927092708,0.6972097209720973,0.295949594959496,0
mouse657902,far,54,0.0830135718067654,0.0658286567937895,0.1005284410505135,0.6100093316121987,3.4554375526684487,4.3942064989447145,0.3390732264020333,0.4194018896230065,0.4084801017026775,142.0,86.0,90.0,1.42,0.86,0.9,9.549277283861027,12.242862584259464,11.847721300342672,2.478280654001883,0.039194578731875,mouse657902far54,0.1782178217821781,0.6472547254725473,0.3648064806480647,0
mouse657902,far,57,0.0584044510564243,0.0493733218287266,0.0530217140669961,6.124834584385869,3.1955741177858084,3.428647348044005,0.2679036149530214,0.2832670556591749,0.3517777534477391,309.0,292.0,289.0,3.09,2.92,2.89,9.77914246707086,12.833395635037537,12.226777187402195,2.478280654001883,0.0290858724062307,mouse657902far57,0.1644464446444644,0.7236723672367238,0.3507650765076507,0
mouse657902,far,59,0.0649561888933959,0.152308763679572,0.1045730841945843,2.245994943522725,2.3551530192577257,4.530772076189552,0.3976145767129176,0.5023172901311518,0.5060909872660264,106.0,66.0,70.0,1.06,0.66,0.7000000000000001,9.601729383584297,12.568987278327208,11.901583373721516,2.4796673163954885,0.0501007802704569,mouse657902far59,0.1617461746174617,0.6189018901890191,0.2513951395139515,0
mouse657902,far,197,0.0542967209190171,0.0510271600594567,0.3094181472488073,5.141226652709276,4.778322579612459,4.496093194872659,0.3547258269172363,0.4207352741442922,0.6296270763138342,96.0,80.0,24.0,0.96,0.8,0.24,9.601729383584297,12.568987278327208,11.901583373721516,2.4796673163954885,0.0704373149627882,mouse657902far197,0.1687668766876688,0.6048604860486051,0.2724572457245724,0
mouse657902,far,60,0.0589618711478146,0.0400001185142798,0.038070133257494,1.0050399870957436,4.034793502537503,2.560222477016291,0.2418123621185838,0.2084828039638977,0.2305565257221576,523.0,613.0,540.0,5.23,6.13,5.4,10.0459228009007,13.443496420021964,12.615839994391544,2.4796673163954885,0.0312938177074761,mouse657902far60,0.2022502250225023,0.7161116111611162,0.3224122412241225,0
mouse657902,far,62,0.0278668747047756,0.0357953869883152,0.0204534808576446,6.070011125666945,5.922361027137308,5.309586999620711,0.1186192377639906,0.1213741582022447,0.080396343376969,5346.0,5505.0,5457.0,53.46,55.050000000000004,54.57,9.78293824720187,13.318812213715171,12.323503770728124,2.4992498874662377,0.0077476101462293,mouse657902far62,0.1371737173717372,0.2360036003600359,0.2214221422142215,1
mouse657902,far,63,0.1124359179097198,0.15111940540625102,0.1220055580514458,5.212530141608145,4.325324615266736,4.23265018786978,0.4550790230941107,0.4304352039306994,0.4257869176665567,86.0,101.0,144.0,0.86,1.01,1.44,9.98844066950572,13.86425929124734,12.57615463640587,2.4992498874662377,0.0348567529658712,mouse657902far63,0.1757875787578757,0.594869486948695,0.2927092709270926,0
mouse657902,far,69,0.0674964064551443,0.0968583339568824,0.0156757614749749,5.198175577275406,5.786209274574001,4.960405084958903,0.2330634131499954,0.2763137782152629,0.1794911191686678,604.0,470.0,948.0,6.04,4.7,9.48,10.405174450659203,14.224549894167373,12.943054375025493,2.5011247469888422,0.0225849487254579,mouse657902far69,0.2373537353735374,0.5530153015301531,0.40990099009901004,0
mouse657902,far,68,0.0461266825803399,0.0651600743113851,0.0388070309757057,4.837964013622785,1.5442960103933148,3.6059378576847516,0.2601332827990843,0.2847167017376668,0.2395469810319643,364.0,324.0,504.0,3.64,3.24,5.04,10.405174450659203,14.224549894167373,12.943054375025493,2.5011247469888422,0.0242134365990533,mouse657902far68,0.1639063906390639,0.8373537353735375,0.4868586858685869,0
mouse657902,far,71,0.0918177260319646,0.0486376166940687,0.0139833005805511,2.4450801986904214,2.915697139215676,1.4338888926100024,0.3105773933244292,0.2417206580240679,0.2828634172451622,310.0,380.0,305.0,3.1,3.8000000000000003,3.0500000000000003,9.831217940645406,14.295368450729423,12.286202069514227,2.5032478902417954,0.0550010786845697,mouse657902far71,0.20900090009000896,0.645904590459046,0.3450945094509451,0
mouse657902,far,72,0.0285560356629661,0.0219945699592355,0.0215749971033693,5.079379440742012,5.0881169923215035,5.345523674745288,0.1357730688792099,0.1269652349802041,0.15639710174797197,1785.0,1811.0,1810.0,17.85,18.11,18.1,9.831217940645406,14.295368450729423,12.286202069514227,2.5032478902417954,0.0149455822997927,mouse657902far72,0.1547254725472547,0.2910891089108911,0.3051305130513052,1
mouse657902,far,73,0.0565084834561322,0.0285502300090982,0.0194837503130714,3.371663349343081,4.808343888442144,3.4948342807447417,0.23537107088957002,0.2040316522668211,0.1965009727755822,487.0,650.0,647.0,4.87,6.5,6.47,10.810383124855552,15.343388216450984,13.157558094757668,2.488473427625861,0.0227391752832409,mouse657902far73,0.2071107110711071,0.7420342034203421,0.4393339333933393,0
mouse657902,far,76,0.0771783968865726,0.1138005600999871,0.1051965478346031,4.549419002172896,4.3798078116713235,5.012201260840096,0.3506909054203488,0.3632442918908393,0.3801789602961921,158.0,179.0,118.0,1.58,1.79,1.18,10.445851727610307,15.148104143372324,12.961509065780449,2.488473427625861,0.054532937757473005,mouse657902far76,0.1917191719171918,0.6823582358235826,0.445004500450045,0
mouse657902,far,81,0.0178672653689302,0.0160590177043213,0.0251783576007,4.938795162866752,4.333417480158258,3.5908800959032297,0.1910357092622711,0.2002930848147922,0.1989655928811729,1146.0,734.0,681.0,11.46,7.34,6.8100000000000005,12.308821757399885,17.033180805131348,14.437938685977484,2.493992782667985,0.0285701739411367,mouse657902far81,0.1914491449144915,0.8657065706570658,0.3920792079207923,0
mouse657902,far,79,0.0417350110484389,0.032482584132042004,0.0190317530605062,5.349360651838073,4.419731613806592,4.798705904354527,0.1566611919012469,0.18774347190177,0.1729374759024063,1811.0,1266.0,920.0,18.11,12.66,9.200000000000001,12.308821757399885,17.033180805131348,14.437938685977484,2.493992782667985,0.0132774717898294,mouse657902far79,0.1331233123312332,0.2503150315031504,0.2192619261926192,1
mouse657902,far,82,0.0556553835405006,0.0312724131166881,0.0255318112506531,4.489938844180374,4.862913391830594,5.036964926239159,0.2189467316442033,0.1554805073379104,0.1397415050349851,1176.0,1224.0,1488.0,11.76,12.24,14.88,11.650738136850894,16.79319635371845,14.008763731525752,2.493992782667985,0.0111248938953806,mouse657902far82,0.2214221422142215,0.6396939693969398,0.3837083708370835,0
mouse657904,far,245,0.1432896781815296,0.0453670294509665,0.0300559759842497,0.3308760095716286,6.241651554699707,5.230018613616437,0.5213522340547024,0.2083777577351495,0.3426632305097767,59.0,842.0,182.0,0.59,8.42,1.82,5.6079423793873495,8.561076842479986,5.952473520104103,2.6100766272276377,0.0578965070753601,mouse657904far245,0.2211521152115211,0.5848784878487849,0.3920792079207923,0
mouse657904,far,376,0.0619050052885888,0.0459376578506729,0.1001787741603718,1.3991695428267508,5.0496547907347615,1.6377988838715989,0.3277119084971406,0.2926919173217194,0.3915026880294182,131.0,288.0,99.0,1.31,2.88,0.99,5.2479507908125305,6.839710982030639,5.4868031795348235,2.577547283756401,0.0847406914446929,mouse657904far376,0.1774077407740774,0.6186318631863187,0.429072907290729,0
mouse657904,far,260,0.1188979192326411,0.0254325421321788,0.0245305807939656,4.140133724098123,4.55528063152814,4.921949589304175,0.3081646479535018,0.1742738313345501,0.238272937484623,427.0,885.0,508.0,4.2700000000000005,8.85,5.08,5.3649228816379715,6.3706344178813765,5.493328850095737,2.5579532833888896,0.0405594526181216,mouse657904far260,0.2732673267326733,0.6099909990999101,0.34887488748874895,0
