mouse,probe_position,unitID,VL_pre,VL_stimOn,VL_post,angle_pre_ch15,angle_stimOn_ch15,angle_post_ch15,MMR_Pre,MMR_stimOn,MMR_Post,Nspikes_pre,Nspikes_StimOn,Nspikes_post,Fspikes_pre,Fspikes_StimOn,Fspikes_post,inst_amp_pre_peak_ch,inst_amp_StimOn_peak_ch,inst_amp_post_peak_ch,distance_peakch_stim_tip,error_waveform,universal_ID,waveform_halfwidth,waveform_duration,waveform_REP,cluster
mouse598180,close,260,0.0328730349630121,0.0271203520906342,0.0517771215574112,4.483335487849427,3.0657047922068905,2.8522392206373706,0.263097351024915,0.2386431465320631,0.3239282236702889,307.0,549.0,259.0,3.0700000000000003,5.49,2.59,6.762763191283997,379.7251927455066,6.395308742602117,1.024084957413202,0.0376578569417876,mouse598180close260,0.2000900090009001,0.7655265526552656,0.3429342934293432,0
mouse598180,close,263,0.0488442515300787,0.1260160223912868,0.025820355051917005,2.8253124594872734,2.756474939187786,4.65728360493494,0.2871272842695597,0.2872509209686754,0.2594644742115033,265.0,140.0,422.0,2.65,1.4000000000000001,4.22,6.400924801160495,384.74909008211745,6.045161578022766,1.024084957413202,0.0487644439552016,mouse598180close263,0.2335733573357336,0.661836183618362,0.3315931593159317,0
mouse598180,close,269,0.1369769816223333,0.0524123029256075,0.070809285628295,1.2447531037618773,5.468820119606241,5.337634306649612,0.4186092723300295,0.3054835072607442,0.4829423993012621,154.0,184.0,40.0,1.54,1.84,0.4,6.398912746980662,388.6810396695673,6.061844128078038,1.0059199769365357,0.0657989674364904,mouse598180close269,0.2063006300630063,0.7676867686768677,0.4612061206120615,0
mouse598180,close,273,0.0954181687642572,0.0836420254656192,0.1806658165038522,5.684485973823692,5.789252883538556,2.2305355167999985,0.4154100281801549,0.4674445231754051,0.4304803104500138,125.0,137.0,104.0,1.25,1.37,1.04,6.606533418183103,389.97388344138193,6.2395264025959065,0.9880536422684753,0.0498071702673473,mouse598180close273,0.1714671467146714,0.6604860486048606,0.3081008100810082,0
mouse598180,close,278,0.0316456006786121,0.0312077896481986,0.0216251536646616,3.1253044717367513,5.407127467937137,3.9234286134421814,0.1965553769157583,0.2599540627828625,0.2076388898316721,810.0,474.0,737.0,8.1,4.74,7.37,7.235587274326592,403.2613017748702,6.893366991968309,0.9705024471890836,0.0343394586330218,mouse598180close278,0.1973897389738974,0.7177317731773177,0.3380738073807382,0
mouse598180,close,280,0.0454576539442547,0.0962232725783887,0.0632741110915467,6.265548040837091,0.4056543934879835,1.1768326033356866,0.4190460019459915,0.2880032893432112,0.3570535522120294,77.0,125.0,115.0,0.77,1.25,1.1500000000000001,6.8881491281882905,402.0252064290378,6.490068111768759,0.9490126448051154,0.0499050179352112,mouse598180close280,0.1574257425742574,0.5162916291629163,0.2684068406840685,1
mouse598180,close,283,0.0514201617389936,0.0697999192505129,0.05605789851168799,3.0909606969576067,2.8357058441009166,5.6008440990544415,0.3023381723831908,0.4171069795907601,0.3502490993974931,264.0,190.0,171.0,2.64,1.9000000000000001,1.71,6.832376258011394,409.2962242169652,6.494295021621232,0.9490126448051154,0.0198864232644256,mouse598180close283,0.2381638163816382,0.4493249324932494,0.288928892889289,0
mouse598180,close,291,0.0145063341608669,0.0266213259465359,0.0315059343079673,3.655539652201904,5.9357823555971745,4.09243053482129,0.1095959742562647,0.1232743439434652,0.1357505147126624,3476.0,2734.0,2142.0,34.76,27.34,21.42,7.007156227250644,416.9648499794624,6.581635479629736,0.9154916711800278,0.0238339823881166,mouse598180close291,0.1369036903690369,0.2373537353735373,0.223852385238524,1
mouse598180,close,294,0.0256710524915082,0.1014431791535078,0.0250699275208452,4.537227414725331,3.3053497341026183,4.654294217096392,0.241195825928886,0.2967153044672448,0.1823581848896159,440.0,379.0,759.0,4.4,3.79,7.59,7.76316949659297,424.8800375817301,7.186476340435959,0.9154916711800278,0.0207315419497091,mouse598180close294,0.2000900090009001,0.7271827182718272,0.2711071107110711,0
mouse598180,close,295,0.0553407992090073,0.0230202622304329,0.0431006427201578,4.6178509944763935,3.7644688166868265,4.307404911640175,0.1663498683807145,0.1327435696295167,0.1730653871871477,1814.0,1653.0,1403.0,18.14,16.53,14.030000000000001,7.76316949659297,424.8800375817301,7.186476340435959,0.9154916711800278,0.0266292031650483,mouse598180close295,0.1347434743474347,0.2686768676867688,0.2192619261926192,1
mouse598180,close,296,0.105200759875696,0.1320014375504938,0.0630048141696353,5.584220743955504,5.4794948812907815,0.5469706612135007,0.3390528100434642,0.3171017044559223,0.3660163106421815,188.0,133.0,138.0,1.8800000000000001,1.33,1.3800000000000001,7.3262482635507515,419.87595514093084,6.946794235324184,0.8806957476904268,0.0417702343111888,mouse598180close296,0.1849684968496849,0.5516651665166518,0.3361836183618361,0
mouse598180,close,297,0.0472309958911342,0.0275086342825469,0.050288313725019004,4.792366085638336,5.920582331773256,4.550516409241656,0.181065513054689,0.14242978664852401,0.1878968687808663,1525.0,1323.0,1076.0,15.25,13.23,10.76,7.838638386748847,431.29009351182856,7.314160610805978,0.8806957476904268,0.0514176999111221,mouse598180close297,0.1163816381638164,0.2044104410441044,0.1898289828982898,1
mouse598180,close,304,0.0290600196980526,0.0422998750387207,0.0263319913327521,5.202951549614462,4.604994623812203,2.8108819175913804,0.1959439815638299,0.1674749559361962,0.1799580646790521,696.0,908.0,831.0,6.96,9.08,8.31,7.898433107639514,439.03136038684386,7.212229191516831,0.8645808232895291,0.0464146467460025,mouse598180close304,0.1871287128712871,0.6426642664266428,0.2794779477947795,0
mouse598180,close,311,0.041707490556951,0.0734827870973968,0.0337275371090945,1.7304187479480817,5.634813349755643,3.0207878690074934,0.2513419576495529,0.2911230735037896,0.2463432903032797,738.0,367.0,452.0,7.38,3.67,4.5200000000000005,8.385930889252737,449.1496323478901,7.547185044700366,0.8336666000266533,0.015074308456461,mouse598180close311,0.1841584158415842,0.8052205220522053,0.5624662466246625,0
mouse598180,close,312,0.0310796553567984,0.0222491416980975,0.0692255697355002,5.0291333259907365,6.0164720757692995,5.179985534577103,0.1668964362293224,0.1549299602961852,0.20311731797632798,1339.0,1445.0,1199.0,13.39,14.450000000000001,11.99,8.903818871042073,453.51352220100927,7.9770845496587155,0.8295330011518529,0.0195491633697873,mouse598180close312,0.1374437443744374,0.2287128712871287,0.1973897389738975,1
mouse598180,close,317,0.0231303670174248,0.0947955892096974,0.0291295328505689,0.5709584388486463,1.3691481601570434,0.2141236272605857,0.1712960297462668,0.3253392202043502,0.1990485598967164,986.0,267.0,509.0,9.86,2.67,5.09,8.3809748589732,457.8004756912419,7.600362367229501,0.8147085368400163,0.0463335011870973,mouse598180close317,0.19900990099009902,0.3685868586858687,0.2473447344734474,1
mouse598180,close,316,0.0387586082172812,0.047385418763414,0.0144855896231282,3.2446889540690567,2.286996747528087,4.959056985004028,0.1556987587993641,0.1626180808302857,0.1611860569140499,1364.0,1103.0,1227.0,13.64,11.03,12.27,8.3809748589732,457.8004756912419,7.600362367229501,0.8147085368400163,0.0405778453966684,mouse598180close316,0.1655265526552656,0.5913591359135915,0.3693969396939696,0
mouse598180,close,323,0.0588630866200451,0.0342849136992307,0.0384108074565955,0.2928314649487448,2.3224299789079943,6.2697869980223535,0.1975970025213013,0.1637606086400007,0.1891672975305264,1369.0,526.0,877.0,13.69,5.26,8.77,8.92513680121753,466.836169075678,7.909201621502866,0.8003905296791061,0.0625666428527892,mouse598180close323,0.3243024302430243,0.6189018901890191,0.3305130513051307,0
mouse598180,close,324,0.0534417044175743,0.0423552037690709,0.0255482252626012,5.428110791663676,4.417928498237025,0.5228962660322838,0.2577171720756307,0.3812489385199504,0.3091409392963996,321.0,242.0,361.0,3.21,2.42,3.61,8.92513680121753,466.836169075678,7.909201621502866,0.8003905296791061,0.0557930145310552,mouse598180close324,0.1979297929792979,0.648874887488749,0.396129612961296,0
mouse598180,close,327,0.058511906086016995,0.0488339865999972,0.0917346642189175,5.083349492367947,2.3459332370379675,4.547492592614166,0.2917433275186178,0.2114844740525545,0.5393708841182819,346.0,253.0,38.0,3.46,2.5300000000000002,0.38,10.305262104667973,473.06911644216825,8.87941719994475,0.7866066361276137,0.0760051522279934,mouse598180close327,0.187128712871287,0.582988298829883,0.3837083708370837,0
mouse598180,close,632,0.0452878223021011,0.0848246199011973,0.0207649939393664,5.266584734635437,0.4198873656567841,4.101261899532938,0.2032371965722193,0.2075724530874786,0.2096775712832408,727.0,989.0,547.0,7.2700000000000005,9.89,5.47,10.305262104667973,473.06911644216825,8.87941719994475,0.7866066361276137,0.0380115088562013,mouse598180close632,0.2540954095409541,0.5970297029702971,0.3880288028802879,0
mouse598180,close,329,0.042807651391016,0.0272208555134225,0.0257217945283826,5.07129081863929,5.201996113755691,3.9739985984973263,0.1827472204764653,0.1956298108582442,0.1999884393552921,1107.0,670.0,733.0,11.07,6.7,7.33,9.79609737231522,465.8227444009923,8.558572042703346,0.7866066361276137,0.0448862655310429,mouse598180close329,0.1536453645364537,0.6602160216021603,0.3882988298829882,0
mouse598180,close,337,0.0575223330518963,0.0450826554756527,0.0608990783802464,4.198533664671442,5.261811760116629,4.236549876975921,0.2087941142154742,0.1475310234463114,0.2398003603423353,1014.0,1053.0,765.0,10.14,10.53,7.65,9.843748012780802,472.12392028724213,8.604697656505646,0.760756202735147,0.0472688181978146,mouse598180close337,0.1393339333933393,0.2141314131413141,0.2044104410441044,1
mouse598180,close,340,0.04645027331868701,0.1588791305003183,0.1068626400814192,0.8503729622538887,3.8600421181279225,1.6472566757102856,0.3211953532702811,0.4643460978240393,0.4206150993869316,206.0,110.0,97.0,2.06,1.1,0.97,10.33355333676254,474.5642878778279,8.904796484204239,0.760756202735147,0.0382310702981876,mouse598180close340,0.1617461746174617,0.5773177317731775,0.334023402340234,0
mouse598180,close,343,0.07365677214856599,0.0500596062241338,0.0379885861392569,4.721420349298718,4.49077258672079,4.947525786706857,0.2322349784076839,0.2374427065522612,0.2018958671724759,937.0,696.0,714.0,9.370000000000001,6.96,7.140000000000001,9.962314357036457,480.2807995470626,8.608219091962821,0.760756202735147,0.0208630677213708,mouse598180close343,0.1755175517551755,0.2762376237623762,0.2316831683168316,1
mouse598180,close,351,0.0366932093354496,0.0689454091940466,0.0831019939436783,5.8040020713958524,4.040494469148677,0.7519561372845665,0.3731077614418172,0.290521202661787,0.4106377285020485,116.0,286.0,117.0,1.16,2.86,1.17,11.190452795630287,476.44957478097433,9.498093944552037,0.7487489565935969,0.0391176148380779,mouse598180close351,0.1306930693069308,0.7744374437443746,0.4528352835283528,0
mouse598180,close,355,0.1082647177554987,0.0150030694285173,0.0363810776630885,4.0924777933647185,2.8545667308121163,3.8422161107083053,0.2533504423564701,0.1881368968717882,0.1989040234539271,1470.0,872.0,800.0,14.700000000000001,8.72,8.0,11.566726021146815,471.36507211742105,9.532660916004165,0.7335700375560605,0.055929530362241,mouse598180close355,0.1846984698469846,0.6118811881188121,0.4163816381638164,0
mouse598180,close,642,0.0237211626627991,0.0438611766205797,0.0468521400841293,4.498226319231,2.443392418437235,4.498887798609018,0.1711302244333906,0.2174345707480696,0.1901924569630898,682.0,392.0,811.0,6.82,3.92,8.11,11.135155482063588,473.26969604510134,9.458382972850403,0.7335700375560605,0.0330983934899931,mouse598180close642,0.1517551755175518,0.5765076507650765,0.4298829882988301,0
mouse598180,close,358,0.051268084626447996,0.0767247597100624,0.2093068883788063,2.8135564072378423,0.6959987948876712,4.160814218047028,0.4276709816805089,0.4467523014216629,0.6160919590660494,82.0,75.0,32.0,0.8200000000000001,0.75,0.32,11.135155482063588,473.26969604510134,9.458382972850403,0.7335700375560605,0.0612523155380674,mouse598180close358,0.1522952295229522,0.7015301530153017,0.3364536453645362,0
mouse598180,close,357,0.0347718891872463,0.0688831146667107,0.0623649707326363,4.094957567129099,1.4543643495473837,4.446006873144123,0.1395890621053764,0.2348000239788807,0.1638391699570622,2560.0,1900.0,2236.0,25.6,19.0,22.36,11.135155482063588,473.26969604510134,9.458382972850403,0.7335700375560605,0.0302053945632966,mouse598180close357,0.2419441944194419,0.6016201620162017,0.4180018001800179,0
mouse598180,close,365,0.0503999786708651,0.0524351839801843,0.0381884672146498,4.674233581677869,5.611996584392071,3.943040847944993,0.1459448920230784,0.2248454480274382,0.1901540751500827,1982.0,1508.0,1075.0,19.82,15.08,10.75,12.198385720600276,466.5160558080335,9.438520708084047,0.7228416147400479,0.0603215240706577,mouse598180close365,0.2457245724572457,0.6283528352835285,0.4987398739873986,0
mouse598180,close,363,0.0620391495283536,0.0639956334561047,0.09245257773990899,4.2473746819317855,0.2055859130635088,4.798954626094672,0.27446531857291395,0.2756939949464393,0.4366764364062298,373.0,684.0,127.0,3.73,6.84,1.27,12.198385720600276,466.5160558080335,9.438520708084047,0.7228416147400479,0.0154043591119231,mouse598180close363,0.1512151215121512,0.6237623762376239,0.344824482448245,0
mouse598180,close,362,0.0767361889041778,0.0163491885201871,0.0342901180550526,4.170215963781935,2.1191195525467843,4.489847155557026,0.1877592270254959,0.205779786422888,0.2431740951233626,1321.0,1007.0,531.0,13.21,10.07,5.3100000000000005,12.198385720600276,466.5160558080335,9.438520708084047,0.7228416147400479,0.0270062800593892,mouse598180close362,0.1722772277227723,0.7514851485148515,0.5133213321332136,0
mouse598180,close,643,0.0843392436993804,0.0502099765533757,0.1484139725939466,3.4673877259217827,3.53340736045634,3.7271322988424838,0.3894421872847838,0.2953349645341588,0.3778671262754043,145.0,270.0,160.0,1.45,2.7,1.6,10.98067807270582,468.90547649769513,9.168365075628259,0.7128288714691626,0.0254256960580958,mouse598180close643,0.2071107110711071,0.6664266426642667,0.4458145814581457,0
mouse598180,close,368,0.0207987203101538,0.0159765958271356,0.0472867347011437,3.9956544124794537,1.8142527286768502,3.2043578382584457,0.1350457789675191,0.1425859019823732,0.2002173843599501,1526.0,1497.0,1041.0,15.26,14.97,10.41,11.060942017113662,453.03995571858064,9.142895778959039,0.7035623639735145,0.0301560865689628,mouse598180close368,0.21197119711971202,1.0458145814581459,0.4674167416741674,0
mouse598180,close,648,0.0437895601254856,0.0570394039086505,0.0231662092935259,4.218528163406507,5.212342954231471,5.246503707147607,0.1933705242181411,0.1932650096509241,0.2079912543346318,986.0,743.0,527.0,9.86,7.43,5.2700000000000005,10.569167474533348,460.9327424499058,8.888682282157115,0.7267220926874317,0.0131541332414813,mouse598180close648,0.2894689468946894,0.6491449144914492,0.4614761476147618,0
mouse598180,close,375,0.0540963971352147,0.1060591984249301,0.0313696927775455,5.450196571614648,1.1537806122923802,0.4995977717010994,0.2316579905654244,0.2500565299416376,0.2097172193974996,889.0,662.0,700.0,8.89,6.62,7.0,10.415919255759334,437.6940587472885,8.929988858018337,0.7185053931599957,0.0181086805504996,mouse598180close375,0.1450045004500449,0.3194419441944195,0.3226822682268226,1
mouse598180,close,376,0.0674016113361012,0.0700769728816038,0.0474820324176907,2.5850048094605627,5.251476263189263,2.586923867071482,0.2318184232094481,0.2961829200495047,0.2036028575394855,757.0,910.0,811.0,7.57,9.1,8.11,10.266253230525832,443.35848446132553,8.975009610991977,0.7185053931599957,0.0238367272686306,mouse598180close376,0.1803780378037803,0.7666066606660668,0.4074707470747077,0
mouse598180,close,380,0.0196099455656594,0.0969969521185566,0.0315228386611405,2.790534341439592,3.7658275554518728,4.276624727080384,0.1387881570212055,0.2609403707738875,0.1741351443396148,1435.0,947.0,1059.0,14.35,9.47,10.59,10.266253230525832,443.35848446132553,8.975009610991977,0.7185053931599957,0.0394124964375152,mouse598180close380,0.2616561656165617,0.5235823582358236,1.3385238523852387,0
mouse598180,close,386,0.0652049421048363,0.088870213774032,0.0627028969805197,4.018739070604161,4.253577889792268,4.368075009869019,0.2013034175591908,0.2513471187552054,0.21147848293726002,1671.0,883.0,1043.0,16.71,8.83,10.43,10.332269390595943,425.22391833216295,9.031704068031775,0.7079901129253149,0.0435054939217411,mouse598180close386,0.2079207920792078,0.6715571557155717,0.3799279927992799,0
mouse598180,close,387,0.0588048041856055,0.0652220860171487,0.1040588014839148,4.4215234818685945,1.2274470916247149,2.6426216814347554,0.3727621533102391,0.42016560007895,0.3825836253482835,97.0,83.0,153.0,0.97,0.8300000000000001,1.53,10.80720919831744,419.2676485650475,9.511442403229852,0.7079901129253149,0.0381939145953148,mouse598180close387,0.1495949594959496,0.7441944194419444,0.3226822682268225,0
mouse598180,close,650,0.0881154477755713,0.1105490786885649,0.0822898589387751,3.625724871350482,5.433108045738126,3.1357609497460315,0.3371182421278437,0.411475556149055,0.3303328090086967,178.0,151.0,241.0,1.78,1.51,2.41,10.80720919831744,419.2676485650475,9.511442403229852,0.7079901129253149,0.0802106055326655,mouse598180close650,0.21494149414941502,0.8260126012601261,0.3936993699369938,0
mouse598180,close,391,0.0341906747129152,0.042641206241365,0.0390832569604183,4.555478349276257,6.068800117235138,5.717869735571674,0.2703848936264142,0.2455502525289578,0.2576951309922768,308.0,279.0,270.0,3.08,2.79,2.7,10.310181321572868,420.1873201679802,9.231898992894227,0.7013380069552769,0.0476542982891087,mouse598180close391,0.1474347434743474,0.7169216921692171,0.3407740774077407,0
mouse598180,close,392,0.0671956064541151,0.0124460721168177,0.0514093628028039,3.9589878739070805,1.6602253580574442,4.427447045852997,0.1764198394636283,0.1515492377280603,0.2144874974721382,1409.0,970.0,742.0,14.09,9.700000000000001,7.42,12.607051009014231,422.84617533403116,10.347763209972065,0.7013380069552769,0.0205693775005933,mouse598180close392,0.1566156615661567,0.5829882988298831,0.3780378037803783,0
mouse598180,close,388,0.0590069951476547,0.0061593096936366,0.0683423269149851,3.797298171694338,5.658397132470951,2.8734927267422665,0.2307954028538438,0.2733469755343514,0.2849498356961047,491.0,254.0,390.0,4.91,2.54,3.9,12.607051009014231,422.84617533403116,10.347763209972065,0.7013380069552769,0.0413815047142668,mouse598180close388,0.2087308730873087,0.6027002700270029,0.4082808280828084,0
mouse598180,close,400,0.0853954974689995,0.0493201874097574,0.0690144273491306,4.152946362960122,6.233617731207974,4.456747886970521,0.2110070841327495,0.1485792518473818,0.2097096539220959,1873.0,936.0,1440.0,18.73,9.36,14.4,12.607051009014231,422.84617533403116,10.347763209972065,0.7013380069552769,0.0465458537661915,mouse598180close400,0.2265526552655266,0.6091809180918093,0.3745274527452746,0
mouse598180,close,394,0.1290617698048397,0.2020682477109098,0.1075070125944785,4.289751487232729,5.6642022926791915,4.256027409367308,0.403542240102901,0.3987769838508981,0.2999907706341121,105.0,290.0,372.0,1.05,2.9,3.72,11.130432245307498,397.1770173006665,9.772429019938915,0.7013380069552769,0.0149222102437692,mouse598180close394,0.1811881188118812,0.5284428442844284,0.3264626462646265,0
mouse598180,close,395,0.0423649753712638,0.0613175599072348,0.0416058290666904,4.103691269572068,5.974851772039206,4.255931003061654,0.1798565895317131,0.2491023471821043,0.30008804140204,912.0,364.0,258.0,9.120000000000001,3.64,2.58,11.130432245307498,397.1770173006665,9.772429019938915,0.7013380069552769,0.0223566527477952,mouse598180close395,0.2527452745274527,0.6097209720972099,0.4252925292529254,0
mouse598180,close,396,0.0899093544988775,0.1401245115998221,0.1329778924764976,3.625618830984105,5.758330108613416,0.4719603954435772,0.4288417694076331,0.26051573823683605,0.3684916912682876,90.0,491.0,173.0,0.9,4.91,1.73,11.603444466582472,383.3584220629565,10.051457611130383,0.6955213871621778,0.0218109965107913,mouse598180close396,0.1587758775877588,0.5640864086408642,0.3297029702970298,0
mouse598180,close,397,0.0629116981804643,0.0383371733693153,0.0853483685238277,3.675100490811439,4.902500198768267,3.817772365265984,0.2139593158845443,0.2156291984227037,0.22802187374139,931.0,480.0,689.0,9.31,4.8,6.890000000000001,11.603444466582472,383.3584220629565,10.051457611130383,0.6955213871621778,0.0410621513097009,mouse598180close397,0.2387038703870387,0.5851485148514852,0.3920792079207921,0
mouse598180,close,399,0.0463938988981205,0.0731954073916234,0.048406813708975996,4.837715312054193,5.807420952394312,4.66258281437206,0.1476104643529696,0.2419735251428004,0.1526970918296913,2094.0,1895.0,1974.0,20.94,18.95,19.740000000000002,12.609592531709561,386.86391504969635,11.133544915823972,0.6955213871621778,0.0160073392423339,mouse598180close399,0.1566156615661565,0.6361836183618363,0.3224122412241222,0
mouse598180,close,404,0.03558510213828799,0.0948572740629703,0.1091627527997838,4.074668923469306,5.217749039503291,4.094597021967019,0.2188042404994693,0.2803728203058102,0.3279992678904788,705.0,284.0,260.0,7.05,2.84,2.6,11.638250455959694,345.29963414157766,9.684902190600843,0.6661456297237115,0.027893324992651,mouse598180close404,0.2044104410441044,0.5430243024302431,0.3693969396939693,0
mouse598180,close,408,0.0437248585638571,0.0678109328824203,0.1928933245525357,4.001261227404719,5.9329760517658725,3.6674006325819533,0.2970434558340218,0.5087400368547091,0.5235191816309273,228.0,53.0,64.0,2.2800000000000002,0.53,0.64,11.686579174850028,349.80191030573576,10.207515625436637,0.6619101147436863,0.0246394771977286,mouse598180close408,0.1814581458145815,0.601080108010801,0.3801980198019804,0
mouse598180,close,405,0.0779576318356381,0.1352995918972063,0.026516297746972,4.530403799871059,5.695132315590733,3.9929577698740752,0.2317050740162906,0.3099745817955272,0.2138309497325581,1030.0,769.0,623.0,10.3,7.69,6.23,11.686579174850028,349.80191030573576,10.207515625436637,0.6619101147436863,0.0231763866281444,mouse598180close405,0.1863186318631864,0.564896489648965,0.3766876687668767,0
mouse598180,close,406,0.1058700541345959,0.0428178081065521,0.0626811796764892,3.8987735305447595,4.567962814263943,4.145403832861098,0.2506844825201458,0.1958434870660042,0.1925154350423299,764.0,1078.0,1363.0,7.640000000000001,10.78,13.63,11.686579174850028,349.80191030573576,10.207515625436637,0.6619101147436863,0.026978817375137996,mouse598180close406,0.1863186318631864,0.6113411341134113,0.3796579657965798,0
mouse598180,close,407,0.0826865441166211,0.0798561666581536,0.1787579198457202,4.954483615409288,4.5533278279939084,3.9354495537877776,0.2553828849449974,0.3219456186003102,0.3943278765395779,642.0,602.0,280.0,6.42,6.0200000000000005,2.8000000000000003,11.686579174850028,349.80191030573576,10.207515625436637,0.6619101147436863,0.0291044335577751,mouse598180close407,0.1587758775877588,0.4671467146714673,0.3108010801080108,1
mouse598180,close,411,0.0632937954315146,0.0420082686615378,0.0910413123035927,4.209487276259607,5.5214346359476085,4.1142923138537775,0.1942255077457448,0.2122699491280279,0.2145507632454438,1560.0,897.0,1215.0,15.6,8.97,12.15,10.926334852321196,339.21749290481887,9.089231721526748,0.6619101147436863,0.0329117306039877,mouse598180close411,0.17308730873087302,0.6105310531053106,0.3531953195319534,0
mouse598180,close,414,0.0767441998556754,0.1613577805215992,0.1168890681776075,4.046712323674668,5.899815166816137,4.192486605058091,0.2371152448718375,0.3539252473040224,0.3416884962630316,904.0,296.0,341.0,9.040000000000001,2.96,3.41,11.398367988452867,318.48182385860684,9.496992233954098,0.6585969936159746,0.039266452416194995,mouse598180close414,0.1652565256525652,0.5619261926192621,0.3213321332133214,0
mouse598180,close,415,0.1460916165057326,0.0894064591866695,0.1059926286626074,3.1815867815862373,5.485680313839959,1.9493882068367685,0.4145056741533593,0.4518896202677325,0.3564334557779772,207.0,177.0,174.0,2.07,1.77,1.74,10.308506585334195,289.87756645140917,8.6062301229467,0.6585969936159746,0.0291977568210743,mouse598180close415,0.1301530153015301,0.7428442844284429,0.3172817281728174,0
mouse598180,close,652,0.0483429201486645,0.0608852420894316,0.07548900622812202,2.000433109986839,1.5001574436006824,2.4889638373687863,0.2439101415601002,0.2656673169748798,0.259171199086847,470.0,314.0,509.0,4.7,3.14,5.09,10.004911782689113,287.8902103513456,8.854322343538103,0.6585969936159746,0.0339165699484471,mouse598180close652,0.1285328532853284,0.7112511251125114,0.264896489648965,0
mouse598180,close,417,0.1007091752509938,0.0902165115878082,0.0654161367147207,4.121184062837404,5.108001435105103,4.14871885173881,0.2517045753436115,0.3365350917180387,0.2634437019545682,567.0,321.0,662.0,5.67,3.21,6.62,10.004911782689113,287.8902103513456,8.854322343538103,0.6585969936159746,0.0280372873761268,mouse598180close417,0.16795679567956798,0.5343834383438345,0.2883888388838884,0
mouse598180,close,422,0.0432495579404971,0.08582039233871,0.0758369464140572,5.3464344679556035,5.763611133452897,4.526354368409176,0.2259312569818223,0.3998272273256479,0.2685893983605447,676.0,249.0,375.0,6.76,2.49,3.75,8.580977951218305,220.95321594434282,7.694732669754634,0.6523994175349945,0.0361975906618089,mouse598180close422,0.2335733573357336,0.6286228622862287,0.3958595859585959,0
mouse598180,close,423,0.0279992709245937,0.0265333856686712,0.0736507110842423,1.5153033770716118,1.6223190521578204,0.9447314183143164,0.2166316673931949,0.3920154582624167,0.370712007449282,459.0,120.0,167.0,4.59,1.2,1.67,8.887421541188086,218.34202963670188,8.246378611540433,0.6523994175349945,0.0387310146367307,mouse598180close423,0.146084608460846,0.7217821782178219,0.4549954995499551,0
mouse598180,close,424,0.0702109976118701,0.0686589627501123,0.0795044933262083,5.322984786198683,6.123721052857679,5.203288603660828,0.1852378970352112,0.1620160336848383,0.2026491208695052,2418.0,1343.0,2993.0,24.18,13.43,29.93,8.887421541188086,218.34202963670188,8.246378611540433,0.6523994175349945,0.0482368519530283,mouse598180close424,0.1331233123312332,0.2257425742574257,0.187938793879388,1
mouse598180,close,425,0.0356497041851661,0.1403063736493384,0.1412786235128352,3.221808982571852,5.575795129199459,4.3778903000558795,0.2313346166691137,0.3851449890137601,0.4347444863137383,560.0,355.0,129.0,5.6000000000000005,3.5500000000000003,1.29,8.887421541188086,218.34202963670188,8.246378611540433,0.6523994175349945,0.0250123221464396,mouse598180close425,0.2006300630063006,0.5886588658865888,0.3861386138613859,0
mouse598180,close,430,0.1383772866248057,0.2717484963288403,0.0619211001559868,3.9679135430780663,5.892764380187413,0.5847949996160512,0.4033297338283611,0.5356139205946125,0.3106409925297798,157.0,510.0,242.0,1.57,5.1000000000000005,2.42,8.175460601823394,177.27907907365972,7.702561640743622,0.651920240520265,0.0210248025214103,mouse598180close430,0.1417641764176417,0.6982898289828984,0.3086408640864085,0
mouse598180,close,436,0.0502975493407365,0.0431043422210628,0.0453286808020802,3.4027600372549465,5.0295861772139085,4.4612522230500975,0.3175986683028249,0.3876836833381272,0.2391470302831132,237.0,114.0,338.0,2.37,1.1400000000000001,3.38,7.759230858923623,130.89610808430376,7.6983805623335675,0.6523994175349945,0.0582811387533844,mouse598180close436,0.1698469846984699,0.5840684068406843,0.3232223222322232,0
mouse598180,close,437,0.0583816812030974,0.0616874229160302,0.0215805466148688,3.5229323831263795,6.053353771537709,4.069263060070641,0.3036405306062828,0.2764251903257532,0.2209057826164069,267.0,621.0,698.0,2.67,6.21,6.98,7.759230858923623,130.89610808430376,7.6983805623335675,0.6523994175349945,0.013034929903192,mouse598180close437,0.1887488748874888,0.5754275427542754,0.3224122412241226,0
mouse598180,close,443,0.0189988957847152,0.1499747962501906,0.0533045267587963,1.4934238325853335,0.053918717720502,4.217735485361558,0.1966323738812404,0.3681087762015452,0.2343200494409124,753.0,217.0,607.0,7.53,2.17,6.07,7.114904879558562,116.99887720811356,6.997945432712816,0.6523994175349945,0.0326956707906076,mouse598180close443,0.1949594959495949,0.6086408640864088,0.3051305130513051,0
mouse598180,close,453,0.1129410113997872,0.2197956600191299,0.1415746967402696,6.227775360802487,3.4346313657089222,4.61310953669103,0.4709271308752524,0.5100000337316579,0.4217774373528458,80.0,68.0,100.0,0.8,0.68,1.0,6.721724115976398,61.137375186896016,6.745369161125264,0.6562202374203344,0.0387496015766963,mouse598180close453,0.1684968496849684,0.6734473447344735,0.4285328532853286,0
mouse598180,close,456,0.0271782738084068,0.0767139105239254,0.0352230350922761,4.3648127645291765,4.569145145744806,4.557297802799452,0.2219276706844126,0.3407250813045887,0.2155812053049665,601.0,454.0,559.0,6.01,4.54,5.59,6.540346383418387,103.14623500634093,6.576705985220138,0.659545297913646,0.0267854273640046,mouse598180close456,0.1171917191719171,0.258955895589559,0.2079207920792078,1
mouse598180,close,459,0.0718631229181877,0.1410789697796782,0.0225663783888074,5.4936163512987735,6.0936546043009505,6.077178859221075,0.3231661603726412,0.4080369101620989,0.2322891134132887,272.0,61.0,353.0,2.72,0.61,3.5300000000000002,6.774631973706595,190.2393173003637,6.778637928003678,0.6623820649745885,0.0730206435374094,mouse598180close459,0.1946894689468946,0.6216021602160218,0.3356435643564354,0
mouse598180,close,460,0.0223064794845284,0.0341391575763112,0.0144803686747892,5.700909854020617,2.665847438418255,2.8638137013071114,0.18881540419828302,0.2466173278412263,0.2002656972417985,606.0,284.0,593.0,6.0600000000000005,2.84,5.93,6.774631973706595,190.2393173003637,6.778637928003678,0.6623820649745885,0.0126089131031826,mouse598180close460,0.1776777677767778,0.8025202520252026,0.5149414941494149,0
mouse598180,close,469,0.0882085119994103,0.0362801817855669,0.0634762927119509,5.485068868340184,0.8021718096777678,1.696429764313865,0.3811845346217264,0.3517313864004731,0.3269253229235021,157.0,105.0,170.0,1.57,1.05,1.7,6.30974541643742,324.0374247622858,6.523872793022614,0.6805328794408101,0.0422855988186033,mouse598180close469,0.1325832583258326,0.7072007200720073,0.4209720972097209,0
mouse598180,close,471,0.0276461656033949,0.0477549014993127,0.0310024111378567,4.3830693883149126,4.638877348568652,4.144626637765004,0.1710157306254481,0.273245989216679,0.1450981483273812,1261.0,402.0,1005.0,12.61,4.0200000000000005,10.05,6.30974541643742,324.0374247622858,6.523872793022614,0.6805328794408101,0.0497019043866732,mouse598180close471,0.1795679567956796,0.7479747974797479,0.2702970297029706,0
mouse598180,close,476,0.0623153350724914,0.2053406962352134,0.0467167188753101,2.064849049339549,1.0849810264169235,4.209759060984879,0.3367181329777485,0.4749062743647234,0.2660691406246451,147.0,131.0,359.0,1.47,1.31,3.59,6.030918269961995,353.8088532066652,6.337093841875457,0.6805328794408101,0.0304532099561485,mouse598180close476,0.1242124212421242,0.2308730873087309,0.1771377137713772,1
mouse598180,close,742,0.0696674591580484,0.0995350507501226,0.0375852809050851,1.247296847004752,1.7445856298871718,1.9939886192193887,0.3419254220829267,0.4634374271165653,0.2336937460748949,197.0,85.0,370.0,1.97,0.85,3.7,6.097574453001504,411.7207966891223,6.369412458364023,0.6882949948968102,0.0299746592877492,mouse598180close742,0.1055805580558056,0.7563456345634565,0.3153915391539156,0
mouse598180,close,272,0.0299466940704854,0.1476695241809797,0.194610206065995,2.9116471663474037,4.896890305160813,3.675981660008075,0.326608472495283,0.5478199887097591,0.5248499683765976,209.0,64.0,51.0,2.09,0.64,0.51,6.668285761526668,395.86178843359056,6.320547733158537,0.9880536422684753,0.08565966452889999,mouse598180close272,0.1963096309630962,0.6423942394239425,0.4695769576957697,0
mouse598180,close,325,0.1240413638159509,0.0940053707301635,0.2039893247930778,2.2883612376484295,2.3541880361611702,2.974832674080369,0.4932763491447416,0.3696851681868461,0.5260771336737109,53.0,60.0,42.0,0.53,0.6,0.42,8.92513680121753,466.836169075678,7.909201621502866,0.8003905296791061,0.0502827572237351,mouse598180close325,0.1895589558955895,0.6113411341134114,0.3421242124212422,0
mouse598180,close,412,0.0801547635284416,0.0414918774991501,0.0850883335581898,3.6273580845347637,4.969364062939233,3.8794987281460256,0.2274142334953631,0.336151421575898,0.3197396105734555,762.0,214.0,253.0,7.62,2.14,2.5300000000000002,10.926334852321196,339.21749290481887,9.089231721526748,0.6619101147436863,0.0463113833925526,mouse598180close412,0.2154815481548155,0.8130513051305133,0.6680468046804681,0
mouse598180,close,462,0.05295263835643901,0.0636855164640544,0.08710551302284102,2.461622947236665,0.3845976844762227,3.8779944102974397,0.2387660539964456,0.2771346709863108,0.3030418504132496,534.0,267.0,351.0,5.34,2.67,3.5100000000000002,6.5002759700435195,218.13414038408686,6.638537280457126,0.6675514961409346,0.0785895377219618,mouse598180close462,0.1668766876687669,0.7601260126012602,0.4158415841584159,0
mouse598181,far,31,0.0347353182759078,0.0947533165848449,0.0629203302317811,5.323913366352608,5.1586923990462585,6.264622917678059,0.1803499063744814,0.2349905283802701,0.2403378192200951,780.0,506.0,513.0,7.8,5.0600000000000005,5.13,9.481095925594328,14.138131405411912,9.068455508396847,2.057911562725668,0.0421444855945366,mouse598181far31,0.2748874887488749,0.7849684968496851,0.4414941494149415,0
mouse598181,far,32,0.0607629921554213,0.1507588025083159,0.1723385914863571,3.8992445555774804,5.033759928982714,4.717142032671082,0.372132126310948,0.4505397080318165,0.4796806516903565,136.0,75.0,62.0,1.36,0.75,0.62,9.481095925594328,14.138131405411912,9.068455508396847,2.057911562725668,0.0253544552624884,mouse598181far32,0.1493249324932494,0.6885688568856886,0.29891989198919894,0
mouse598181,far,35,0.0356700100469859,0.0636912465944202,0.1586307538906425,3.641465179060929,4.815412794058763,4.447805472439512,0.2604214210314484,0.3434657470872479,0.4113140455568198,385.0,197.0,97.0,3.85,1.97,0.97,9.556912915064537,13.42467254029667,9.223472445464491,2.0519807503970404,0.0295849471548035,mouse598181far35,0.1927992799279928,0.6666966696669667,0.3013501350135016,0
mouse598181,far,79,0.0738838848873677,0.1065074154195535,0.0574459225051778,4.966560138016613,2.4802771102547627,5.656113705516943,0.4123589906990011,0.3755967663288606,0.3706524548040579,146.0,178.0,110.0,1.46,1.78,1.1,9.414319696010864,13.316678881359794,9.037121213690565,2.042975770781436,0.0295851376723048,mouse598181far79,0.1784878487848784,0.6089108910891091,0.3264626462646265,0
mouse598181,far,69,0.0222378154184091,0.0790282320352306,0.0563420626227174,1.5048309962671718,3.5829497357464293,3.4237477622114665,0.2875489307845633,0.4538135837135978,0.3265675272867706,277.0,147.0,205.0,2.77,1.47,2.05,9.650820244310923,13.756809658273127,9.20632296571074,2.0342381866438357,0.0387176465718847,mouse598181far69,0.1495949594959496,0.7474347434743475,0.2972997299729972,0
mouse598181,far,42,0.0400111291762883,0.0880516430378907,0.013186510441972001,4.185649613413461,3.0134627602490625,5.137301192289211,0.2621698287220753,0.3317558394409793,0.2661863197762417,415.0,341.0,346.0,4.15,3.41,3.46,9.601291522933797,16.26984396164604,9.180534904633278,2.0175789947360183,0.0285670845823089,mouse598181far42,0.1431143114311431,0.6842484248424844,0.3402340234023403,0
mouse598181,far,71,0.037990005682149997,0.0184740522345831,0.0241681047143749,1.1642863600474032,6.071916539232348,5.058878121770366,0.2519939657342529,0.2059018724753914,0.2257842347521198,590.0,719.0,642.0,5.9,7.19,6.42,9.601291522933797,16.26984396164604,9.180534904633278,2.0175789947360183,0.0264128991995085,mouse598181far71,0.2287128712871287,0.7050405040504051,0.3415841584158415,0
mouse598181,far,43,0.0323943472155093,0.1062680539065448,0.1693432499242013,4.091268168875576,5.91740075624439,5.2614885876171416,0.2441067522902552,0.3949964776388473,0.5082430490041557,490.0,166.0,74.0,4.9,1.6600000000000001,0.74,9.666170196567755,15.222326676543052,9.192887070684113,2.0175789947360183,0.0527317349126921,mouse598181far43,0.1676867686768677,0.684788478847885,0.2964896489648964,0
mouse598181,far,47,0.0554879053923469,0.0995675759080033,0.0414398749610155,5.917142828647385,5.12709421448341,3.1556828771851118,0.2716588489266469,0.2944251903747169,0.380045109497007,423.0,552.0,213.0,4.23,5.5200000000000005,2.13,9.678661329518606,15.56505923716073,9.255529472599804,1.9866743568083824,0.0273640203613219,mouse598181far47,0.1166516651665166,0.2287128712871288,0.1760576057605759,1
mouse598181,far,46,0.0222783307172533,0.1621837424078344,0.0655372747401963,0.2369910189654035,4.241318643874323,6.20855968849387,0.3089245595530026,0.4808582545417357,0.4662029068727024,195.0,115.0,79.0,1.95,1.1500000000000001,0.79,9.678661329518606,15.56505923716073,9.255529472599804,1.9866743568083824,0.0493409814800833,mouse598181far46,0.1223222322232223,0.1995499549954995,0.1760576057605761,1
mouse598181,far,49,0.0272566836496348,0.1181185746820081,0.0614473874999531,4.971916026051861,0.5198420732665259,2.2117008260976867,0.1833591263402852,0.3020165616837119,0.2529426218369194,665.0,792.0,638.0,6.65,7.92,6.38,9.605450682603939,19.594756884486973,9.25826667853691,1.9866743568083824,0.0336143143485017,mouse598181far49,0.1360936093609361,0.5792079207920793,0.2441044104410441,1
mouse598181,far,48,0.0305694710021659,0.0426781758995714,0.011037431269818002,1.5097682142612767,4.163662657889429,5.650005970552387,0.1594598847515958,0.1861129729779241,0.1706134855510977,1154.0,1066.0,782.0,11.540000000000001,10.66,7.82,9.605450682603939,19.594756884486973,9.25826667853691,1.9866743568083824,0.0401665152657434,mouse598181far48,0.1541854185418542,0.4188118811881188,0.4838883888388841,0
mouse598181,far,53,0.0924017685246216,0.0738103425459431,0.0897259036223627,1.7120834533875051,3.4212626423553454,0.7051817536478734,0.4224679310508523,0.3950088976271538,0.4071241422609333,118.0,96.0,108.0,1.18,0.96,1.08,9.139631028806553,22.38775664079997,8.798307126380061,1.9715159142142367,0.079246390059895,mouse598181far53,0.1382538253825382,0.4282628262826283,0.2422142214221423,1
mouse598181,far,54,0.015037535234388002,0.0769328735359629,0.0394844909475888,4.839408960502562,6.268417151009247,0.5188255403693971,0.1924858146679346,0.2332535797180291,0.2326315216857958,691.0,635.0,580.0,6.91,6.3500000000000005,5.8,9.167683379449779,20.08800919761737,8.786331340554394,1.9643701280563195,0.0269684956375445,mouse598181far54,0.1992799279927992,0.9035103510351036,0.0448244824482451,0
mouse598181,far,74,0.1030668610056572,0.0563127725016951,0.0828152545609416,2.6044231140211567,5.188435165926403,4.670476394907278,0.3576194700501913,0.4145416560526666,0.3970462727045094,129.0,77.0,111.0,1.29,0.77,1.11,9.211666833432783,20.29063055227345,8.84121191475512,1.957517560585345,0.0252452228119361,mouse598181far74,0.1628262826282628,0.7784878487848786,0.3607560756075606,0
mouse598181,far,56,0.0432738376432469,0.0702134870450898,0.0807928003733827,0.1632059493664331,0.2875137191679594,4.0387929605810315,0.2831089910417156,0.3128159417296747,0.2744625016390241,279.0,273.0,317.0,2.79,2.73,3.17,9.306849647927828,23.430667134201062,8.876216579052098,1.957517560585345,0.0749634802014979,mouse598181far56,0.2063006300630063,0.7755175517551757,0.2535553555355535,0
mouse598181,far,58,0.0431202784492931,0.101023721820989,0.2837706178656424,4.957642463875383,3.2062373916947786,4.5980730694089935,0.3953882977969911,0.4667692680903419,0.6517587695867226,85.0,59.0,19.0,0.85,0.59,0.19,9.141993808374586,23.44216726344096,8.813012286780246,1.927595652620124,0.0361710014909112,mouse598181far58,0.1296129612961295,0.2073807380738074,0.1547254725472546,1
mouse598181,far,60,0.038712390664941004,0.0663423046637504,0.1252492183177012,2.560179513781,2.3517782666567864,4.802522282043316,0.3319190941177299,0.458116380967641,0.4381755685225502,162.0,95.0,84.0,1.62,0.9500000000000001,0.84,9.050802059604713,30.709254686521625,8.827988383499484,1.9212626056840847,0.08150228208761098,mouse598181far60,0.1752475247524753,0.3723672367236724,0.1995499549954995,1
mouse598181,far,61,0.0464709630762924,0.0904728385116662,0.1646237905769574,2.4047162118825347,3.572499011313846,1.1331378339477218,0.3888753346715222,0.4032942148575236,0.4921381666798486,118.0,88.0,64.0,1.18,0.88,0.64,9.18900386924604,28.114873595157064,8.868477954458893,1.9091883092036783,0.03339195136582299,mouse598181far61,0.1922592259225922,0.3783078307830785,0.2095409540954094,1
mouse598181,far,39,0.0594028147940168,0.0532530891109138,0.0332997871561685,5.996341552812322,5.062069149297181,4.630818272794471,0.2530467128633415,0.2768323582269968,0.2235866098603948,366.0,409.0,345.0,3.66,4.09,3.45,9.650820244310923,13.756809658273127,9.20632296571074,2.0342381866438357,0.0275978221203861,mouse598181far39,0.2027902790279028,0.7387938793879392,0.3275427542754275,0
mouse655957,far,277,0.0294285932688663,0.0323973296901011,0.044833491408858,4.6995638879216015,2.7388096271584303,5.673035404096215,0.3211923370729483,0.3021817858543013,0.2731043202252416,225.0,295.0,253.0,2.25,2.95,2.5300000000000002,7.881005423283146,28.93845040470827,7.980982455293003,2.0977666695798183,0.0181438112268934,mouse655957far277,0.1779477947794779,0.8181818181818183,0.4109810981098108,0
mouse655957,far,278,0.1139900436731874,0.0578131058341628,0.0910231869395225,4.9896840824210305,3.9978008383675485,1.200311738913136,0.4950852124996252,0.3723118715767259,0.4009313302571688,79.0,123.0,130.0,0.79,1.23,1.3,7.881005423283146,28.93845040470827,7.980982455293003,2.0977666695798183,0.0675531108482178,mouse655957far278,0.1606660666066607,0.7760576057605761,0.39666966696669703,0
mouse655957,far,655,0.0376000838817381,0.2634982576236923,0.0473840129613236,2.7156419146669,2.419228363960348,4.985574209292205,0.275210254478237,0.6886433308703208,0.29925393811913004,328.0,492.0,440.0,3.2800000000000002,4.92,4.4,7.881005423283146,28.93845040470827,7.980982455293003,2.0977666695798183,0.0450508220364679,mouse655957far655,0.2011701170117011,0.7714671467146715,0.4039603960396042,0
mouse655957,far,287,0.0257735719604677,0.0168806022998826,0.0377142050181451,5.8093370476075705,5.187335218217928,4.99246762836083,0.1535124215031543,0.1021201427672556,0.1738376444506621,1288.0,1412.0,1348.0,12.88,14.120000000000001,13.48,8.142858654842566,31.45281199009245,8.203364064015274,2.091948852147203,0.0355231198890106,mouse655957far287,0.1471647164716472,0.3437443744374439,0.2171017101710172,1
mouse655957,far,289,0.0988253780082142,0.0360079751689382,0.055947649665853,0.6817816797515592,4.151144243753095,0.5806692693740197,0.3655788325859751,0.2608911089669961,0.3678443484704525,133.0,286.0,198.0,1.33,2.86,1.98,8.026564831503144,28.338143408794927,8.123612060737898,2.091948852147203,0.0351336836100073,mouse655957far289,0.1606660666066607,0.8918991899189921,0.4674167416741676,0
mouse655957,far,656,0.0514753758875569,0.0780292980424937,0.0421336485326933,2.732588755711857,2.0646986714489266,1.6328586464797237,0.3201591031463305,0.3472079837890873,0.2894240338092538,173.0,289.0,250.0,1.73,2.89,2.5,8.026564831503144,28.338143408794927,8.123612060737898,2.091948852147203,0.0377282104092728,mouse655957far656,0.1668766876687669,0.8692169216921692,0.4541854185418542,0
mouse655957,far,292,0.0709161367674044,0.0123199400251955,0.03576085841221201,1.2387579581953008,5.5724945528152405,2.2467113627555766,0.250503787801778,0.1805172336173063,0.2322685623058329,505.0,570.0,530.0,5.05,5.7,5.3,8.502817464243362,31.68076966761951,8.546622594858121,2.091948852147203,0.0193918468762897,mouse655957far292,0.17497749774977497,0.8289828982898292,0.44203420342034205,0
mouse655957,far,298,0.0421449567149896,0.0975501246329952,0.0367564929045989,4.3768202234055416,0.8034079048504764,5.986291652177969,0.308564089083702,0.2662777103891396,0.274538577431173,333.0,321.0,334.0,3.33,3.21,3.34,8.001423318787166,26.857119923675288,8.0570078918927,2.091948852147203,0.0300599760953041,mouse655957far298,0.1714671467146714,0.7582358235823584,0.4001800180018003,0
mouse655957,far,297,0.079864589817535,0.0046156931458961,0.0393080503960983,0.5698155326557205,2.7562012638585487,0.3607227491091483,0.3223202034316792,0.3137965420223108,0.2561825526541747,266.0,258.0,332.0,2.66,2.58,3.3200000000000003,8.001423318787166,26.857119923675288,8.0570078918927,2.091948852147203,0.0316274358555749,mouse655957far297,0.1898289828982898,0.8027902790279029,0.3629162916291631,0
mouse655957,far,296,0.0440659335931123,0.0517950565586755,0.0217570115951473,1.3863591826757533,0.211619947291159,0.3421018866248273,0.2301717774249239,0.2316054428785441,0.1861797019012049,560.0,817.0,642.0,5.6000000000000005,8.17,6.42,8.001423318787166,26.857119923675288,8.0570078918927,2.091948852147203,0.0250708231543829,mouse655957far296,0.1595859585958596,0.4687668766876689,0.5249324932493248,0
mouse655957,far,295,0.077960481357334,0.1034047302082614,0.0980171732329896,5.602594688451676,5.440714843183444,1.1319370323881293,0.3697752476362513,0.4979461627461248,0.4247169864842188,123.0,62.0,130.0,1.23,0.62,1.3,8.001423318787166,26.857119923675288,8.0570078918927,2.091948852147203,0.0313800612706684,mouse655957far295,0.1703870387038704,0.8567956795679569,0.3342934293429344,0
mouse655957,far,299,0.022306364119913998,0.0302224107163493,0.0341464913168583,3.4968044578390125,5.903556487797004,0.2362138815926294,0.1751225639323311,0.1713659039548766,0.16741371774450597,978.0,997.0,969.0,9.78,9.97,9.69,8.365804143761286,29.52004019299439,8.501932516124862,2.0864143883706325,0.0180612977642471,mouse655957far299,0.1841584158415842,0.5810981098109813,0.5289828982898289,0
mouse655957,far,300,0.0448196404837282,0.0580573415484513,0.0893038340176602,1.5563108465074151,1.5579614457937199,3.608424154895266,0.3867222102973861,0.3499192527417507,0.3173585924708891,160.0,135.0,196.0,1.6,1.35,1.96,7.7703120151574385,26.87350391103807,7.871166821208365,2.0864143883706325,0.0206682005757222,mouse655957far300,0.1798379837983797,0.8783978397839787,0.4190819081908191,0
mouse655957,far,303,0.0374994132398498,0.0511983462035445,0.0307284251052705,3.212480680512781,2.471058301509616,4.836528534307239,0.2579167948586172,0.2927641360058727,0.2469765055898495,297.0,291.0,385.0,2.97,2.91,3.85,8.477154200469757,29.79740862854703,8.47367577726468,2.0932928605429293,0.017315383960613998,mouse655957far303,0.2003600360036004,0.6261926192619263,0.4946894689468947,0
mouse655957,far,304,0.0573463599871424,0.0423610070864069,0.0331131367719373,5.376999952819616,2.7126963010388536,4.401867049055259,0.2271379383756877,0.1706398467651199,0.2086355392025356,662.0,778.0,727.0,6.62,7.78,7.2700000000000005,8.477154200469757,29.79740862854703,8.47367577726468,2.0932928605429293,0.0510392366123954,mouse655957far304,0.2295229522952295,0.7909090909090909,0.5289828982898291,0
mouse655957,far,305,0.0213973457837065,0.0877198928279238,0.0458783868449791,5.277523689609147,1.7211519159464341,5.907638983954506,0.2140002545247586,0.2348728456438024,0.2530100869817083,466.0,426.0,495.0,4.66,4.26,4.95,8.477154200469757,29.79740862854703,8.47367577726468,2.0932928605429293,0.0358175101899896,mouse655957far305,0.3121512151215121,0.7279927992799281,0.7252925292529252,0
mouse655957,far,753,0.0454689403889766,0.0234140353413347,0.1236739054282688,3.281888283409607,5.0082298054247785,2.1824629228175403,0.3438702680752187,0.3026899892034541,0.4016563924951582,193.0,200.0,166.0,1.93,2.0,1.6600000000000001,7.754698700315816,24.801346052994308,7.797865826194353,2.0932928605429293,0.0204881274877715,mouse655957far753,0.1914491449144915,0.9631863186318632,0.40396039603960404,0
mouse655957,far,306,0.029382702391413,0.0692830873918916,0.0275826399636042,4.712839447876412,1.6935717907864791,4.373206472472352,0.305683880501986,0.2955159461673991,0.3047967140662845,195.0,235.0,261.0,1.95,2.35,2.61,7.754698700315816,24.801346052994308,7.797865826194353,2.0932928605429293,0.0154120431867362,mouse655957far306,0.2106210621062106,0.6996399639963998,0.3121512151215121,0
mouse655957,far,307,0.0228485302738756,0.0722136679200924,0.0379543583728688,3.0454553058367932,4.843010492251095,4.533665528965061,0.2720163389854185,0.3207626114311119,0.2690661581714189,310.0,303.0,313.0,3.1,3.0300000000000002,3.13,7.754698700315816,24.801346052994308,7.797865826194353,2.0932928605429293,0.0402631504845112,mouse655957far307,0.19009900990099,0.7512151215121513,0.4884788478847884,0
mouse655957,far,310,0.1020614332533845,0.1292192380445972,0.0861152088949707,1.6018604038949158,3.2597828598222223,3.528559174942687,0.4008883003218807,0.4683121895245711,0.4608608746266663,86.0,102.0,92.0,0.86,1.02,0.92,7.663953367847588,22.83120377517321,7.710910666069876,2.0837166314064883,0.0951681902810999,mouse655957far310,0.2808280828082808,0.8473447344734475,0.4441944194419444,0
mouse655957,far,788,0.0584225961610516,0.061002094075823,0.0407287540879676,3.142341583265709,2.0955480912267466,2.4835943102060094,0.3112310282973279,0.3357479919537282,0.3379557463369056,155.0,168.0,152.0,1.55,1.68,1.52,7.663953367847588,22.83120377517321,7.710910666069876,2.0837166314064883,0.0394711881755558,mouse655957far788,0.2567956795679568,0.6866786678667867,0.5135913591359139,0
mouse655957,far,316,0.0297414155858107,0.0145812940977504,0.0372416828042201,4.2376816797019865,5.272886899057965,4.735476333297481,0.1859869440074463,0.1394964027622408,0.1838516912956252,948.0,1093.0,1190.0,9.48,10.93,11.9,7.676542703174653,24.89505901644577,7.787785403242138,2.0580634101018367,0.0175453230429954,mouse655957far316,0.1644464446444645,0.2551755175517551,0.2216921692169218,1
mouse655957,far,320,0.0197318391875447,0.0344583167716545,0.0237416180269414,2.469058777589643,3.6626212635570896,4.4923916792182865,0.1736055966149125,0.1926401399643573,0.1789306691846177,724.0,616.0,820.0,7.24,6.16,8.2,7.946523664822823,22.99894176664049,8.03445468078392,2.053959590644373,0.0264690088691149,mouse655957far320,0.2430243024302429,0.9896489648964898,0.4987398739873989,0
mouse655957,far,322,0.0707019740826385,0.0295330240727212,0.0373641249592652,2.7008079031699865,5.707102343749332,4.64771440495613,0.2968299344209633,0.2880232760094147,0.2786470194413615,357.0,357.0,262.0,3.5700000000000003,3.5700000000000003,2.62,7.715203265483548,22.40477624915504,7.853074227963988,2.050152433357091,0.0499890520494465,mouse655957far322,0.1792979297929793,0.8870387038703873,0.3653465346534651,0
mouse655957,far,662,0.0517236624772103,0.0817287363763992,0.0466804056727476,1.8051526529755155,0.8352955167058654,4.955807327755698,0.2967402366914464,0.3563908413698897,0.2662501800231281,197.0,201.0,255.0,1.97,2.0100000000000002,2.5500000000000003,7.781436350733952,20.18655914003552,7.797210369953957,2.056088519495209,0.023016434350717003,mouse655957far662,0.1822682268226823,0.6286228622862287,0.3893789378937894,0
mouse655957,far,664,0.1366487506471262,0.0397288852725267,0.0846075258825886,4.638419923407655,4.294506305346056,4.125896861162585,0.3966284858339386,0.3642427357313703,0.3470831736637477,152.0,198.0,246.0,1.52,1.98,2.46,7.693555243816523,16.381948236001506,7.783540598775513,2.0531987239427165,0.0385851425074441,mouse655957far664,0.1757875787578758,0.6405040504050407,0.3267326732673267,0
mouse655957,far,666,0.0807941545375222,0.0441990468940031,0.0319765616965488,4.934854057898142,2.5188876994090545,4.91402346232679,0.30239961332845,0.1993745757098996,0.263019022338845,504.0,539.0,512.0,5.04,5.39,5.12,7.677821773381384,17.828796239538747,7.803365645132719,2.0506096654409878,0.03437775611912001,mouse655957far666,0.2084608460846084,0.6807380738073808,0.3718271827182721,0
mouse655957,far,333,0.0346050882865633,0.1116465421579957,0.0311309086953095,2.853363322567577,5.446445990630711,1.413175957113761,0.2811770881486335,0.4547268631060491,0.2675673613356665,272.0,222.0,320.0,2.72,2.22,3.2,7.677821773381384,17.828796239538747,7.803365645132719,2.0506096654409878,0.0329147091299433,mouse655957far333,0.1798379837983799,0.7009900990099012,0.3297029702970296,0
mouse655957,far,334,0.07245970602177,0.0508113774769298,0.0705637071509301,5.988315596778778,0.10820533340277301,6.011236126765836,0.2138137616789418,0.2024432427815867,0.2593562299623898,712.0,616.0,637.0,7.12,6.16,6.37,8.0826380083068,14.611896807271064,8.084351778961858,2.0506096654409878,0.0382529733512055,mouse655957far334,0.1944194419441944,0.6356435643564359,0.336993699369937,0
mouse655957,far,338,0.0399429414371411,0.0470270525990358,0.0308410368281918,5.577050985221334,1.2830117640104637,3.82146081437404,0.2362547317214224,0.2101880407763485,0.2338448180803496,469.0,597.0,625.0,4.69,5.97,6.25,8.126670404619306,15.963265842248154,8.097760800300275,2.0463381929681126,0.0305024990458904,mouse655957far338,0.1055805580558055,0.1987398739873987,0.1844284428442845,1
mouse655957,far,337,0.0397589412411457,0.0107537165384561,0.0092083558559543,3.7062198367470565,2.968535271253537,5.123032122682676,0.1462928331400098,0.1200957502799142,0.1039426955913336,2215.0,2475.0,2451.0,22.150000000000002,24.75,24.51,8.126670404619306,15.963265842248154,8.097760800300275,2.0463381929681126,0.0303751523439586,mouse655957far337,0.1460846084608461,0.3035103510351035,0.2527452745274527,1
mouse655957,far,339,0.06375179343643,0.12019982159595698,0.058568263278239004,4.77298147480796,1.8347183736065007,5.899142460356102,0.4785325630883579,0.4466930237032764,0.4076230658797209,69.0,66.0,113.0,0.6900000000000001,0.66,1.1300000000000001,8.50893917548748,12.595700562566119,8.522274222058424,2.0463381929681126,0.0384992424631935,mouse655957far339,0.1960396039603961,0.7117911791179119,0.3639963996399639,0
mouse655957,far,670,0.0360604152683174,0.0987150125659236,0.08595189231202001,4.721903173688974,2.2095135431465955,5.729415104338203,0.3108448648400495,0.3438599537052585,0.2955153376372853,213.0,251.0,273.0,2.13,2.5100000000000002,2.73,8.861446855645783,11.238650227939058,8.950140675344418,2.021911224559575,0.0106700197519886,mouse655957far670,0.1636363636363637,0.7339333933393342,0.5897389738973898,0
mouse655957,far,345,0.066825069533621,0.0228510736834444,0.0426482890438931,2.7584954004531936,2.2543404190418723,2.822547547852798,0.2654327303233575,0.2126103472194211,0.19030263655148896,584.0,476.0,777.0,5.84,4.76,7.7700000000000005,8.861446855645783,11.238650227939058,8.950140675344418,2.021911224559575,0.0141340434540776,mouse655957far345,0.2287128712871288,0.8214221422142215,0.547074707470747,0
mouse655957,far,341,0.0511031222761094,0.0239060303630058,0.0502799652373807,4.050344065093185,3.090165322367465,4.177475101776383,0.2525232244231771,0.1951792561814797,0.2374778580677331,541.0,661.0,618.0,5.41,6.61,6.18,8.861446855645783,11.238650227939058,8.950140675344418,2.021911224559575,0.0351166241283833,mouse655957far341,0.2081908190819081,0.7647164716471649,0.4671467146714673,0
mouse655957,far,347,0.0457016794729416,0.0078117828464251,0.0258315456649136,5.873035239020555,1.4349835149884416,5.945692949367276,0.1633345576866965,0.1316106167756201,0.1485591342052146,2037.0,2210.0,1823.0,20.37,22.1,18.23,8.794657033354232,10.819347373919882,8.861986693033822,2.0208290377961218,0.0239288662083496,mouse655957far347,0.1714671467146715,0.2713771377137715,0.2225022502250224,1
mouse655957,far,350,0.0257549599386228,0.0638639944604937,0.0610104919137679,5.1127962385828765,5.139727033683,3.9971562013641186,0.228418706503874,0.3129938614226242,0.264373909674047,480.0,544.0,603.0,4.8,5.44,6.03,8.376252813090229,11.61953903343272,8.392110297412632,2.033930923114155,0.029492479754293997,mouse655957far350,0.1231323132313232,0.2222322232223222,0.2073807380738073,1
mouse655957,far,353,0.0441221267980819,0.0095826428366629,0.0605938638106196,2.3489418635750368,4.56104800648184,2.9618760767541645,0.2448433456222848,0.2057366190405856,0.2282939939406102,478.0,506.0,514.0,4.78,5.0600000000000005,5.14,8.590553827087492,10.476335914503721,8.666503850794175,2.0331625611347457,0.0153976470727838,mouse655957far353,0.18307830783078302,0.7730873087308732,0.5135913591359135,0
mouse655957,far,359,0.0604526851069261,0.0475077062892,0.0264646388490893,3.3532091063372547,0.9716063681161292,3.2534352500535486,0.3206473133782898,0.2841248371560821,0.2738511541990202,298.0,324.0,271.0,2.98,3.24,2.71,8.896854565209663,9.858967109074689,8.915876552736462,2.032701404535353,0.0278350836124912,mouse655957far359,0.2095409540954096,0.6885688568856887,0.4285328532853286,0
mouse655957,far,360,0.08636893075914501,0.0367592002019329,0.0228809800840524,2.098776162858196,2.8089357040345075,3.8744970880415313,0.3181719005427997,0.2611383023378722,0.2463791522700704,316.0,322.0,321.0,3.16,3.22,3.21,9.375339972583085,10.040439634645962,9.477973710352973,2.0325476624177847,0.0236480874415848,mouse655957far360,0.1698469846984698,0.8365436543654365,0.37101710171017105,0
mouse655957,far,366,0.0434834409682836,0.0439040143782303,0.0140411474175679,5.1848942641633435,4.305993370125168,5.605282959767928,0.1804824511540561,0.2106898443817338,0.1657268805674836,847.0,860.0,949.0,8.47,8.6,9.49,8.693737429686303,9.491026053295846,8.813139888251035,2.032701404535353,0.0227972518524562,mouse655957far366,0.1922592259225923,0.6151215121512154,0.3388838883888386,0
mouse655957,far,367,0.0133459255605551,0.035690205813039,0.0306171721916623,6.2315836976911365,5.222716277332534,5.3771542329942985,0.1518550245619584,0.1708206171051004,0.1634731552034034,1389.0,1565.0,1658.0,13.89,15.65,16.580000000000002,8.693737429686303,9.491026053295846,8.813139888251035,2.032701404535353,0.0096954875824841,mouse655957far367,0.1401440144014402,0.2468046804680469,0.1852385238523852,1
mouse655957,far,362,0.0537916629733209,0.0436230495072186,0.0647201060100904,3.634530173419233,6.0078814622954475,4.3768536365073265,0.3648409274807505,0.2740868380799172,0.3162488156920237,128.0,212.0,221.0,1.28,2.12,2.21,9.971766790736007,10.961052953392329,10.099954285151238,2.053959590644373,0.0290223879497268,mouse655957far362,0.1714671467146715,0.6796579657965798,0.3035103510351035,0
mouse655957,far,369,0.044223065824827004,0.0372448394478782,0.0483459897086631,3.3796340813116874,4.0757903516190295,4.3841828575386055,0.1552514981100256,0.1434282029357338,0.1675640877465437,1772.0,1923.0,1704.0,17.72,19.23,17.04,9.971766790736007,10.961052953392329,10.099954285151238,2.053959590644373,0.039428172783864,mouse655957far369,0.2254725472547255,0.6483348334833485,0.4784878487848786,0
mouse655957,far,675,0.035272804746337996,0.0246498485810093,0.1110370661979808,4.629847928215465,3.1987256338522525,3.1388362524081983,0.3574690303821212,0.2818168953723683,0.3661719710382029,201.0,239.0,172.0,2.0100000000000002,2.39,1.72,9.330456043757456,9.92142213826627,9.437833016199773,2.054415975405176,0.0620957766581013,mouse655957far675,0.2211521152115212,0.8265526552655267,0.3882988298829882,0
mouse655957,far,373,0.0545141933372181,0.0411273071292549,0.0466805401878524,4.827098347532654,4.3362370903279945,4.917599247856899,0.263756757528839,0.2007074305956112,0.2037855961465546,709.0,635.0,721.0,7.09,6.3500000000000005,7.21,9.87074637060695,10.327578201758618,9.954643603325305,2.0331625611347457,0.0104033819286369,mouse655957far373,0.1406840684068407,0.6672367236723674,0.3035103510351035,0
mouse655957,far,374,0.0207568743577478,0.0389661985124942,0.0309465866207063,5.333031376248097,5.815505221089463,5.066248024429641,0.1088503393006453,0.1354809728870218,0.1259827300660977,2582.0,2641.0,2373.0,25.82,26.41,23.73,9.87074637060695,10.327578201758618,9.954643603325305,2.0331625611347457,0.0220271715368772,mouse655957far374,0.226012601260126,0.3491449144914492,0.2592259225922591,1
mouse655957,far,378,0.0216817259853428,0.0550895083182123,0.0311148585045067,4.868430427634724,4.5863661867460985,4.971704493464985,0.1542808857573562,0.1888550154737928,0.1512159262489292,1524.0,1810.0,1572.0,15.24,18.1,15.72,10.400004451798043,12.071122211254387,10.426762706408963,2.033930923114155,0.0377486317225212,mouse655957far378,0.2225022502250225,0.5975697569756976,0.4706570657065706,0
mouse655957,far,376,0.1330738553458152,0.1350749998540558,0.0898055718866956,4.9534266906467606,4.100877754717663,0.268063000949593,0.3601455433381615,0.4057850003285759,0.3445210599194402,231.0,174.0,243.0,2.31,1.74,2.43,10.400004451798043,12.071122211254387,10.426762706408963,2.033930923114155,0.0080373550009643,mouse655957far376,0.1954995499549956,0.6156615661566157,0.3518451845184517,0
mouse655957,far,377,0.0897056711941226,0.0842337755259941,0.0428006543275294,4.727754932161336,3.3902773517542815,4.397663358595164,0.3630111974954877,0.3567580632717053,0.2948701395518772,170.0,185.0,235.0,1.7,1.85,2.35,10.400004451798043,12.071122211254387,10.426762706408963,2.033930923114155,0.019181457717675,mouse655957far377,0.1617461746174617,0.6645364536453645,0.3731773177317733,0
mouse655957,far,385,0.0392310695339997,0.0475204247012706,0.0411445237860343,4.925207099336657,5.084441167199707,5.072683666933474,0.1552698125400343,0.1552191253385717,0.1468084913304644,2215.0,2288.0,2362.0,22.150000000000002,22.88,23.62,10.618353767836062,12.552167290978346,10.615739128166323,2.0350061424968717,0.0276070052660339,mouse655957far385,0.1336633663366337,0.2562556255625562,0.2160216021602161,1
mouse655957,far,387,0.0397269262948104,0.0657582487852257,0.1051952693274957,5.580697760699123,3.864738792062317,4.334178296066863,0.3554556187816705,0.3618783661273858,0.36889561981911706,153.0,128.0,157.0,1.53,1.28,1.57,10.084666783248911,11.266504377360857,10.108772023997206,2.0350061424968717,0.0355911922585757,mouse655957far387,0.1498649864986498,0.8146714671467148,0.4077407740774076,0
mouse655957,far,388,0.0355395452908011,0.0254291364802885,0.052060892091619,4.95133203755033,3.7931674391453822,4.522277162016172,0.2198227161384829,0.1572742946734319,0.1961956900726928,892.0,813.0,820.0,8.92,8.13,8.2,10.084666783248911,11.266504377360857,10.108772023997206,2.0350061424968717,0.0172387831286022,mouse655957far388,0.1922592259225922,0.7493249324932494,0.7328532853285331,0
mouse655957,far,391,0.061057095951194996,0.0481753490817932,0.0631711829151571,4.039465313740773,4.3703235246708365,4.753818059494028,0.2014467395978567,0.1829087506505667,0.1828028437072686,1261.0,1018.0,1227.0,12.61,10.18,12.27,11.43376380173933,14.316131808415134,11.358075217876847,2.036387733217817,0.0178369988923354,mouse655957far391,0.1995499549954995,0.6237623762376239,0.3742574257425742,0
mouse655957,far,392,0.019526734464341,0.0254221227672436,0.0398477927932034,4.124696642845339,4.2402263444793995,4.311855876296292,0.1422918310447582,0.1500444001066641,0.1594904163580133,1639.0,1502.0,1664.0,16.39,15.02,16.64,11.43376380173933,14.316131808415134,11.358075217876847,2.036387733217817,0.0164961243119363,mouse655957far392,0.2227722772277228,0.5916291629162916,0.4088208820882087,0
mouse655957,far,394,0.0246220567467252,0.0522353123931853,0.056448389153827994,4.447571317623486,4.338772129680007,4.14362827711609,0.2233908474141168,0.2722328434058171,0.2645594309869706,513.0,488.0,440.0,5.13,4.88,4.4,11.43376380173933,14.316131808415134,11.358075217876847,2.036387733217817,0.0182089257047806,mouse655957far394,0.1938793879387939,0.6750675067506752,0.3594059405940594,0
mouse655957,far,396,0.0666085018798074,0.0539454338123376,0.0950977803644482,4.824798365441113,0.3489872806979698,3.8570458714231113,0.3867412007741649,0.3310277879446962,0.3981659536114588,137.0,219.0,123.0,1.37,2.19,1.23,11.419131710413875,14.688713186420346,11.425963237756743,2.036387733217817,0.0233057641775109,mouse655957far396,0.1814581458145815,0.6040504050405042,0.3591359135913589,0
mouse655957,far,398,0.0210883105490921,0.10232429443138902,0.0342922885879953,3.762866216426368,3.5999706110007,4.502864681474271,0.1887585718834981,0.2743331870875072,0.2038796178451027,769.0,557.0,797.0,7.69,5.57,7.97,10.413661956960663,12.869073214269251,10.415157749967149,2.038075072218882,0.0133931598181034,mouse655957far398,0.1782178217821782,0.7153015301530155,0.4293429342934293,0
mouse655957,far,399,0.0632435872279928,0.0358064596007645,0.0399825452816957,5.143094019914976,5.2965353585124815,4.695941165955833,0.2211076295765516,0.1940336271257075,0.1884856608867719,523.0,635.0,760.0,5.23,6.3500000000000005,7.6000000000000005,10.413661956960663,12.869073214269251,10.415157749967149,2.038075072218882,0.0246217065229081,mouse655957far399,0.1919891989198919,0.5805580558055806,0.36291629162916295,0
mouse655957,far,402,0.2182576954227828,0.1167368071887489,0.0953662757729939,4.016511377114264,4.761813196204863,5.598931851769381,0.5007464568901613,0.4288339450193218,0.4159176859423257,82.0,96.0,93.0,0.8200000000000001,0.96,0.93,12.2731015611232,16.940857665365677,12.085661305699922,2.038075072218882,0.0710230536108424,mouse655957far402,0.2297929792979298,0.5970297029702971,0.3542754275427544,0
mouse655957,far,401,0.0506514862934402,0.051382484903846996,0.0374219786431646,4.476023137357117,4.216590939543302,4.52753201264518,0.1747843439935831,0.1483617558384826,0.1601645240368543,2204.0,2104.0,2032.0,22.04,21.04,20.32,12.2731015611232,16.940857665365677,12.085661305699922,2.038075072218882,0.025474147483106006,mouse655957far401,0.2246624662466246,0.6264626462646267,0.4425742574257424,0
mouse655957,far,406,0.08158149691938499,0.0632605548619159,0.0469530080291757,0.2576210370192617,4.2373740977760175,3.964357470342746,0.3626127151061371,0.3075480110075452,0.2608386877421785,195.0,239.0,301.0,1.95,2.39,3.0100000000000002,11.605800945030513,17.040895703883688,11.617076855088794,2.053350919838107,0.0585930941388862,mouse655957far406,0.200900090009001,0.6143114311431144,0.3553555355535555,0
mouse655957,far,405,0.0816750371136812,0.0479360746278793,0.0560832021528033,4.139831605670615,4.4169615681735435,4.282842180082387,0.2016480167995569,0.1463576989796098,0.1815953813792521,2028.0,1964.0,2073.0,20.28,19.64,20.73,11.605800945030513,17.040895703883688,11.617076855088794,2.053350919838107,0.0136825181687353,mouse655957far405,0.2511251125112512,0.6275427542754277,0.4112511251125114,0
mouse655957,far,407,0.0915016028910464,0.0447237976108572,0.0323868686927673,4.704367545219742,3.94367817565746,3.262516514642581,0.2562224866966549,0.2622866745004842,0.2552976888674712,513.0,384.0,401.0,5.13,3.84,4.01,10.715771729524736,15.434428796220038,10.707016764879759,2.0556325060671714,0.017424262546642,mouse655957far407,0.1925292529252925,0.6245724572457247,0.3604860486048605,0
mouse655957,far,412,0.0572499561098861,0.0560586860783507,0.0656219661244077,4.513105395449504,4.3245533563735385,4.41880416849274,0.1690903313415614,0.1829523355042011,0.1807321076438268,2186.0,2131.0,2206.0,21.86,21.31,22.06,11.180316069944935,18.951082240388878,11.225109116284704,2.0556325060671714,0.0182398537688533,mouse655957far412,0.24194419441944195,0.6437443744374439,0.3912691269126912,0
mouse655957,far,408,0.1600364495059804,0.1481074283134033,0.1067898415102997,5.380389640234243,3.6364229813777484,4.2286016769195705,0.4360196171521036,0.4633920692382365,0.3773002076747952,104.0,94.0,167.0,1.04,0.9400000000000001,1.67,11.085402360873427,17.583028701615934,11.168841884330943,2.0556325060671714,0.0815662577026183,mouse655957far408,0.2122412241224122,0.6278127812781279,0.4385238523852387,0
mouse655957,far,411,0.0298101582108603,0.0412197837167038,0.0582151495612326,3.651270679460605,3.626451770224752,3.8791257420821674,0.2042804876584795,0.2177488824925736,0.2367946447717082,557.0,616.0,661.0,5.57,6.16,6.61,11.085402360873427,17.583028701615934,11.168841884330943,2.0556325060671714,0.0176743498632028,mouse655957far411,0.1871287128712871,0.7976597659765977,0.3726372637263725,0
mouse655957,far,421,0.0638998577622296,0.0691483507365836,0.104654271770583,4.003726102661885,4.975895847863884,4.567344912026425,0.3737170351811666,0.3896612042482604,0.4338836458151881,116.0,138.0,97.0,1.16,1.3800000000000001,0.97,11.085402360873427,17.583028701615934,11.168841884330943,2.0556325060671714,0.0256736279010672,mouse655957far421,0.1830783078307831,0.6016201620162017,0.3442844284428443,0
mouse655957,far,416,0.0901196509821944,0.030690468389903,0.0439735150435684,4.924110375237845,4.2368551837867185,3.7803713461774557,0.3207340031506731,0.2536833787104496,0.305563189663115,256.0,363.0,288.0,2.56,3.63,2.88,11.085402360873427,17.583028701615934,11.168841884330943,2.0556325060671714,0.0389904820755312,mouse655957far416,0.1590459045904591,0.8781278127812782,0.4082808280828086,0
mouse655957,far,418,0.1101392348868721,0.0929618606823612,0.0854483978340882,4.138214675118805,4.056556674105705,4.719030321305981,0.2813644543994058,0.3243714797225114,0.24931942670112803,556.0,332.0,618.0,5.5600000000000005,3.3200000000000003,6.18,11.51170735705186,19.625357486803527,11.453897396883953,2.0582152462752776,0.0150857264655481,mouse655957far418,0.2168316831683168,0.6180918091809181,0.3774977497749777,0
mouse655957,far,419,0.0959677472313571,0.1296742126750522,0.1002362799018866,2.002525152801038,4.092528880265221,3.1128149280930355,0.3788908845231413,0.4450344323957398,0.3562460613539063,147.0,124.0,210.0,1.47,1.24,2.1,11.51170735705186,19.625357486803527,11.453897396883953,2.0582152462752776,0.0246164751698355,mouse655957far419,0.1703870387038705,0.7806480648064807,0.4128712871287129,0
mouse655957,far,422,0.0621564457837354,0.0507417204430932,0.0872416878041116,3.714075617123561,4.167734691582353,4.534633163896814,0.30470684983460805,0.3547275522000964,0.3086234601210924,255.0,139.0,334.0,2.5500000000000003,1.3900000000000001,3.34,10.694483764958472,18.22864726486305,10.764241109960695,2.0582152462752776,0.0318695170936832,mouse655957far422,0.2125112511251126,0.6132313231323132,0.394779477947795,0
mouse655957,far,684,0.0609337942412225,0.0464415950317762,0.0632679215778148,4.436146305874665,5.108879786585661,4.114836041349779,0.2253633953680104,0.2043908533456339,0.2444193797724685,771.0,1005.0,548.0,7.71,10.05,5.48,10.694483764958472,18.22864726486305,10.764241109960695,2.0582152462752776,0.0196726943316297,mouse655957far684,0.2387038703870386,0.6062106210621063,0.3893789378937896,0
mouse655957,far,423,0.0590516136026963,0.0899347084708695,0.0705296410130247,0.2468696030925373,5.2046242374427285,4.5298286209635785,0.3206319389323818,0.34663999276972496,0.329486973023971,160.0,205.0,182.0,1.6,2.05,1.82,10.694483764958472,18.22864726486305,10.764241109960695,2.0582152462752776,0.0262731565527038,mouse655957far423,0.2373537353735374,0.632943294329433,0.3645364536453644,0
mouse655957,far,426,0.0344711928763628,0.0470781824865036,0.1217959428528792,2.9049352323330453,4.35241859488141,4.7618703517306376,0.3071818823526034,0.2928671239197741,0.4025781350890917,281.0,340.0,176.0,2.81,3.4,1.76,12.842360083641065,22.575813678857397,12.644875292874682,2.061098008344096,0.0218188102607758,mouse655957far426,0.1801080108010802,0.5802880288028803,0.2908190819081908,0
mouse655957,far,428,0.055744952078511,0.0420594960939005,0.0429740227579154,5.989237628281402,5.998352389597256,3.8719671462723086,0.2210684471175447,0.2628877024629385,0.2176823336133091,553.0,383.0,643.0,5.53,3.83,6.43,12.842360083641065,22.575813678857397,12.644875292874682,2.061098008344096,0.0195505328468428,mouse655957far428,0.1547254725472547,0.5773177317731774,0.3129612961296131,0
mouse655957,far,430,0.054350677811649005,0.05936215769953701,0.0578031674128034,5.41065389642915,4.078693464865127,5.150125756182706,0.2796146703714299,0.3193267458602077,0.2659387983696184,280.0,250.0,297.0,2.8000000000000003,2.5,2.97,11.426992834979606,20.741162897435892,11.418482524937668,2.061098008344096,0.0161001740638361,mouse655957far430,0.1776777677767776,0.7134113411341134,0.3491449144914492,0
mouse655957,far,433,0.0302341773086861,0.0618190627958679,0.0215221411336206,5.4249555354106125,5.76705946729427,2.5482537524809232,0.1920045034180431,0.2232526944917739,0.1930110531065217,807.0,726.0,592.0,8.07,7.26,5.92,13.401846431398726,23.673041510123905,13.04555968951752,2.0642795353343018,0.00562727675454,mouse655957far433,0.1379837983798381,0.6102610261026103,0.2848784878487849,0
mouse655957,far,434,0.0408315148425537,0.0375297062034267,0.0514543178317116,4.85342078412588,4.429663868873126,5.103453410352499,0.1853513029198731,0.1922874614881614,0.2016992488390533,1173.0,1054.0,880.0,11.73,10.540000000000001,8.8,11.073004387148853,21.615659534379567,11.09965036952176,2.0642795353343018,0.0161357217681838,mouse655957far434,0.2405940594059405,0.6099909990999101,0.3799279927992801,0
mouse655957,far,688,0.0426524667747279,0.17747702991716002,0.0791954721046515,4.49268258677101,5.5022888556536484,4.926898262867325,0.2818949703005269,0.4693397839364575,0.3245932790030167,233.0,150.0,370.0,2.33,1.5,3.7,11.073004387148853,21.615659534379567,11.09965036952176,2.0642795353343018,0.0228958946249041,mouse655957far688,0.2268226822682267,0.56003600360036,0.3531953195319532,0
mouse655957,far,689,0.040108888431071,0.0550508516538817,0.0515712188325712,4.967200438078913,4.884361988453125,3.9600868013070847,0.26370724552295,0.2621633004773776,0.2880249300783182,407.0,461.0,255.0,4.07,4.61,2.5500000000000003,11.073004387148853,21.615659534379567,11.09965036952176,2.0642795353343018,0.0313300153694919,mouse655957far689,0.2341134113411341,0.6475247524752477,0.3610261026102611,0
mouse655957,far,437,0.0884869462245735,0.0445555672970116,0.0435408399365208,4.5705768613080195,4.77249583024684,4.0773347857142435,0.2232629847958915,0.1880207868692406,0.1850569688769537,1111.0,1144.0,952.0,11.11,11.44,9.52,12.39196084838689,25.622850305218677,12.008547322292195,2.0642795353343018,0.0205792101985742,mouse655957far437,0.1895589558955895,0.4744374437443744,0.3216021602160217,0
mouse655957,far,447,0.0832767248518091,0.0596850155663783,0.0707278466539715,3.9302075195974058,4.800024399666962,4.977826830877713,0.233987457290918,0.2280512024767588,0.2789620692030438,683.0,595.0,699.0,6.83,5.95,6.99,12.39196084838689,25.622850305218677,12.008547322292195,2.0642795353343018,0.041180386996863,mouse655957far447,0.3056705670567057,0.7026102610261028,0.4026102610261027,0
mouse655957,far,443,0.0440539806218236,0.0218313717965956,0.0289987156055513,5.202641724284156,0.2844751940974326,4.678613789954231,0.2069252379858108,0.1709993783929347,0.1993548371877951,737.0,1008.0,847.0,7.37,10.08,8.47,11.184717690756766,25.071017857271208,11.42506332259558,2.050762053481584,0.0130248073431902,mouse655957far443,0.1968496849684968,0.5821782178217823,0.3305130513051306,0
mouse655957,far,441,0.0592974986054688,0.0723826062256565,0.0375196686605573,5.448599086522019,4.680546496927903,5.326631567489773,0.2455388528855918,0.2910724485449956,0.2352112773075843,393.0,442.0,497.0,3.93,4.42,4.97,11.184717690756766,25.071017857271208,11.42506332259558,2.050762053481584,0.0137754515476535,mouse655957far441,0.2095409540954095,0.5486948694869488,0.4128712871287131,0
mouse655957,far,442,0.071294339591356,0.0528528715796945,0.0396516812983089,4.6921859211150965,4.632474575563681,4.619581388470056,0.2482979193557472,0.2113792467596051,0.1861779931711395,787.0,870.0,795.0,7.87,8.700000000000001,7.95,11.184717690756766,25.071017857271208,11.42506332259558,2.050762053481584,0.0115953065444712,mouse655957far442,0.1871287128712871,0.5694869486948696,0.3472547254725473,0
mouse655957,far,444,0.0808817738721592,0.0919205696436506,0.1231494690691726,5.213582513664732,4.6903679611840685,5.389689485733943,0.2551113209485362,0.2918303648298313,0.3300568515898038,479.0,311.0,326.0,4.79,3.11,3.2600000000000002,11.184717690756766,25.071017857271208,11.42506332259558,2.050762053481584,0.0385797542731963,mouse655957far444,0.2751575157515752,0.6974797479747976,0.3639963996399639,0
mouse655957,far,445,0.0991420568949868,0.07338188575231401,0.0763458610464855,4.495937241609785,4.170130607462194,5.1846524519475485,0.2438642813140722,0.2248496696099657,0.2777835291794114,698.0,839.0,788.0,6.98,8.39,7.88,11.184717690756766,25.071017857271208,11.42506332259558,2.050762053481584,0.0388160095994382,mouse655957far445,0.2427542754275428,0.7212421242124214,0.3237623762376237,0
mouse655957,far,438,0.0641950290684032,0.0399999536005356,0.062854623125075,4.335885556553067,4.48499989542445,4.35691354257447,0.1723202768599509,0.1412275834310686,0.1673566749900697,2303.0,2141.0,2160.0,23.03,21.41,21.6,11.938764450133734,29.224170002967448,11.66349124016256,2.050762053481584,0.0137239861379233,mouse655957far438,0.2165616561656165,0.6297029702970298,0.4080108010801079,0
mouse655957,far,446,0.0564908683373486,0.1456837469290898,0.0960906044385524,4.975829738333854,3.969975521504456,5.185043847829691,0.2876897357935289,0.5255090601254513,0.3494280443557068,232.0,75.0,208.0,2.32,0.75,2.08,11.938764450133734,29.224170002967448,11.66349124016256,2.050762053481584,0.0193698149091242,mouse655957far446,0.1506750675067507,0.5832583258325833,0.3172817281728173,0
mouse655957,far,448,0.04269641470782,0.0574120672068477,0.0540591065401003,5.8023322801088355,4.919238530463289,5.530144471451959,0.2443250905151265,0.2505802570913156,0.2658186379336736,356.0,366.0,405.0,3.56,3.66,4.05,11.938764450133734,29.224170002967448,11.66349124016256,2.050762053481584,0.0346938660521252,mouse655957far448,0.1358235823582358,0.7023402340234025,0.4574257425742573,0
mouse655957,far,455,0.0256776373288419,0.0553043796649689,0.0281960664010077,4.094594725397688,4.871666436958263,5.2293305566351656,0.2017221236501436,0.1992168424867829,0.2054179728216042,842.0,732.0,736.0,8.42,7.32,7.36,11.938764450133734,29.224170002967448,11.66349124016256,2.050762053481584,0.0211484900051971,mouse655957far455,0.1636363636363635,0.6718271827182719,0.3548154815481547,0
mouse655957,far,454,0.0531878902000121,0.0433161855212817,0.0212525429299488,4.1474186142086165,4.014219413507438,5.279432113647132,0.1988870089845653,0.1866670321588311,0.1580416294459709,1105.0,1176.0,1165.0,11.05,11.76,11.65,11.078458348221169,27.281963612642258,11.204937241283462,2.054872258803452,0.0273143680888307,mouse655957far454,0.23006300630063,0.6126912691269126,0.3715571557155716,0
mouse655957,far,463,0.0499633890012352,0.0706436290393841,0.0895041081576698,4.172523150549177,3.8179040114462186,4.390871425130843,0.2128624642214925,0.2166131426738723,0.2147342610870212,942.0,871.0,1003.0,9.42,8.71,10.03,10.918647966850786,28.55551740749017,11.043717355306818,2.0727397328174133,0.0213108502202729,mouse655957far463,0.2154815481548155,0.5910891089108912,0.3718271827182718,0
mouse655957,far,694,0.0741993678715543,0.0404831571333601,0.0589191873487367,6.203609579875871,3.0949428255040825,4.647679355696437,0.2851285758998145,0.29316490305974896,0.3359066255624803,243.0,213.0,281.0,2.43,2.13,2.81,10.918647966850786,28.55551740749017,11.043717355306818,2.0727397328174133,0.0238269388812112,mouse655957far694,0.1828082808280828,0.6351035103510353,0.3602160216021602,0
mouse655957,far,460,0.0389735518440372,0.0536788443543909,0.042898284421779,5.578941831076728,5.4433180714509275,5.447049719816527,0.2112784311027969,0.1938862298971062,0.1912480333608179,1116.0,1293.0,1152.0,11.16,12.93,11.52,9.988565909462542,32.563534023707824,9.914454971839444,2.0727397328174133,0.0166351602374122,mouse655957far460,0.1450045004500449,0.2886588658865886,0.1917191719171918,1
mouse655957,far,459,0.0571098605616189,0.0511977233498079,0.0470102210326317,4.3949419746214495,3.779647313805498,4.185786097093857,0.1601435393761268,0.1641886892708129,0.1606746138586403,1849.0,1822.0,1840.0,18.490000000000002,18.22,18.400000000000002,9.988565909462542,32.563534023707824,9.914454971839444,2.0727397328174133,0.0213123380744792,mouse655957far459,0.2211521152115212,0.6450945094509452,0.3226822682268225,0
mouse655957,far,458,0.0894787182888604,0.0612197735796732,0.0572367380848106,4.293306910728104,4.491474068565499,4.3760894928858844,0.2253247491763494,0.1725172813157836,0.1826362789470069,1327.0,1395.0,1499.0,13.27,13.950000000000001,14.99,10.356563907819616,30.579462215326963,10.391080728058906,2.0727397328174133,0.0194374818496969,mouse655957far458,0.2017101710171017,0.5154815481548156,0.3394239423942395,0
mouse655957,far,462,0.0755089166400556,0.0228469594122009,0.0387160728838129,4.483257364493843,4.373474423964245,5.2068246024311735,0.2651915988135415,0.1753818832848132,0.2208365729918078,424.0,702.0,655.0,4.24,7.0200000000000005,6.55,10.44819615547774,32.16492213106257,10.547260744132164,2.0774082410542234,0.0351742330123053,mouse655957far462,0.2289828982898289,0.5716471647164718,0.3850585058505851,0
mouse655957,far,464,0.0496728414457156,0.0878169112379852,0.0472782227678734,5.335997912040675,5.160201876811664,4.801274049441886,0.2117655543493923,0.2704995988399253,0.2367848424317467,631.0,582.0,634.0,6.3100000000000005,5.82,6.34,10.44819615547774,32.16492213106257,10.547260744132164,2.0774082410542234,0.0102732343772182,mouse655957far464,0.1776777677767776,0.5616561656165616,0.3202520252025203,0
mouse655957,far,465,0.0330302649287877,0.0375872740718607,0.0387206972868558,3.7506128059458734,3.8733337099198453,4.612689753281806,0.1529655829699048,0.1764948646380364,0.1630554095358506,1372.0,1095.0,1248.0,13.72,10.950000000000001,12.48,10.44819615547774,32.16492213106257,10.547260744132164,2.0774082410542234,0.0147840757974792,mouse655957far465,0.1377137713771378,0.2362736273627363,0.1952295229522952,1
mouse655957,far,466,0.1857104746768691,0.0754659536912727,0.1443998387428678,4.617726661859452,4.0429248320173246,4.582328690432664,0.4075199855320949,0.3398613534364801,0.396501041378179,219.0,272.0,212.0,2.19,2.72,2.12,10.44819615547774,32.16492213106257,10.547260744132164,2.0774082410542234,0.0514563320083319,mouse655957far466,0.2154815481548155,0.6564356435643565,0.4371737173717375,0
mouse655957,far,467,0.0651775099614148,0.0426338018148573,0.0552839483230971,3.7860318353811393,5.557392915014737,3.900098686631982,0.2463062050390159,0.2255818877499454,0.3083161955760077,449.0,514.0,505.0,4.49,5.14,5.05,10.44819615547774,32.16492213106257,10.547260744132164,2.0774082410542234,0.0273068268428313,mouse655957far467,0.2044104410441044,0.6045904590459048,0.3715571557155716,0
mouse655957,far,469,0.0835528543702578,0.0833396015011513,0.111111357692267,5.58720968777588,5.485983648234618,4.165885616960298,0.4003016830235211,0.3889179899928371,0.388988787423324,110.0,136.0,133.0,1.1,1.36,1.33,8.690068399227654,35.48927014136156,8.612838677386913,2.08236644229588,0.0377280367539345,mouse655957far469,0.1479747974797479,0.4493249324932493,0.4647164716471648,0
mouse655957,far,472,0.0108551068952079,0.0264596996090222,0.0466320549654571,2.9418795746474884,4.665781768607472,4.138010830048923,0.1377758091701848,0.1551883538881315,0.1612824732223423,1376.0,1148.0,1354.0,13.76,11.48,13.540000000000001,9.500867740955607,33.86788039342004,9.504272138507329,2.08236644229588,0.0199391179939334,mouse655957far472,0.2395139513951396,0.5797479747974799,0.3626462646264627,0
mouse655957,far,473,0.0755246948183277,0.0504788060165954,0.0707008781813822,0.7483381291376833,1.2473506819263886,5.465859033459681,0.359688295143024,0.2848490772100258,0.3442442309034526,176.0,242.0,184.0,1.76,2.42,1.84,9.500867740955607,33.86788039342004,9.504272138507329,2.08236644229588,0.0372420220845503,mouse655957far473,0.1798379837983799,0.7320432043204322,0.4547254725472546,0
mouse655957,far,474,0.1092604380531684,0.0527149520310014,0.0546038935589415,4.852352055021673,5.077003863248403,5.115714037409202,0.3135523069537976,0.2869690814798457,0.2675243207397899,608.0,350.0,514.0,6.08,3.5,5.14,9.392722443888612,35.52773419926129,9.420034065051574,2.0876122724299164,0.0344845778585775,mouse655957far474,0.2527452745274529,0.6561656165616564,0.4163816381638164,0
mouse655957,far,476,0.0425818777918288,0.0379485236470087,0.0974360033337949,4.453353537861422,5.477044394870142,4.364063687470331,0.2387190943043958,0.20146901752889101,0.2377629257864545,699.0,649.0,694.0,6.99,6.49,6.94,9.392722443888612,35.52773419926129,9.420034065051574,2.0876122724299164,0.0083040084850864,mouse655957far476,0.1930693069306931,0.5851485148514852,0.3486048604860488,0
mouse655957,far,478,0.0820202511288953,0.0496702618480192,0.0444353602118913,3.089714814087235,1.1948223782060647,5.811941324729258,0.3482224677370639,0.3260563652069856,0.3012585865740558,185.0,232.0,290.0,1.85,2.32,2.9,8.400948244324258,39.41896826862366,8.261502463606286,2.0673050089428027,0.0245341863958187,mouse655957far478,0.1450045004500451,0.6232223222322234,0.6718271827182719,0
mouse655957,far,495,0.0188729100140114,0.0268263553874534,0.0143129739848133,4.2439786731876,3.39551723541709,5.617453634912472,0.1216801525641577,0.14366718755520402,0.1176879172517912,2178.0,2019.0,2217.0,21.78,20.19,22.17,8.320607197829016,48.297949680661326,8.211030465939844,2.111575241377868,0.0156272310585469,mouse655957far495,0.1752475247524753,0.3494149414941494,0.2643564356435643,1
mouse655957,far,321,0.0787120174258027,0.1261530175115275,0.1847891039171617,6.032117204290304,5.116609177407799,5.252111188892063,0.4026327710146425,0.467904759991145,0.4901805884915965,88.0,100.0,80.0,0.88,1.0,0.8,7.813992423450719,20.645552157489238,7.848376724052003,2.050152433357091,0.0255235184849184,mouse655957far321,0.1582358235823583,0.5689468946894689,0.2756975697569759,0
mouse655957,far,348,0.072062571745302,0.0880092773988053,0.055516529849202,5.548653028037783,1.7181797014761773,1.7918854395622719,0.4134948279410584,0.3543818203272183,0.37848733114122207,107.0,218.0,114.0,1.07,2.18,1.1400000000000001,8.794657033354232,10.819347373919882,8.861986693033822,2.0208290377961218,0.0328845437796694,mouse655957far348,0.1539153915391539,0.6456345634563457,0.2738073807380738,0
mouse655957,far,755,0.0615639519022832,0.033917537909311,0.078299855231037,2.8361581325000134,1.8788899837269384,2.0672720978461965,0.380069818847261,0.3221427849802019,0.3914660631061329,113.0,146.0,117.0,1.1300000000000001,1.46,1.17,8.376252813090229,11.61953903343272,8.392110297412632,2.033930923114155,0.0328542227168563,mouse655957far755,0.2303330333033303,0.6756075607560758,0.3696669666966697,0
mouse655957,far,395,0.1178804093528213,0.0578578505534158,0.1026887404463326,3.2077071218771454,5.167152126134486,3.6813512605731393,0.4124661161578171,0.4444987863325511,0.4229200281837539,117.0,113.0,84.0,1.17,1.1300000000000001,0.84,10.618353767836062,12.552167290978346,10.615739128166323,2.0350061424968717,0.0610791654923206,mouse655957far395,0.2149414941494148,0.6726372637263728,0.38883888388838894,0
mouse655957,far,680,0.1337727591180814,0.10854982591774599,0.0894726898158919,1.4294338040709509,6.182456764483852,4.358430840911808,0.3929597357865421,0.4295730863506833,0.3717097543087583,117.0,154.0,126.0,1.17,1.54,1.26,11.419131710413875,14.688713186420346,11.425963237756743,2.036387733217817,0.0316945816306182,mouse655957far680,0.1844284428442844,0.7336633663366338,0.4863186318631863,0
mouse655957,far,424,0.0668640734733366,0.1112452671762681,0.1300417399048685,1.3525599581484546,4.1503069138054505,5.238049418284129,0.4644916838357591,0.4339963605875515,0.4404896197180528,54.0,142.0,101.0,0.54,1.42,1.01,11.426992834979606,20.741162897435892,11.418482524937668,2.061098008344096,0.0615074802705873,mouse655957far424,0.1830783078307831,0.7668766876687672,0.3966696669666968,0
mouse655957,far,690,0.0426402920093987,0.10628663600514099,0.2285867941751054,5.57182018638115,4.050399216589847,4.102199489693603,0.3534311617426892,0.4122228199890292,0.5309114421026453,185.0,106.0,96.0,1.85,1.06,0.96,11.184717690756766,25.071017857271208,11.42506332259558,2.050762053481584,0.0653904675061576,mouse655957far690,0.2411341134113411,0.628892889288929,0.4598559855985599,0
mouse655957,far,452,0.0567008271398599,0.0298327895606601,0.0286956804919982,4.779471601031496,4.34211788682692,4.882601138509463,0.2061525231007972,0.1934460302718166,0.2036706696095789,982.0,800.0,777.0,9.82,8.0,7.7700000000000005,11.938764450133734,29.224170002967448,11.66349124016256,2.050762053481584,0.0318513296726512,mouse655957far452,0.2897389738973898,0.6796579657965797,0.3772277227722772,0
mouse655957,far,457,0.0653537344391189,0.0337559176869313,0.0317781152595669,5.3009665616864625,1.4652874369629545,5.039761772417381,0.3462437017342965,0.3781835398288052,0.3390232965444507,137.0,159.0,129.0,1.37,1.59,1.29,10.918647966850786,28.55551740749017,11.043717355306818,2.0727397328174133,0.0411695113490077,mouse655957far457,0.1838883888388839,0.7722772277227724,0.3359135913591361,0
mouse655957,far,456,0.0816379018014854,0.1414007933040487,0.1713520271109583,2.4735565499313434,4.531380442526347,4.314620640683645,0.4094111163314781,0.4661709560995339,0.4840464440686399,92.0,77.0,101.0,0.92,0.77,1.01,10.918647966850786,28.55551740749017,11.043717355306818,2.0727397328174133,0.0454348879052549,mouse655957far456,0.2913591359135914,0.7161116111611163,0.3731773177317733,0
mouse655957,far,696,0.0661111063480756,0.1052860604121731,0.0795018206864488,3.4341234942419527,2.6296613116113794,1.9365354446543839,0.4347486175767723,0.522721052755316,0.4828210935251775,69.0,64.0,78.0,0.6900000000000001,0.64,0.78,10.44819615547774,32.16492213106257,10.547260744132164,2.0774082410542234,0.0587551208371894,mouse655957far696,0.1396039603960396,0.674797479747975,0.291089108910891,0
mouse657902,far,22,0.0496757462798996,0.08180939402031799,0.0489446679211567,5.339644715149392,2.6114021884138157,0.8630270224155328,0.2553006715519846,0.28056729515606604,0.2973636723167936,435.0,405.0,279.0,4.3500000000000005,4.05,2.79,13.026615404901124,15.16140375945157,11.418918428884258,2.532414855429497,0.0600921355746047,mouse657902far22,0.1803780378037804,0.6923492349234924,0.3105310531053106,0
mouse657902,far,23,0.0446880574148428,0.0841412820630674,0.0493579993814405,0.803897697844837,3.9854848007624,3.5184953617461683,0.2057104708647416,0.2732813801262538,0.2754821538170924,748.0,468.0,455.0,7.48,4.68,4.55,12.930677129769526,20.40355994437827,11.248520295975128,2.532414855429497,0.07356289028820401,mouse657902far23,0.1892889288928894,0.6534653465346535,0.2900090009000902,0
mouse657902,far,25,0.0317148801231873,0.0219265102581997,0.0408107044522133,5.95631359388682,5.447926902629178,3.3286487626565298,0.1803148087083927,0.2180897574757669,0.1863336848052895,846.0,702.0,724.0,8.46,7.0200000000000005,7.24,12.930677129769526,20.40355994437827,11.248520295975128,2.532414855429497,0.0383129241197131,mouse657902far25,0.1288028802880287,0.2503150315031504,0.22790279027902802,1
mouse657902,far,31,0.0265979056579993,0.0237150357586818,0.014700526358944999,2.0738741393878852,4.444805073209146,4.55791924100715,0.1857385103568516,0.2536549961563364,0.1510127869380136,1404.0,854.0,1780.0,14.040000000000001,8.540000000000001,17.8,13.11906110326249,28.756495621008053,11.449681533045418,2.5113492389550287,0.0667039398150167,mouse657902far31,0.1765976597659766,0.5921692169216923,0.297029702970297,0
mouse657902,far,34,0.0172335646041946,0.0955734858652962,0.007869685104998,3.618385071912331,5.9725954647756465,5.106735874987421,0.16066170152573,0.3803689221564382,0.1174479056654567,1038.0,586.0,1520.0,10.38,5.86,15.200000000000001,13.278846443760596,37.75749737975093,11.572453940092311,2.5107269863527577,0.0967755961544104,mouse657902far34,0.2011701170117011,0.6720972097209722,0.3675067506750674,0
mouse657902,far,191,0.0274157771370931,0.1139222848840943,0.0488779697810679,3.626089323881313,0.6967731259294699,2.8090146495073856,0.2440148688013342,0.3861357655627895,0.251132466362758,673.0,340.0,435.0,6.73,3.4,4.3500000000000005,13.329564606847223,41.93605577656683,11.497762807392393,2.510353560755935,0.0888875994243694,mouse657902far191,0.1601260126012601,0.6224122412241224,0.3024302430243026,0
mouse657902,far,38,0.0941697450593048,0.1127660371083476,0.0946798395964191,5.37128482007829,2.358140937942609,3.5229297431708924,0.3416202017198239,0.386224863275944,0.3425642783470891,334.0,211.0,251.0,3.34,2.11,2.5100000000000002,13.162323594410065,41.014271181902494,11.456836849593062,2.492614089665707,0.0565219451381597,mouse657902far38,0.2203420342034203,0.8808280828082808,0.37290729072907297,0
mouse657902,far,39,0.0166092562858377,0.0350433159759858,0.045129613063412004,2.8214415540589743,5.126842888376304,2.9013030171251617,0.20425574626430198,0.2301199354520791,0.1999026811344685,592.0,684.0,796.0,5.92,6.84,7.96,13.29879210876689,43.77219790204938,11.466270208922147,2.492739456902787,0.0630210794864428,mouse657902far39,0.17200720072007197,0.5937893789378939,0.2767776777677768,0
mouse657902,far,192,0.0223042447927537,0.0285793605015257,0.0207717684367518,1.808437615121562,2.1826855727271406,5.607884860986,0.1178756046309168,0.1686377741795697,0.1264160364587371,1906.0,1529.0,2054.0,19.06,15.290000000000001,20.54,13.772195414172401,49.11237318279016,11.88038054321374,2.492739456902787,0.0702432717819686,mouse657902far192,0.1517551755175518,0.2891989198919892,0.2346534653465346,1
mouse657902,far,43,0.0279326782865046,0.0454501434858664,0.0149984828439488,5.208955624377548,3.2059798589277406,5.85249180889711,0.1395824383913501,0.1356871318645333,0.09956066294035401,3235.0,2926.0,3294.0,32.35,29.26,32.94,13.441711383496234,48.0656128621529,11.590380555738658,2.492739456902787,0.0497191375383796,mouse657902far43,0.1371737173717372,0.253015301530153,0.2397839783978398,1
mouse657902,far,193,0.0456462933210712,0.0541089289280206,0.0648538467446804,4.066151781075357,3.1278808195214416,4.82126002226581,0.2298165920345194,0.2794623476521173,0.3344027400172462,499.0,322.0,158.0,4.99,3.22,1.58,13.4935581681157,52.15228896798466,11.62980916974567,2.4931155207892,0.0672823685047713,mouse657902far193,0.1738973897389739,0.5905490549054907,0.2554455445544554,0
mouse657902,far,47,0.0124794706531363,0.0081607952456297,0.0177836528963713,5.1508609671149665,4.263868839598682,5.230164378876852,0.1061896116111318,0.0958269426693151,0.1006964963958404,4428.0,4082.0,3757.0,44.28,40.82,37.57,13.846227859246712,55.44753680055438,11.864519300608348,2.4937421679075005,0.0382809939594881,mouse657902far47,0.1747074707470747,0.2592259225922593,0.2411341134113411,1
mouse657902,far,56,0.0662413129720198,0.1474443031223111,0.045907064700555,5.95834766955092,3.158080060696028,5.04141766010401,0.2703301869949532,0.344890342919734,0.3133871352632258,541.0,296.0,291.0,5.41,2.96,2.91,14.805932883103033,63.278578533282975,12.65453557687505,2.478280654001883,0.0594713428913672,mouse657902far56,0.2095409540954096,0.7495949594959498,0.4914491449144916,0
mouse657902,far,49,0.04831744110763599,0.0483291430817362,0.0688710345185597,0.5667869030344729,2.458303473019096,4.313608744064133,0.2335134825732881,0.24931939981020101,0.2982226579551381,470.0,393.0,255.0,4.7,3.93,2.5500000000000003,14.805932883103033,63.278578533282975,12.65453557687505,2.478280654001883,0.0523371567505842,mouse657902far49,0.1822682268226823,0.8052205220522054,0.4117911791179117,0
mouse657902,far,53,0.0672978618388391,0.012178220264616001,0.0217811800029311,4.461011387288479,2.3138498687332136,1.5512065844769856,0.18359188345367997,0.1877703297370417,0.2029376697087476,984.0,1036.0,824.0,9.84,10.36,8.24,14.805932883103033,63.278578533282975,12.65453557687505,2.478280654001883,0.0262645353543017,mouse657902far53,0.1401440144014402,0.7036903690369039,0.3899189918991897,0
mouse657902,far,195,0.0617781062586793,0.146067474923114,0.0546899756212815,2.0151863429991783,2.062609610136022,3.3315453470438774,0.3538494323072887,0.4381859464683338,0.34549709952765195,173.0,144.0,113.0,1.73,1.44,1.1300000000000001,14.14866078631039,62.90901066794442,12.105866176857429,2.478280654001883,0.0762839047890008,mouse657902far195,0.1857785778577857,0.6742574257425743,0.3024302430243025,0
mouse657902,far,55,0.0358308810300604,0.0832277650123927,0.1052161418749317,0.4207374067803015,0.5244316994690333,3.0792057397858326,0.3351333694078608,0.3988367085504342,0.40422123656880393,158.0,154.0,129.0,1.58,1.54,1.29,14.14866078631039,62.90901066794442,12.105866176857429,2.478280654001883,0.0952170123902763,mouse657902far55,0.1709270927092708,0.6972097209720973,0.295949594959496,0
mouse657902,far,54,0.0728245911260742,0.0698749464899276,0.1676899603045137,1.851458737419482,4.039340722760579,1.4555847607929744,0.3539003707349171,0.43549213216110105,0.4650428280407856,117.0,74.0,91.0,1.17,0.74,0.91,14.14866078631039,62.90901066794442,12.105866176857429,2.478280654001883,0.0927805403924909,mouse657902far54,0.1782178217821781,0.6472547254725473,0.3648064806480647,0
mouse657902,far,57,0.0559967645881907,0.1021909355509488,0.0917699541880981,0.6341436567162028,2.8808761551480533,0.7323927508675457,0.2906168871827214,0.3119459965054809,0.3986680125055961,423.0,254.0,162.0,4.23,2.54,1.62,14.438027675005452,67.44379355728343,12.360256932262931,2.478280654001883,0.0528506300924116,mouse657902far57,0.1644464446444644,0.7236723672367238,0.3507650765076507,0
mouse657902,far,59,0.0437229851331247,0.0872891831633658,0.0303449921569366,0.17038437438269,3.5744999045911654,0.5152994156420455,0.3909409243449539,0.3588588132098729,0.4451143515147577,160.0,135.0,74.0,1.6,1.35,0.74,14.11947546435017,66.57545293619991,12.068439562688539,2.4796673163954885,0.0653463613067522,mouse657902far59,0.1617461746174617,0.6189018901890191,0.2513951395139515,0
mouse657902,far,60,0.0157481922045638,0.0626335683279327,0.0542025531444698,0.6627782570367303,2.7340372283915038,3.1015868060577514,0.2569760791053469,0.24088023595417998,0.2384214715463891,622.0,630.0,548.0,6.22,6.3,5.48,14.742831064058224,71.18282597027341,12.555380500189063,2.4796673163954885,0.0653160211728715,mouse657902far60,0.2022502250225023,0.7161116111611162,0.3224122412241225,0
mouse657902,far,62,0.0225402068677644,0.0202538134016616,0.0131867766047725,6.088657063413933,1.4939085636781209,5.387229125872606,0.0798372727989895,0.1917670709329309,0.086001648645703,6234.0,4427.0,5133.0,62.34,44.27,51.33,14.501188414653232,71.1565997347009,12.408417996654869,2.4992498874662377,0.0363743465675283,mouse657902far62,0.1371737173717372,0.2360036003600359,0.2214221422142215,1
mouse657902,far,63,0.0325828774286422,0.0680184474782817,0.0289005746965108,5.343376839097049,3.3909268832847146,4.048417802359849,0.2503119740759468,0.2894632522536804,0.2981956517926149,307.0,366.0,208.0,3.0700000000000003,3.66,2.08,14.810872304575195,74.9327319317402,12.548447559664568,2.4992498874662377,0.0695984552260789,mouse657902far63,0.1757875787578757,0.594869486948695,0.2927092709270926,0
mouse657902,far,69,0.019456909780115002,0.0665004773827201,0.0391834098801623,4.49633475619689,2.9969029726568124,4.503553009591894,0.1454900584893359,0.1842698240213083,0.1809163324311759,1434.0,1018.0,868.0,14.34,10.18,8.68,15.107128795480005,78.19343907348987,12.798292767173418,2.5011247469888422,0.0250784445368261,mouse657902far69,0.2373537353735374,0.5530153015301531,0.40990099009901004,0
mouse657902,far,68,0.0745145603992887,0.0454180224413348,0.027693675161538,2.038134935938035,2.000660704900038,2.0319003041376766,0.2751392693230866,0.2234821105428847,0.2291649469858108,617.0,514.0,510.0,6.17,5.14,5.1000000000000005,15.107128795480005,78.19343907348987,12.798292767173418,2.5011247469888422,0.0166636819517866,mouse657902far68,0.1639063906390639,0.8373537353735375,0.4868586858685869,0
mouse657902,far,72,0.0178285703086609,0.0791898215569706,0.0428988057499407,4.098580016868324,3.4206364502650204,5.290372221134832,0.1231767276788763,0.2336151307529167,0.1521846808505509,2346.0,2072.0,1855.0,23.46,20.72,18.55,14.414430254300404,81.48631930738796,12.381521481187566,2.5032478902417954,0.0256566364311563,mouse657902far72,0.1547254725472547,0.2910891089108911,0.3051305130513052,1
mouse657902,far,73,0.066957233947348,0.0232232539425697,0.073993634819595,3.406152687611762,2.7051571711779334,4.105785474281047,0.2236060026094006,0.1762302453937996,0.2997756699243524,694.0,664.0,342.0,6.94,6.640000000000001,3.42,15.267044979794269,86.59558174412014,13.13740445873656,2.488473427625861,0.0272242240835315,mouse657902far73,0.2071107110711071,0.7420342034203421,0.4393339333933393,0
mouse657902,far,76,0.0554624650199743,0.0759676226570598,0.0741924720768557,3.3784395482099026,3.1819456585293704,5.4651974622234905,0.3896867693891048,0.3696919279990625,0.4235703606842008,96.0,106.0,80.0,0.96,1.06,0.8,15.013508213916644,85.89938317628432,12.858165127384806,2.488473427625861,0.06696054440662,mouse657902far76,0.1917191719171918,0.6823582358235826,0.445004500450045,0
mouse657902,far,81,0.0381553662693333,0.0560145532448644,0.0213160599784948,4.118692221226517,1.816398397972623,4.922068985164847,0.1849304427562093,0.2258430754559063,0.2268561828113725,652.0,734.0,550.0,6.5200000000000005,7.34,5.5,16.834297627994815,95.29150310424666,14.382203063496142,2.493992782667985,0.0356159113567221,mouse657902far81,0.1914491449144915,0.8657065706570658,0.3920792079207923,0
mouse657902,far,79,0.0294498200451927,0.0319297796662521,0.0448140197319257,5.667198034990827,2.9332129727621297,5.106528885316758,0.1557809608818445,0.2248335420769628,0.1873049124857478,1374.0,988.0,1078.0,13.74,9.88,10.78,16.834297627994815,95.29150310424666,14.382203063496142,2.493992782667985,0.0197756223132014,mouse657902far79,0.1331233123312332,0.2503150315031504,0.2192619261926192,1
mouse657902,far,82,0.016210951961931997,0.0171969660296838,0.0509774134574396,4.74789864207733,4.793941150078969,4.63282198645406,0.1147408390968117,0.3055272270108659,0.1794233006177282,2316.0,262.0,1427.0,23.16,2.62,14.27,16.249607183799366,94.37657089281076,13.791978334852429,2.493992782667985,0.0995151201853302,mouse657902far82,0.2214221422142215,0.6396939693969398,0.3837083708370835,0
mouse657902,far,190,0.0263466737104893,0.0638938397492735,0.1188369459260902,2.7204225389474685,1.1049238305553173,4.560734579156064,0.3626301946768015,0.4306993873730486,0.4121885480252818,167.0,108.0,130.0,1.67,1.08,1.3,13.102431085856118,36.04535012313738,11.399285881440218,2.510353560755935,0.0804766457733123,mouse657902far190,0.1879387938793879,0.5702970297029705,0.3043204320432042,0
mouse657902,far,67,0.0512963917966771,0.049312978734040995,0.1296823803101233,4.476171731184032,5.152193706578347,5.998430883830677,0.3590427230359578,0.3087971051918609,0.4789934918659642,121.0,195.0,74.0,1.21,1.95,0.74,14.267921244058359,74.08249014209454,12.202074538460245,2.5011247469888422,0.0957838978125199,mouse657902far67,0.1722772277227722,0.6675067506750676,0.2897389738973899,0
mouse657904,far,245,0.1432896781815296,0.0373839426172487,0.0300559759842497,0.3308760095716286,4.918690906211023,5.230018613616437,0.5213522340547024,0.1416455062635185,0.3426632305097767,59.0,1463.0,182.0,0.59,14.63,1.82,5.6079423793873495,31.4599677532118,5.952473520104103,2.6100766272276377,0.0841582461462296,mouse657904far245,0.2211521152115211,0.5848784878487849,0.3920792079207923,0
mouse657904,far,376,0.0619050052885888,0.0414517226032597,0.1001787741603718,1.3991695428267508,1.0458910772893524,1.6377988838715989,0.3277119084971406,0.2554281137397429,0.3915026880294182,131.0,222.0,99.0,1.31,2.22,0.99,5.2479507908125305,17.938354486726574,5.4868031795348235,2.577547283756401,0.0925117201895267,mouse657904far376,0.1774077407740774,0.6186318631863187,0.429072907290729,0
mouse657904,far,260,0.1188979192326411,0.0416070370732792,0.0245305807939656,4.140133724098123,4.0007427479129865,4.921949589304175,0.3081646479535018,0.17934660034969896,0.238272937484623,427.0,1160.0,508.0,4.2700000000000005,11.6,5.08,5.3649228816379715,11.935499854990212,5.493328850095737,2.5579532833888896,0.0615347500670567,mouse657904far260,0.2732673267326733,0.6099909990999101,0.34887488748874895,0
