mouse,probe_position,unitID,VL_pre,VL_stimOn,VL_post,angle_pre_ch15,angle_stimOn_ch15,angle_post_ch15,MMR_Pre,MMR_stimOn,MMR_Post,Nspikes_pre,Nspikes_StimOn,Nspikes_post,Fspikes_pre,Fspikes_StimOn,Fspikes_post,inst_amp_pre_peak_ch,inst_amp_StimOn_peak_ch,inst_amp_post_peak_ch,distance_peakch_stim_tip,error_waveform,universal_ID,waveform_halfwidth,waveform_duration,waveform_REP,cluster
mouse577578,close,310,0.0422186754053852,0.0521011120387741,0.0295375373783489,2.8621267611979144,2.109877700586874,1.1259617927228125,0.1836426220907524,0.1733422221385961,0.1433658125968277,1284.0,1385.0,1540.0,12.84,13.85,15.4,131.1293681764775,144.01157082999597,137.27187612565572,0.7057797106746553,0.0106149668684847,mouse577578close310,0.17200720072007197,0.5149414941494149,0.3259225922592261,0
mouse577578,close,323,0.1177090927633576,0.1764288287421404,0.1268760462458426,5.129077207067856,5.5946054550241655,5.503976294708174,0.2290612032361537,0.3355287080669588,0.2150572865172743,1327.0,1322.0,1198.0,13.27,13.22,11.98,71.29682607628541,120.73664506214365,68.76302377499289,0.5448623679425842,0.0152237839356078,mouse577578close323,0.2279027902790279,1.0271827182718272,0.376687668766877,1
mouse577578,close,319,0.4392699078384431,0.3552588374906216,0.4602788845527963,4.003020331954395,3.9474078427581287,4.035089969880507,0.5244726001795368,0.5194430589884842,0.5402832654835314,702.0,753.0,836.0,7.0200000000000005,7.53,8.36,62.06148415459861,131.39489561670788,58.018032751207144,0.5165994579942956,0.0425472334345702,mouse577578close319,0.1936093609360936,0.6572457245724573,0.22196219621962196,0
mouse577578,close,328,0.2069570629253806,0.2350161458275129,0.2878685957503906,4.832685915116894,5.182331346690027,4.933502073409642,0.3677550870060348,0.3675158788022002,0.4293999090940607,546.0,529.0,459.0,5.46,5.29,4.59,62.06148415459861,131.39489561670788,58.018032751207144,0.5165994579942956,0.0147504282725536,mouse577578close328,0.1107110711071107,0.2786678667866787,0.20900090009000896,0
mouse577578,close,330,0.1736623224910118,0.0552075573243032,0.08983171355719098,4.220142674016053,3.7670804887985887,4.132724740969136,0.3779452545415642,0.2505155125531971,0.3207851208733502,291.0,366.0,264.0,2.91,3.66,2.64,62.06148415459861,131.39489561670788,58.018032751207144,0.5165994579942956,0.0580029072727225,mouse577578close330,0.1252925292529252,0.6888388838883889,0.2651665166516652,0
mouse598181,close,512,0.0234941327566647,0.0469971296769944,0.0237962807030125,3.95893992512035,4.923440759747241,1.0193927311657374,0.1874129399601284,0.19250396082052398,0.1346537269022276,854.0,1031.0,1372.0,8.540000000000001,10.31,13.72,49.38976145101703,126.85301586380207,47.343364520270434,0.6093028803476971,0.0905488731389106,mouse598181close512,0.6108010801080109,1.074977497749775,0.4317731773177318,2
mouse598183,close,137,0.3723593933567793,0.4285797373224148,0.4211500460185106,4.763278841580195,4.942784524390706,4.8307305544971895,0.5214363190503369,0.5633694429948057,0.5010711260645321,360.0,376.0,390.0,3.6,3.7600000000000002,3.9,183.4186870617611,181.81048803383663,191.87205272665423,0.9522998477370456,0.0337309435891694,mouse598183close137,0.3032403240324032,0.6561656165616563,0.3588658865886588,2
mouse598183,close,146,0.2933560189863961,0.3105988341822178,0.27951820922795,4.617709639597032,4.526723614459259,4.554203084227248,0.4054884660720119,0.3929860424554009,0.3607318798632343,1495.0,1527.0,1742.0,14.950000000000001,15.27,17.42,136.31911567841513,145.12967940982182,144.9947615998638,0.8522030274529655,0.0095650223461285,mouse598183close146,0.1693069306930693,0.5651665166516653,0.3648064806480648,0
mouse598183,close,145,0.2165037836539411,0.1844417127248977,0.3847030101576408,1.14329149466327,1.5021309216876773,1.2348655203455992,0.4543803307015877,0.46615312673331,0.516970859217546,345.0,259.0,190.0,3.45,2.59,1.9000000000000001,143.18510220757855,153.83847206876146,152.46017843291798,0.8415016339853418,0.026505484376676002,mouse598183close145,0.1360936093609361,0.5127812781278129,0.41098109810981104,0
mouse598183,close,150,0.2580837656587832,0.2543233172929421,0.2969782707684822,0.9272829076349468,0.9599219581168568,0.874404824549167,0.3762673316034245,0.3693066949097917,0.3886219331314285,1774.0,1464.0,1420.0,17.740000000000002,14.64,14.200000000000001,136.51553242320335,147.61147757300927,146.0739292725296,0.7992183681572891,0.016001337905893,mouse598183close150,0.1755175517551755,0.4857785778577858,0.3442844284428443,0
mouse598183,close,158,0.1594258883267212,0.1357223355389197,0.1582696455699311,0.8842833450516345,0.7813314688710543,0.2706231321135528,0.379641065371344,0.3173322340124558,0.3346271828478728,362.0,389.0,411.0,3.62,3.89,4.11,115.39712843270893,135.24369241072114,125.3838290697944,0.7352720584926371,0.0313842391272994,mouse598183close158,0.7423042304230423,1.3117911791179122,0.0232223222322232,2
mouse598183,close,440,0.0555070745212889,0.1192227230505161,0.0474480478814249,5.687513865408187,5.454041173859034,0.1121520067355197,0.2237170232371799,0.3287308335265596,0.2308997967457348,514.0,502.0,342.0,5.14,5.0200000000000005,3.42,109.82422231180048,129.89897435550066,118.85144518936944,0.7352720584926371,0.0594450796679122,mouse598183close440,0.2792079207920792,0.6405040504050407,0.3523852385238523,1
mouse598183,close,166,0.1024684786777545,0.0983281821070056,0.1726018858105159,5.729446455848113,0.5332785532404501,0.2626369039141011,0.2387860460346739,0.2384995080666858,0.3232785118752986,570.0,832.0,1085.0,5.7,8.32,10.85,97.75566590331663,124.35267656545885,108.36630236038704,0.7017834423809101,0.0572119988025326,mouse598183close166,0.3243024302430243,0.9002700270027003,0.3685868586858686,2
mouse598183,close,441,0.2061920196708745,0.0690495651970115,0.1880208862708692,5.2210297937814785,4.443446822945863,4.924628585632116,0.3630524616873385,0.2716836379933862,0.4364087910918332,250.0,216.0,123.0,2.5,2.16,1.23,92.96279456605959,124.24493619844853,103.4529705046576,0.6773108592072034,0.074658347417198,mouse598183close441,0.2014401440144014,0.7639063906390641,0.4720072007200723,1
mouse598183,close,171,0.0923967292129946,0.0918859053009006,0.1614162784265831,1.6452584385962608,6.272236513386754,1.8965722471972408,0.3436814623492898,0.3890171676556617,0.4438178183556315,117.0,100.0,70.0,1.17,1.0,0.7000000000000001,92.96279456605959,124.24493619844853,103.4529705046576,0.6773108592072034,0.0263887184174434,mouse598183close171,0.17308730873087302,0.716921692169217,0.4036903690369037,1
mouse598183,close,502,0.068143387542561,0.0680791242986538,0.1222236179453963,3.93453096442238,5.745866290563291,6.223842165739733,0.2733768359441673,0.2595006866759368,0.3819868747756712,248.0,345.0,354.0,2.48,3.45,3.54,88.40537199085291,123.96281943027807,98.16345427877792,0.653834841531101,0.032063068270787996,mouse598183close502,0.2117011701170117,0.6812781278127813,0.5508550855085511,1
mouse598183,close,180,0.0701918295245546,0.0969581776770086,0.0560074568313361,4.709974237312134,0.1737755457178902,4.5679448617929985,0.2259970697802988,0.29917283587384397,0.2449334722352041,455.0,330.0,440.0,4.55,3.3000000000000003,4.4,85.77271788995141,123.02409313026196,94.95756373457962,0.653834841531101,0.0358031065029429,mouse598183close180,0.1512151215121512,0.7396039603960397,0.4687668766876688,1
mouse598183,close,181,0.1805425791508182,0.1865603790074725,0.1871118758181292,5.0534020907293735,4.980804459177174,5.256873695165004,0.3229779602265722,0.3526891181641984,0.3196724074833248,1400.0,1440.0,1253.0,14.0,14.4,12.530000000000001,85.95354103071976,126.9641525527827,95.37549653286005,0.653834841531101,0.0153048339282999,mouse598183close181,0.1039603960396039,0.2254725472547255,0.2565256525652566,0
mouse598183,close,196,0.1152596433659899,0.1498946750447514,0.171780866095778,1.832292949483972,1.6028670819467543,1.2077611993962871,0.4019287105781838,0.44177879535526904,0.5010101688261381,127.0,123.0,93.0,1.27,1.23,0.93,84.48826718796042,129.11861658700758,91.83185981317291,0.6269968101992227,0.0252165475054437,mouse598183close196,0.1239423942394238,0.7201620162016203,0.305130513051305,0
mouse598183,close,195,0.1845685054444037,0.0910939924479375,0.2045981079075427,4.7787221613607045,4.578440377114527,4.879855985397374,0.4130947428237015,0.2754951647353289,0.3882884297322919,374.0,416.0,339.0,3.74,4.16,3.39,84.48826718796042,129.11861658700758,91.83185981317291,0.6269968101992227,0.0186555425380098,mouse598183close195,0.1201620162016201,0.2154815481548154,0.2165616561656167,0
mouse598183,close,201,0.1814114050081262,0.0610458404516523,0.1608531130965021,5.518276647608307,4.513763156315782,5.6428492529617165,0.4211617685248185,0.2901858025594831,0.3844393647461734,302.0,332.0,250.0,3.02,3.3200000000000003,2.5,95.32318345640377,128.77149573895002,99.8485323090418,0.6269968101992227,0.0736614235663585,mouse598183close201,0.20792079207920802,1.0217821782178218,0.9564356435643564,1
mouse598183,close,193,0.0875235375166368,0.0761636232139222,0.1724932187633266,5.607612835286496,5.859985916477577,0.2461526287742898,0.3122204673078797,0.2790169729391775,0.4668810129969661,702.0,409.0,186.0,7.0200000000000005,4.09,1.86,95.32318345640377,128.77149573895002,99.8485323090418,0.6269968101992227,0.0353043338334508,mouse598183close193,0.1925292529252925,0.993699369936994,0.6321332133213318,1
mouse598183,close,449,0.1500870302191432,0.1788339054838149,0.0339455685218054,2.478356388661772,0.9719102066838596,1.645668270398643,0.5031138345687097,0.4603720866618218,0.2255530784922528,111.0,67.0,179.0,1.11,0.67,1.79,95.32318345640377,128.77149573895002,99.8485323090418,0.6269968101992227,0.0754750390634347,mouse598183close449,0.1414941494149415,0.6696669666966697,0.4123312331233123,1
mouse598183,close,205,0.1484703880490021,0.1076118769344561,0.1620992058807492,4.620041471057914,4.245722570493601,4.834329089082889,0.2551077117324395,0.1945064971716738,0.253865328449219,2367.0,2763.0,2809.0,23.67,27.63,28.09,92.79050579749428,129.29735304866298,97.73197743565748,0.6067330549755798,0.0170070687555142,mouse598183close205,0.0834383438343834,0.1684968496849685,0.1371737173717371,0
mouse598183,close,207,0.1696599369213309,0.1356813667393514,0.1788517294919667,4.828009465765471,4.554086452530168,5.033403220300296,0.3263691891935599,0.2699341375034711,0.35697275376530396,473.0,473.0,403.0,4.73,4.73,4.03,92.79050579749428,129.29735304866298,97.73197743565748,0.6067330549755798,0.0267801817713596,mouse598183close207,0.1585058505850585,0.2905490549054905,0.2956795679567958,0
mouse598183,close,209,0.031108288390612998,0.0455170873062917,0.0419606237119075,4.648511714120977,5.829652931096993,5.396968834809717,0.1504348092296596,0.178025311723995,0.1463377017798254,1282.0,1231.0,1256.0,12.82,12.31,12.56,92.79050579749428,129.29735304866298,97.73197743565748,0.6067330549755798,0.029019950031942004,mouse598183close209,0.1752475247524753,0.637803780378038,0.5881188118811881,1
mouse598183,close,206,0.2776340852988063,0.2326336568801535,0.2959985685348273,2.6382983174475583,2.666161446504763,2.6540800233293846,0.4051626154236235,0.3643033859694655,0.3956736937967118,1432.0,1387.0,1519.0,14.32,13.870000000000001,15.19,92.79050579749428,129.29735304866298,97.73197743565748,0.6067330549755798,0.040318896188605007,mouse598183close206,0.3464446444644465,0.6810081008100811,0.1741674167416743,2
mouse598183,close,208,0.065539263702441,0.1859293629503522,0.0776698866959284,1.4722953144256412,1.0040139973136608,5.028358937615908,0.3274969853608216,0.3751599867621774,0.2777341864419736,333.0,246.0,281.0,3.33,2.46,2.81,99.86767068889,133.27637607196988,104.06803512194605,0.6067330549755798,0.0321653816540395,mouse598183close208,0.1593159315931593,0.7177317731773178,0.4471647164716471,1
mouse598183,close,210,0.0312583975436319,0.1087093750560421,0.1065478177613383,2.437612046286496,4.671606502318572,2.8236817557422764,0.301770076541027,0.2883569324845421,0.3199836095970187,197.0,193.0,236.0,1.97,1.93,2.36,99.86767068889,133.27637607196988,104.06803512194605,0.6067330549755798,0.0074045086338129,mouse598183close210,0.1614761476147614,1.0252925292529254,0.4695769576957698,1
mouse598183,close,439,0.0938315051439403,0.0811065491608273,0.0554546728351189,1.1367121030555705,1.3559088390181195,3.0948477656074664,0.3210789515213318,0.3055943586120891,0.3291685715674227,317.0,380.0,282.0,3.17,3.8000000000000003,2.82,115.39712843270893,135.24369241072114,125.3838290697944,0.7352720584926371,0.0677314679234211,mouse598183close439,0.2343834383438344,1.3277227722772276,0.0243024302430243,2
mouse622179,close,453,0.1830154794922468,0.0704564795676159,0.10911385423603699,3.1417787541799336,5.007329606160097,3.2198661885620266,0.4515463914850821,0.3568433150232631,0.3468809992588823,146.0,148.0,143.0,1.46,1.48,1.43,91.75669926584429,95.1611975806895,87.25214191362579,1.3713588151902478,0.021944963617854998,mouse622179close453,0.3712871287128713,0.6108010801080108,0.0777677767776778,2
mouse622179,close,531,0.1623773656455996,0.1297717338495251,0.1021206904117411,2.7571334372275675,3.160516335743908,3.9751389774277435,0.4206937257884539,0.4919940722915469,0.4772769094824576,102.0,69.0,81.0,1.02,0.6900000000000001,0.81,94.86420349076464,96.80105916915056,88.51676860884945,1.3409418331903886,0.0943766341759326,mouse622179close531,0.3626462646264627,0.7020702070207021,0.0402340234023403,2
mouse622179,close,125,0.0991056721521775,0.096371848199132,0.0945017799426483,5.355395912374542,3.9638595552445226,4.237506543063119,0.3729496721015481,0.3682481818946079,0.3748125882492473,119.0,132.0,127.0,1.19,1.32,1.27,94.86420349076464,96.80105916915056,88.51676860884945,1.3409418331903886,0.0289061801532988,mouse622179close125,0.3564356435643564,0.5665166516651666,0.2268226822682268,2
mouse622179,close,127,0.0836376601749998,0.0850402107499747,0.0795554597011078,1.419734312619637,1.1859534186076002,1.2981770891969928,0.1914017844496235,0.2040273226120385,0.1835697536177511,1491.0,1529.0,1492.0,14.91,15.290000000000001,14.92,96.83663978867183,98.21755497552178,90.21072308584571,1.3409418331903886,0.0181165104933088,mouse622179close127,0.2216921692169218,0.6261926192619264,0.2875787578757875,0
mouse622179,close,456,0.1822753803578891,0.1481281231444703,0.1274496814794632,4.43762463154774,4.471981484370316,4.377583361896891,0.2815386075368222,0.2605830776505931,0.2427409526935773,1045.0,1220.0,1276.0,10.450000000000001,12.200000000000001,12.76,96.83663978867183,98.21755497552178,90.21072308584571,1.3409418331903886,0.0160810848217392,mouse622179close456,0.1960396039603961,0.5400540054005402,0.3448244824482449,0
mouse622179,close,129,0.0619070977090263,0.0551972705401796,0.0305616876607697,3.8492157653131054,1.9278652134539287,0.5954550264973352,0.2405609273971142,0.1884637741646969,0.2909718485554177,383.0,440.0,332.0,3.83,4.4,3.3200000000000003,90.37068503878076,91.99447678912477,85.34905541678704,1.332291259447423,0.0383515497688562,mouse622179close129,0.3091809180918092,0.7142214221422143,0.1641764176417643,2
mouse622179,close,139,0.0171989359895571,0.0297437306194873,0.0381962019427723,5.510138522267137,1.860177552046524,1.08062652889072,0.2782051664905631,0.3909906328017806,0.2980940904971192,334.0,249.0,183.0,3.34,2.49,1.83,87.956999273701,87.58739914499179,79.99982674284067,1.28086884574495,0.038088639983151,mouse622179close139,0.2800180018001801,0.6758775877587759,0.4234023402340235,1
mouse622179,close,458,0.0809765281748247,0.1313474647042858,0.1322227586296846,2.494264936608322,3.3888069767812987,5.001104018881227,0.3630318349845777,0.4253981838741617,0.3877702043239589,116.0,99.0,119.0,1.16,0.99,1.19,87.956999273701,87.58739914499179,79.99982674284067,1.28086884574495,0.0627513410678275,mouse622179close458,0.3043204320432043,0.677767776777678,0.3027002700270026,2
mouse622179,close,166,0.1674017615249778,0.1150687814493178,0.0980687723416068,0.3674439277063879,0.0563598034300144,0.1457790717884179,0.3815389177690982,0.3397399322027675,0.3302238584600673,291.0,356.0,288.0,2.91,3.56,2.88,75.94312388066109,78.52850686118238,68.88820247601933,1.182687617251487,0.018964079153784,mouse622179close166,0.2157515751575158,1.0069306930693072,0.7568856885688571,1
mouse622179,close,467,0.1549287530921192,0.15485484347404802,0.1579018356154527,4.186668214732578,3.2377579246104804,3.8680461268444986,0.4138127631460019,0.3488872653245908,0.3083185008581713,210.0,190.0,393.0,2.1,1.9000000000000001,3.93,73.33843013700941,75.14234653993495,66.40090758935499,1.147006974695446,0.0216359680013686,mouse622179close467,0.1782178217821782,0.677767776777678,0.4603960396039604,1
mouse622179,close,176,0.4010985138167273,0.3927139303073349,0.3872351681608588,3.674660220743095,3.5605976123471885,3.5999589666748166,0.4802043955283003,0.49255710374748796,0.4901758599446205,811.0,878.0,797.0,8.11,8.78,7.97,67.0334565370879,70.08517590620077,62.25496299698975,1.12527774349269,0.0071325741613625,mouse622179close176,0.1293429342934293,0.6837083708370837,0.4315031503150316,1
mouse622179,close,183,0.2724498654527028,0.2773720989255303,0.2523156676089625,4.356942732727247,4.352776053402402,4.426169180701188,0.37157084223926595,0.3923044266753242,0.3796535314089447,2471.0,2301.0,2243.0,24.71,23.01,22.43,63.32131477977104,66.07233874397619,58.65127151121561,1.0971554128745846,0.0152933962462179,mouse622179close183,0.1836183618361836,0.2891989198919892,0.2500450045004501,0
mouse622179,close,473,0.1933579788456031,0.15324413319664001,0.0997364013065767,1.743251369441822,1.8092847318963032,1.5546168125828257,0.4501104594431541,0.4301736620419781,0.4627765154344302,77.0,152.0,100.0,0.77,1.52,1.0,65.54850339900355,67.67633467008908,60.177296407934506,1.0911576421397595,0.0530820706405096,mouse622179close473,0.1555355535553555,0.9915391539153916,0.4463546354635461,1
mouse622179,close,184,0.1186615986715301,0.0821218755086215,0.0538538825952423,1.4295071176199619,2.1014740513078625,0.8108530542022712,0.2772312022412264,0.2686111144886993,0.1768960312780469,456.0,550.0,619.0,4.5600000000000005,5.5,6.19,65.54850339900355,67.67633467008908,60.177296407934506,1.0911576421397595,0.0199027297793871,mouse622179close184,0.1504050405040504,1.0625562556255626,0.373717371737174,1
mouse622179,close,526,0.0982069696540371,0.0803756585925251,0.1277665883207006,1.6252612433983231,1.4838473763874531,2.2036979413596423,0.3339579739059191,0.2802912002999648,0.3612718511892383,243.0,327.0,380.0,2.43,3.27,3.8000000000000003,66.89595013287183,68.34099909366698,60.67351823502445,1.0911576421397595,0.0278723869936215,mouse622179close526,0.1595859585958595,0.8468046804680469,0.3661566156615662,1
mouse622179,close,190,0.2188912081577678,0.2171656723888619,0.2823755275312789,4.7195345997691724,4.749556500767837,5.0359295347004815,0.3234043970643877,0.3896888285374809,0.4278245361065648,1134.0,950.0,973.0,11.34,9.5,9.73,67.58386309859218,70.04151989506373,61.607936891761035,1.069462481810372,0.0249028956261318,mouse622179close190,0.1212421242124212,0.1903690369036903,0.1444644464446445,0
mouse622179,close,193,0.1423028596315337,0.1848019956575976,0.13249988835804,1.6723142321907818,1.5638163396061324,1.8657415461172357,0.3337655552164398,0.333056658325836,0.3290357329519018,277.0,321.0,326.0,2.77,3.21,3.2600000000000002,72.13659680373466,73.00023082729003,65.46593965561459,1.0638961415476609,0.0158573243494513,mouse622179close193,0.1522952295229523,0.8800180018001801,0.3626462646264626,1
mouse622179,close,203,0.1285907561481546,0.1317308724893346,0.1361562584364662,4.4918897171532235,4.596787687751309,4.689192768690498,0.2758436719449609,0.2651879413150144,0.28036553687036603,2268.0,2472.0,2052.0,22.68,24.72,20.52,82.92068219318297,81.9123777792234,74.64322647625684,1.0638961415476609,0.0670035905112485,mouse622179close203,0.0899189918991899,1.2283528352835282,0.5546354635463548,1
mouse622179,close,202,0.0238012932520079,0.0583876802925832,0.03364642349612,5.016559411419803,5.698987568301622,6.224815632741593,0.1392004021261924,0.1852636166946358,0.1544622306505046,954.0,1172.0,1218.0,9.540000000000001,11.72,12.18,82.92068219318297,81.9123777792234,74.64322647625684,1.0638961415476609,0.0388201114965597,mouse622179close202,0.3367236723672366,1.132493249324933,0.4957695769576955,1
mouse622179,close,204,0.0493946980995757,0.0459342058570787,0.0603758905296519,1.2563878055870366,0.7148904235759115,0.6214463288511421,0.2387334620352892,0.270716990177702,0.274117823431549,245.0,285.0,275.0,2.45,2.85,2.75,82.92068219318297,81.9123777792234,74.64322647625684,1.0638961415476609,0.0424182863769636,mouse622179close204,0.2168316831683169,0.6464446444644466,0.6440144014401442,1
mouse622179,close,217,0.1091430842922628,0.0978033251184673,0.0731303918200736,1.509466808056964,1.9902076780786024,0.4637299975240781,0.4477331914011545,0.3656134408196292,0.3091223189973741,132.0,317.0,154.0,1.32,3.17,1.54,84.25740410751948,83.54350930021589,75.22330619355226,1.0371234256345772,0.0320780069448647,mouse622179close217,0.1528352835283528,1.2548154815481551,0.3750675067506748,1
mouse622179,close,209,0.0711507495656241,0.079214226499938,0.0112242430740477,4.190980962254239,4.979661827525588,2.640481110457268,0.1768454486778598,0.24126613985652998,0.1790687942048474,766.0,853.0,862.0,7.66,8.53,8.620000000000001,85.0424687477014,83.72930932903795,77.92732751524801,1.0371234256345772,0.0101326510168054,mouse622179close209,0.1587758775877588,0.7649864986498651,0.5162916291629166,1
mouse622179,close,210,0.1687715900368035,0.1562578479500695,0.1351154885446454,2.2168783264898897,1.9983837869427807,2.135832148721466,0.3944214344282123,0.3229561728585946,0.2609799015566449,716.0,812.0,911.0,7.16,8.120000000000001,9.11,85.0424687477014,83.72930932903795,77.92732751524801,1.0371234256345772,0.0340261183030414,mouse622179close210,0.1736273627362736,0.6785778577857787,0.2470747074707471,0
mouse622179,close,216,0.2414178136589935,0.2428919761480849,0.2343132565455513,3.3154319416298303,3.0335013687670624,3.387143479706877,0.4084766580045596,0.3739842546782128,0.4251804684415535,724.0,814.0,834.0,7.24,8.14,8.34,88.28656666313282,87.13592242894501,80.79413412261833,1.0371234256345772,0.0454681672281589,mouse622179close216,0.1414941494149415,0.6855985598559856,0.6450945094509454,1
mouse622179,close,219,0.1565610941502243,0.160467612637579,0.1621035707676534,4.7930925510424895,5.038292245709659,4.774833893076725,0.2787352828109959,0.3143030512339363,0.3218090932037948,1477.0,1281.0,1224.0,14.77,12.81,12.24,90.38378984319756,89.57184855716964,83.40716130274522,0.9993748045653345,0.0127012069402892,mouse622179close219,0.1595859585958595,0.3197119711971198,0.2837983798379839,0
mouse622179,close,481,0.0820024386750666,0.1224571060445163,0.107955249508275,5.911816391718532,5.376324493332344,3.958693432980623,0.3291160783099022,0.449388983712528,0.3116102967404739,197.0,205.0,485.0,1.97,2.05,4.8500000000000005,87.83386945609331,86.84696875194679,81.68215502801527,0.9993748045653345,0.0774586422760811,mouse622179close481,0.3675067506750675,0.9853285328532856,0.5948694869486948,1
mouse622179,close,237,0.0190704712610693,0.0109880299975174,0.0292016875813498,6.261736307936119,2.5821044731161096,4.234618808189378,0.1163190813376075,0.0808740284802284,0.1111783420225635,3047.0,3383.0,2655.0,30.47,33.83,26.55,91.358048975581,90.12009755464932,84.31370332888089,0.9480242612929269,0.0129200849521406,mouse622179close237,0.1271827182718271,0.223042304230423,0.2087308730873088,0
mouse622179,close,199,0.1048491318421643,0.1353815172509726,0.0659870700166215,0.9561301261782976,1.2586063261871812,5.945210668309267,0.32271412372550295,0.2452281878969714,0.2284597917379713,434.0,544.0,737.0,4.34,5.44,7.37,76.91402473869297,77.172071067459,69.24786834078216,1.0638961415476609,0.0191975114930735,mouse622179close199,0.1887488748874888,1.2729072907290728,0.4393339333933395,1
mouse622179,close,146,0.1236150909993517,0.0360033883944497,0.0701778174506787,2.8831581798030927,2.1768334702052945,5.519096890591227,0.3559795069690276,0.4369892152131031,0.4614845502814216,125.0,68.0,101.0,1.25,0.68,1.01,89.5129076649696,89.15993908642061,80.29274133270773,1.25124937562422,0.0498905953371562,mouse622179close146,0.2138613861386139,1.2407740774077407,0.1992799279927992,1
mouse622179,close,220,0.1267849739346208,0.2635915887892323,0.28206656988424395,4.492847375736547,3.0619310961952206,4.112703019684721,0.4804500149002633,0.5488437846374562,0.5983445519330278,80.0,74.0,39.0,0.8,0.74,0.39,90.38378984319756,89.57184855716964,83.40716130274522,0.9993748045653345,0.0651841929621438,mouse622179close220,0.1946894689468947,0.8154815481548155,0.623762376237624,1
mouse622180,far,35,0.1179413921628598,0.1126181997499134,0.1692888005973659,5.0807339266004785,3.350855169849614,5.319600935491246,0.2749737371913646,0.2894291341517176,0.4497125956401825,268.0,557.0,200.0,2.68,5.57,2.0,95.90336794318337,101.2480331874206,87.68066876585291,2.533155147242269,0.0242601356737074,mouse622180far35,0.2084608460846085,0.5470747074707472,0.3712871287128714,0
mouse622180,far,38,0.4748807820934466,0.4174443308006997,0.4918084534163054,4.582926344685046,4.3942694560738875,4.552872108212912,0.5423269683504849,0.5042484222163023,0.5567162016352439,1515.0,1513.0,1597.0,15.15,15.13,15.97,93.17510508126676,96.86346516738504,85.22518783434417,2.5251237593432925,0.0273428927352569,mouse622180far38,0.1128712871287128,0.5427542754275427,0.4018001800180021,0
mouse622180,far,41,0.1445699847530342,0.13054736913214401,0.1680298215775232,6.210967942550237,5.800044664429724,6.063814134425923,0.2856174773954531,0.2332370912791166,0.320457504518342,3430.0,3717.0,3983.0,34.300000000000004,37.17,39.83,90.25910925233192,92.0686693177058,83.12344116917592,2.517315037892556,0.054304091955883003,mouse622180far41,0.1244824482448244,0.3626462646264626,0.2805580558055807,0
mouse622180,far,50,0.1732816341933302,0.0531559947343072,0.1806359851621008,6.115728520494749,0.2530215223598167,6.070068185153469,0.3569385790439535,0.2169343520399745,0.3056437914687342,1141.0,951.0,1116.0,11.41,9.51,11.16,40.3678410983869,37.58792637850321,35.37863852766762,2.5023738729454483,0.0192024911618957,mouse622180far50,0.1657965796579659,0.4477047704770477,0.3599459945994601,0
mouse622180,far,51,0.2213523472798264,0.1504318478254597,0.2772851726204254,0.9702048393968384,0.5866481663346005,0.8915706856411422,0.4005706974897812,0.3407122151751492,0.45474273043404206,503.0,427.0,465.0,5.03,4.2700000000000005,4.65,40.3678410983869,37.58792637850321,35.37863852766762,2.5023738729454483,0.0371375381261953,mouse622180far51,0.2243924392439243,0.7728172817281729,0.3588658865886588,1
mouse622180,far,54,0.2476416685362072,0.2217566957632907,0.2116498960083874,0.0324006997010652,0.0828057568629724,6.257326442497195,0.3349981058352804,0.3596943058389643,0.3211511905379049,1480.0,1466.0,1476.0,14.8,14.66,14.76,40.53551667104338,38.03162643444257,36.17720652711756,2.495245478905833,0.0212116619699224,mouse622180far54,0.2675967596759676,0.6882988298829884,0.5692169216921693,1
mouse622180,far,60,0.1892637410056846,0.2178217342615761,0.2516850407177657,6.225200410260031,0.0723266968690849,0.1138931187588026,0.2864198072594262,0.3922844271044481,0.4213302882231094,1218.0,1063.0,1104.0,12.18,10.63,11.040000000000001,27.26289853866847,25.949024815527853,23.57725317665059,2.495245478905833,0.0518002612590657,mouse622180far60,0.2627362736273628,0.7487848784878489,0.5778577857785782,1
mouse622180,far,57,0.2441877662259794,0.2419489403410106,0.293058847977157,0.3717959878743727,0.2755017639967826,0.2020380888157536,0.3612713549305285,0.3733418940730105,0.4025496770313672,991.0,1238.0,1026.0,9.91,12.38,10.26,27.26289853866847,25.949024815527853,23.57725317665059,2.495245478905833,0.0598030226262278,mouse622180far57,0.2557155715571557,0.7817281728172819,0.4387938793879388,1
mouse622180,far,59,0.2184104637490628,0.2308350541202529,0.2575752676269054,0.4778927158086695,0.174863233337049,6.2550723493724,0.3107377668342839,0.3522256117163779,0.3924986647978653,825.0,850.0,790.0,8.25,8.5,7.9,39.07093619568729,37.26173121007781,35.76751964374288,2.4883478454589105,0.0536536034258079,mouse622180far59,0.2762376237623762,0.7744374437443746,0.4628262826282626,1
mouse622180,far,64,0.1926664858498335,0.2723402427215013,0.2405622432337233,0.6650624599956773,0.6282327109527496,0.3564970891061877,0.3155238044468063,0.3858132546966976,0.3514008274742992,921.0,1022.0,986.0,9.21,10.22,9.86,25.75965306878409,24.67547039648809,22.61726427329239,2.4883478454589105,0.0134601363620545,mouse622180far64,0.2135913591359136,0.7803780378037806,0.4493249324932494,1
mouse622180,far,63,0.2098759647465938,0.20483786091126102,0.1880555966812607,0.7963848704262444,0.6461845795239602,0.5673960768005167,0.3568844026622887,0.3526833557704348,0.3282259927573338,542.0,457.0,602.0,5.42,4.57,6.0200000000000005,26.225295131486266,25.51987925794284,22.087431098377575,2.467412612434329,0.0356843180616489,mouse622180far63,0.2233123312331233,0.7620162016201621,0.4050405040504049,1
mouse622180,far,66,0.2257696412136948,0.1845413451465643,0.2424339889095997,0.3485732218029088,0.0936450025041987,6.265780689106728,0.3709401757918562,0.3123092941879941,0.3768312368368044,1187.0,1200.0,1107.0,11.870000000000001,12.0,11.07,26.225295131486266,25.51987925794284,22.087431098377575,2.467412612434329,0.0337670157121766,mouse622180far66,0.2303330333033304,0.8478847884788481,0.4169216921692168,1
mouse622180,far,67,0.229305359103534,0.2967609325604431,0.2625921131149899,0.9278140447260942,0.9537726074510726,0.7319176909845855,0.3567648333526447,0.4135889818618968,0.4206535746589985,624.0,591.0,671.0,6.24,5.91,6.71,26.225295131486266,25.51987925794284,22.087431098377575,2.467412612434329,0.0403975182016731,mouse622180far67,0.19495949594959502,0.8341134113411341,0.3702070207020705,1
mouse622180,far,68,0.2592334856460343,0.2813739188208747,0.264421685395566,0.2153190536841239,0.0593316718312737,0.2568947899526134,0.4192725848796682,0.41255855621674603,0.3512337277805503,572.0,497.0,502.0,5.72,4.97,5.0200000000000005,26.225295131486266,25.51987925794284,22.087431098377575,2.467412612434329,0.0148989109819146,mouse622180far68,0.2022502250225023,0.7655265526552657,0.3747974797479746,1
mouse622180,far,69,0.2638317108279857,0.3049757395197148,0.2852239342381649,6.140598468279258,6.071753026427416,5.984347051760741,0.3921174581829562,0.3893674659913134,0.3906765250876088,1697.0,1337.0,1542.0,16.97,13.370000000000001,15.42,26.225295131486266,25.51987925794284,22.087431098377575,2.467412612434329,0.0190565650498622,mouse622180far69,0.1236723672367237,0.2284428442844284,0.2540954095409542,0
mouse622180,far,70,0.1313063024339713,0.1804963176481951,0.2266154200212247,0.0233655434626383,0.4198937872477302,0.3618987739305394,0.3190417633682585,0.3315912727023839,0.3285642647877781,903.0,903.0,979.0,9.03,9.03,9.790000000000001,26.225295131486266,25.51987925794284,22.087431098377575,2.467412612434329,0.0503346451666339,mouse622180far70,0.2316831683168316,0.7817281728172818,0.4298829882988298,1
mouse622180,far,61,0.1408815862062552,0.1948000018044798,0.2109794082260037,5.968873152459057,6.247803255154331,6.175031561882039,0.2928191522464734,0.3782936239664741,0.3805432403633437,533.0,422.0,359.0,5.33,4.22,3.59,26.225295131486266,25.51987925794284,22.087431098377575,2.467412612434329,0.0362666901906224,mouse622180far61,0.2451845184518452,0.6896489648964899,0.4396039603960396,1
mouse622180,far,75,0.233611988515968,0.2781935662405308,0.2576265850543875,0.5353880128902522,0.4618747513202944,0.4669659273506791,0.4164240592404434,0.4668697427470313,0.4254205505716865,536.0,286.0,362.0,5.36,2.86,3.62,40.85915663199147,45.79951900385061,37.82976030448254,2.4547148510570427,0.0314336908366218,mouse622180far75,0.1838883888388839,0.7911791179117913,0.4406840684068408,1
mouse622180,far,77,0.1668484036914617,0.1421886882568431,0.1268889070253157,0.1341978310073348,0.175964884209735,0.6205322047490904,0.3048762794381595,0.3593251208818563,0.3295569474430715,663.0,557.0,549.0,6.63,5.57,5.49,40.85915663199147,45.79951900385061,37.82976030448254,2.4547148510570427,0.0252050871724812,mouse622180far77,0.1401440144014402,0.8049504950495051,0.3861386138613859,1
mouse622180,far,86,0.1264394769988693,0.1677741137801719,0.1186958518248435,6.135239766972236,5.910794232154489,5.932441771593472,0.2483094712485857,0.3144264451394346,0.2698301068124554,759.0,868.0,807.0,7.59,8.68,8.07,40.85915663199147,45.79951900385061,37.82976030448254,2.4547148510570427,0.0548191092769081,mouse622180far86,0.1695769576957696,0.7633663366336634,0.3793879387938795,1
mouse622180,far,89,0.1764756868030856,0.20999902193826803,0.2434923869022387,5.991027179248923,5.960059268068608,5.8101568933307055,0.3046267627849824,0.3569178890051978,0.3693139604035738,1141.0,951.0,939.0,11.41,9.51,9.39,40.656754882169096,45.39097573904936,38.14304309701604,2.4487241575971765,0.06170986207876,mouse622180far89,0.2621962196219622,0.6926192619261927,0.4355535553555357,1
mouse622180,far,82,0.2849574383950592,0.3030637933257081,0.3164552878043569,5.374161160081256,5.3831042105353095,5.3004709876797955,0.3767426513378637,0.4028668508652129,0.3935157769531765,2963.0,2616.0,2874.0,29.63,26.16,28.740000000000002,40.656754882169096,45.39097573904936,38.14304309701604,2.4487241575971765,0.0155031374007858,mouse622180far82,0.1309630963096308,0.2216921692169217,0.1782178217821783,0
mouse622180,far,81,0.3011357579288336,0.28134759175852503,0.3308717915919834,4.643093607586469,4.309907745976615,4.448168513824569,0.38362005698896007,0.3732974008454061,0.3920465712389949,1205.0,1348.0,1401.0,12.05,13.48,14.01,40.656754882169096,45.39097573904936,38.14304309701604,2.4487241575971765,0.0847152882195594,mouse622180far81,0.2054905490549055,0.8254725472547256,0.3912691269126914,1
mouse622180,far,90,0.1397921979062007,0.21239589612676002,0.1920685800306484,0.2557358271857819,6.1847668380573735,0.1075215450190338,0.2749121879885159,0.3359672599845587,0.3202407654319455,969.0,1008.0,1063.0,9.69,10.08,10.63,60.0198156855855,65.60671494248712,55.919179699826024,2.4429746212353503,0.0158624915270719,mouse622180far90,0.2392439243924392,0.9386138613861388,0.4825382538253825,1
mouse622180,far,91,0.16533754059379902,0.1572225661319375,0.1837619483704773,6.040613011192246,0.1039541401690722,6.059962421325776,0.2711507900745985,0.2858028747015222,0.29071205939583195,1233.0,1183.0,1100.0,12.33,11.83,11.0,60.0198156855855,65.60671494248712,55.919179699826024,2.4429746212353503,0.028584865245547996,mouse622180far91,0.1892889288928892,0.838973897389739,0.5009000900090009,1
mouse622180,far,92,0.2032042884525539,0.2032338369142844,0.1937446768117737,0.2417366653554148,0.2197468804048549,0.0263638621960437,0.3573402431238421,0.3331596479618071,0.3633155063718014,1450.0,1365.0,1317.0,14.5,13.65,13.17,46.12863657785819,50.52190830291714,42.29473924553975,2.4429746212353503,0.015781424269391,mouse622180far92,0.1717371737173717,0.9869486948694872,0.4215121512151216,1
mouse622180,far,97,0.1270603066546922,0.1564484701380477,0.1598356792114017,6.184793887688646,5.961627360917765,5.935731163953999,0.2705272752598302,0.2619242007874239,0.2920080542560855,1461.0,1575.0,1490.0,14.61,15.75,14.9,63.020737580910186,67.99638738429657,58.25694512147764,2.4374679485072206,0.0165514634630723,mouse622180far97,0.18901890189018897,0.9999099909990999,0.4579657965796579,1
mouse622180,far,109,0.1162724366983528,0.1517662106992245,0.0883193267720594,1.0971791918091436,0.9031442045877456,0.6607339742840069,0.2267929869778443,0.2439053257166185,0.1923528499336645,2545.0,2617.0,2754.0,25.45,26.17,27.54,63.020737580910186,67.99638738429657,58.25694512147764,2.4374679485072206,0.0453485555139294,mouse622180far109,0.17605760576057602,0.3610261026102611,0.2549054905490548,0
mouse622180,far,99,0.019181239388244,0.1220332021972505,0.0880619350548429,5.3890856567603285,1.619413174981141,2.252878694037052,0.2189504856290152,0.3160271252484676,0.2195423122890551,969.0,920.0,985.0,9.69,9.200000000000001,9.85,54.39081304712956,58.99248216339483,49.602242555770175,2.4374679485072206,0.0085680553207002,mouse622180far99,0.2216921692169217,0.9737173717371737,0.473897389738974,1
mouse622180,far,112,0.0185720630853288,0.0736610277973851,0.0254293404024815,0.1386981154907445,1.6198031399685482,5.4484302533309465,0.09426723457447302,0.2097974715383153,0.11542109039027199,3131.0,2319.0,3155.0,31.310000000000002,23.19,31.55,54.39081304712956,58.99248216339483,49.602242555770175,2.4374679485072206,0.0397542210660427,mouse622180far112,0.1803780378037803,0.2905490549054906,0.2346534653465346,0
mouse622180,far,88,0.0807851407179255,0.3415181700909928,0.1773977885694327,0.2973359978317357,6.064715602831937,5.738874699583295,0.4138626207867269,0.5479458328360197,0.4114204572051353,99.0,61.0,177.0,0.99,0.61,1.77,40.656754882169096,45.39097573904936,38.14304309701604,2.4487241575971765,0.0834898665910731,mouse622180far88,0.15391539153915398,0.9826282628262828,0.3615661566156616,1
mouse622180,close,531,0.0295595308928059,0.0486188162566792,0.0300530426356001,3.5213967713575847,5.137787423208037,5.4714657705425855,0.1963542013873064,0.176857446901341,0.1432588093268433,906.0,1251.0,1262.0,9.06,12.51,12.620000000000001,62.89341283694566,79.38581671233267,57.93493651533402,1.0108783309577865,0.0261251257199465,mouse622180close531,0.2492349234923493,0.7938793879387941,0.4784878487848784,1
mouse622180,close,258,0.0424099824744734,0.0967845355578849,,0.1977141816254327,0.5210869750799378,,0.22542070423784402,0.4376610623290585,,718.0,104.0,0.0,7.18,1.04,0.0,62.89341283694566,79.38581671233267,57.93493651533402,1.0108783309577865,0.0404175633518154,mouse622180close258,0.2454545454545454,0.7412241224122413,0.5635463546354637,1
mouse622180,close,261,0.0519402374768405,0.0857998758868762,0.11224806416893199,5.446719564399502,5.105905291623927,4.563774498147655,0.2214913897070387,0.2157004114338408,0.3151278721628053,507.0,700.0,628.0,5.07,7.0,6.28,62.73952669133464,80.36607000371684,57.666782183166774,1.000624804809475,0.0288597615021822,mouse622180close261,0.2357335733573357,0.6186318631863187,0.3469846984698471,0
mouse622180,close,265,0.132326045171684,0.0712917836869429,0.0346147432266266,6.105031293813712,5.336699404696233,6.034508477499597,0.2706214483534551,0.2457337940986221,0.2335314797253156,1084.0,1100.0,1231.0,10.84,11.0,12.31,62.73952669133464,80.36607000371684,57.666782183166774,1.000624804809475,0.0156492238682104,mouse622180close265,0.3537353735373538,0.6845184518451847,0.3710171017101707,2
mouse622180,close,269,0.2551031320258131,0.1509413361785491,0.2688887470397286,4.672630486150161,5.1723845733979275,4.800039420372257,0.3520479619584853,0.3217900678515026,0.4243058704067754,540.0,756.0,514.0,5.4,7.5600000000000005,5.14,62.884121566158534,81.15251882033193,58.04547041985427,0.9688911187538052,0.0915003078052664,mouse622180close269,0.31809180918091806,0.5584158415841586,0.3245724572457243,2
mouse622180,close,257,0.077226571851167,0.0974230415516133,0.0972874241653389,5.7013468964962914,0.8440457921825769,4.853387221377174e-05,0.2761683592589657,0.2678774864529757,0.2959582862529816,473.0,403.0,508.0,4.73,4.03,5.08,62.89341283694566,79.38581671233267,57.93493651533402,1.0108783309577865,0.0713768876444168,mouse622180close257,0.1595859585958596,0.8751575157515752,0.2154815481548158,0
mouse631538,close,63,0.0415699660918551,0.0751584825963788,0.0826659053414707,4.3808820910270985,5.384909231445785,6.02212755614513,0.2493989557436898,0.198281946433353,0.2488416380385074,419.0,668.0,827.0,4.19,6.68,8.27,74.5937235004881,100.89716642082213,81.19370334373761,0.9981232388838566,0.0664171727954467,mouse631538close63,0.2373537353735374,1.12952295229523,0.5578757875787579,1
mouse631538,close,71,0.0972494044994873,0.1875517226125489,0.1286327498541749,2.767541212414435,0.1440293746447829,1.7561193823753454,0.3821335781980887,0.4598628774117156,0.401630900104901,122.0,80.0,135.0,1.22,0.8,1.35,66.53289246258609,98.74665992388813,73.1778409625409,0.9676001240181814,0.0250377150715601,mouse631538close71,0.1811881188118812,0.8176417641764177,0.5465346534653467,1
mouse631538,close,70,0.1419103988977081,0.1716048073272373,0.0798755698338853,3.7365574070134953,2.100006529063969,2.061238180135335,0.3905528985528754,0.4261147484753695,0.2621427448756571,284.0,175.0,338.0,2.84,1.75,3.38,66.53289246258609,98.74665992388813,73.1778409625409,0.9676001240181814,0.0270859021847927,mouse631538close70,0.1849684968496849,0.5087308730873087,0.4093609360936094,0
mouse631538,close,75,0.2803584588336122,0.3526470434224446,0.3626564111776996,3.5344901253513887,3.493775441221949,3.5521129603975643,0.3807678391029989,0.47434686552846,0.4671727845752643,658.0,865.0,710.0,6.58,8.65,7.1000000000000005,62.77168326691603,97.2964727788092,70.50143291419359,0.9374166629626338,0.0158825691316244,mouse631538close75,0.1355535553555356,0.5019801980198022,0.3210621062106209,0
mouse631538,close,69,0.0528391089101805,0.1150967826707897,0.1018255710275784,4.893414364050356,6.063280928102612,5.720058701083863,0.2142091916658849,0.3163076859574115,0.2450578325514711,428.0,547.0,605.0,4.28,5.47,6.05,62.77168326691603,97.2964727788092,70.50143291419359,0.9374166629626338,0.0539119915710283,mouse631538close69,0.1849684968496849,1.2923492349234929,0.3326732673267325,1
mouse631538,close,82,0.1114168799897881,0.2213289492360098,0.2922981039362992,2.5791482899521654,1.1483976989620408,1.846106545489805,0.4671330248581547,0.5451396229742436,0.4864267930982519,118.0,98.0,126.0,1.18,0.98,1.26,61.37690564491189,98.55777975135695,69.14261039992428,0.9076067430335674,0.0119803997080241,mouse631538close82,0.1536453645364536,0.8405940594059408,0.3232223222322231,1
mouse631538,close,83,0.1058309734545128,0.1217874111425239,0.0380770537702177,5.005487050877152,4.696840731722637,5.020968488738018,0.333358244741841,0.3911977235420654,0.2416984359509995,346.0,387.0,273.0,3.46,3.87,2.73,61.37690564491189,98.55777975135695,69.14261039992428,0.9076067430335674,0.0769774228157952,mouse631538close83,0.1779477947794779,0.8273627362736274,0.5152115211521154,1
mouse631538,close,420,0.0277224219739364,0.2895875674484529,0.0346819395167073,0.340467755558312,1.889911860337016,4.792283304777339,0.3948270894438703,0.5276847548213405,0.44652381793125606,67.0,97.0,94.0,0.67,0.97,0.9400000000000001,61.37690564491189,98.55777975135695,69.14261039992428,0.9076067430335674,0.0515596122340686,mouse631538close420,0.1560756075607561,0.6596759675967597,0.2297929792979298,0
mouse631538,close,84,0.0574659899202671,0.0775363070168147,0.1368579582384507,4.1657615988581504,5.431337691563359,5.263176061789778,0.2164135235842923,0.2146693529908586,0.2232932801148796,648.0,832.0,886.0,6.48,8.32,8.86,61.41403099354115,99.3800977263426,69.1679651871096,0.9076067430335674,0.0197914672477922,mouse631538close84,0.1571557155715572,0.8897389738973901,0.4819981998199819,1
mouse631538,close,99,0.1082942716560181,0.1070357469252824,0.1187369336750309,2.454161432669689,1.6592731281923994,2.068680612898906,0.4504866397575232,0.3181902633923973,0.319914195895247,151.0,208.0,244.0,1.51,2.08,2.44,61.41403099354115,99.3800977263426,69.1679651871096,0.9076067430335674,0.0492254760799548,mouse631538close99,0.1282628262826283,0.8292529252925294,0.4112511251125114,1
mouse631538,close,89,0.0339627026295677,0.0411651866817999,0.058100392574214,2.0315607741646753,1.9230920133620573,3.1796762045138234,0.2045731941271618,0.2223780481133166,0.2398151518563572,690.0,626.0,752.0,6.9,6.26,7.5200000000000005,62.24677817839849,101.09327611094444,69.47806396088792,0.9076067430335674,0.0270728661387733,mouse631538close89,0.1717371737173717,0.7757875787578759,0.6847884788478847,1
mouse631538,close,85,0.0342010492355886,0.0429054479101391,0.0652290376669134,5.632659400474362,4.7630153416193775,5.6097746735197545,0.1910857045578416,0.1717127240394241,0.2168933752149019,975.0,998.0,1010.0,9.75,9.98,10.1,63.70506321677527,101.46956484395498,72.18823256674258,0.8958236433584459,0.0143174775483336,mouse631538close85,0.2495049504950495,1.3396039603960401,0.6864086408640864,1
mouse631538,close,94,0.0569068579585741,0.09184950284964802,0.1547579236872895,3.1341846114085112,1.9744195364060928,1.8038273499093151,0.2271890063688047,0.3722818782032857,0.3589255853988479,543.0,327.0,277.0,5.43,3.27,2.77,63.70506321677527,101.46956484395498,72.18823256674258,0.8958236433584459,0.0588573734487213,mouse631538close94,0.1366336633663366,0.9197119711971198,0.3315931593159317,1
mouse631538,close,421,0.1314475939938756,0.181955913280655,0.12156924889531,1.6069941069117781,2.234472314052124,4.35649755581451,0.3866795240955764,0.3626940083070677,0.3917961561629691,98.0,109.0,124.0,0.98,1.09,1.24,63.70506321677527,101.46956484395498,72.18823256674258,0.8958236433584459,0.0180376239423889,mouse631538close421,0.1747074707470748,0.768766876687669,0.3826282628262826,1
mouse631538,close,102,0.0569269748672973,0.0447013858158263,0.072449421877931,5.889334943413672,5.8669346099176005,0.0799032143567649,0.2046960250494194,0.1888860461379179,0.2385837625005966,925.0,1026.0,901.0,9.25,10.26,9.01,67.71579959006708,105.10643611875976,76.63701811047798,0.8721381771256205,0.0830982072446887,mouse631538close102,0.4722772277227722,1.820792079207921,0.0,2
mouse631538,close,103,0.0818800656909617,0.0839209462771564,0.0749942943853953,4.435929745507559,5.874482499130668,5.837563639659183,0.2089858829811318,0.2589483949688382,0.3166494156535876,1060.0,585.0,345.0,10.6,5.8500000000000005,3.45,67.71579959006708,105.10643611875976,76.63701811047798,0.8721381771256205,0.0496702893567515,mouse631538close103,0.1558055805580559,1.301800180018002,0.6569756975697572,1
mouse631538,close,100,0.0687792432926254,0.0585277795821872,0.1262452678509087,1.3093595251891996,5.215712130320135,6.149845277809435,0.2728615385822029,0.27889579942555603,0.3486093511103025,280.0,220.0,294.0,2.8000000000000003,2.2,2.94,67.71579959006708,105.10643611875976,76.63701811047798,0.8721381771256205,0.0299191390630993,mouse631538close100,0.1606660666066606,0.914851485148515,0.3399639963996402,1
mouse631538,close,105,0.2078896663357258,0.1737015633202681,0.2056887783665437,4.3404020026695616,4.398844774942026,4.461306343144148,0.3082055949839921,0.2604637251442404,0.3053920203230148,3037.0,3970.0,3362.0,30.37,39.7,33.62,77.2479234232763,111.13754579127772,86.48025287079525,0.8721381771256205,0.0187980556166729,mouse631538close105,0.0896489648964896,0.1595859585958595,0.1126012601260126,0
mouse631538,close,104,0.0490970731152581,0.0929361191622784,0.10150417198378699,4.747949629364709,5.0112369709406295,4.869657453033606,0.1706801920320014,0.2388387573191839,0.2219008455599484,1209.0,1352.0,1312.0,12.09,13.52,13.120000000000001,77.2479234232763,111.13754579127772,86.48025287079525,0.8721381771256205,0.0325798948868747,mouse631538close104,0.2362736273627363,1.3774077407740777,0.3882988298829883,1
mouse631538,close,115,0.0334295826296891,0.0339420480953914,0.0565871916582564,0.3606190061478537,5.528399359912547,4.842375358295871,0.2738390359744438,0.23610204714171398,0.2060677731289099,477.0,445.0,469.0,4.7700000000000005,4.45,4.69,74.333873999289,110.9495547011185,83.43301768229185,0.8667467911679858,0.0202648348612774,mouse631538close115,0.20603060306030602,0.8108910891089111,0.6072907290729072,1
mouse631538,close,147,0.0576193803374479,0.0465765094130983,0.0298653789999315,5.446365467680029,4.457666142443428,4.572887008242929,0.2887859807574406,0.2806671836466071,0.2785342692315967,287.0,265.0,263.0,2.87,2.65,2.63,87.48072027704151,125.78216881537493,97.84875405955003,0.8100925873009825,0.027842705295135,mouse631538close147,0.4857785778577858,1.0261026102610258,0.0321332133213321,2
mouse631538,close,148,0.0264249643595189,0.0659456590342084,0.0173595607435171,4.2480462586844725,6.088329405477152,4.393355877504844,0.1682603266343837,0.2167241894682688,0.1732332643552545,702.0,571.0,687.0,7.0200000000000005,5.71,6.87,89.50542224598613,130.60232261955213,100.0312277590878,0.8100925873009825,0.0175972876363199,mouse631538close148,0.2227722772277227,0.9105310531053108,0.4185418541854185,1
mouse631538,close,156,0.1413681862562197,0.0951860914761729,0.1241617245817508,4.987255821663968,4.815524528779394,4.982152776679904,0.3992630058702006,0.2401364275162332,0.2943832338926118,375.0,625.0,389.0,3.75,6.25,3.89,88.70187994676405,136.7333998429898,99.12996651873209,0.7474958193863027,0.0209305830336137,mouse631538close156,0.2017101710171017,0.4736273627362737,0.3772277227722773,0
mouse631538,close,73,0.0508720730736886,0.067312890426193,0.0773071283338995,5.656124425828876,5.607317059181362,3.9463682096509314,0.2284272753025811,0.26707738494355604,0.3225735308509955,442.0,273.0,136.0,4.42,2.73,1.36,70.09486491331593,99.34339114174408,76.2802563544727,0.975,0.0905636117787012,mouse631538close73,0.20900090009000896,1.485688568856886,0.5419441944194419,1
mouse631538,close,86,0.1080187259029939,0.1690592663580246,0.0739762298559901,5.215889919002274,4.471910394739785,5.505909496987294,0.3901387124054302,0.4727763153355546,0.3299332716341486,166.0,116.0,162.0,1.6600000000000001,1.16,1.62,62.24677817839849,101.09327611094444,69.47806396088792,0.9076067430335674,0.0364110257856049,mouse631538close86,0.1574257425742574,0.8354635463546356,0.4828082808280828,1
mouse631538,close,123,0.0218838932901861,0.014414166654384,0.0135624932285007,3.529279397518814,2.872671963479935,3.1052585472350644,0.1192061856967225,0.0808825159791174,0.1088108074211631,2620.0,2789.0,2556.0,26.2,27.89,25.560000000000002,83.83661800684416,118.38478061373944,94.06012219131578,0.8429857650043684,0.0475573983760428,mouse631538close123,0.2786678667866787,0.8935193519351937,0.2303330333033301,2
mouse634572,close,123,0.3836991417933194,0.2941629419277428,0.3746413351007838,1.8140610854847528,1.697500830674223,1.5764894087859656,0.5554194027284782,0.4615183707169748,0.523578839961742,192.0,327.0,105.0,1.92,3.27,1.05,129.9799200287145,162.9911307728515,137.02255282872426,0.9867877177995276,0.0335908111118178,mouse634572close123,0.1301530153015302,0.2775877587758776,0.2135913591359136,0
mouse634572,close,135,0.0563511260684826,0.0637676573118859,0.0371719965046872,4.140445811742108,4.6856854165957955,4.449699269538809,0.2614391537698343,0.2999904714464861,0.2602265953222764,251.0,249.0,155.0,2.5100000000000002,2.49,1.55,72.77961458892739,114.32358190416826,75.33630117259796,0.88670739254841,0.0415246241631217,mouse634572close135,0.2414041404140414,0.6345634563456347,0.4652565256525655,1
mouse634572,close,136,0.1165171305960676,0.1724728057586136,0.0438077895961076,0.6697978762162528,0.2491601550107597,1.6652974762587691,0.3194359931848405,0.3852925176356731,0.2841979041985131,444.0,551.0,275.0,4.44,5.51,2.75,72.77961458892739,114.32358190416826,75.33630117259796,0.88670739254841,0.0367017254608946,mouse634572close136,0.2527452745274527,0.7649864986498652,0.4738973897389741,1
mouse634572,close,137,0.1217576533844659,0.0329531642451448,0.1165291524701908,6.270002407563617,2.169691993075732,5.703715505483228,0.3279821464210146,0.3119476614990162,0.3077118262288773,236.0,213.0,220.0,2.36,2.13,2.2,60.16014924415077,108.73650889341252,63.0115606505059,0.8536685539481937,0.0579609954149817,mouse634572close137,0.2238523852385239,0.74986498649865,0.487128712871287,1
mouse634572,close,158,0.2347106452988827,0.1808451081915917,0.1592090391964789,5.396274750073426,5.3237901241458845,5.431402555872394,0.3628533068038202,0.3183619890403912,0.310762483801406,1565.0,1770.0,1893.0,15.65,17.7,18.93,45.97429193129818,101.44502748771849,46.96293530282029,0.8208227579691002,0.029616133316678,mouse634572close158,0.1171917191719171,0.2022502250225023,0.2505850585058505,0
mouse634572,close,162,0.2135822529215535,0.1729059273741385,0.1553950592194463,5.255031666597222,5.02217805182459,5.0606363544662925,0.338004020316948,0.3164340010658136,0.3119286750365903,1009.0,953.0,1005.0,10.09,9.53,10.05,47.79310682709107,104.7920095224267,48.385163561622456,0.8093207028119324,0.031382689046047,mouse634572close162,0.1892889288928894,0.3045904590459046,0.2036003600360035,0
mouse634572,close,190,0.1593162070714816,0.1116020870273691,0.2475225419102218,3.5392543995019348,3.2034526815217914,4.122278991093837,0.5893398965306572,0.4535785594425285,0.5796364204243984,73.0,60.0,59.0,0.73,0.6,0.59,47.79310682709107,104.7920095224267,48.385163561622456,0.8093207028119324,0.0601035018777692,mouse634572close190,0.1963096309630964,0.7574257425742575,0.4315031503150314,1
mouse634572,close,281,0.0398993598620097,0.0832304552685067,0.0699091227471497,5.4560940487337195,0.446714362313202,0.41003309989177006,0.175650587125808,0.2402651901072956,0.2168723760444174,1153.0,1134.0,1229.0,11.53,11.34,12.290000000000001,43.068090325495454,100.03312805568198,43.20031526871835,0.8093207028119324,0.0219532255284821,mouse634572close281,0.2416741674167416,0.7671467146714672,0.5351935193519354,1
mouse634572,close,147,0.0983658399132735,0.070302452512534,0.4253908499370023,6.145717189416732,4.62384539547866,0.1803869831553092,0.3027744048650765,0.3907838386941389,0.7293227046044047,536.0,80.0,8.0,5.36,0.8,0.08,43.068090325495454,100.03312805568198,43.20031526871835,0.8093207028119324,0.0778057666390739,mouse634572close147,0.1747074707470747,1.2380738073807382,0.4836183618361835,1
mouse634572,close,148,0.0443323976920571,0.0842302081914487,0.0927714614043408,1.7860953777402624,2.395526065483027,1.8049677761775889,0.3584228668866028,0.4866741324707279,0.3290018238111657,115.0,62.0,222.0,1.1500000000000001,0.62,2.22,43.068090325495454,100.03312805568198,43.20031526871835,0.8093207028119324,0.0564989832165881,mouse634572close148,0.2173717371737173,0.7433843384338434,0.3993699369936992,1
mouse634572,close,179,0.0405199235121307,0.0420844419076518,0.058322233845778,1.133622998296279,1.6086743441542404,2.1868617572942357,0.1186369161574521,0.1625669177580523,0.1995007409055785,2651.0,1073.0,592.0,26.51,10.73,5.92,51.48194946981955,110.21154495007082,50.33906429609048,0.7770135133960028,0.069211002494987,mouse634572close179,0.21494149414941502,0.9153915391539156,0.3534653465346536,1
mouse634572,close,182,0.1464514288188554,0.0673184414290335,0.0994901378982058,5.609365400433756,5.98089137813206,5.455992023907324,0.2777347963648308,0.2211296345656122,0.2415789434247058,1049.0,867.0,565.0,10.49,8.67,5.65,56.53618657518045,111.06030955126052,54.30733895800256,0.7770135133960028,0.0235067746973317,mouse634572close182,0.1990099009900989,1.0136813681368142,0.4585058505850581,1
mouse634572,close,183,0.078512625029425,0.025553869511629,0.0631190248252672,5.60008622040279,5.449408855197417,0.113980077986676,0.1787000172444007,0.17107708251378498,0.1395299720947679,1896.0,1973.0,1901.0,18.96,19.73,19.01,56.53618657518045,111.06030955126052,54.30733895800256,0.7770135133960028,0.0525292416818609,mouse634572close183,0.2003600360036004,0.9545454545454548,0.4903690369036901,1
mouse634572,close,181,0.1482550283779577,0.0746034092740095,0.057898655345352996,4.3613663532340565,4.334082370569787,4.53941134573721,0.3059208114906676,0.313692455184798,0.2166594477335233,442.0,376.0,419.0,4.42,3.7600000000000002,4.19,56.53618657518045,111.06030955126052,54.30733895800256,0.7770135133960028,0.0382389277427784,mouse634572close181,0.1695769576957696,0.30999099909990996,0.21602160216021601,0
mouse634572,close,188,0.1075006110538221,0.1287204291326149,0.0264042669118781,3.1932582611657305,5.2351164778458035,2.7053403304652566,0.3621155644316439,0.3215757075725561,0.2929458208112729,272.0,454.0,184.0,2.72,4.54,1.84,56.53618657518045,111.06030955126052,54.30733895800256,0.7770135133960028,0.0306946641566391,mouse634572close188,0.2068406840684068,0.7612061206120613,0.6504950495049507,1
mouse634572,close,196,0.1204878628137372,0.1070034344678106,0.1161911204136133,5.893217358902239,6.240689895210768,6.259443044249508,0.2382121872398562,0.2233540656799231,0.2657657413113223,2103.0,1783.0,1764.0,21.03,17.830000000000002,17.64,67.84919997716369,121.1822098587826,67.28237760265807,0.744983221287567,0.0439065255664929,mouse634572close196,0.1147614761476147,0.2025202520252025,0.2052205220522053,0
mouse634572,close,153,0.1101650713343851,0.0470306101233593,0.0866757763153388,6.059061064618371,3.4560437493484466,6.147397832316053,0.2413448840685417,0.2509213736016471,0.3578229644643597,407.0,302.0,173.0,4.07,3.02,1.73,51.48194946981955,110.21154495007082,50.33906429609048,0.7770135133960028,0.0312399285453464,mouse634572close153,0.1992799279927993,0.7830783078307831,0.5400540054005402,1
mouse634572,close,176,0.0814838124517493,0.0431514471994668,0.0697895091013834,5.846996217986058,0.4485558425976202,0.3716601100570752,0.1971724010583323,0.1606895769345367,0.2007829376652449,862.0,1699.0,1563.0,8.620000000000001,16.990000000000002,15.63,51.48194946981955,110.21154495007082,50.33906429609048,0.7770135133960028,0.04898388420410201,mouse634572close176,0.1366336633663367,0.822772277227723,0.3585958595859585,1
mouse634572,close,152,0.0691681544523975,0.0710162859765992,0.2310323854649641,0.7753266145313669,1.5841969399315594,2.3398911403674494,0.3662455166817738,0.3330809105734043,0.5033339803344083,120.0,166.0,45.0,1.2,1.6600000000000001,0.45,51.48194946981955,110.21154495007082,50.33906429609048,0.7770135133960028,0.0475188229594088,mouse634572close152,0.2017101710171017,0.7728172817281731,0.3993699369936995,1
mouse634572,close,175,0.1064354822613985,0.1193488890861729,0.1747402904030676,1.4691849674016653,2.1972097168167704,1.5484155453849082,0.3446841318305398,0.3920540470278266,0.38179858994574606,148.0,172.0,166.0,1.48,1.72,1.6600000000000001,51.48194946981955,110.21154495007082,50.33906429609048,0.7770135133960028,0.0356800625368717,mouse634572close175,0.1828082808280827,0.8554455445544557,0.394779477947795,1
mouse638329,far,199,0.1138045159561524,0.0459482007474233,0.1162531852665299,5.6187036744408845,3.24002228930146,4.0855039876690284,0.4110415472340162,0.2622006009578906,0.3346970151331414,158.0,224.0,196.0,1.58,2.24,1.96,38.11482684051058,41.231410478333494,35.792114953453506,1.9685019685029528,0.0259613649655267,mouse638329far199,0.2381638163816382,0.7571557155715574,0.5076507650765077,1
mouse638329,far,206,0.1399141226249661,0.160959391166425,0.1533916556560187,5.640844482571559,5.544008973223379,5.614347741063066,0.236446746385613,0.2696637176737559,0.252182031676244,3594.0,3318.0,3573.0,35.94,33.18,35.730000000000004,51.90693118040146,54.377801362514006,50.841930579884156,1.9597512597266007,0.0109502841161294,mouse638329far206,0.1668766876687669,0.3202520252025203,0.2095409540954095,0
mouse638329,far,196,0.1227967979610193,0.1436492404059142,0.1432984536016164,5.378468832614321,5.4307159318685265,5.492109624553243,0.2358260333676799,0.2456166472482319,0.2621567127474472,3163.0,2967.0,2944.0,31.63,29.67,29.44,51.90693118040146,54.377801362514006,50.841930579884156,1.9597512597266007,0.0316036007957782,mouse638329far196,0.09099909990999099,0.2154815481548154,0.17200720072007197,0
mouse638329,far,213,0.1742545586869351,0.1879035371315925,0.1684587042149847,2.3209761911958986,1.988823002561693,2.275816159283809,0.4155821233423185,0.4317324820695001,0.4171023497420763,220.0,263.0,331.0,2.2,2.63,3.31,51.90693118040146,54.377801362514006,50.841930579884156,1.9597512597266007,0.0331903595347596,mouse638329far213,0.1787578757875787,0.6575157515751577,0.3243024302430241,0
mouse638329,far,207,0.1185818571259181,0.1397124325236814,0.1584066175528994,6.26761098512642,6.278973790609454,0.4474009382381035,0.2448684843765985,0.3055195857021947,0.3032783198949708,1188.0,989.0,712.0,11.88,9.89,7.12,44.25980546084493,45.61615714695166,41.640912023861105,1.9512816301087856,0.0324562499179523,mouse638329far207,0.2122412241224123,0.7433843384338436,0.5095409540954096,1
mouse638329,far,464,0.1538148839027765,0.1226969323460304,0.1238694646322664,1.3800189371246463,2.6201777291616795,1.7064592148420494,0.3635146728010162,0.3759327036127893,0.3505858878410751,179.0,279.0,196.0,1.79,2.79,1.96,60.133491390772,63.426064813780535,60.661280701322184,1.9512816301087856,0.0362918054761707,mouse638329far464,0.193069306930693,0.6534653465346535,0.3064806480648064,0
mouse638329,far,465,0.313394507588112,0.3457368334283049,0.3592346409175584,4.384873010955383,4.438597258485073,4.4598527181446235,0.4264609263040064,0.4528147603473605,0.4621657879850428,1290.0,1291.0,1478.0,12.9,12.91,14.780000000000001,60.133491390772,63.426064813780535,60.661280701322184,1.9512816301087856,0.0178590232864376,mouse638329far465,0.2095409540954095,0.5076507650765077,0.2827182718271828,0
mouse638329,far,216,0.1192296162353771,0.0586665506212675,0.1657598674541065,2.251379419272704,2.3927323584249898,1.8671090912906039,0.3012743172980177,0.21957891373141397,0.3679697220856617,462.0,670.0,546.0,4.62,6.7,5.46,60.133491390772,63.426064813780535,60.661280701322184,1.9512816301087856,0.0251153336051258,mouse638329far216,0.1765976597659766,0.6718271827182719,0.3313231323132314,0
mouse638329,far,220,0.2217791003012641,0.0589942922017333,0.3484685929667554,2.0997066145305245,1.414439406621143,0.9107136712612168,0.4068347732989902,0.291903698508878,0.534162971453633,199.0,224.0,140.0,1.99,2.24,1.4000000000000001,56.50302570655003,59.44619005825868,56.437847983355475,1.9430967551823048,0.0146535992041245,mouse638329far220,0.1458145814581458,0.6553555355535554,0.3432043204320433,0
mouse638329,far,222,0.1261306800353416,0.176211758722615,0.142346916759212,1.3241124162965012,1.9469073971266728,1.8114434542034097,0.3249069782005028,0.3264611366272791,0.3282605022619294,466.0,497.0,495.0,4.66,4.97,4.95,56.50302570655003,59.44619005825868,56.437847983355475,1.9430967551823048,0.013336955413519,mouse638329far222,0.1409540954095409,0.8694869486948695,0.3089108910891092,1
mouse638329,far,227,0.0679884516793595,0.1026559266872297,0.1416520066983785,0.6812005607655017,2.165673493195073,1.4990537299073354,0.3069966411687984,0.3530272048861902,0.3362277327312123,234.0,363.0,328.0,2.34,3.63,3.2800000000000002,56.50302570655003,59.44619005825868,56.437847983355475,1.9430967551823048,0.0172410931060075,mouse638329far227,0.1684968496849685,0.8689468946894692,0.3329432943294329,1
mouse638329,far,546,0.0878132344338462,0.0664043541231619,0.1275957537378911,1.0901773643827817,1.920834601576307,1.6936317555678508,0.2474025690025445,0.2246367427061638,0.2943481679708381,547.0,650.0,452.0,5.47,6.5,4.5200000000000005,72.55277193573389,78.4543050486931,76.12334857848937,1.9352002480363628,0.021301331202753997,mouse638329far546,0.1641764176417642,0.6672367236723673,0.32889288928892896,0
mouse638329,far,228,0.1179379240419144,0.0967083969009306,0.0561991975667976,1.9649659816919025,1.7699238893090203,1.9597322330937121,0.27481525480488,0.2347389842672933,0.1996200837446519,677.0,775.0,913.0,6.7700000000000005,7.75,9.13,72.55277193573389,78.4543050486931,76.12334857848937,1.9352002480363628,0.0094059912477754,mouse638329far228,0.1406840684068407,0.6297029702970298,0.33213321332133194,0
mouse638329,far,231,0.0793461475240679,0.0360240062614894,0.0582630603459022,2.3939008647294218,3.7060438552143418,2.7838627081094565,0.3105808255365785,0.2131523635200508,0.2107542307196904,484.0,473.0,671.0,4.84,4.73,6.71,47.68369794071252,50.483655919694776,46.931221412191114,1.927595652620124,0.0242379356863672,mouse638329far231,0.1444644464446445,0.6855985598559857,0.3712871287128713,0
mouse638329,far,232,0.1355837836605512,0.147752130978605,0.1356861207678042,2.5178734120362933,2.3452183750735216,2.187679419978299,0.3029461544783504,0.3081278617297114,0.2856736590129357,717.0,592.0,680.0,7.17,5.92,6.8,47.68369794071252,50.483655919694776,46.931221412191114,1.927595652620124,0.0337262116172759,mouse638329far232,0.139063906390639,0.2470747074707471,0.2111611161116112,0
mouse638329,far,233,0.0968226947291406,0.1069741576888637,0.1162712176564737,2.631009707539496,2.4478418924506835,2.9198359615085057,0.2800690703311808,0.2690764484259468,0.2914239221481774,721.0,665.0,602.0,7.21,6.65,6.0200000000000005,47.68369794071252,50.483655919694776,46.931221412191114,1.927595652620124,0.020552752741007,mouse638329far233,0.1325832583258326,0.9148514851485152,0.4471647164716469,1
mouse638329,far,241,0.0994801332030879,0.0728813247432431,0.1541024096074399,2.5186279506679483,2.398915971213889,2.0306183565975258,0.2562453744023071,0.24451721901208198,0.3021350861709678,757.0,667.0,675.0,7.57,6.67,6.75,47.68369794071252,50.483655919694776,46.931221412191114,1.927595652620124,0.0448978520506621,mouse638329far241,0.2087308730873087,0.8468046804680471,0.4560756075607557,1
mouse638329,far,238,0.0594391376694827,0.0432675724424245,0.0892549740182583,3.1373260752256904,3.0816566340268152,2.715698012626868,0.217501170969285,0.1931134926528787,0.2509080553498837,815.0,785.0,749.0,8.15,7.8500000000000005,7.49,42.45359285482245,45.18765901682952,40.26879387993749,1.9202864369671517,0.0066243405570948,mouse638329far238,0.1339333933393339,0.9567056705670568,0.3645364536453646,1
mouse638329,far,244,0.0902882119350926,0.0551000060738733,0.061330813959683005,1.7844953075327548,1.860792526813608,2.373204808775415,0.2061951335120473,0.1929275795869621,0.1836268778180224,1427.0,1305.0,1182.0,14.27,13.05,11.82,42.45359285482245,45.18765901682952,40.26879387993749,1.9202864369671517,0.0110584859768297,mouse638329far244,0.2073807380738074,0.5603060306030604,0.4595859585958598,1
mouse638329,far,245,0.089259305617746,0.12115854397581098,0.1971090445722487,1.91663655305464,3.3316191721695527,2.4907324356827156,0.3126852880235471,0.3789110090966024,0.4286532536392879,239.0,184.0,245.0,2.39,1.84,2.45,61.9221732763643,65.55786627755889,63.40225936398407,1.8957188610128883,0.0256901651732169,mouse638329far245,0.1398739873987399,0.8311431143114312,0.3774977497749775,1
mouse638329,far,246,0.1066732612984636,0.1156367667748038,0.1295066699360526,1.953988739394008,2.0788961008513884,1.9035764359510188,0.2193401439166837,0.2227467312348393,0.2203512708796507,2451.0,2114.0,2290.0,24.51,21.14,22.900000000000002,61.9221732763643,65.55786627755889,63.40225936398407,1.8957188610128883,0.0058676889431881,mouse638329far246,0.0945094509450945,0.1590459045904591,0.1404140414041405,0
mouse638329,far,253,0.0507832804066207,0.0684364449639072,0.0608092019065317,3.1609843779514626,3.0628905274068923,4.325710409098684,0.2087278558753198,0.2304632250337693,0.2278737514309503,814.0,735.0,875.0,8.14,7.3500000000000005,8.75,61.9221732763643,65.55786627755889,63.40225936398407,1.8957188610128883,0.0303204195150495,mouse638329far253,0.3013501350135014,1.0298829882988298,0.4306930693069306,1
mouse638329,far,254,0.1275935148391087,0.1049232006197654,0.1304730816548797,1.9426987647752936,3.005144982234916,2.625988887185991,0.44247224512476707,0.352033500592882,0.3723943357345102,186.0,190.0,189.0,1.86,1.9000000000000001,1.8900000000000001,61.9221732763643,65.55786627755889,63.40225936398407,1.8957188610128883,0.0387546136813212,mouse638329far254,0.1428442844284428,0.8424842484248425,0.2648964896489648,0
mouse638329,far,471,0.1896395842424762,0.2075110507185172,0.1277202272305554,3.858429813115954,5.519163639972477,5.560422756607922,0.4610904203823872,0.3973367355252891,0.3728734067911547,100.0,155.0,146.0,1.0,1.55,1.46,61.9221732763643,65.55786627755889,63.40225936398407,1.8957188610128883,0.0392621288064132,mouse638329far471,0.1466246624662467,0.7493249324932494,0.3097209720972099,0
mouse638329,far,247,0.0710099623567674,0.0730988903542375,0.0900907615681674,1.734455913430635,2.377081951115643,2.9222079140326405,0.3726988469002773,0.3637788751408773,0.4379721578865381,153.0,120.0,85.0,1.53,1.2,0.85,61.9221732763643,65.55786627755889,63.40225936398407,1.8957188610128883,0.0170090552661063,mouse638329far247,0.1830783078307831,0.947794779477948,0.3801980198019802,1
mouse638329,far,250,0.1197231615141224,0.1827819787784135,0.0716310007863364,2.8852483099497346,3.4462991059229915,3.7549208888138685,0.3743495110141032,0.4713148108714095,0.4556113258523984,136.0,71.0,84.0,1.36,0.71,0.84,69.33771869602798,74.82606687990298,72.62879356357938,1.8957188610128883,0.0597568111219901,mouse638329far250,0.2797479747974798,0.8414041404140415,0.5921692169216922,1
mouse638329,far,260,0.2337011793277037,0.1428716340867448,0.35882019614787103,1.8427162153764007,5.58824728276991,3.5840260181389128,0.5152636751940144,0.4922563074556306,0.6390727064467254,95.0,55.0,28.0,0.9500000000000001,0.55,0.28,69.33771869602798,74.82606687990298,72.62879356357938,1.8957188610128883,0.0361548201688819,mouse638329far260,0.2216921692169217,0.7603960396039605,0.5516651665166518,1
mouse638329,far,472,0.113589232713706,0.0573975265729743,0.084904697694789,2.2306773060652643,1.7654023085015556,0.6005196614437935,0.40971131055764504,0.3367996150644084,0.2923350488126696,139.0,143.0,226.0,1.3900000000000001,1.43,2.2600000000000002,60.60367842000528,64.21873052693874,61.824755521060965,1.8957188610128883,0.0457326330556222,mouse638329far472,0.1366336633663366,0.6672367236723672,0.3734473447344736,0
mouse638329,far,255,0.0975539789446902,0.0873717296872552,0.0469670212600517,2.5314331998400825,1.4738851573989036,1.8703576888697169,0.2591477542297426,0.2614071421623016,0.1940633617775171,912.0,845.0,804.0,9.120000000000001,8.45,8.040000000000001,60.60367842000528,64.21873052693874,61.824755521060965,1.8957188610128883,0.0139319588689795,mouse638329far255,0.1636363636363637,0.7004500450045006,0.4036903690369039,1
mouse638329,far,261,0.207304899979452,0.1682477404714973,0.1934897466115945,3.0370905184680628,3.1397478985411014,3.916216426810997,0.3515502114334471,0.37381243207786297,0.3641868360919524,587.0,345.0,459.0,5.87,3.45,4.59,66.88794444167074,71.30090769081656,69.55491191910048,1.8889481199863591,0.0241536799979738,mouse638329far261,0.1371737173717372,0.2719171917191719,0.2303330333033304,0
mouse638329,far,262,0.0839149952784615,0.0552615094409921,0.0661288640850309,4.827028734331513,5.311325109194408,3.0427638757511466,0.3471913422029101,0.299118521280698,0.2517287629121491,156.0,222.0,371.0,1.56,2.22,3.71,66.95697880482254,71.0669457869408,69.11139060819912,1.89917745353087,0.0320099441269113,mouse638329far262,0.2046804680468047,0.742844284428443,0.3612961296129614,1
mouse638329,far,263,0.0902546905589404,0.0507129898965862,0.0623799568955429,2.4432889698835325,2.3848922092742604,2.4101314950917443,0.2007832584182266,0.1679700201345782,0.1824559408667004,1771.0,1468.0,1562.0,17.71,14.68,15.620000000000001,66.95697880482254,71.0669457869408,69.11139060819912,1.89917745353087,0.0102146292546612,mouse638329far263,0.12097209720972098,0.2198019801980197,0.2603060306030603,0
mouse638329,far,267,0.0634815566622361,0.0583731905890085,0.068113198580863,3.2152735586628167,3.0456167052333067,3.3270932641565962,0.1450502124378192,0.1493421834091067,0.1557892441660954,4450.0,3553.0,3708.0,44.5,35.53,37.08,66.7902291956579,71.77725332809811,68.76926660113618,1.8930795017642548,0.0239194439585497,mouse638329far267,0.18199819981998197,0.5119711971197121,0.253015301530153,0
mouse638329,far,268,0.0863295449712998,0.0716298252162888,0.0772552691336784,3.2449535487191232,3.194059461123439,3.5199978449149136,0.19447416161694697,0.20338106233000502,0.1836521044860013,2131.0,1922.0,2246.0,21.31,19.22,22.46,67.86515901347101,74.69196582424816,68.64171813808305,1.8818209266558807,0.0267479198877251,mouse638329far268,0.223042304230423,0.554905490549055,0.7423042304230426,1
mouse638329,far,474,0.1790713353541065,0.1636689357069858,0.2044059431981474,4.228639527786299,4.236544089235797,4.239746928827946,0.331034902458705,0.2991026329246761,0.3578980145996053,1088.0,1101.0,1222.0,10.88,11.01,12.22,66.60937616510759,73.30773824959087,66.87715797640965,1.854218164078866,0.0327739510598867,mouse638329far474,0.200900090009001,0.3780378037803781,0.3801980198019803,0
mouse638329,far,197,0.1891595886349552,0.2407698457862944,0.282989965015362,1.9093103762069856,2.1971010630176573,2.1084290880578593,0.5369421519927933,0.5086808162008014,0.6077439242894483,58.0,53.0,37.0,0.58,0.53,0.37,43.08260008857937,45.81049062048883,41.50893078632532,1.9946804255318693,0.0257572932417264,mouse638329far197,0.1674167416741675,0.5956795679567958,0.5376237623762375,1
mouse638329,far,457,0.1121248038077726,0.1348528116138288,0.1782700998102478,2.1213097689686804,1.0882940584403549,1.942985493756261,0.3962335152579087,0.5336987091157236,0.4349899538074122,67.0,59.0,57.0,0.67,0.59,0.5700000000000001,38.11482684051058,41.231410478333494,35.792114953453506,1.9685019685029528,0.0265552765395565,mouse638329far457,0.1622862286228623,0.6337533753375337,0.5049504950495051,1
mouse638330,close,227,0.0687824127040884,0.1386685235022656,0.1707066639661265,4.165361289710299,4.580485985852354,4.9074555527076935,0.2117162621498554,0.2580062314364779,0.3223982053091916,1416.0,1458.0,1268.0,14.16,14.58,12.68,111.56107010949512,145.23606891847606,145.13575805174403,1.0003124511871275,0.0343435017951971,mouse638330close227,0.1733573357335733,0.4004500450045004,0.3172817281728175,0
mouse638330,close,226,0.1850188157414319,0.2007175319381118,0.2263848725887659,1.5835578737108742,1.1080081272136602,1.1217608164777824,0.3147746774026803,0.3020790817303475,0.3459311820839257,1105.0,1201.0,1745.0,11.05,12.01,17.45,111.56107010949512,145.23606891847606,145.13575805174403,1.0003124511871275,0.0166984300787634,mouse638330close226,0.1161116111611161,0.4117911791179117,0.3172817281728173,0
mouse638330,close,234,0.210268561573719,0.2450808654895101,0.2290188440595233,1.176196154379032,1.4126252378709436,1.2260243958321948,0.3579159476096695,0.3591500476803441,0.3755395870312156,1449.0,1590.0,1540.0,14.49,15.9,15.4,106.3422881070854,136.50974859002793,134.8961256707177,1.0003124511871275,0.0232180332625355,mouse638330close234,0.130963096309631,0.2778577857785779,0.2943294329432943,0
mouse638330,close,233,0.2346564913305609,0.4511281068468973,0.5952817393380596,0.1966935386624445,0.1942266528316624,0.0149478501102157,0.5258780417219131,0.5729172517634519,0.727206867935288,137.0,128.0,57.0,1.37,1.28,0.5700000000000001,106.3422881070854,136.50974859002793,134.8961256707177,1.0003124511871275,0.0537236361710713,mouse638330close233,0.2289828982898289,0.6585958595859587,0.4514851485148515,1
mouse638330,close,242,0.2665330931838835,0.2103076610390076,0.4235785980721353,0.6800216975510951,0.7832442222416014,1.237664207279594,0.46485383411811404,0.4666578262743462,0.6472964709383178,163.0,164.0,151.0,1.6300000000000001,1.6400000000000001,1.51,77.8978316740927,102.4908840590647,102.20342880834995,0.9113863066779092,0.030668873822039,mouse638330close242,0.3907290729072908,0.5403240324032403,0.2154815481548155,2
mouse638330,close,245,0.3874178165552016,0.4426976864441073,0.3745338353711213,6.057707082368298,5.985985382032112,6.133900816962067,0.5261305573260221,0.5106543176432442,0.4868148929516085,323.0,352.0,333.0,3.23,3.52,3.33,72.5163650161891,97.01080818897177,97.98514593406428,0.8667467911679858,0.0270531721932554,mouse638330close245,0.1323132313231323,0.5281728172817284,0.3712871287128712,0
mouse638330,close,280,0.2649205930913629,0.3037074874175242,0.3020775394840471,4.913772621747934,5.0057335228000985,4.9623290113306435,0.3498912188600621,0.3999929503916067,0.4106890080178489,2948.0,2907.0,3077.0,29.48,29.07,30.77,57.04124826772252,75.31224564267589,81.61397089381008,0.7685213074469699,0.0348575086587436,mouse638330close280,0.0926192619261926,0.1576957695769577,0.1288028802880287,0
mouse638330,close,282,0.1054105711420447,0.09904602732676299,0.1570128599240391,0.2269235283178495,0.7853260899241726,0.5210458416274195,0.2829510137110666,0.2217494366750256,0.2922671051494551,992.0,1147.0,1201.0,9.92,11.47,12.01,57.04124826772252,75.31224564267589,81.61397089381008,0.7685213074469699,0.0375076150975207,mouse638330close282,0.1239423942394238,0.6086408640864087,0.2403240324032403,0
mouse638330,close,302,0.0738262167789344,0.2332761553194537,0.2347360885261754,1.3459816179643604,0.1197086846584873,0.2060957255098292,0.2671922045847441,0.4209464476188452,0.3784751128572473,394.0,329.0,329.0,3.94,3.29,3.29,59.07250927082758,77.32073846113794,84.4283201508047,0.7549834435270749,0.0866959099369607,mouse638330close302,0.2144014401440144,0.7344734473447347,0.4412241224122412,1
mouse638330,close,284,0.1169637752995503,0.1233280839802302,0.09055125827359699,0.9951791439816842,1.1811316703539732,0.5512978082274124,0.3196065177572002,0.2750323036275778,0.2754074288731272,485.0,525.0,476.0,4.8500000000000005,5.25,4.76,59.07250927082758,77.32073846113794,84.4283201508047,0.7549834435270749,0.0189120805778579,mouse638330close284,0.1042304230423042,0.6383438343834384,0.3105310531053107,0
mouse638330,close,299,0.0437677210209079,0.0260932179264053,0.0329491032263946,2.6371330250554244,2.4099937167609227,2.8732661690417647,0.1767077590216832,0.2243293589659122,0.2196323659375357,1007.0,1001.0,1194.0,10.07,10.01,11.94,63.45442540650127,83.64282971827822,90.22901639703998,0.7420411039827916,0.0529282502889632,mouse638330close299,0.1963096309630962,0.7833483348334835,0.5702970297029702,1
mouse638330,close,303,0.0497112524434705,0.2602443941770166,0.1554279235430095,3.977759072643038,5.703852564379653,5.068123413676324,0.1861897629164706,0.4407018518709281,0.3257470325209528,585.0,610.0,772.0,5.8500000000000005,6.1000000000000005,7.72,66.21079350718074,89.69596577192603,94.69861694243629,0.7288689868556626,0.0213631575348609,mouse638330close303,0.1628262826282628,1.016651665166517,0.43636363636363595,1
mouse638330,close,307,0.0638874641942183,0.0717697825812505,0.1302528080868307,2.8139628735084563,1.348310654067125,0.974620521375822,0.2918882342510231,0.3736902860505813,0.5417499190532894,159.0,163.0,64.0,1.59,1.6300000000000001,0.64,67.92588713936989,92.80194851520996,98.93841555348939,0.7288689868556626,0.0359240796650126,mouse638330close307,0.1323132313231323,0.8152115211521153,0.3977497749774979,1
mouse638330,close,310,0.1265668082357823,0.2084182858198665,0.2404592535671686,3.4170077455875267,5.6647434005494475,5.513760385162062,0.3104522611988833,0.3707952452399865,0.45100837229828605,296.0,410.0,610.0,2.96,4.1,6.1000000000000005,66.78978660777366,91.2682995186045,95.9364405668015,0.7163274390947202,0.0290764576490654,mouse638330close310,0.3016201620162019,0.8762376237623761,0.1344734473447344,2
mouse638330,close,315,0.1080107900173264,0.1570418818133898,0.1991666346863029,4.955456134655434,5.266826515900316,5.336293851840836,0.2034153331165342,0.2763551988965039,0.3393673430325677,4471.0,5037.0,5507.0,44.71,50.370000000000005,55.07,67.61278326152187,93.55873790172792,99.9020795711573,0.7163274390947202,0.0265088833186763,mouse638330close315,0.1933393339333933,0.2684068406840685,0.2643564356435642,0
mouse638330,close,314,0.0309469897549501,0.1161177150215395,0.0561838946775703,4.828419936491708,4.721649849890603,4.912332842371627,0.2224714617251918,0.247681564932441,0.2658139997709167,573.0,796.0,810.0,5.73,7.96,8.1,67.61278326152187,93.55873790172792,99.9020795711573,0.7163274390947202,0.0435423565567976,mouse638330close314,0.135013501350135,1.0412241224122414,0.3936993699369937,1
mouse638330,close,292,0.1900733024321425,0.1284240531084308,0.0174810413377326,5.230544823191926,4.909444126759609,5.830949152435813,0.3895521765994699,0.4458551770075765,0.2987450419821068,211.0,175.0,196.0,2.11,1.75,1.96,62.157266317185325,81.81609759941156,87.656201201318,0.7549834435270749,0.0197365463043442,mouse638330close292,0.1339333933393338,0.8967596759675971,0.3747974797479746,1
mouse638330,close,301,0.1814786741862029,0.2690261203668058,0.2288877475713149,5.638889473152705,5.963182237774298,5.905382755917363,0.4065423175806518,0.4570370757066726,0.3645017010223869,387.0,409.0,509.0,3.87,4.09,5.09,63.45442540650127,83.64282971827822,90.22901639703998,0.7420411039827916,0.0503907458256387,mouse638330close301,0.1485148514851485,0.7082808280828083,0.2908190819081909,0
mouse638330,close,269,0.1770103834131191,0.123795765332765,0.2415542830934483,1.7153138444100846,0.8184138790831779,1.3962569418670243,0.5004988455215427,0.3732784413471511,0.7038160349136765,61.0,129.0,17.0,0.61,1.29,0.17,56.181700159369136,76.05330053057791,81.27329680495163,0.8093207028119324,0.0397842910845674,mouse638330close269,0.1590459045904591,0.6909990999099911,0.4020702070207019,1
mouse638330,close,259,0.1595884856765942,0.1812743980717859,0.1638216711949879,2.1494491876719306,0.8198767206238335,1.172965232102115,0.4518456239507116,0.4459447256301612,0.4329246298810148,76.0,72.0,76.0,0.76,0.72,0.76,55.42021951546359,73.2626125152008,81.09877429337095,0.7818247885555945,0.03815796473022,mouse638330close259,0.1471647164716472,0.6693969396939694,0.3456345634563459,0
mouse655957,close,179,0.0030539275071266,0.0100244296397462,0.0052676736467629996,5.600923154784329,3.940831138219669,6.112843940510567,0.0750953501908038,0.1024804213299823,0.060809756823832,4347.0,4022.0,4322.0,43.47,40.22,43.22,104.92030538826457,133.00944801037704,129.13767921383624,1.1898004034290794,0.0208421714762775,mouse655957close179,0.1682268226822681,0.3032403240324033,0.2665166516651666,0
mouse655957,close,191,0.2383017026469002,0.1289920743624293,0.1420237461360891,0.7195864582114162,0.8524749106356148,1.5069896979928572,0.5172885349055634,0.4159272533375885,0.3366602603919285,129.0,143.0,155.0,1.29,1.43,1.55,126.06380864249563,156.80471048632754,153.64952800128194,0.9656603957913984,0.0299891954230827,mouse655957close191,0.4028802880288029,0.6999099909991001,0.0993699369936993,2
mouse655957,close,197,0.1077679113100214,0.1068091085402116,0.1710233913011069,5.417054295488036,0.1524300325086469,5.239524047437175,0.260116537217576,0.3156925527974774,0.3967791284140803,422.0,401.0,339.0,4.22,4.01,3.39,132.71034513413656,163.3443365006745,159.6163912223991,0.9440603794249602,0.0218558660789616,mouse655957close197,0.2719171917191719,0.4644464446444646,0.4207020702070208,1
mouse655957,close,196,0.0909526027528531,0.0906894959194793,0.1311274272979952,5.877578944365329,4.971595881140886,5.3658460642059085,0.4473750984624793,0.3865048935685383,0.4206316545297827,123.0,107.0,120.0,1.23,1.07,1.2,132.71034513413656,163.3443365006745,159.6163912223991,0.9440603794249602,0.0459966015500489,mouse655957close196,0.4320432043204321,0.7333933393339335,0.0342934293429342,2
mouse655957,close,209,0.128713333166804,0.1337696190332585,0.1170140007862908,3.7674179759531934,4.526717383576148,4.110501123675831,0.2819040475888953,0.2412003519108328,0.2182566173341738,1053.0,1125.0,959.0,10.53,11.25,9.59,118.99742622266092,146.03577169662537,148.33419561275073,0.905883546599672,0.0211469144017915,mouse655957close209,0.1396039603960396,0.5948694869486949,0.3945094509450947,0
mouse655957,close,215,0.3181210918079911,0.3610816913016343,0.3102054092052005,4.2523227042198535,4.465028145283437,4.357879611488737,0.4004738968806251,0.4779020625962571,0.3921212566391521,1369.0,1232.0,1117.0,13.69,12.32,11.17,119.14661536750832,143.34509700942846,143.30854612792476,0.8692669325356855,0.0254420188912693,mouse655957close215,0.2022502250225022,0.6216021602160217,0.3869486948694871,1
mouse655957,close,220,0.0500987605042023,0.0051468390488408,0.0896125174408125,4.258428758453774,2.5538462226327265,2.4258992003774513,0.2733571473902537,0.2660215900872675,0.324603514274895,339.0,334.0,322.0,3.39,3.34,3.22,111.1074906564666,132.6468824838368,132.3539186861396,0.8525696452489968,0.0167276938302798,mouse655957close220,0.2978397839783978,0.5883888388838885,0.311071107110711,2
mouse655957,close,221,0.1220517580050865,0.1355667892327071,0.1471398922754697,5.163239457147278,5.147034916104016,5.095123651045936,0.2654646049867273,0.2790793439038629,0.3285631093165105,1219.0,1291.0,1308.0,12.19,12.91,13.08,111.1074906564666,132.6468824838368,132.3539186861396,0.8525696452489968,0.0649386320094752,mouse655957close221,0.3780378037803781,0.8886588658865888,0.3018901890189016,2
mouse655957,close,222,0.1319099504355546,0.0565564272094458,0.1021521603880774,3.264083188583728,4.980352144934704,4.161703935930373,0.4071376568549132,0.273902156509368,0.3160292217801782,274.0,325.0,325.0,2.74,3.25,3.25,111.1074906564666,132.6468824838368,132.3539186861396,0.8525696452489968,0.0148523019958919,mouse655957close222,0.2384338433843384,0.5756975697569757,0.3683168316831684,0
mouse655957,close,224,0.0960214895520749,0.0847736958548576,0.1571918799044662,3.80841106548944,5.260520169434173,5.330934151788881,0.31250142599543396,0.3196458003821584,0.3829794601292942,220.0,204.0,145.0,2.2,2.04,1.45,98.47930642086928,114.62285300520195,115.68182802734812,0.8525696452489968,0.0400957012827526,mouse655957close224,0.1617461746174617,0.6226822682268229,0.3764176417641763,0
mouse655957,close,526,0.0815380758114765,0.0756647775520791,0.1215195858177363,6.272535607156018,5.986896869618393,0.0794716938101361,0.3131720844813394,0.4270406531104147,0.4259901008429115,174.0,106.0,122.0,1.74,1.06,1.22,103.51043837123423,121.6726971772272,121.634537069623,0.8525696452489968,0.0468867384847727,mouse655957close526,0.2179117911791179,0.691809180918092,0.3091809180918091,0
mouse655957,close,227,0.1440025252254546,0.1525741268993052,0.1454318656636375,5.249451508437262,5.520924314049572,5.64403894369238,0.3492210950399363,0.4725280974942299,0.4074189362261304,182.0,158.0,203.0,1.82,1.58,2.0300000000000002,93.90928601782393,109.0517028829725,109.44931749568957,0.8525696452489968,0.0301287013806252,mouse655957close227,0.1971197119711971,0.7323132313231324,0.3423942394239424,1
mouse655957,close,231,0.1035814982331619,0.1257494416889019,0.0934799939987236,5.776240424340007,5.7059937115329955,5.337180612313105,0.1993755324533767,0.2189358998686986,0.1613445657196896,3595.0,2841.0,2147.0,35.95,28.41,21.47,86.47473049056681,99.30424193135195,100.67120394116634,0.8370334521391604,0.0249630912557141,mouse655957close231,0.1776777677767778,0.3126912691269127,0.2675967596759676,0
mouse655957,close,240,0.1406375316218036,0.190556941905251,0.1033445597823098,5.365988324523004,5.4172802536643365,5.43123000066345,0.2788031761118796,0.34043008107280204,0.2047343703189798,731.0,779.0,905.0,7.3100000000000005,7.79,9.05,84.52065916798661,97.48771965913484,97.8231832353057,0.8097067370350823,0.0151454606551959,mouse655957close240,0.2125112511251126,0.7028802880288029,0.3612961296129614,1
mouse655957,close,226,0.13208560652599302,0.1783238482931642,0.0416407320469833,3.7367258709761435,2.8715456754518254,1.897348153457516,0.3451653723693229,0.3691605967082015,0.3347276684441024,147.0,160.0,131.0,1.47,1.6,1.31,111.1074906564666,132.6468824838368,132.3539186861396,0.8525696452489968,0.0323434775694559,mouse655957close226,0.2179117911791179,0.5411341134113411,0.2940594059405943,0
mouse655957,close,230,0.1017676717617202,0.1349435558593698,0.0829656076294882,3.280772232677589,3.2029301677396322,3.9095297247646363,0.3233739970748022,0.4846877503307552,0.3872492132975666,78.0,66.0,115.0,0.78,0.66,1.1500000000000001,101.60243831924996,119.55302730507928,119.95564638377121,0.8551315688243536,0.0237671381854751,mouse655957close230,0.2422142214221422,0.5584158415841586,0.31998199819982,0
mouse655957,close,252,0.0484850406999406,0.2017485117258902,0.1477123418341418,3.5393452186969387,4.9863534386809585,5.031915018264467,0.2558388497162427,0.4321708726783378,0.3558416449266691,160.0,212.0,282.0,1.6,2.12,2.82,73.63302633163705,82.66722808191396,83.84173776194103,0.7972609359550988,0.07503197346688902,mouse655957close252,0.20495049504950502,0.7258325832583259,0.3734473447344734,1
mouse655957,close,631,0.1316465119973088,0.1149945335265678,0.1698471270827969,4.487404184957241,4.855101532070403,5.622640721471412,0.4135402121304795,0.315584955746174,0.4683745236965821,208.0,168.0,167.0,2.08,1.68,1.67,86.47473049056681,99.30424193135195,100.67120394116634,0.8370334521391604,0.048987281346169004,mouse655957close631,0.1787578757875788,0.5921692169216923,0.2827182718271828,0
mouse657902,close,261,0.0402186931908336,0.1174836479848091,0.1549391849497327,3.9702329634647833,1.485831719750101,2.028244960954764,0.3492236948606452,0.3846491322844572,0.4602995597561704,146.0,124.0,128.0,1.46,1.24,1.28,99.94353065639305,125.49163893399893,103.96887721349424,0.8192984804086971,0.0430548495689431,mouse657902close261,0.2054905490549055,0.4255625562556256,0.2303330333033302,0
mouse657902,close,262,0.0803617112515228,0.0407904416185369,0.0539122909678,1.5291331708577356,2.916241537848632,1.5975771964934753,0.2362053860215621,0.2466480593117411,0.2501984676819436,343.0,389.0,314.0,3.43,3.89,3.14,90.1947903466513,119.9325026610104,93.83684349377614,0.8192984804086971,0.0222757613628071,mouse657902close262,0.2108910891089108,0.5241224122412241,0.3043204320432044,0
mouse657902,close,264,0.3198796925651675,0.2310770378300105,0.3527064843841847,4.51908830783818,4.7430764710842555,4.6265478713727735,0.4764161469496689,0.3773563661661933,0.4873597967625026,811.0,802.0,724.0,8.11,8.02,7.24,96.72063198372871,126.5003280870377,100.81212060375714,0.8143248737451165,0.0186376478153379,mouse657902close264,0.1514851485148515,0.5478847884788479,0.3405040504050405,0
mouse657902,close,266,0.0825992327608802,0.1943560666022,0.1941995271868528,5.970182524685947,5.729882110019253,5.813696485497053,0.36168621368744897,0.46174072396269394,0.4165183048999729,134.0,69.0,191.0,1.34,0.6900000000000001,1.9100000000000001,80.584365701168,115.66885899685778,82.49659352833609,0.7897784499465658,0.0395124596899954,mouse657902close266,0.1981998199819982,0.6229522952295231,0.4520252025202519,1
mouse657902,close,267,0.0587655432603117,0.0721272044809213,0.1185983108435138,1.5014380090180954,0.8389495920584684,0.9357203685072708,0.1720845215744177,0.2186005726184356,0.2912184203347995,665.0,597.0,635.0,6.65,5.97,6.3500000000000005,84.41038975048983,119.38893966930318,88.30246915145253,0.7897784499465658,0.0190163403460603,mouse657902close267,0.2019801980198019,0.7090909090909091,0.5065706570657066,1
mouse657902,close,573,0.0699777477152186,0.0564784984811213,0.1525567032242954,3.0560848332843573,2.5640318973843423,2.9433337904251187,0.3313816147393414,0.2128603700264607,0.34930627527431707,184.0,259.0,181.0,1.84,2.59,1.81,62.02035743733863,107.00335537414644,62.198411118093176,0.7814249804043892,0.0284405766253786,mouse657902close573,0.1714671467146714,0.6672367236723674,0.4196219621962195,1
mouse657902,close,564,0.1058324319280926,0.1001085862843388,0.1245932252041558,1.1032194902075427,2.4367353457383323,2.1673873016776866,0.27430468199879104,0.3356783821564311,0.3482264341759274,300.0,307.0,288.0,3.0,3.0700000000000003,2.88,62.02035743733863,107.00335537414644,62.198411118093176,0.7814249804043892,0.0336160782619566,mouse657902close564,0.1288028802880287,0.4082808280828083,0.2446444644464447,0
mouse657902,close,475,0.2179129221571281,0.2012430975482947,0.2886552091182463,5.520826892882547,5.34091624372269,5.5535506663609535,0.4443647712544952,0.3898985046749817,0.4998588759747187,121.0,147.0,189.0,1.21,1.47,1.8900000000000001,66.54564934557432,111.75121114756578,68.18020197855411,0.7566372975210779,0.0800712803837414,mouse657902close475,0.1684968496849684,0.6334833483348336,0.4628262826282628,1
mouse657902,close,274,0.2312443004647603,0.1847097737612964,0.1228170440863615,2.614091086687396,1.9488954002815984,2.65633436135305,0.4195534131743253,0.4776654622245774,0.4552313054488016,107.0,113.0,139.0,1.07,1.1300000000000001,1.3900000000000001,56.65398412476263,104.41107485679785,57.090814996043996,0.7566372975210779,0.0238894389723212,mouse657902close274,0.1374437443744374,0.6251125112511252,0.2959495949594961,0
mouse657902,close,275,0.1315013976366501,0.1429980054758788,0.1067970696936769,4.948400961731855,5.299529063135799,4.691775459841762,0.3050817000066304,0.3104114928731429,0.2487501303695018,827.0,1057.0,608.0,8.27,10.57,6.08,56.65398412476263,104.41107485679785,57.090814996043996,0.7566372975210779,0.0241996689521264,mouse657902close275,0.1490549054905491,0.7047704770477049,0.4622862286228623,1
mouse657902,close,479,0.1794538912481325,0.0924461221186761,0.05116510829010801,5.692176473580936,4.65599436137838,4.619733989225926,0.3967956647356833,0.3524578433656931,0.2840719556288789,406.0,128.0,289.0,4.0600000000000005,1.28,2.89,58.908556624102154,108.91226597709327,59.163806474985215,0.7537406715840668,0.0478133954978191,mouse657902close479,0.1595859585958596,0.7331233123312333,0.4533753375337536,1
mouse657902,close,277,0.0869699434609373,0.1068413706519071,0.1662759184068428,0.1133203705466447,4.224099579779836,0.2749226266044103,0.3023106929715631,0.26924999570325403,0.4123176193483872,266.0,271.0,284.0,2.66,2.71,2.84,58.908556624102154,108.91226597709327,59.163806474985215,0.7537406715840668,0.0387734472076146,mouse657902close277,0.1825382538253824,0.7633663366336635,0.4971197119711973,1
mouse657902,close,282,0.0277510826383899,0.0749272032502616,0.0573531674123047,2.6240219968888203,1.6914941544655546,2.1135740341398472,0.1927458320320173,0.2346370953885673,0.2452173872887665,575.0,448.0,432.0,5.75,4.48,4.32,58.908556624102154,108.91226597709327,59.163806474985215,0.7537406715840668,0.0377912680884273,mouse657902close282,0.1339333933393339,0.6815481548154816,0.3102610261026103,0
mouse657902,close,278,0.0492624234648486,0.1028462979962618,0.09624445583994802,2.8981795142862867,3.6638961193128723,4.197782489618612,0.2620777620952814,0.3483977876258856,0.3156919670973881,310.0,254.0,399.0,3.1,2.54,3.99,57.05690081023405,109.55010219366123,57.380387218858004,0.7267220926874317,0.055739372634735,mouse657902close278,0.1344734473447344,0.6585958595859588,0.4077407740774078,1
mouse657902,close,288,0.1346094671694988,0.1840711967800767,0.2045248005027487,4.888431433627824,4.596837716587009,4.799019290760162,0.3339152806511752,0.3595688408281369,0.3689050731764814,246.0,270.0,287.0,2.46,2.7,2.87,62.09289737476848,114.96394323130384,62.69084301888834,0.7267220926874317,0.0210858991106937,mouse657902close288,0.3091809180918092,0.9253825382538255,0.6394239423942393,1
mouse657902,close,296,0.029423578765062002,0.1655074138513644,0.1443654961854558,3.7591073880780894,5.291746193280108,4.761006786505122,0.2502786394499831,0.42581988290740297,0.3293725528378763,247.0,225.0,401.0,2.47,2.25,4.01,62.09289737476848,114.96394323130384,62.69084301888834,0.7267220926874317,0.0461885160758598,mouse657902close296,0.1466246624662467,0.6880288028802881,0.4601260126012604,1
mouse657902,close,487,0.2100036685817302,0.3164368582065811,0.212089359549041,4.62295459652623,5.234631581753876,4.547356722973966,0.4800581890699744,0.55449275433454,0.5043243532310353,76.0,58.0,56.0,0.76,0.58,0.56,75.77481561488264,114.628728395533,71.95729965082046,0.7254309064273454,0.0830808774685782,mouse657902close487,0.2235823582358235,0.8875787578757878,0.5870387038703869,1
mouse657902,close,486,0.0476685480322623,0.0485098371732125,0.1276190567987155,4.386743013091051,4.393140120039633,4.270202266981864,0.2548748837012995,0.2340164832733824,0.3630474082229457,362.0,399.0,290.0,3.62,3.99,2.9,75.77481561488264,114.628728395533,71.95729965082046,0.7254309064273454,0.0335311103057389,mouse657902close486,0.2081908190819081,0.7892889288928894,0.5017101710171018,1
mouse657902,close,298,0.2823318620204433,0.1678399167898417,0.2967982249185368,4.617418080211125,3.584369340196668,4.0833266260983745,0.5329605418975156,0.4740720919967219,0.5479692766399383,63.0,54.0,58.0,0.63,0.54,0.58,77.3761996178078,119.12877632527899,74.32303818997562,0.7004462863060951,0.0314403079633351,mouse657902close298,0.1252925292529253,1.003150315031503,0.5627362736273627,1
mouse657902,close,301,0.1511007221033116,0.1397916183033064,0.1758924061192414,2.7051562290310263,4.2946995784265765,2.8707355179573355,0.370227590913364,0.2947763397952467,0.4333985469689156,153.0,229.0,162.0,1.53,2.29,1.62,82.76341151845409,123.30845015128479,79.4547199490798,0.7000000000000001,0.0141379113391168,mouse657902close301,0.1328532853285329,0.7339333933393339,0.4636363636363637,1
mouse657902,close,304,0.2265730342202562,0.1441209925098278,0.2151194751402353,5.362140247155997,4.620125281952983,5.159344383899262,0.3588145688141934,0.23810175850609697,0.3343471170393192,1634.0,1582.0,1841.0,16.34,15.82,18.41,82.76341151845409,123.30845015128479,79.4547199490798,0.7000000000000001,0.0217690182204905,mouse657902close304,0.12799279927992802,0.2405940594059407,0.2821782178217821,0
mouse657902,close,305,0.1705841852926453,0.1336226969772024,0.0125974907722187,3.0642557176074163,3.6099873139952563,2.8053440076989054,0.3813525450990625,0.2974747141971904,0.2254100354681802,513.0,604.0,522.0,5.13,6.04,5.22,82.76341151845409,123.30845015128479,79.4547199490798,0.7000000000000001,0.0266420908783859,mouse657902close305,0.2316831683168316,0.7930693069306931,0.5400540054005404,1
mouse657902,close,281,0.1313675093577233,0.1451979999843752,0.06652262597104701,0.5512703192323598,4.169635633555435,3.7157910761836024,0.3647558410155601,0.4213477170602432,0.3706383943312097,167.0,116.0,187.0,1.67,1.16,1.87,58.908556624102154,108.91226597709327,59.163806474985215,0.7537406715840668,0.0259389372076378,mouse657902close281,0.1738973897389739,0.7512151215121513,0.4587758775877589,1
mouse657902,close,300,0.1489490873690898,0.1027622270771821,0.24316794944399,4.018894626563685,4.803812642512551,3.023985404629578,0.3652069830755191,0.3422267842756017,0.4839054303697156,127.0,112.0,83.0,1.27,1.12,0.8300000000000001,62.09289737476848,114.96394323130384,62.69084301888834,0.7267220926874317,0.0315989094489071,mouse657902close300,0.1541854185418543,0.7360936093609362,0.395049504950495,1
mouse657904,close,383,0.1340443839180713,0.1120772694770975,0.0770257307136628,0.1804180676014231,5.164943872067648,5.859549636533612,0.3383419382783307,0.2722176701812722,0.2460950429889511,681.0,563.0,1193.0,6.8100000000000005,5.63,11.93,40.017132940369045,69.53530974773737,42.32317671509768,0.9861541461658012,0.09786213406002,mouse657904close383,0.2030603060306031,1.0846984698469848,0.470927092709271,1
mouse657904,close,384,0.2031549487179015,0.2156760463441976,0.1540506143173945,5.1636168298369185,5.028679474966395,4.739959735732869,0.4040746636978128,0.3408009527327629,0.3254985896864993,268.0,880.0,395.0,2.68,8.8,3.95,40.017132940369045,69.53530974773737,42.32317671509768,0.9861541461658012,0.0424023276964479,mouse657904close384,0.1047704770477048,0.1803780378037804,0.2640864086408641,0
mouse657904,close,403,0.0825942671599475,0.1179777751657987,0.0379123557945366,4.49968317939055,4.580148544400947,3.9804652277356465,0.2472733478349078,0.2278395355092402,0.2260522036754294,689.0,1731.0,894.0,6.890000000000001,17.31,8.94,48.01378516672865,86.93077337228918,54.67183287189979,0.9532837982468808,0.0951062962418472,mouse657904close403,0.1398739873987399,0.3197119711971197,0.2260126012601261,0
mouse657905,close,284,0.457852654539524,0.508723953409835,0.4740459886808604,4.950155706766541,4.981980564792497,4.992394656640151,0.5285141104709677,0.5704360409409935,0.5301050166025271,2226.0,1808.0,2262.0,22.26,18.080000000000002,22.62,99.66989453628162,103.87680827811876,90.19392420299751,1.0179636535751166,0.0260654819039135,mouse657905close284,0.1736273627362736,0.5351935193519354,0.3993699369936994,0
mouse657905,close,296,0.2101015626519262,0.1370681422050425,0.1342893856557959,1.234288246083292,1.1899575692164688,1.533596768992449,0.3142045507158775,0.3732615651164528,0.4067350149490918,633.0,273.0,337.0,6.33,2.73,3.37,60.09414117016188,74.66619443621794,53.13107208295561,0.9766012492312304,0.0861081584756771,mouse657905close296,0.1927992799279928,0.7309630963096311,0.4036903690369037,1
mouse657905,close,304,0.2550500961463304,0.2551548548930497,0.2233047640785775,1.234402713838338,1.423871067141086,1.362817572532315,0.4474669006610446,0.4223359291475272,0.4205827963129031,443.0,389.0,478.0,4.43,3.89,4.78,49.57917268867713,69.19162983991261,43.5330991558162,0.9572094859538324,0.0338683374768125,mouse657905close304,0.2481548154815481,0.7603960396039604,0.4193519351935194,1
mouse657905,close,542,0.254503186751835,0.2347949173705713,0.2099712674569512,0.9536572376357872,0.7530130912063092,0.9869590240195958,0.4511691795559363,0.4775833357667792,0.4912171813032886,353.0,142.0,394.0,3.5300000000000002,1.42,3.94,34.954755712813075,65.05145048966564,31.64352391735329,0.9620940702446928,0.058258463995257,mouse657905close542,0.22007200720072,0.8449144914491451,0.4320432043204322,1
mouse657905,close,318,0.2076620738764446,0.1979857454156259,0.1778857942708183,0.6090438387694915,0.3186493703862603,0.1569003189541228,0.3520931723387323,0.2983470337214091,0.2900865481058379,1682.0,1955.0,2175.0,16.82,19.55,21.75,29.81198649307438,63.99902854374708,27.44318878026988,0.9387491677759292,0.0498391827317063,mouse657905close318,0.1825382538253825,0.8454545454545456,0.433933393339334,1
mouse657905,close,319,0.1086143036601683,0.0785409150021417,0.11106649133483801,5.013774443799403,0.653932636837895,4.12743366367717,0.3880494540279227,0.2383666333170381,0.2702039655111066,247.0,664.0,647.0,2.47,6.640000000000001,6.47,29.81198649307438,63.99902854374708,27.44318878026988,0.9387491677759292,0.0491592769506975,mouse657905close319,0.1987398739873987,0.8071107110711073,0.41827182718271794,1
mouse657905,close,310,0.1561681255972815,0.1064565387832899,0.09610188417136199,1.4100433285521876,0.8318310573058965,0.1491849029916818,0.4035980675318016,0.279087552287731,0.2430076913121643,652.0,934.0,981.0,6.5200000000000005,9.34,9.81,29.81198649307438,63.99902854374708,27.44318878026988,0.9387491677759292,0.0353375788806207,mouse657905close310,0.2017101710171016,0.7506750675067508,0.3955895589558956,1
mouse657905,close,322,0.2700625497077853,0.1925261246884965,0.2390904326598193,5.850338857477866,5.852536816020969,5.865784633421844,0.3553965646550603,0.3044687455182547,0.3339172904410857,2356.0,2261.0,2150.0,23.56,22.61,21.5,26.41023232903752,64.32875627290275,24.27373469534307,0.9387491677759292,0.0258799278368494,mouse657905close322,0.1369036903690369,0.36102610261026097,0.1922592259225923,0
mouse657905,close,324,0.1710708889733631,0.1575780664253874,0.1463692286821339,5.9737396897252975,0.3862735686054021,6.267614156352604,0.3032373085841142,0.2533970817485879,0.2638734185595907,1577.0,1512.0,1618.0,15.77,15.120000000000001,16.18,26.41023232903752,64.32875627290275,24.27373469534307,0.9387491677759292,0.0398919201348329,mouse657905close324,0.1560756075607561,0.8781278127812784,0.4914491449144914,1
mouse657905,close,331,0.1889566671838771,0.1455738997132235,0.1707601082545934,0.7330226055466574,0.3560216509642239,0.2064533597538416,0.3541565668581187,0.2850940024623055,0.2954382838119524,835.0,967.0,875.0,8.35,9.67,8.75,25.422365937569584,64.10429895759293,25.239175203540352,0.9443913383762051,0.05980530049935,mouse657905close331,0.1595859585958596,0.8762376237623763,0.4990099009900989,1
mouse657905,close,330,0.2307101457417711,0.1291125386165326,0.2186632237949824,0.9339768213034992,0.6536303804611251,0.6660881178559748,0.3836514487086615,0.2474030496500052,0.372248807960177,521.0,1124.0,881.0,5.21,11.24,8.81,25.422365937569584,64.10429895759293,25.239175203540352,0.9443913383762051,0.0772832626685029,mouse657905close330,0.1371737173717372,0.8081908190819084,0.3847884788478849,1
