mouse,probe_position,unitID,VL_pre,VL_stimOn,VL_post,angle_pre_ch15,angle_stimOn_ch15,angle_post_ch15,MMR_Pre,MMR_stimOn,MMR_Post,Nspikes_pre,Nspikes_StimOn,Nspikes_post,Fspikes_pre,Fspikes_StimOn,Fspikes_post,inst_amp_pre_peak_ch,inst_amp_StimOn_peak_ch,inst_amp_post_peak_ch,distance_peakch_stim_tip,error_waveform,universal_ID,waveform_halfwidth,waveform_duration,waveform_REP,cluster
mouse598180,close,260,0.0552421359937033,0.0610265172253801,0.0436799076752514,4.757418578966451,1.214079355479331,4.9276131070504645,0.2589342381301919,0.1776424189968313,0.303546072992489,470.0,790.0,625.0,4.7,7.9,6.25,15.334703004127837,56.295664795351314,15.264755182009926,1.024084957413202,0.0372226079317086,mouse598180close260,0.2000900090009001,0.7655265526552656,0.3429342934293432,0
mouse598180,close,263,0.0177828376734706,0.0017382136138107,0.0081448968467205,5.4352758794270555,5.104646846956172,2.9136369869203262,0.1938725903234436,0.1824807684798179,0.1776726931826236,779.0,784.0,1137.0,7.79,7.84,11.370000000000001,15.404572291784136,55.76923132032925,15.411812510036233,1.024084957413202,0.015568734376038,mouse598180close263,0.2335733573357336,0.661836183618362,0.3315931593159317,0
mouse598180,close,276,0.0127517552012735,0.0132872196668758,0.0312880210588774,0.0139398780218319,0.9388409447316178,4.28175137769512,0.1106522827945869,0.173596026236856,0.1193827300921997,1876.0,1343.0,2438.0,18.76,13.43,24.38,15.36235110271863,56.53742058450744,15.351865643965935,0.9705024471890836,0.0279776319058129,mouse598180close276,0.19603960396039602,0.420972097209721,0.3502250225022503,0
mouse598180,close,277,0.02315237036237,0.0637748528909261,0.0511460423515919,4.394827707931063,2.628306378215617,5.164903838732575,0.4751607407086723,0.3215049820039202,0.4400874903777926,76.0,115.0,82.0,0.76,1.1500000000000001,0.8200000000000001,15.36235110271863,56.53742058450744,15.351865643965935,0.9705024471890836,0.0395792420523261,mouse598180close277,0.1628262826282629,0.5627362736273629,0.3575157515751574,0
mouse598180,close,278,0.0255480089047729,0.0318563603169952,0.0252268579244362,2.798852432889229,5.991871986211817,2.1614170495004488,0.195566224116327,0.3296069185841218,0.183561340173393,462.0,186.0,774.0,4.62,1.86,7.74,15.575224565909641,56.44821300372313,15.633242070452388,0.9705024471890836,0.0469573073434515,mouse598180close278,0.1973897389738974,0.7177317731773177,0.3380738073807382,0
mouse598180,close,280,0.1483951959296538,0.0423847822644225,0.11173198274885099,2.755436763592848,2.630694321187374,3.2878726282743482,0.4620580629991876,0.3139961786797968,0.3435689797143662,125.0,294.0,163.0,1.25,2.94,1.6300000000000001,15.648559644951995,56.71868371084806,15.66057262600117,0.9490126448051154,0.040568616025742,mouse598180close280,0.1574257425742574,0.5162916291629163,0.2684068406840685,1
mouse598180,close,283,0.1022501341004808,0.039305761393483005,0.012303119824355,0.3079707523040618,0.4782284879307832,5.673292482843162,0.3851536014888646,0.3346041311690222,0.2246398614548981,148.0,113.0,551.0,1.48,1.1300000000000001,5.51,15.643944368455072,57.7334183881019,15.68697346413942,0.9490126448051154,0.0218830717881132,mouse598180close283,0.2381638163816382,0.4493249324932494,0.288928892889289,0
mouse598180,close,287,0.0263885193161578,0.0380284042547161,0.0551631254658085,2.4429209498991558,4.258282588091929,4.001473752418127,0.1749260067773095,0.2145046541385598,0.3036672855255402,650.0,834.0,380.0,6.5,8.34,3.8000000000000003,15.600410804296509,57.27956858719224,15.788998259144588,0.9320675941153624,0.0879366068599197,mouse598180close287,0.2387038703870386,0.7242124212421244,0.2573357335733574,0
mouse598180,close,291,0.0373205642864227,0.0049076398166471,0.0231758439575122,6.280773193365907,6.215616596933316,5.727967712284607,0.1192358488454844,0.1192040382686846,0.0867808317512848,2633.0,2317.0,4572.0,26.330000000000002,23.17,45.72,15.28112885332636,57.2214865975,15.456347821412225,0.9154916711800278,0.0102426414832164,mouse598180close291,0.1369036903690369,0.2373537353735373,0.223852385238524,1
mouse598180,close,294,0.0191645767318487,0.0397104599362121,0.0303646066050803,1.1994053840775043,4.224810528129542,3.297971124415,0.199824345848309,0.2562266763998244,0.1629599476878169,659.0,198.0,689.0,6.59,1.98,6.890000000000001,15.377686153668282,57.53399036462169,15.620180828937324,0.9154916711800278,0.0441190105871426,mouse598180close294,0.2000900090009001,0.7271827182718272,0.2711071107110711,0
mouse598180,close,295,0.0457054293094581,0.0218043128314995,0.0269929626694689,0.1919104957316961,0.7278128280131211,0.6088768287725542,0.1418387747831163,0.138385121724012,0.1223532773611818,2086.0,1691.0,2830.0,20.86,16.91,28.3,15.377686153668282,57.53399036462169,15.620180828937324,0.9154916711800278,0.0176916277559897,mouse598180close295,0.1347434743474347,0.2686768676867688,0.2192619261926192,1
mouse598180,close,296,0.0305771938401675,0.0841004594174087,0.0219562079028547,1.6603974262444343,2.9266763860694818,2.3374848056280064,0.4651451722716064,0.336522027130498,0.1772810264010128,205.0,219.0,803.0,2.05,2.19,8.03,15.290239009252536,56.62893399660921,15.644713064049995,0.8806957476904268,0.016414447175454,mouse598180close296,0.1849684968496849,0.5516651665166518,0.3361836183618361,0
mouse598180,close,297,0.0618478601115575,0.0085658048859444,0.0184563029650588,6.065405261195693,0.6499525244109601,0.0971566004688401,0.2010955024245439,0.1215456778558281,0.1149829832662521,1570.0,1783.0,2993.0,15.700000000000001,17.830000000000002,29.93,15.569841976057756,57.65039836036461,15.796281773741873,0.8806957476904268,0.0060273450805911,mouse598180close297,0.1163816381638164,0.2044104410441044,0.1898289828982898,1
mouse598180,close,304,0.0180708802315573,0.0353286711711658,0.0299733242585151,5.436323745140271,5.681242107361612,5.187667912175031,0.1669027182076119,0.210850741984166,0.2138894023374274,864.0,851.0,626.0,8.64,8.51,6.26,15.73715924051121,58.8197071480506,15.812252962200775,0.8645808232895291,0.0331517488285092,mouse598180close304,0.1871287128712871,0.6426642664266428,0.2794779477947795,0
mouse598180,close,626,0.0187267978920309,0.0313192106609399,0.0221098693975474,5.910225719888491,5.0244934816922875,0.0404933223594852,0.2008926713715763,0.1898327581933388,0.2069177849291008,385.0,453.0,378.0,3.85,4.53,3.7800000000000002,15.70357270303867,58.31500289294834,15.802070082787989,0.8488963423174823,0.0680704487565126,mouse598180close626,0.2948694869486949,0.7090909090909092,0.4706570657065706,0
mouse598180,close,307,0.1008795119485829,0.1380886594886982,0.0172637395065069,2.2111213011220268,1.2075698634670369,1.6388523955741807,0.3491861831695544,0.4418688989592836,0.2044775686984544,141.0,107.0,576.0,1.41,1.07,5.76,15.527997873999805,59.720482244334725,15.735244851811185,0.8488963423174823,0.0612233279550195,mouse598180close307,0.1684968496849684,0.601890189018902,0.3018901890189018,0
mouse598180,close,312,0.0712256611245208,0.0254223560051591,0.0533844628632623,0.1196754444007475,0.0084207681562765,0.1461721078425922,0.1838261777262179,0.1514923541669814,0.1587608851514431,1836.0,1900.0,2190.0,18.36,19.0,21.900000000000002,15.729358478910553,58.13564176498657,15.654190642648544,0.8295330011518529,0.0055021575072361,mouse598180close312,0.1374437443744374,0.2287128712871287,0.1973897389738975,1
mouse598180,close,315,0.0365168303433784,0.0357468902727435,0.0524823687062268,0.2051388153493645,5.821757138891881,0.1172808638514901,0.2232257374766826,0.2253384069888415,0.239174035959639,712.0,588.0,791.0,7.12,5.88,7.91,15.550695032907381,59.534522322278136,15.517811427554571,0.8147085368400163,0.0141289697292542,mouse598180close315,0.0772277227722771,0.1574257425742574,0.0969396939693969,1
mouse598180,close,738,0.0855661042930043,0.0728403505199258,0.0547989405250752,6.1542361490997255,3.786238885809712,0.1700609592617529,0.361871889010974,0.229664447020907,0.3036608854964859,226.0,426.0,176.0,2.2600000000000002,4.26,1.76,15.550695032907381,59.534522322278136,15.517811427554571,0.8147085368400163,0.03546974398128,mouse598180close738,0.1887488748874888,0.6000000000000001,0.31998199819982,0
mouse598180,close,317,0.0473781681901713,0.0413589801652217,0.01684702271975,1.8478703905418092,3.876510174338008,2.688867038927597,0.2466545094612837,0.2098565313052693,0.1604087189827251,394.0,365.0,1447.0,3.94,3.65,14.47,15.550695032907381,59.534522322278136,15.517811427554571,0.8147085368400163,0.0227943866302896,mouse598180close317,0.19900990099009902,0.3685868586858687,0.2473447344734474,1
mouse598180,close,316,0.066144423844561,0.0106744878785861,0.0169651480665461,1.0995660213019849,0.7484121534809062,1.9712499530186718,0.18815288519809,0.1444723789301577,0.1219431723785038,1336.0,1351.0,1563.0,13.36,13.51,15.63,15.550695032907381,59.534522322278136,15.517811427554571,0.8147085368400163,0.0060669856538562,mouse598180close316,0.1655265526552656,0.5913591359135915,0.3693969396939696,0
mouse598180,close,322,0.0574025747128059,0.0415818351432572,0.0942706836294233,1.274259336415597,5.3501107362340425,5.6049842388677265,0.3911542354722666,0.2220376799082927,0.4480893900327161,144.0,272.0,50.0,1.44,2.72,0.5,15.932256757369348,57.2396775067112,15.448652771563394,0.8003905296791061,0.0237008058799961,mouse598180close322,0.1328532853285329,0.7390639063906392,0.3162016201620162,0
mouse598180,close,323,0.0402674528922177,0.0388539405681877,0.0211841161840533,0.6688038797245074,1.961409027964969,2.6594127413534823,0.2005936399814999,0.2476137277137525,0.1501625326935015,806.0,443.0,1769.0,8.06,4.43,17.69,15.791041410152886,59.38271598253566,15.399704697327941,0.8003905296791061,0.0443318474900432,mouse598180close323,0.3243024302430243,0.6189018901890191,0.3305130513051307,0
mouse598180,close,324,0.0417860377261267,0.1577473713794971,0.0197604982600548,0.7976664409083654,1.7396869935911017,6.099642106469601,0.1702848461814076,0.4091693768002216,0.1681719399630984,558.0,99.0,824.0,5.58,0.99,8.24,15.791041410152886,59.38271598253566,15.399704697327941,0.8003905296791061,0.0476158447782209,mouse598180close324,0.1979297929792979,0.648874887488749,0.396129612961296,0
mouse598180,close,327,0.1231563074721072,0.1707370740820998,0.0315199592817576,0.020902605627724,0.4752876502907333,4.160140320321937,0.311505492288978,0.3542380917156561,0.19172912245610502,225.0,139.0,663.0,2.25,1.3900000000000001,6.63,15.912443980500347,58.0462920429374,15.630063840913618,0.7866066361276137,0.0256146664527224,mouse598180close327,0.187128712871287,0.582988298829883,0.3837083708370837,0
mouse598180,close,632,0.0257505235326921,0.0485702766274636,0.0264376051786422,0.9055097794930578,5.88822401012339,5.133117537350683,0.2260729914189661,0.2503318484741662,0.1898696183792242,575.0,725.0,962.0,5.75,7.25,9.620000000000001,15.912443980500347,58.0462920429374,15.630063840913618,0.7866066361276137,0.0266366686260836,mouse598180close632,0.2540954095409541,0.5970297029702971,0.3880288028802879,0
mouse598180,close,329,0.0188981342314278,0.025479726229241002,0.0148832401266417,4.600541107710848,4.509690194717068,6.090401038509833,0.1668974110248595,0.1786966517012733,0.1652339758499352,632.0,363.0,985.0,6.32,3.63,9.85,15.8061678419699,57.391374063917,15.428674220671455,0.7866066361276137,0.0231039992263647,mouse598180close329,0.1536453645364537,0.6602160216021603,0.3882988298829882,0
mouse598180,close,336,0.0856995839926401,0.06239335185018,0.1785701367330785,1.099102349361688,2.9198462770133395,4.787898697000612,0.3342876670678988,0.3605809265376817,0.5900151873265641,204.0,172.0,39.0,2.04,1.72,0.39,15.769290945486455,56.122832883740074,15.180410926502507,0.760756202735147,0.0274023350753321,mouse598180close336,0.1774077407740774,0.6413141314131414,0.38505850585058504,0
mouse598180,close,337,0.0889306995386701,0.0194184113831571,0.0319187142537346,0.3885808985475576,5.939534448658514,0.6141684903554019,0.2167179188969254,0.1915410659427741,0.1407421066945227,1310.0,1209.0,1949.0,13.1,12.09,19.490000000000002,15.769290945486455,56.122832883740074,15.180410926502507,0.760756202735147,0.0109133250893755,mouse598180close337,0.1393339333933393,0.2141314131413141,0.2044104410441044,1
mouse598180,close,343,0.0692409716713223,0.0164720053624241,0.0251851510675949,0.0858049206924692,0.0561848760218316,0.8966289809427135,0.2091784893385519,0.2264898251857078,0.1340444674168538,1130.0,1186.0,1926.0,11.3,11.86,19.26,15.520950350735214,56.69557483000707,15.163809849144151,0.760756202735147,0.0309164307467466,mouse598180close343,0.1755175517551755,0.2762376237623762,0.2316831683168316,1
mouse598180,close,351,0.0631378384066524,0.0150472076038275,0.0487105356231003,5.056568125822143,4.0728345868504325,3.6782452882144296,0.3715537014719797,0.2325609734536637,0.4440006236207334,235.0,207.0,100.0,2.35,2.07,1.0,15.673867209402067,53.557001851486284,15.215707435822434,0.7487489565935969,0.0214912051622955,mouse598180close351,0.1306930693069308,0.7744374437443746,0.4528352835283528,0
mouse598180,close,355,0.080407273787493,0.0087283938305359,0.0106704452622403,4.512507864946539,5.2694768843235025,5.414229850136257,0.2990962482433669,0.2073926850921861,0.1047489643169765,521.0,395.0,1641.0,5.21,3.95,16.41,14.86361932968698,52.6513583478995,14.764150200942895,0.7335700375560605,0.0190799278140694,mouse598180close355,0.1846984698469846,0.6118811881188121,0.4163816381638164,0
mouse598180,close,642,0.084782175951789,0.0371031503271744,0.0667337620501045,0.6941347823989902,2.109886953573564,1.0025031702306892,0.2276558706297688,0.1586451228101872,0.1912716324905309,757.0,810.0,741.0,7.57,8.1,7.41,14.766783319976422,49.98892391181346,14.480057068497114,0.7335700375560605,0.0248824247862033,mouse598180close642,0.1517551755175518,0.5765076507650765,0.4298829882988301,0
mouse598180,close,357,0.0402574589524793,0.0026103978967322,0.0226869219025563,5.341694707801205,2.435297885788084,2.2744945491634367,0.1775253263830926,0.1818679319630326,0.1514931466382253,1774.0,1149.0,2119.0,17.740000000000002,11.49,21.19,14.766783319976422,49.98892391181346,14.480057068497114,0.7335700375560605,0.027661766963197002,mouse598180close357,0.2419441944194419,0.6016201620162017,0.4180018001800179,0
mouse598180,close,365,0.0417881303364392,0.0382617450462141,0.0085032094259157,1.9206349400253453,2.6970029754485143,3.801716326563725,0.1869613382503208,0.1819749544538668,0.1170570358896153,668.0,639.0,2076.0,6.68,6.390000000000001,20.76,14.55529840064013,48.52104462628487,14.422497190233033,0.7228416147400479,0.0169936362710721,mouse598180close365,0.2457245724572457,0.6283528352835285,0.4987398739873986,0
mouse598180,close,363,0.0299676212473708,0.0312254469470311,0.043959570149999,5.611042161080764,5.802685887239605,5.859221201506924,0.2330737713328142,0.2212701970165888,0.2719439177936174,373.0,476.0,280.0,3.73,4.76,2.8000000000000003,14.55529840064013,48.52104462628487,14.422497190233033,0.7228416147400479,0.0110654594964145,mouse598180close363,0.1512151215121512,0.6237623762376239,0.344824482448245,0
mouse598180,close,362,0.0398784554746555,0.0949844492712254,0.0102490173092527,5.233682032360941,4.663513256989488,3.68075053903907,0.3285168876489843,0.4377630836544324,0.1364491017752178,135.0,95.0,1278.0,1.35,0.9500000000000001,12.780000000000001,14.55529840064013,48.52104462628487,14.422497190233033,0.7228416147400479,0.0298012924445784,mouse598180close362,0.1722772277227723,0.7514851485148515,0.5133213321332136,0
mouse598180,close,364,0.1835106041967119,0.0460909403306827,0.0499947204894944,1.5128782754435064,1.0007337216338636,0.3798553810819867,0.4444744571171715,0.4224321561029263,0.3367815125974609,78.0,89.0,178.0,0.78,0.89,1.78,14.55529840064013,48.52104462628487,14.422497190233033,0.7228416147400479,0.0600435268138033,mouse598180close364,0.1695769576957696,0.6097209720972098,0.4034203420342034,0
mouse598180,close,643,0.0475100985771968,0.0400912652928467,0.1534126566056719,4.396979562999373,4.390740124394107,5.652357972338182,0.3886487380438625,0.5351948699515108,0.4456160808365928,72.0,78.0,62.0,0.72,0.78,0.62,14.172435740579125,45.281145205383474,14.316996484010529,0.7128288714691626,0.047401963208294005,mouse598180close643,0.2071107110711071,0.6664266426642667,0.4458145814581457,0
mouse598180,close,368,0.017889498861133998,0.0296638186951912,0.0196680853295639,3.1137786362126647,2.9530287082964715,5.933694123157022,0.172715592223891,0.1273972117045637,0.1377335301834459,845.0,778.0,1136.0,8.45,7.78,11.36,14.008574167938454,41.09955710416172,14.260149981415912,0.7035623639735145,0.0256161384974073,mouse598180close368,0.21197119711971202,1.0458145814581459,0.4674167416741674,0
mouse598180,close,648,0.08771582158613499,0.1319141033897599,0.020372132315691002,4.756508196025126,5.779604183558204,1.602019953475037,0.3279734092208582,0.4019110118437152,0.2861799817024735,335.0,259.0,310.0,3.35,2.59,3.1,13.885848320616708,39.84174249435351,14.089575139041305,0.7267220926874317,0.0551941221968793,mouse598180close648,0.2894689468946894,0.6491449144914492,0.4614761476147618,0
mouse598180,close,375,0.0377993581557556,0.1037490440792584,0.0214442576315006,1.5480546080010895,1.1729306418415693,0.1111013023925665,0.1936570993748073,0.2304891759395336,0.1294883604216972,635.0,278.0,1634.0,6.3500000000000005,2.7800000000000002,16.34,13.69458490732272,34.422398166731355,14.05623258130137,0.7185053931599957,0.0238787635176472,mouse598180close375,0.1450045004500449,0.3194419441944195,0.3226822682268226,1
mouse598180,close,376,0.0174873064284782,0.0330905853635811,0.0215250664488632,5.995994583831857,5.487008303542984,4.905687160936178,0.2242848739858613,0.2295059824048247,0.2312281681981421,576.0,491.0,498.0,5.76,4.91,4.98,13.763998282366366,35.82725339332348,13.983441856166177,0.7185053931599957,0.0175741891957682,mouse598180close376,0.1803780378037803,0.7666066606660668,0.4074707470747077,0
mouse598180,close,380,0.0319621409184648,0.0514716010360946,0.0390091463241557,5.727100947757725,5.1642749832725645,5.944073866739173,0.2032592317833842,0.2484260491060426,0.2180753950605622,943.0,717.0,606.0,9.43,7.17,6.0600000000000005,13.763998282366366,35.82725339332348,13.983441856166177,0.7185053931599957,0.0595433566072036,mouse598180close380,0.2616561656165617,0.5235823582358236,1.3385238523852387,0
mouse598180,close,386,0.0261534853262701,0.0180073920676759,0.0459184906522009,4.412789981508618,6.162022946983157,5.293584152309485,0.1950502340813916,0.1651962621284147,0.1764708368223191,1114.0,740.0,1621.0,11.14,7.4,16.21,13.607751835911705,30.205231443902907,13.934298774688926,0.7079901129253149,0.012892323968431003,mouse598180close386,0.2079207920792078,0.6715571557155717,0.3799279927992799,0
mouse598180,close,387,0.0697544315341421,0.0048223564783512,0.1208986938408151,3.266222424335456,5.9172822354929195,4.0380942436644345,0.4011820599515216,0.3279304471649202,0.4075862091250444,86.0,105.0,111.0,0.86,1.05,1.11,13.873477663960273,26.506032546756142,13.97814775605166,0.7079901129253149,0.0231153699761891,mouse598180close387,0.1495949594959496,0.7441944194419444,0.3226822682268225,0
mouse598180,close,650,0.0687719729171665,0.0874018261359952,0.0904227895644249,3.621582466294148,3.2731953985976943,5.0311736625872605,0.3826459172155328,0.4151340313740325,0.4293251663114516,147.0,118.0,54.0,1.47,1.18,0.54,13.873477663960273,26.506032546756142,13.97814775605166,0.7079901129253149,0.0994619443782759,mouse598180close650,0.21494149414941502,0.8260126012601261,0.3936993699369938,0
mouse598180,close,391,0.0753638678791295,0.0336622863862866,0.0394189532960928,4.776489707576454,2.242904454644767,5.189111353877991,0.3585089651746039,0.3389580849274988,0.2336480434179518,200.0,352.0,431.0,2.0,3.52,4.3100000000000005,13.444073941497269,27.51340759732286,13.718518322456564,0.7013380069552769,0.0225678615430326,mouse598180close391,0.1474347434743474,0.7169216921692171,0.3407740774077407,0
mouse598180,close,392,0.0440194431475609,0.0334517881632341,0.0301659709408234,5.9503348612173985,5.112968121688707,3.9373516504037966,0.2312693408474206,0.1821966669257224,0.2025244063537913,504.0,513.0,1053.0,5.04,5.13,10.53,13.770005214305714,23.75522520713745,14.085645740976407,0.7013380069552769,0.0052953678663023,mouse598180close392,0.1566156615661567,0.5829882988298831,0.3780378037803783,0
mouse598180,close,388,0.0316500912775317,0.0256122875740781,0.0276039825130843,1.2198799327318404,2.026333197169417,6.260597190946952,0.1991758756868281,0.2133448792308962,0.2292721545544439,847.0,855.0,412.0,8.47,8.55,4.12,13.770005214305714,23.75522520713745,14.085645740976407,0.7013380069552769,0.0157004969395655,mouse598180close388,0.2087308730873087,0.6027002700270029,0.4082808280828084,0
mouse598180,close,400,0.0382459187119729,0.08945958517646901,0.0322787019631966,6.189447491303471,5.0934592409042105,5.1073733914359325,0.2033487659497484,0.3870991287364757,0.1344801417593167,742.0,200.0,1582.0,7.42,2.0,15.82,13.770005214305714,23.75522520713745,14.085645740976407,0.7013380069552769,0.0549813036861406,mouse598180close400,0.2265526552655266,0.6091809180918093,0.3745274527452746,0
mouse598180,close,394,0.0634670739867601,0.0923727055384472,0.0384156258304622,5.422104470634652,0.0959340883462016,4.858860099462781,0.2763164138548113,0.3796355288627659,0.2400468170993301,396.0,189.0,288.0,3.96,1.8900000000000001,2.88,13.501706977346648,21.07628825085473,13.806879749436767,0.7013380069552769,0.0225174002529523,mouse598180close394,0.1811881188118812,0.5284428442844284,0.3264626462646265,0
mouse598180,close,395,0.0813760161348424,0.0404437082886369,0.0847544264480721,0.8817969713235565,3.4030551897017687,6.2043496749856715,0.3268452517118858,0.4119747237035404,0.2542621447739301,230.0,188.0,492.0,2.3000000000000003,1.8800000000000001,4.92,13.501706977346648,21.07628825085473,13.806879749436767,0.7013380069552769,0.0405963117083339,mouse598180close395,0.2527452745274527,0.6097209720972099,0.4252925292529254,0
mouse598180,close,396,0.0957383283891164,0.0683134381336271,0.0262401821437571,4.845868115095218,0.1492191249427296,4.983978415118367,0.3619406741319203,0.311623151154249,0.271026375243145,321.0,309.0,228.0,3.21,3.09,2.2800000000000002,13.496106519185913,17.376452324053954,13.678417315758665,0.6955213871621778,0.0214158814699093,mouse598180close396,0.1587758775877588,0.5640864086408642,0.3297029702970298,0
mouse598180,close,397,0.0492465926557844,0.1135240222897771,0.0232655782530956,5.485458236067469,0.2731028373555754,0.0611477039266708,0.2158432709708185,0.5445375180106021,0.1618890713609711,577.0,181.0,975.0,5.7700000000000005,1.81,9.75,13.496106519185913,17.376452324053954,13.678417315758665,0.6955213871621778,0.0534791687391282,mouse598180close397,0.2387038703870387,0.5851485148514852,0.3920792079207921,0
mouse598180,close,399,0.0325767920013317,0.0173360556198507,0.0180716828088178,5.766013257034657,0.1029705310447149,4.946892004240911,0.1663591155143351,0.1294602841112148,0.1142845522558659,1506.0,1372.0,1810.0,15.06,13.72,18.1,13.759982647158699,18.109835143461627,13.745078897645831,0.6955213871621778,0.0175296792756691,mouse598180close399,0.1566156615661565,0.6361836183618363,0.3224122412241222,0
mouse598180,close,401,0.0636109882302736,0.1428546000759523,0.0929772014645177,5.739908455715661,6.030437693155982,4.4958377117490915,0.3550578864845249,0.3986924551838456,0.383952743150284,193.0,269.0,84.0,1.93,2.69,0.84,13.318349190504513,15.879319232624296,13.457765815654993,0.6661456297237115,0.0202767754747062,mouse598180close401,0.1709270927092709,0.6000000000000001,0.3405040504050405,0
mouse598180,close,404,0.0677987957530294,0.0587823763778797,0.0290414266265282,4.35370064883005,2.0274391916560623,0.4692873939569433,0.2367145884350671,0.218444280069923,0.1669082927058963,645.0,678.0,941.0,6.45,6.78,9.41,13.336153245916949,16.407855350869884,13.56988424980134,0.6661456297237115,0.0187823439834093,mouse598180close404,0.2044104410441044,0.5430243024302431,0.3693969396939693,0
mouse598180,close,408,0.1138379919842051,0.1736239287458176,0.0938135208393233,5.732860767407308,0.7594449047002786,1.072190851296912,0.395203223425413,0.4630667872583684,0.3861180334191037,130.0,73.0,133.0,1.3,0.73,1.33,13.595855605422368,16.5724788992029,13.68788449590525,0.6619101147436863,0.0571481239595714,mouse598180close408,0.1814581458145815,0.601080108010801,0.3801980198019804,0
mouse598180,close,405,0.0323702285196796,0.0337314298491199,0.019205029286248003,5.154097128477911,0.0346011297644897,5.3075772476091245,0.1909731403961853,0.2353584456583381,0.1538094993895923,502.0,635.0,1074.0,5.0200000000000005,6.3500000000000005,10.74,13.595855605422368,16.5724788992029,13.68788449590525,0.6619101147436863,0.0177329336491853,mouse598180close405,0.1863186318631864,0.564896489648965,0.3766876687668767,0
mouse598180,close,406,0.0242705348665354,0.0268402318277263,0.0266877419962827,0.3745837493594507,5.918001396731914,4.825171654889352,0.2076760106267974,0.1637073201060798,0.1946444578654561,612.0,738.0,723.0,6.12,7.38,7.23,13.595855605422368,16.5724788992029,13.68788449590525,0.6619101147436863,0.0284578132800911,mouse598180close406,0.1863186318631864,0.6113411341134113,0.3796579657965798,0
mouse598180,close,407,0.1095056383359953,0.0689004331122408,0.036284234327805,5.842422782556487,4.142101644061153,5.054321792801581,0.3241368427504982,0.3176344517943814,0.2760140348758725,260.0,225.0,259.0,2.6,2.25,2.59,13.595855605422368,16.5724788992029,13.68788449590525,0.6619101147436863,0.0108742161186278,mouse598180close407,0.1587758775877588,0.4671467146714673,0.3108010801080108,1
mouse598180,close,410,0.0590697174213431,0.0540264825627146,0.157295877265111,3.7445320502333392,3.8345104081923767,4.090198976615358,0.3578043104063299,0.4344282899166179,0.5307607261584889,114.0,142.0,49.0,1.1400000000000001,1.42,0.49,13.595855605422368,16.5724788992029,13.68788449590525,0.6619101147436863,0.0148537737746492,mouse598180close410,0.1479747974797479,0.5684068406840684,0.3650765076507651,0
mouse598180,close,411,0.0275910409035479,0.01169927410034,0.0426903487901691,4.700732565552043,2.6778307424365075,5.066631158139202,0.2058981672996353,0.2317989666864758,0.1839222655735168,828.0,825.0,1629.0,8.28,8.25,16.29,12.904441260550644,19.047560238267078,13.3033810443542,0.6619101147436863,0.0118665127580965,mouse598180close411,0.17308730873087302,0.6105310531053106,0.3531953195319534,0
mouse598180,close,414,0.1077619988459558,0.0617308890497173,0.0909180858062978,4.756571102611113,3.0669383613629866,4.7708697010124235,0.3520742492008065,0.2746424972898159,0.3438671448524296,283.0,288.0,152.0,2.83,2.88,1.52,13.265514776564885,21.358881665588715,13.519261518125848,0.6585969936159746,0.0155417298812794,mouse598180close414,0.1652565256525652,0.5619261926192621,0.3213321332133214,0
mouse598180,close,415,0.0491903887990057,0.0694373380310621,0.0251730132538871,0.4762148120183321,3.054076430085656,4.554495370002102,0.3833830579787947,0.3155958348496017,0.3327363789356601,116.0,210.0,177.0,1.16,2.1,1.77,12.71105582734611,27.379685343869728,12.951931028493664,0.6585969936159746,0.0215305160552918,mouse598180close415,0.1301530153015301,0.7428442844284429,0.3172817281728174,0
mouse598180,close,419,0.0468515694360725,0.0886080352406847,0.0490981471662711,5.4855161772988765,4.97414452306143,0.6200546312210526,0.3551528648325622,0.3505300952776783,0.4146327086813691,157.0,132.0,105.0,1.57,1.32,1.05,12.694253281182649,29.410966083273557,13.087991927708767,0.6585969936159746,0.0291413785261722,mouse598180close419,0.200900090009001,0.5867686768676871,0.3753375337533752,0
mouse598180,close,652,0.0369781108461153,0.0683102309603402,0.0725512247216831,4.420217582971498,6.047124523455771,4.689775776778884,0.2492997537506836,0.35545220896174,0.2547821205175146,531.0,488.0,579.0,5.3100000000000005,4.88,5.79,12.694253281182649,29.410966083273557,13.087991927708767,0.6585969936159746,0.042989282613217,mouse598180close652,0.1285328532853284,0.7112511251125114,0.264896489648965,0
mouse598180,close,418,0.0779164359049157,0.0871513204902504,0.0316271521131455,6.130701916203276,2.8130185451373557,5.329283232554992,0.4146249644542431,0.44371479957282794,0.291484745091026,112.0,77.0,191.0,1.12,0.77,1.9100000000000001,12.694253281182649,29.410966083273557,13.087991927708767,0.6585969936159746,0.0410318222043064,mouse598180close418,0.1574257425742574,0.7312331233123314,0.3804680468046802,0
mouse598180,close,417,0.0356558468772409,0.0087627368269043,0.0259925488040342,2.503240662438295,4.018522476604347,4.197870454521505,0.23216293083205602,0.1596324074532633,0.1854401913286334,506.0,837.0,673.0,5.0600000000000005,8.370000000000001,6.73,12.694253281182649,29.410966083273557,13.087991927708767,0.6585969936159746,0.0263062258503239,mouse598180close417,0.16795679567956798,0.5343834383438345,0.2883888388838884,0
mouse598180,close,416,0.0163742097874705,0.0513237010390761,0.07073635178877001,2.7519449399854907,2.2421570324607303,5.8007759211919545,0.262642555678085,0.2540433253721254,0.4431181525888663,249.0,250.0,60.0,2.49,2.5,0.6,12.749764055225642,34.005518988225454,12.995838660194615,0.6562202374203344,0.0124580668682369,mouse598180close416,0.146084608460846,0.5805580558055807,0.3683168316831683,0
mouse598180,close,422,0.0525867848767771,0.0123810264205618,0.0139435527863024,6.012372194742737,3.1719725582044687,2.2978961140183154,0.2423169335167633,0.1718799173418479,0.185367475780701,603.0,469.0,943.0,6.03,4.69,9.43,12.63354128295486,48.38695551521838,12.914610053005443,0.6523994175349945,0.0171847022279978,mouse598180close422,0.2335733573357336,0.6286228622862287,0.3958595859585959,0
mouse598180,close,423,0.0086236755094186,0.0380996199423048,0.0282845710813474,2.18295736659221,5.259456920681945,5.4722670340307085,0.2697645748255753,0.2170118532215415,0.2697391720572261,426.0,654.0,322.0,4.26,6.54,3.22,12.850949557306498,50.25216044782669,13.125217689311848,0.6523994175349945,0.0252904958950192,mouse598180close423,0.146084608460846,0.7217821782178219,0.4549954995499551,0
mouse598180,close,424,0.0241127294112283,0.0063586269070972,0.0200963968744126,5.5950934458065875,5.24253696294123,6.240424724203613,0.0948246479426641,0.0879963798858828,0.0909542696361769,4406.0,4331.0,5660.0,44.06,43.31,56.6,12.850949557306498,50.25216044782669,13.125217689311848,0.6523994175349945,0.008710847856226,mouse598180close424,0.1331233123312332,0.2257425742574257,0.187938793879388,1
mouse598180,close,425,0.0392170110438291,0.1510817355907329,0.0399955743760292,4.8802194486974715,0.9969329958932628,5.740755825003487,0.2966584554818623,0.3453952033305545,0.2409139384245303,204.0,241.0,489.0,2.04,2.41,4.89,12.850949557306498,50.25216044782669,13.125217689311848,0.6523994175349945,0.0285774170344906,mouse598180close425,0.2006300630063006,0.5886588658865888,0.3861386138613859,0
mouse598180,close,428,0.0623864412020026,0.0292827085985128,0.1073538930126291,5.683582662812631,4.549260775401608,5.426478300077841,0.4474295094787396,0.2150077840273742,0.4620613076946192,120.0,538.0,71.0,1.2,5.38,0.71,12.645765107670215,55.869555522223465,12.949030681134136,0.6523994175349945,0.0355008506034818,mouse598180close428,0.14095409540954099,0.7914491449144916,0.3396939693969395,0
mouse598180,close,430,0.0502042749962899,0.0670117331915399,0.0795506327749313,4.745671492480135,2.8358782828835953,4.414668224808789,0.3857589500287594,0.3179122676644054,0.4438543554692297,83.0,278.0,72.0,0.8300000000000001,2.7800000000000002,0.72,12.7358541077857,62.027339294421644,12.983147027790311,0.651920240520265,0.0131796051487111,mouse598180close430,0.1417641764176417,0.6982898289828984,0.3086408640864085,0
mouse598180,close,436,0.0595750836724308,0.0314175928015925,0.0528122139104324,4.839663111332171,5.513369515327069,5.261953144826443,0.2362086301342673,0.1994693586723111,0.2487810750535488,555.0,635.0,482.0,5.55,6.3500000000000005,4.82,12.561028639291447,77.38192637445613,12.77952653977094,0.6523994175349945,0.0165131956194396,mouse598180close436,0.1698469846984699,0.5840684068406843,0.3232223222322232,0
mouse598180,close,437,0.0250489322923058,0.0178085508239959,0.0264050478493733,5.091548138977989,5.0746408538972245,5.655025708245878,0.1222548674118248,0.1288199388046648,0.1622841993485787,1554.0,1683.0,1378.0,15.540000000000001,16.830000000000002,13.780000000000001,12.561028639291447,77.38192637445613,12.77952653977094,0.6523994175349945,0.0159700389592708,mouse598180close437,0.1887488748874888,0.5754275427542754,0.3224122412241226,0
mouse598180,close,443,0.0543927549317337,0.0447840317763271,0.0349309901348526,0.1708866456783122,5.751325924187743,5.995848929601249,0.196926270380895,0.2048333197173755,0.1653074401840933,1183.0,1051.0,1417.0,11.83,10.51,14.17,12.258863504755473,83.28292657185966,12.709044824207234,0.6523994175349945,0.0090440120883835,mouse598180close443,0.1949594959495949,0.6086408640864088,0.3051305130513051,0
mouse598180,close,434,0.0204435393166927,0.1235476861591149,0.0391650032527162,3.0636335245976603,2.24270300481081,3.1751189084653633,0.3342571443059293,0.4549171439384906,0.3504039707248115,173.0,135.0,135.0,1.73,1.35,1.35,12.258863504755473,83.28292657185966,12.709044824207234,0.6523994175349945,0.0366536506095884,mouse598180close434,0.2036003600360036,0.6337533753375338,0.4139513951395138,0
mouse598180,close,445,0.146649547843508,0.0268278807845797,0.0575308072915729,5.041001552117888,5.219358441063051,4.922315993987082,0.3671306338815655,0.3354998510437986,0.3945874638920859,154.0,179.0,91.0,1.54,1.79,0.91,12.269390369441625,88.79294135504705,12.641800290786016,0.6523994175349945,0.0157895610704782,mouse598180close445,0.1366336633663366,0.6661566156615663,0.32403240324032395,0
mouse598180,close,446,0.1027705419904897,0.0370034836011489,0.0538077135044689,3.5354944383108644,4.061541980941201,1.445829761791683,0.3606069806853352,0.2540245991087911,0.3722778240085803,203.0,312.0,87.0,2.0300000000000002,3.12,0.87,12.269390369441625,88.79294135504705,12.641800290786016,0.6523994175349945,0.0181938033232966,mouse598180close446,0.17605760576057602,0.8743474347434745,0.3596759675967594,0
mouse598180,close,453,0.0257920835473291,0.0311208926896996,0.066610209014624,3.3017437519456165,2.3251668234160374,3.27066310150375,0.2133592408184147,0.2118185628229434,0.2862674143821272,670.0,879.0,314.0,6.7,8.790000000000001,3.14,12.132160522610462,112.22123681496642,12.657870579523392,0.6562202374203344,0.0224802449938074,mouse598180close453,0.1684968496849684,0.6734473447344735,0.4285328532853286,0
mouse598180,close,456,0.0158662760703644,0.0188160481707451,0.0217329368543212,2.6210307419830885,5.449563782445072,5.608040939575557,0.12602369724492402,0.1568724787207793,0.1643510721788293,1443.0,1270.0,1982.0,14.43,12.700000000000001,19.82,11.91433269866893,144.60081266354538,12.361587279403837,0.659545297913646,0.0248498418085979,mouse598180close456,0.1171917191719171,0.258955895589559,0.2079207920792078,1
mouse598180,close,459,0.0560100661705933,0.0133283655991609,0.0245415853384155,4.7408010942432925,2.179972862237824,1.9256477669514127,0.22926832927649102,0.1963379518866053,0.3179431561831614,697.0,561.0,435.0,6.97,5.61,4.3500000000000005,11.7934413750969,167.8632230027003,12.337222203478772,0.6623820649745885,0.0195090347901039,mouse598180close459,0.1946894689468946,0.6216021602160218,0.3356435643564354,0
mouse598180,close,460,0.0389339347061173,0.041148053089612,0.0360905905973873,1.9784550573353523,5.535228078332668,4.503985208639751,0.2269260625241077,0.299204033896253,0.2270083071169727,565.0,397.0,859.0,5.65,3.97,8.59,11.7934413750969,167.8632230027003,12.337222203478772,0.6623820649745885,0.021185287665633996,mouse598180close460,0.1776777677767778,0.8025202520252026,0.5149414941494149,0
mouse598180,close,463,0.1068089471551767,0.0970133318058714,0.07916545471060901,5.3851501393350665,1.7271035451327774,0.0549051691163489,0.3930914839191863,0.3059676145234407,0.4453566971195484,149.0,216.0,80.0,1.49,2.16,0.8,11.782265961993414,175.26121540783916,12.221723248446963,0.6675514961409346,0.0200958595053611,mouse598180close463,0.1525652565256525,0.7849684968496851,0.4447344734473447,0
mouse598180,close,466,0.0185470293568586,0.0702106151636486,0.0581220564763046,4.4893695398607125,3.8853734857346183,3.45413815140467,0.3348581836586339,0.3101778341930911,0.4609653894139806,235.0,261.0,66.0,2.35,2.61,0.66,11.792755366793365,200.60926658264216,12.137687679154114,0.6736096792653741,0.0237326122690596,mouse598180close466,0.1266426642664266,0.8781278127812784,0.2727272727272726,0
mouse598180,close,659,0.0221876130178173,0.0873553823722082,0.093922206020753,2.4693805764693963,5.50822777171171,4.12072282774484,0.3319513828430434,0.3842084465041853,0.3495752923115715,179.0,118.0,194.0,1.79,1.18,1.94,11.814307849684706,201.54113254235642,11.958925974084671,0.6805328794408101,0.0334984069996477,mouse598180close659,0.1485148514851485,0.7101710171017104,0.2829882988298832,0
mouse598180,close,658,0.0751900603246474,0.0762513003284485,0.0957088919748131,3.687927900963113,5.402126560384266,0.733821376866707,0.4053070183739974,0.4466869374717547,0.4371461513293871,112.0,71.0,76.0,1.12,0.71,0.76,11.814307849684706,201.54113254235642,11.958925974084671,0.6805328794408101,0.0425822622565323,mouse598180close658,0.1447344734473448,0.6866786678667869,0.2770477047704772,0
mouse598180,close,469,0.0726240333411768,0.1376369607177619,0.021126835346218002,4.832639258394534,1.5844371281155074,5.242861964034825,0.3779768118374365,0.364610466346656,0.2349370223836572,148.0,132.0,306.0,1.48,1.32,3.06,11.814307849684706,201.54113254235642,11.958925974084671,0.6805328794408101,0.0258096818970916,mouse598180close469,0.1325832583258326,0.7072007200720073,0.4209720972097209,0
mouse598180,close,471,0.0256766142566041,0.0256340226099452,0.0512601781952639,6.154357992320158,4.96371630034435,1.1501110079700128,0.1573603519586616,0.1438438426445831,0.1642046329752766,1057.0,925.0,1144.0,10.57,9.25,11.44,11.814307849684706,201.54113254235642,11.958925974084671,0.6805328794408101,0.0302794333640999,mouse598180close471,0.1795679567956796,0.7479747974797479,0.2702970297029706,0
mouse598180,close,475,0.0635657552688762,0.0246983193623994,0.13887119546636903,6.05873456150082,2.367846248893995,0.5180094353334131,0.3267270083245508,0.2306782539636745,0.4400899889258444,259.0,451.0,134.0,2.59,4.51,1.34,11.614227541175591,227.2032901434039,11.846776905257563,0.6805328794408101,0.0155916430288197,mouse598180close475,0.1693069306930693,0.7890189018901891,0.4234023402340233,0
mouse598180,close,476,0.0274158879846414,0.0484625806314925,0.0433117319896387,5.192705578389536,0.0973164366560832,4.780015532737345,0.1655030154781233,0.2555213219628426,0.2023649077561554,1092.0,1040.0,974.0,10.92,10.4,9.74,11.477101149475537,210.9926366771505,11.672780823258341,0.6805328794408101,0.0278378389403968,mouse598180close476,0.1242124212421242,0.2308730873087309,0.1771377137713772,1
mouse598180,close,742,0.0635990860729313,0.0810247927321621,0.0723191259490649,3.4629735786632048,0.4610151808956113,4.717122856451538,0.2910433350007126,0.2965234889203621,0.3415829512236795,230.0,254.0,205.0,2.3000000000000003,2.54,2.05,11.517809280421979,221.97491566919544,11.908146681824773,0.6882949948968102,0.0216130254993793,mouse598180close742,0.1055805580558056,0.7563456345634565,0.3153915391539156,0
mouse598180,close,325,0.0668140159194634,0.1645184902404349,0.0694298761096091,3.94860698663521,2.5783431724769716,3.5953576867254013,0.3694114866882139,0.4589662554600151,0.3284588256921673,106.0,143.0,163.0,1.06,1.43,1.6300000000000001,15.791041410152886,59.38271598253566,15.399704697327941,0.8003905296791061,0.0255109893354921,mouse598180close325,0.1895589558955895,0.6113411341134114,0.3421242124212422,0
mouse598180,close,412,0.0348896248794545,0.1809851254825787,0.0384022453320493,2.451425500973502,4.691751214727585,3.0759486577300312,0.36489108545572707,0.5753074278747231,0.2152094957017509,130.0,86.0,587.0,1.3,0.86,5.87,12.904441260550644,19.047560238267078,13.3033810443542,0.6619101147436863,0.0907008830991747,mouse598180close412,0.2154815481548155,0.8130513051305133,0.6680468046804681,0
mouse598180,close,462,0.0309265175642988,0.0183841820136774,0.0363377506549342,3.8920385597090483,3.3335954617944616,2.096226595396209,0.1926837508439231,0.1969087191184207,0.2604485145334407,803.0,966.0,413.0,8.03,9.66,4.13,11.782265961993414,175.26121540783916,12.221723248446963,0.6675514961409346,0.0465906746330324,mouse598180close462,0.1668766876687669,0.7601260126012602,0.4158415841584159,0
mouse598180,close,267,0.1819910116323304,0.0942981115591281,0.0845700457684166,0.8455609453417671,2.4979473470663347,0.995664952822635,0.4728523806951839,0.4305067135925938,0.3781564219367095,90.0,95.0,74.0,0.9,0.9500000000000001,0.74,15.523809141125648,56.5720776947437,15.379923431162355,1.0059199769365357,0.0315027623692692,mouse598180close267,0.1325832583258326,0.6243024302430243,0.2403240324032405,0
mouse598180,close,736,0.1019615085841921,0.0599951200727767,0.0922159890293147,4.04857267212938,4.987262589943959,6.034022209133845,0.4219582723753415,0.31867690823826694,0.3907713598685517,86.0,130.0,111.0,0.86,1.3,1.11,15.731367713410297,56.36361066319554,15.5284184760505,0.9880536422684753,0.0155500724777913,mouse598180close736,0.17497749774977497,0.6048604860486049,0.3272727272727274,0
mouse598180,close,282,0.0852906714713287,0.1094781897862875,0.1440788797033299,0.8843346318236037,1.2670962425208916,0.5288852447434694,0.3111482935041045,0.3571111862912338,0.5456511617488851,194.0,295.0,56.0,1.94,2.95,0.56,15.53282914596287,57.35903726525082,15.691438526714965,0.9320675941153624,0.0326126083816941,mouse598180close282,0.1552655265526552,0.7641764176417642,0.3291629162916291,0
mouse598180,close,737,0.0977595535319168,0.0910176439936295,0.0986134032922951,1.7726297933786446,1.5195774821093988,0.0091872658891302,0.5053194873688102,0.3659780394051261,0.4921307856073865,60.0,82.0,40.0,0.6,0.8200000000000001,0.4,15.28112885332636,57.2214865975,15.456347821412225,0.9154916711800278,0.0419509774776075,mouse598180close737,0.1428442844284427,0.5981098109810982,0.2816381638163816,0
mouse598180,close,300,0.0503331376538736,0.0968336868635814,0.134484111375124,6.072924730776823,3.8694537418211,0.4013243819498031,0.465782592545745,0.4364509877243797,0.4921394540323476,52.0,128.0,48.0,0.52,1.28,0.48,15.546886003473524,59.28001754553738,15.894989831395815,0.8806957476904268,0.041110181715680996,mouse598180close300,0.1695769576957696,0.6680468046804681,0.3294329432943296,0
mouse598180,close,625,0.1108966525293603,0.0621413702095607,0.052306054398004,3.4980595961976366,6.2256334927234995,4.286433551173117,0.3835342199907102,0.3738844389888768,0.5310953330549463,104.0,179.0,28.0,1.04,1.79,0.28,15.69902253308375,59.18376307425033,15.968201082354438,0.8645808232895291,0.0496195694574965,mouse598180close625,0.187128712871287,0.6839783978397839,0.4004500450045006,0
mouse598180,close,302,0.0731129350202321,0.1167859575480142,0.0772369018682288,2.5481317441985154,5.674585767765982,0.4860569051434001,0.3600548211484786,0.4057667457247898,0.4362466115741978,130.0,114.0,68.0,1.3,1.1400000000000001,0.68,15.69902253308375,59.18376307425033,15.968201082354438,0.8645808232895291,0.0460439310532139,mouse598180close302,0.1614761476147614,0.6145814581458147,0.2945994599459947,0
mouse598180,close,306,0.0408929888718987,0.0670194818409346,0.0982129763562574,5.777144455488827,3.5328509212848846,2.2246760227657263,0.3768126869085127,0.3318093243294019,0.5405609988891957,74.0,111.0,46.0,0.74,1.11,0.46,15.70357270303867,58.31500289294834,15.802070082787989,0.8488963423174823,0.0166249638882814,mouse598180close306,0.130963096309631,0.6243024302430243,0.3664266426642665,0
mouse598180,close,624,0.0526590397025665,0.0968275139625883,0.0303469425902961,2.367863290122364,5.357768465314517,1.4338201684373246,0.3920257117703789,0.44458454119234203,0.4755131019133614,94.0,80.0,57.0,0.9400000000000001,0.8,0.5700000000000001,15.900375288286007,59.523463129594354,15.812847280718744,0.8488963423174823,0.0452234077986697,mouse598180close624,0.1933393339333933,0.6880288028802882,0.31782178217821805,0
mouse598180,close,630,0.0751827683575408,0.03335942532228,0.0979251303252037,5.279066309578422,4.081419611527746,0.6136220990927459,0.3964041731429734,0.3656905956051601,0.43341648910858294,116.0,145.0,68.0,1.16,1.45,0.68,15.932256757369348,57.2396775067112,15.448652771563394,0.8003905296791061,0.0171912845695118,mouse598180close630,0.1436543654365436,0.5805580558055806,0.3963996399639963,0
mouse598180,close,634,0.0925343425978654,0.1245247299272864,0.0434586718098459,3.2888307815606117,6.088746757506628,6.219020734641797,0.3801344210255624,0.494737272063779,0.3894696339074991,116.0,68.0,61.0,1.16,0.68,0.61,15.821399148040893,58.62619567081225,15.39812514855509,0.7733854149129009,0.0585330635837164,mouse598180close634,0.1801080108010802,0.6261926192619263,0.4147614761476149,0
mouse598180,close,359,0.0592390731001741,0.1472789138049715,0.2431342039599581,0.5828017970262754,3.8301810433092944,0.463585981433716,0.391850554328465,0.3793714973933347,0.523204156387432,128.0,159.0,40.0,1.28,1.59,0.4,14.766783319976422,49.98892391181346,14.480057068497114,0.7335700375560605,0.0393522153360347,mouse598180close359,0.1903690369036904,0.6785778577857786,0.3796579657965798,0
mouse598180,close,647,0.0930535047684752,0.1166829939957101,0.1834360810878335,1.1643158277511323,3.519661518430383,1.6284880085541702,0.3753848509811036,0.3864404761863526,0.4191900545379097,198.0,59.0,106.0,1.98,0.59,1.06,14.55529840064013,48.52104462628487,14.422497190233033,0.7228416147400479,0.0967436953629822,mouse598180close647,0.2173717371737173,0.6275427542754277,0.4096309630963096,0
mouse598180,close,366,0.117693227814623,0.2395383932524886,0.0632031480904242,5.6615535352333275,0.8467282766332919,5.897529896245282,0.5347348802834822,0.6237560976126891,0.4068935260354461,65.0,71.0,63.0,0.65,0.71,0.63,14.172435740579125,45.281145205383474,14.316996484010529,0.7128288714691626,0.0346135224617801,mouse598180close366,0.1595859585958596,0.6199819981998199,0.3421242124212421,0
mouse598180,close,371,0.1610826161907639,0.0233728747925109,0.0735045974301993,0.2207339428011963,3.4413888466036036,5.070121530625704,0.4442010608760501,0.3523219867444777,0.4829143173945334,66.0,118.0,77.0,0.66,1.18,0.77,14.09338701587518,43.347562959432366,14.1824220014203,0.7035623639735145,0.0555134234528097,mouse598180close371,0.2324932493249325,0.716921692169217,0.4142214221422141,0
mouse598180,close,382,0.0927192315961903,0.0466332306646496,0.1257145835862649,3.74070678426404,2.054258614401609,4.256094279369052,0.453720508396056,0.4087616689766103,0.4920674233974622,107.0,56.0,56.0,1.07,0.56,0.56,13.821093387670091,32.012449663636644,14.00395802718482,0.7079901129253149,0.0863126492503347,mouse598180close382,0.1698469846984699,0.7790279027902791,0.3610261026102609,0
mouse598180,close,409,0.1668238157155852,0.0780199269490781,0.0339768057172093,0.3150572159018684,1.3327871654988508,0.3224868108531136,0.423122257155255,0.3943628158302925,0.4427362938499269,87.0,78.0,74.0,0.87,0.78,0.74,13.595855605422368,16.5724788992029,13.68788449590525,0.6619101147436863,0.0413243717121375,mouse598180close409,0.2651665166516652,0.8108910891089111,0.4817281728172818,0
mouse598180,close,429,0.0827832474475052,0.06579994364627599,0.0942804911835726,3.413544878287484,4.3314962016833904,4.412250059583453,0.4695841404739393,0.3816342004928783,0.4058342180273241,63.0,147.0,159.0,0.63,1.47,1.59,12.645765107670215,55.869555522223465,12.949030681134136,0.6523994175349945,0.0443956126650043,mouse598180close429,0.1779477947794779,0.5333033303330335,0.5233123312331235,0
mouse598180,close,433,0.0390079221721824,0.09408408882116699,0.0939908848016237,2.3724452693921765,5.431021083807826,1.2929370700372709,0.4736339655557847,0.3336783567596134,0.6066095964344148,57.0,160.0,17.0,0.5700000000000001,1.6,0.17,12.7358541077857,62.027339294421644,12.983147027790311,0.651920240520265,0.0377081900116136,mouse598180close433,0.19603960396039602,0.8802880288028804,0.4544554455445547,0
mouse598180,close,438,0.13695698441957402,0.0710118834152936,0.0663019589964862,1.0988666410482193,3.1357513152387972,4.526048455639775,0.4609472813220375,0.3743407357358519,0.3951053960432832,59.0,116.0,116.0,0.59,1.16,1.16,12.561028639291447,77.38192637445613,12.77952653977094,0.6523994175349945,0.0294127512512309,mouse598180close438,0.1779477947794779,0.6518451845184521,0.3245724572457246,0
mouse598180,close,448,0.0554023322270882,0.0627236350119983,0.0737898399916437,2.3552161414830066,5.412110034403072,0.9119723298352124,0.3525898346274138,0.3976783599246442,0.4696431672394501,187.0,100.0,54.0,1.87,1.0,0.54,12.074685087450636,109.23323062983343,12.345665513542235,0.653834841531101,0.0155404607421028,mouse598180close448,0.1687668766876687,0.5727272727272728,0.4666066606660669,0
mouse598180,close,467,0.115080249208723,0.0904683615240778,0.0467359878370786,1.2853288351291234,2.792564754427816,4.796832383768233,0.5030287304510838,0.5494163467066489,0.3955336142412678,61.0,53.0,118.0,0.61,0.53,1.18,11.792755366793365,200.60926658264216,12.137687679154114,0.6736096792653741,0.0292373548854891,mouse598180close467,0.1390639063906391,0.7236723672367238,0.3526552655265528,0
mouse598180,close,477,0.0546575064171269,0.0754954704650476,0.0914103415058618,0.6179487155736103,1.7170964375542417,4.563919733481576,0.342286610254297,0.3993985837965098,0.5462602310570379,97.0,90.0,25.0,0.97,0.9,0.25,11.477101149475537,210.9926366771505,11.672780823258341,0.6805328794408101,0.0188101193901502,mouse598180close477,0.1093609360936094,0.7463546354635464,0.3175517551755177,0
mouse598180,close,479,0.0613529815892608,0.0777283758769449,0.0885573643542012,2.1949791752280485,4.835232551916546,5.551948466005162,0.3657798686287875,0.4396545027541673,0.3816430769025973,127.0,88.0,189.0,1.27,0.88,1.8900000000000001,11.517809280421979,221.97491566919544,11.908146681824773,0.6882949948968102,0.0460662718673657,mouse598180close479,0.1981998199819982,0.3283528352835283,0.1995499549954995,1
mouse598180,close,489,0.1401883874118114,0.0740746519156005,0.2681012217679023,1.1231243495471095,5.805413419434911,3.891346184708,0.5057071180643262,0.3420558432893246,0.682674977085478,71.0,80.0,33.0,0.71,0.8,0.33,10.781283633371306,280.41843075982274,11.104544319066763,0.7044501401802686,0.0173118159766563,mouse598180close489,0.12097209720972098,0.6712871287128713,0.3240324032403242,0
mouse598181,far,28,0.0146942602999581,0.0253568319616454,0.030798419426706,3.530744621140944,4.2398960321679615,3.9819476392162847,0.2874915287883934,0.1956540904052954,0.20533371810825102,380.0,564.0,776.0,3.8000000000000003,5.64,7.76,22.096885470127575,23.12205723294289,21.399065655921365,2.0895573693966862,0.0368175120469373,mouse598181far28,0.1917191719171918,0.6310531053105312,0.5559855985598562,0
mouse598181,far,31,0.0294900767496616,0.0339725914419537,0.0639822054216767,6.2247130017913985,2.7708018154913856,1.6644668560183693,0.2218410892665513,0.2865531210128066,0.284995422510799,736.0,562.0,179.0,7.36,5.62,1.79,21.84175165925664,23.000814609402823,21.280543215563192,2.057911562725668,0.0334922733809413,mouse598181far31,0.2748874887488749,0.7849684968496851,0.4414941494149415,0
mouse598181,far,32,0.0962798008511587,0.0384022593057179,0.2384462949703651,5.719776522489292,5.832557301810477,0.15807740079104401,0.2969974804273786,0.32519525686737605,0.6974320206611647,292.0,144.0,17.0,2.92,1.44,0.17,21.84175165925664,23.000814609402823,21.280543215563192,2.057911562725668,0.0200178182200804,mouse598181far32,0.1493249324932494,0.6885688568856886,0.29891989198919894,0
mouse598181,far,35,0.0272294487701049,0.0582250249585787,0.0648301062194182,0.0239317525028745,5.370313823880969,2.532248757129643,0.293772522597729,0.2780505894344911,0.2596702536903518,232.0,329.0,185.0,2.32,3.29,1.85,21.97326870223865,23.025905092786218,21.37490704045559,2.0519807503970404,0.0418677452264938,mouse598181far35,0.1927992799279928,0.6666966696669667,0.3013501350135016,0
mouse598181,far,79,0.1428105636225085,0.0381155420037455,0.0843299796647047,4.03730135533741,3.4027157704761595,5.61147706150823,0.4496806224934216,0.39556984260777794,0.5714150333124896,91.0,57.0,19.0,0.91,0.5700000000000001,0.19,21.539622083973647,22.578254629060808,20.994305323685825,2.042975770781436,0.0515830586898515,mouse598181far79,0.1784878487848784,0.6089108910891091,0.3264626462646265,0
mouse598181,far,69,0.0181649056637326,0.1001384273343894,0.0572900783097091,0.5312773099367746,4.279770047384259,4.614384061276606,0.2516514198874429,0.3525949413666447,0.4104837094438307,138.0,172.0,50.0,1.3800000000000001,1.72,0.5,22.063809502159337,22.958207403379603,21.28823439402543,2.0342381866438357,0.0503586640221057,mouse598181far69,0.1495949594959496,0.7474347434743475,0.2972997299729972,0
mouse598181,far,42,0.0351682178282841,0.0656096344153211,0.0535370069861016,0.7973515242733955,1.2914824142061274,5.584458213137982,0.2472124178150207,0.3048500484642139,0.3226232018611312,371.0,333.0,310.0,3.71,3.33,3.1,21.72179478805345,22.84337925020916,21.00685184982435,2.0175789947360183,0.0174988938089332,mouse598181far42,0.1431143114311431,0.6842484248424844,0.3402340234023403,0
mouse598181,far,71,0.0340607790070751,0.0744974331853069,0.0556132894114344,1.8941273640690857,4.9006680578865405,0.3348457079047344,0.1828691927403838,0.2574804088992015,0.2238640001281679,576.0,555.0,575.0,5.76,5.55,5.75,21.72179478805345,22.84337925020916,21.00685184982435,2.0175789947360183,0.0156374451503227,mouse598181far71,0.2287128712871287,0.7050405040504051,0.3415841584158415,0
mouse598181,far,43,0.0404287015558165,0.0684284029648115,0.0545313162588146,6.151018324442968,2.6710703220422842,1.3270806609179386,0.3097868081875521,0.2653168850975904,0.3643354295978978,298.0,332.0,111.0,2.98,3.3200000000000003,1.11,22.09872942278998,23.098209282656555,21.252398611751552,2.0175789947360183,0.0281107150472202,mouse598181far43,0.1676867686768677,0.684788478847885,0.2964896489648964,0
mouse598181,far,47,0.0205461475024995,0.1117701902008817,0.0911205060244421,0.0477991409872784,2.4147931734445494,0.4069865542305403,0.4384242733434698,0.4863137807529945,0.4464448750096689,130.0,82.0,65.0,1.3,0.8200000000000001,0.65,22.396627898522638,23.28527549052333,21.44111810616928,1.9866743568083824,0.0602034659286236,mouse598181far47,0.1166516651665166,0.2287128712871288,0.1760576057605759,1
mouse598181,far,46,0.0551124357087216,0.0892207427623554,0.1307531821678505,4.571025931050839,6.001617293811862,0.2528971256625662,0.3673248118231219,0.3314874981026321,0.4679777342372466,195.0,173.0,41.0,1.95,1.73,0.41000000000000003,22.396627898522638,23.28527549052333,21.44111810616928,1.9866743568083824,0.0189077816945705,mouse598181far46,0.1223222322232223,0.1995499549954995,0.1760576057605761,1
mouse598181,far,49,0.0151052485125543,0.0300963449395922,0.0172855759424526,5.954137420077712,0.6213250338256975,4.9548853527650305,0.1373500286110429,0.1809885692120295,0.2222262583347583,928.0,763.0,649.0,9.28,7.63,6.49,21.85600053648445,23.031043926992826,20.79650996987282,1.9866743568083824,0.0251987818383834,mouse598181far49,0.1360936093609361,0.5792079207920793,0.2441044104410441,1
mouse598181,far,48,0.0297888230495053,0.0289207565938601,0.0259758865025093,2.2583051320091947,3.1471326066384187,2.5430237620171394,0.2028946696162601,0.2469819431576497,0.1867643623425218,901.0,885.0,414.0,9.01,8.85,4.14,21.85600053648445,23.031043926992826,20.79650996987282,1.9866743568083824,0.0176426352470071,mouse598181far48,0.1541854185418542,0.4188118811881188,0.4838883888388841,0
mouse598181,far,53,0.0975692813749887,0.0563415385450109,0.0802318003366939,4.219639938676941,3.0828075230493903,5.5029108272187806,0.3092798860450563,0.3261392587296942,0.4081801608966608,204.0,183.0,167.0,2.04,1.83,1.67,21.08172370026137,22.343215263852855,20.318454842408656,1.9715159142142367,0.0270332117244951,mouse598181far53,0.1382538253825382,0.4282628262826283,0.2422142214221423,1
mouse598181,far,54,0.0655208665661551,0.0285238307420639,0.0323008932743125,0.6127700416329646,3.060540586094729,1.7201815468372572,0.2286624963259566,0.2202501244713714,0.238260758101464,692.0,454.0,383.0,6.92,4.54,3.83,21.356368430322007,22.37257550154807,20.40284193926232,1.9643701280563195,0.0667658835610841,mouse598181far54,0.1992799279927992,0.9035103510351036,0.0448244824482451,0
mouse598181,far,74,0.0345498742430661,0.1265518919353717,0.0756991474860811,4.069723308534074,1.1914591036830675,2.2949490977526357,0.3526931537938916,0.4657818899033736,0.4982222394444506,88.0,53.0,55.0,0.88,0.53,0.55,21.440069096737247,22.417012169185444,20.53119511511131,1.957517560585345,0.0181567717179989,mouse598181far74,0.1628262826282628,0.7784878487848786,0.3607560756075606,0
mouse598181,far,58,0.0411877344652772,0.1944278460902916,0.0975927053398881,1.728380148691231,5.193757241311227,3.2347011953876303,0.4749719671716181,0.4895437081461191,0.5390592502893188,89.0,74.0,41.0,0.89,0.74,0.41000000000000003,21.36332837434337,22.47443432749917,20.622747351248343,1.927595652620124,0.0485764896566618,mouse598181far58,0.1296129612961295,0.2073807380738074,0.1547254725472546,1
mouse598181,far,60,0.0272758577552129,0.0367584345331186,0.0595747297187238,5.219653104367888,0.6364243595665366,3.917795856527379,0.2520132998066618,0.3514754651228375,0.40974978589277505,272.0,153.0,50.0,2.72,1.53,0.5,21.087981227227694,22.71270421471206,20.28455339129652,1.9212626056840847,0.0185540726277906,mouse598181far60,0.1752475247524753,0.3723672367236724,0.1995499549954995,1
mouse598181,far,61,0.0771975270291308,0.1197927480520878,0.0785294458239546,1.936077264727262,0.7321783555493051,1.2616033174441683,0.3174081412864584,0.4660422633494841,0.5225399432401356,243.0,99.0,35.0,2.43,0.99,0.35000000000000003,21.501495844235414,22.92048780802356,20.67639577118004,1.9091883092036783,0.041163100559291003,mouse598181far61,0.1922592259225922,0.3783078307830785,0.2095409540954094,1
mouse598181,far,39,0.1125603858586357,0.0738519734417597,0.1065260327055252,4.77481526150385,4.0666211185359336,2.4494552082460523,0.3400565145647474,0.3256560589613998,0.35712154750320596,176.0,308.0,132.0,1.76,3.08,1.32,22.063809502159337,22.958207403379603,21.28823439402543,2.0342381866438357,0.0407348686320021,mouse598181far39,0.2027902790279028,0.7387938793879392,0.3275427542754275,0
mouse598181,far,29,0.0075337722496627,0.039408186249024,0.0116752207017345,3.3755864828079027,5.002078972718233,5.704793642214674,0.0925239816597078,0.1384243864995651,0.1231025144666924,2323.0,2207.0,1709.0,23.23,22.07,17.09,21.554221899021567,22.54049505980991,20.96262457932248,2.0766559657295187,0.0517382723905594,mouse598181far29,0.5711071107110713,1.4432943294329434,0.0,0
mouse655957,far,277,0.0471997947743162,0.0730021527003497,0.0588365614880005,2.9127132997350538,2.3343148246658663,3.085124374201058,0.2233494875813821,0.3101852690792417,0.3557908072702344,239.0,277.0,154.0,2.39,2.77,1.54,21.957815767223696,22.135642805984588,21.248766868858386,2.0977666695798183,0.0393913784203625,mouse655957far277,0.1779477947794779,0.8181818181818183,0.4109810981098108,0
mouse655957,far,655,0.0186569406417879,0.0598260020128932,0.0551780510794457,2.283137317218876,2.952895889852804,5.893070707082387,0.2717103392018302,0.2342390967294704,0.2513819228404013,331.0,300.0,310.0,3.31,3.0,3.1,21.957815767223696,22.135642805984588,21.248766868858386,2.0977666695798183,0.0197428598574921,mouse655957far655,0.2011701170117011,0.7714671467146715,0.4039603960396042,0
mouse655957,far,287,0.0419573959571036,0.0407086433993554,0.0421243525299523,4.24922140128152,5.824813460427673,2.2819075536535762,0.1998403024937368,0.1930354571319299,0.1593921008133739,1209.0,1405.0,1236.0,12.09,14.05,12.36,22.88725845397748,23.073066339849387,22.04444719707869,2.091948852147203,0.0329388304926851,mouse655957far287,0.1471647164716472,0.3437443744374439,0.2171017101710172,1
mouse655957,far,289,0.0318680598951375,0.0374138305160835,0.0548743776103234,5.823618313809973,0.4341015698342951,3.5935442913334463,0.2409345505106672,0.3548578705793916,0.4259593557477811,270.0,290.0,121.0,2.7,2.9,1.21,22.063098289277324,22.101771298855148,21.14674947431482,2.091948852147203,0.0252940896785149,mouse655957far289,0.1606660666066607,0.8918991899189921,0.4674167416741676,0
mouse655957,far,656,0.0691468924606064,0.0641456549042175,0.0356915856039316,5.027800018854496,5.233665382061856,5.712582166125714,0.3209707230653304,0.2885032015618223,0.3322350328892277,240.0,335.0,180.0,2.4,3.35,1.8,22.063098289277324,22.101771298855148,21.14674947431482,2.091948852147203,0.0265655644945247,mouse655957far656,0.1668766876687669,0.8692169216921692,0.4541854185418542,0
mouse655957,far,292,0.0259059212271234,0.0160826930189154,0.0518309653699978,4.2921631958707085,5.631280835085014,0.0453020968106087,0.1993622963424175,0.2365111640448679,0.2437696188059673,537.0,499.0,394.0,5.37,4.99,3.94,23.02469820444752,23.268369682186226,22.20572618365767,2.091948852147203,0.0318643613899672,mouse655957far292,0.17497749774977497,0.8289828982898292,0.44203420342034205,0
mouse655957,far,298,0.0225466679144809,0.0363520995643204,0.047685601136336,2.4803064123481624,2.104406117575145,4.467867904702714,0.2660844030503906,0.3257424009297177,0.2762246686735202,241.0,143.0,292.0,2.41,1.43,2.92,21.874059553986765,21.9275076211422,21.1027875345743,2.091948852147203,0.051465879627290004,mouse655957far298,0.1714671467146714,0.7582358235823584,0.4001800180018003,0
mouse655957,far,297,0.0567574184687438,0.0455654819073419,0.0948078519750433,4.925055658085,0.8480783204717504,2.853907895614891,0.417113733458983,0.2997402120034259,0.3868324268657066,215.0,244.0,219.0,2.15,2.44,2.19,21.874059553986765,21.9275076211422,21.1027875345743,2.091948852147203,0.036424392711206,mouse655957far297,0.1898289828982898,0.8027902790279029,0.3629162916291631,0
mouse655957,far,296,0.0296160138471435,0.0116575630852242,0.0195716355970401,0.1940507805631825,0.1007132068087849,2.9114387906452475,0.2460613502763044,0.1507730182849746,0.1968683071819918,547.0,680.0,490.0,5.47,6.8,4.9,21.874059553986765,21.9275076211422,21.1027875345743,2.091948852147203,0.0154231033029379,mouse655957far296,0.1595859585958596,0.4687668766876689,0.5249324932493248,0
mouse655957,far,295,0.0488389144135709,0.1142439848828657,0.164608481389672,4.728020812349839,5.575906182260759,5.8725340266703565,0.3144670059445411,0.548908266240302,0.5653286441593309,111.0,56.0,61.0,1.11,0.56,0.61,21.874059553986765,21.9275076211422,21.1027875345743,2.091948852147203,0.0536278440788162,mouse655957far295,0.1703870387038704,0.8567956795679569,0.3342934293429344,0
mouse655957,far,299,0.0143743858161433,0.0198631766611012,0.0084724718486942,0.2521806762351051,3.154521347556333,0.6141074094567842,0.1478437355813287,0.1782252343471619,0.1672823536933803,1091.0,1146.0,933.0,10.91,11.46,9.33,22.871400945184536,22.967985333798897,22.092776008716367,2.0864143883706325,0.0242210987613478,mouse655957far299,0.1841584158415842,0.5810981098109813,0.5289828982898289,0
mouse655957,far,300,0.0743210881411041,0.0343190242291018,0.0791934845342554,0.4261796621018092,4.683632632978277,4.41534995272788,0.3366634111690743,0.3710397967447729,0.3944970954371707,152.0,110.0,88.0,1.52,1.1,0.88,21.862481370922737,21.987235718931302,21.25154690072928,2.0864143883706325,0.0185745124473867,mouse655957far300,0.1798379837983797,0.8783978397839787,0.4190819081908191,0
mouse655957,far,303,0.0832037240548945,0.0143730651953923,0.0277124286758764,5.487523975299012,4.584768106870923,5.969811584044369,0.3566893142233195,0.2694944030624018,0.2448386640630024,259.0,246.0,361.0,2.59,2.46,3.61,22.960901146935264,22.85130720990605,22.082665772233405,2.0932928605429293,0.0532138870283188,mouse655957far303,0.2003600360036004,0.6261926192619263,0.4946894689468947,0
mouse655957,far,304,0.0142918536411519,0.0350639728919095,0.0326637175020591,4.644846548869519,4.0697727262421335,0.2763976694572551,0.1814052147135086,0.1837038082499113,0.2132428360565968,925.0,993.0,491.0,9.25,9.93,4.91,22.960901146935264,22.85130720990605,22.082665772233405,2.0932928605429293,0.0371997164012387,mouse655957far304,0.2295229522952295,0.7909090909090909,0.5289828982898291,0
mouse655957,far,305,0.0249761674005584,0.0287129438980207,0.1034343410574231,4.541407289190406,3.816039847937829,4.995763397440693,0.1843977281988386,0.1872511575683692,0.3686011990267909,677.0,598.0,189.0,6.7700000000000005,5.98,1.8900000000000001,22.960901146935264,22.85130720990605,22.082665772233405,2.0932928605429293,0.0232113273493265,mouse655957far305,0.3121512151215121,0.7279927992799281,0.7252925292529252,0
mouse655957,far,753,0.0449077061172502,0.1651938345986237,0.0379619682036697,5.5928123178565885,0.9808775653706224,4.082789092654264,0.3834050374936859,0.387216552756431,0.2659194211878471,99.0,104.0,207.0,0.99,1.04,2.07,22.03373670123916,21.695208960817613,21.3858576053864,2.0932928605429293,0.0324506032622877,mouse655957far753,0.1914491449144915,0.9631863186318632,0.40396039603960404,0
mouse655957,far,306,0.0286528078366682,0.0781477515212577,0.1241034101773607,2.3714729246655284,1.3240565120095709,0.9031158480354714,0.2530974724736929,0.4540798176264117,0.3938123637175937,198.0,145.0,151.0,1.98,1.45,1.51,22.03373670123916,21.695208960817613,21.3858576053864,2.0932928605429293,0.016835123175142998,mouse655957far306,0.2106210621062106,0.6996399639963998,0.3121512151215121,0
mouse655957,far,307,0.0528000205887273,0.0499062250670259,0.0399673775376392,0.8359106429293449,4.4813399039751705,2.5235638149351893,0.2963825043474989,0.3833897049528665,0.2713600618325756,214.0,123.0,303.0,2.14,1.23,3.0300000000000002,22.03373670123916,21.695208960817613,21.3858576053864,2.0932928605429293,0.0520086969209635,mouse655957far307,0.19009900990099,0.7512151215121513,0.4884788478847884,0
mouse655957,far,788,0.1901251085497761,0.12509851325003402,0.0496685037498653,0.0635782326346315,1.44561040997421,6.248799345875533,0.5133834942948298,0.387129097160618,0.368120635159113,121.0,125.0,138.0,1.21,1.25,1.3800000000000001,21.78712893094689,21.543546514640923,21.200218785296745,2.0837166314064883,0.0580245569931354,mouse655957far788,0.2567956795679568,0.6866786678667867,0.5135913591359139,0
mouse655957,far,316,0.0255963343038299,0.0245713639963215,0.0328686567216801,5.6106085520587445,0.6990009927872127,0.7177812982874022,0.1814340857927323,0.2291080001898658,0.2007074663052918,684.0,571.0,918.0,6.84,5.71,9.18,21.79390926520884,21.659938878396172,21.308532319170986,2.0580634101018367,0.0144870332964843,mouse655957far316,0.1644464446444645,0.2551755175517551,0.2216921692169218,1
mouse655957,far,320,0.0527705696597285,0.0337371963030684,0.043638723986371995,1.87720616024885,0.6422540705539197,5.113462664628344,0.2153784903784415,0.2094186683629534,0.2153527110193225,866.0,635.0,508.0,8.66,6.3500000000000005,5.08,21.998300508010978,22.08460872266409,21.425237886917287,2.053959590644373,0.0442808493931276,mouse655957far320,0.2430243024302429,0.9896489648964898,0.4987398739873989,0
mouse655957,far,322,0.0267253757211345,0.0443197969861204,0.0642341370006787,3.3152416941450884,3.7282370153667115,5.627535233856846,0.2466333490502208,0.2216070832807338,0.3024619131443074,466.0,351.0,293.0,4.66,3.5100000000000002,2.93,21.910652403103267,21.75724735310761,21.240701711692733,2.050152433357091,0.0238368447532378,mouse655957far322,0.1792979297929793,0.8870387038703873,0.3653465346534651,0
mouse655957,far,662,0.1269352532626664,0.056625517610182995,0.0660993535184613,1.0923373662464508,5.0952504893882535,6.2333441620469054,0.3940905818592347,0.3103955634851525,0.3305742225323749,64.0,211.0,251.0,0.64,2.11,2.5100000000000002,21.665559420987357,21.84696165540604,21.42054052026804,2.056088519495209,0.0611910433888347,mouse655957far662,0.1822682268226823,0.6286228622862287,0.3893789378937894,0
mouse655957,far,664,0.0713340161113839,0.1215272618637757,0.108123956447313,1.0278244857436158,1.9335289228759645,2.5810269630232687,0.3884338493754742,0.4416619838271282,0.4966544226502184,55.0,76.0,44.0,0.55,0.76,0.44,21.818029698294417,21.752964123100675,21.35119108497208,2.0531987239427165,0.029248419918436998,mouse655957far664,0.1757875787578758,0.6405040504050407,0.3267326732673267,0
mouse655957,far,666,0.0621517560619413,0.0162869364380254,0.0195253184972701,3.485443349765496,0.523824560811695,1.1522083271130772,0.28556940396960495,0.2254617453599178,0.2383718670223075,415.0,614.0,348.0,4.15,6.140000000000001,3.48,21.203515851491765,21.324861682112086,20.98330120327921,2.0506096654409878,0.0237858416681561,mouse655957far666,0.2084608460846084,0.6807380738073808,0.3718271827182721,0
mouse655957,far,333,0.0522857076955215,0.0443250639867096,0.074025159226909,4.367915802811377,1.205679100179247,5.440182673850063,0.2842173114843659,0.2975982487103878,0.3958842011563472,199.0,171.0,146.0,1.99,1.71,1.46,21.203515851491765,21.324861682112086,20.98330120327921,2.0506096654409878,0.032200808585475,mouse655957far333,0.1798379837983799,0.7009900990099012,0.3297029702970296,0
mouse655957,far,334,0.0334433271964682,0.0442046417942697,0.038293821075463995,5.672525152635238,6.135325048300485,0.3160187189038933,0.1957594301185825,0.2230778230308006,0.2360537051354903,569.0,587.0,473.0,5.69,5.87,4.73,21.684982763343225,21.60913080351923,21.32585381361941,2.0506096654409878,0.0384024358110761,mouse655957far334,0.1944194419441944,0.6356435643564359,0.336993699369937,0
mouse655957,far,338,0.1019144260470251,0.043447882046386006,0.1561028914006534,6.217531945340421,2.3955203630601414,1.0234134954840508,0.3656438172184514,0.2957116125875023,0.3332169279677775,243.0,223.0,390.0,2.43,2.23,3.9,21.580910389406448,21.4107529647068,21.2273767115144,2.0463381929681126,0.0261826965216081,mouse655957far338,0.1055805580558055,0.1987398739873987,0.1844284428442845,1
mouse655957,far,337,0.033425593287616,0.0272248569064135,0.0426574808355141,0.2814531873894404,0.5661013549664792,0.7229520955592825,0.1313540141905284,0.1860532749150659,0.147780857697418,1577.0,1764.0,1405.0,15.77,17.64,14.05,21.580910389406448,21.4107529647068,21.2273767115144,2.0463381929681126,0.0249176013088513,mouse655957far337,0.1460846084608461,0.3035103510351035,0.2527452745274527,1
mouse655957,far,339,0.1176500452191114,0.0710049185871296,0.0244213355095109,1.4279297659064998,1.8875397682237829,3.1414929868700554,0.3851408544005931,0.3400265380553715,0.3654651468250817,108.0,172.0,82.0,1.08,1.72,0.8200000000000001,21.604703874259414,21.156364151638602,21.19505274265157,2.0463381929681126,0.0497222355241079,mouse655957far339,0.1960396039603961,0.7117911791179119,0.3639963996399639,0
mouse655957,far,340,0.1645515903418047,0.0900974701184885,0.0794665621228012,6.194758905700858,2.5034517237628187,0.3794845659522859,0.4510257423243689,0.412407408303952,0.3041613011201624,120.0,126.0,253.0,1.2,1.26,2.5300000000000002,21.40785556072989,21.150051747849425,21.200197972457566,2.0446576730592336,0.0268719440088324,mouse655957far340,0.1204320432043204,0.985868586858686,0.4873987398739872,0
mouse655957,far,670,0.0537400943561878,0.0474084078162487,0.0129872231019436,0.7237030942897459,1.669479081179981,4.395865006897412,0.3300318483602126,0.3092694116169837,0.2288344481658444,264.0,297.0,347.0,2.64,2.97,3.47,21.53800631328766,20.79645969661572,21.175186988462773,2.021911224559575,0.0407025485669126,mouse655957far670,0.1636363636363637,0.7339333933393342,0.5897389738973898,0
mouse655957,far,345,0.0232922827484098,0.0081842840137479,0.0299120167597706,0.0115261422739804,6.092131501235943,0.2253949914038598,0.2067986790587112,0.1921262755878766,0.25723655191181,482.0,613.0,473.0,4.82,6.13,4.73,21.53800631328766,20.79645969661572,21.175186988462773,2.021911224559575,0.0328928354228555,mouse655957far345,0.2287128712871288,0.8214221422142215,0.547074707470747,0
mouse655957,far,341,0.0328619200848389,0.0175085158936771,0.0321913962583884,3.2494176374582966,0.0813879991333963,2.4770430477485217,0.1736835367649854,0.2542682128259224,0.24833899760852,745.0,566.0,395.0,7.45,5.66,3.95,21.53800631328766,20.79645969661572,21.175186988462773,2.021911224559575,0.0174667024571356,mouse655957far341,0.2081908190819081,0.7647164716471649,0.4671467146714673,0
mouse655957,far,347,0.0359503539353385,0.0081029040180631,0.0428089052879133,0.2293400986894677,1.2500171087387848,0.8507962133415641,0.1177056243325164,0.1056662962305397,0.1357685995958159,2080.0,2329.0,1423.0,20.8,23.29,14.23,20.65682183143803,20.036383120095454,20.16088026397845,2.0208290377961218,0.0216994595841683,mouse655957far347,0.1714671467146715,0.2713771377137715,0.2225022502250224,1
mouse655957,far,350,0.0593826556358837,0.0918758506344951,0.0368218680219502,0.742179024154851,5.939041362714379,5.6095015000736606,0.3571724863539297,0.3434271450520113,0.2273429122873333,231.0,350.0,323.0,2.31,3.5,3.23,20.414899255957398,19.916503149108404,19.929235936367213,2.033930923114155,0.0217178835219183,mouse655957far350,0.1231323132313232,0.2222322232223222,0.2073807380738073,1
mouse655957,far,353,0.0694338987627068,0.0130573721304396,0.0547875484825397,2.463295837046557,3.7367652950460886,1.4483151709614692,0.1980922493682936,0.2570612075311076,0.1990810002679483,543.0,651.0,416.0,5.43,6.51,4.16,20.494512635090395,19.765943015421023,19.98481070043127,2.0331625611347457,0.0205100014741576,mouse655957far353,0.18307830783078302,0.7730873087308732,0.5135913591359135,0
mouse655957,far,359,0.1191863785159156,0.07120896353143,0.0769810337129384,5.800124674725392,5.765105019422076,5.749289818266572,0.4904183244090587,0.2863769105610009,0.379882596929925,149.0,276.0,181.0,1.49,2.7600000000000002,1.81,20.498393406915245,19.669571913977627,20.080343676412202,2.032701404535353,0.0611850926571251,mouse655957far359,0.2095409540954096,0.6885688568856887,0.4285328532853286,0
mouse655957,far,360,0.0932009549810976,0.0403231318206982,0.0832559660713617,0.6366352171609768,0.4583377033611168,5.3269398285232334,0.3079026436889111,0.3121486791599082,0.3619367155476171,163.0,264.0,187.0,1.6300000000000001,2.64,1.87,20.44928410456524,19.69033111996924,20.08074637289251,2.0325476624177847,0.0218103137477142,mouse655957far360,0.1698469846984698,0.8365436543654365,0.37101710171017105,0
mouse655957,far,366,0.029506303707637,0.0139462353306131,0.0184511045555926,3.2584954311585865,2.8547675058981365,5.502472192459203,0.1464188954293816,0.19298431323531198,0.20134029657719102,933.0,806.0,581.0,9.33,8.06,5.8100000000000005,19.88251684150441,19.285036818869308,19.892934364280087,2.032701404535353,0.0263633154921285,mouse655957far366,0.1922592259225923,0.6151215121512154,0.3388838883888386,0
mouse655957,far,367,0.0278467546777145,0.0119212118191004,0.0337939729751138,0.6541273182094935,4.372768264615562,2.240778715756093,0.16220734813643697,0.1851848002741813,0.2095844137468935,1128.0,1121.0,835.0,11.28,11.21,8.35,19.88251684150441,19.285036818869308,19.892934364280087,2.032701404535353,0.037563379654065004,mouse655957far367,0.1401440144014402,0.2468046804680469,0.1852385238523852,1
mouse655957,far,369,0.0119772091870155,0.016704533199167,0.0154010274561376,0.1130446692452839,0.527937250137298,3.610888069304022,0.1406642765311654,0.0919232642928104,0.16742370498206102,2281.0,2501.0,1143.0,22.81,25.01,11.43,20.39203856844584,19.53507621332248,20.342233275982192,2.053959590644373,0.0297256183824065,mouse655957far369,0.2254725472547255,0.6483348334833485,0.4784878487848786,0
mouse655957,far,675,0.0331926133506336,0.0413265731986354,0.0681593914682054,0.9862692767374474,1.233734443686883,4.039938546786657,0.2046304851012908,0.3370388740502746,0.3605743724278533,558.0,155.0,76.0,5.58,1.55,0.76,20.16137598853256,19.336714564174212,20.097515867463017,2.054415975405176,0.0452242339011765,mouse655957far675,0.2211521152115212,0.8265526552655267,0.3882988298829882,0
mouse655957,far,373,0.061500955374316,0.1336720262645856,0.0353220643981036,2.8813124485375115,5.7882666470159885,5.563879461387076,0.2564644390370353,0.3996574933686772,0.2512629160926262,485.0,368.0,376.0,4.8500000000000005,3.68,3.7600000000000002,20.22468035562333,19.524905361586192,19.95341467742546,2.0331625611347457,0.0250761126870021,mouse655957far373,0.1406840684068407,0.6672367236723674,0.3035103510351035,0
mouse655957,far,374,0.0085279268814746,0.0101327726193412,0.0034880737108046,0.1325306228299898,5.997542619976107,4.129293033395254,0.1240482867225134,0.0861912449803201,0.1549529361154044,2464.0,3442.0,1589.0,24.64,34.42,15.89,20.22468035562333,19.524905361586192,19.95341467742546,2.0331625611347457,0.0303097056181428,mouse655957far374,0.226012601260126,0.3491449144914492,0.2592259225922591,1
mouse655957,far,378,0.0366969346594447,0.0223396331006186,0.0365013027595173,5.7359546274823705,6.281368069516924,0.2973654108529074,0.18517407296091298,0.1112834860467817,0.1506583550065427,1321.0,2307.0,1139.0,13.21,23.07,11.39,20.46937515820371,19.6443829949872,20.31130348461473,2.033930923114155,0.0805675103062023,mouse655957far378,0.2225022502250225,0.5975697569756976,0.4706570657065706,0
mouse655957,far,376,0.0899728919683057,0.1569178595132062,0.0897785354398587,0.2317041813858032,0.8714925474470938,2.313186428729803,0.4342407191108733,0.4031582932415389,0.3257626012152697,158.0,82.0,220.0,1.58,0.8200000000000001,2.2,20.46937515820371,19.6443829949872,20.31130348461473,2.033930923114155,0.0233318999481532,mouse655957far376,0.1954995499549956,0.6156615661566157,0.3518451845184517,0
mouse655957,far,377,0.243083308431119,0.0752891031522332,0.0168000878355499,4.461873340195332,0.6496908072128776,4.822495567240347,0.3877472307650735,0.4127139075259751,0.2822875492427871,130.0,114.0,189.0,1.3,1.1400000000000001,1.8900000000000001,20.46937515820371,19.6443829949872,20.31130348461473,2.033930923114155,0.0210151936639698,mouse655957far377,0.1617461746174617,0.6645364536453645,0.3731773177317733,0
mouse655957,far,385,0.0267219846092844,0.0204227378893782,0.0257898639393109,5.9896538728214255,0.3322627110822876,0.8700387761800661,0.1700212485909104,0.1578254514292824,0.1274245179578874,1153.0,1523.0,1189.0,11.53,15.23,11.89,20.187268197313262,19.427708753908288,20.077265087323642,2.0350061424968717,0.0310605692585976,mouse655957far385,0.1336633663366337,0.2562556255625562,0.2160216021602161,1
mouse655957,far,388,0.0168629787059895,0.0070889594891977,0.0564263267986528,0.5153713950151811,1.0663660581828345,4.667936327477722,0.1661593681231548,0.203085834893517,0.2477708684392851,982.0,922.0,593.0,9.82,9.22,5.93,20.25966431499797,19.5785872551232,20.10668710658703,2.0350061424968717,0.0178466308693267,mouse655957far388,0.1922592259225922,0.7493249324932494,0.7328532853285331,0
mouse655957,far,391,0.0112569476446814,0.0341185402099003,0.0237732372238393,1.5115571898857412,0.6290692886722854,1.5153936724763826,0.1099006810227309,0.1571809128838636,0.1324156831198842,1449.0,1368.0,1215.0,14.49,13.68,12.15,20.232361808337576,19.4416215302582,20.128459218369084,2.036387733217817,0.0308421770423762,mouse655957far391,0.1995499549954995,0.6237623762376239,0.3742574257425742,0
mouse655957,far,392,0.0137997018034727,0.0182530834921117,0.0121485187930284,4.6098386825518665,1.034856882667895,4.785515630411608,0.1926197466040805,0.1572254387187317,0.1429892041081182,1717.0,1520.0,1669.0,17.17,15.200000000000001,16.69,20.232361808337576,19.4416215302582,20.128459218369084,2.036387733217817,0.0225225955521936,mouse655957far392,0.2227722772277228,0.5916291629162916,0.4088208820882087,0
mouse655957,far,394,0.0362749706857975,0.0343249677039546,0.0464259815274772,3.8825551852570217,5.971164631269358,4.623449600434016,0.1943560611747232,0.2343221346384799,0.1959760798196521,529.0,551.0,573.0,5.29,5.51,5.73,20.232361808337576,19.4416215302582,20.128459218369084,2.036387733217817,0.0305814875677253,mouse655957far394,0.1938793879387939,0.6750675067506752,0.3594059405940594,0
mouse655957,far,396,0.0351747724506905,0.0348181372434623,0.0653307525361211,5.010349935334496,0.0839375898471315,2.6776812763511355,0.3034194574192174,0.2539533121202216,0.3482120776522485,199.0,289.0,203.0,1.99,2.89,2.0300000000000002,20.076673109929946,19.29840285838948,20.047950440218326,2.036387733217817,0.0206723774946177,mouse655957far396,0.1814581458145815,0.6040504050405042,0.3591359135913589,0
mouse655957,far,398,0.057043463519740996,0.0602470980318464,0.0295678514047687,5.315324201293236,6.1465227992848135,2.590834386234453,0.2387167535040474,0.2646531037752698,0.1941816458258418,681.0,579.0,681.0,6.8100000000000005,5.79,6.8100000000000005,20.241755661515164,19.385003503506912,20.176077303227515,2.038075072218882,0.0173828313276591,mouse655957far398,0.1782178217821782,0.7153015301530155,0.4293429342934293,0
mouse655957,far,399,0.0540330593322938,0.0658200078769295,0.0489335966613803,5.960023310798773,1.0091162377433591,6.069552688247366,0.26572111399538395,0.2585180437160702,0.3193329066982342,413.0,559.0,283.0,4.13,5.59,2.83,20.241755661515164,19.385003503506912,20.176077303227515,2.038075072218882,0.0310073921855845,mouse655957far399,0.1919891989198919,0.5805580558055806,0.36291629162916295,0
mouse655957,far,402,0.0103771229436268,0.0539702660601162,0.033501586472437,0.6875605600225917,3.0212825241005468,4.488684414881887,0.1467857812682105,0.2345678183174368,0.2133039068782642,1013.0,857.0,661.0,10.13,8.57,6.61,20.063830678932973,19.252668989572467,19.724220532102688,2.038075072218882,0.0288072776811945,mouse655957far402,0.2297929792979298,0.5970297029702971,0.3542754275427544,0
mouse655957,far,401,0.024789387918901,0.0042664966876632,0.0093871957411399,0.3541175678190283,5.090654322271715,2.589772686037973,0.1377612369024388,0.0838626384468357,0.1231203428765602,2183.0,3284.0,1584.0,21.830000000000002,32.84,15.84,20.063830678932973,19.252668989572467,19.724220532102688,2.038075072218882,0.0684344461635724,mouse655957far401,0.2246624662466246,0.6264626462646267,0.4425742574257424,0
mouse655957,far,406,0.0338990818627602,0.1002337762632284,0.0814645444132708,4.75842253438993,0.0913846773080367,0.2149383647701509,0.4052438948653158,0.4078353015796236,0.2924346909826364,88.0,111.0,233.0,0.88,1.11,2.33,20.30602249006296,19.516404737026484,20.064800635125962,2.053350919838107,0.0205219065413987,mouse655957far406,0.200900090009001,0.6143114311431144,0.3553555355535555,0
mouse655957,far,405,0.0206283650168196,0.0300006765990427,0.0160900432543837,3.7862179186171687,1.9864137166780595,4.8690189845162575,0.1354998617977801,0.1204115714867611,0.1481840653885842,1957.0,2120.0,1902.0,19.57,21.2,19.02,20.30602249006296,19.516404737026484,20.064800635125962,2.053350919838107,0.0209747038291615,mouse655957far405,0.2511251125112512,0.6275427542754277,0.4112511251125114,0
mouse655957,far,407,0.0517855169325025,0.0702366870308595,0.0577575872216559,6.105853996868915,1.838686695301893,1.7154740340366597,0.3038948378382692,0.2854945885204096,0.2494573894339633,313.0,278.0,614.0,3.13,2.7800000000000002,6.140000000000001,20.21982436483536,19.486511465149327,19.810718567987088,2.0556325060671714,0.0210634365610991,mouse655957far407,0.1925292529252925,0.6245724572457247,0.3604860486048605,0
mouse655957,far,412,0.0205225774541215,0.0186877879600927,0.0286425195731556,0.4486367197864982,3.2533237950851537,4.457448780562288,0.1381664099407976,0.2072039792897259,0.1455008085448627,1585.0,1704.0,1639.0,15.85,17.04,16.39,20.125064279284263,19.420021167423336,19.861712620886603,2.0556325060671714,0.0099750173184016,mouse655957far412,0.24194419441944195,0.6437443744374439,0.3912691269126912,0
mouse655957,far,408,0.0486313002157552,0.0526525400096441,0.0790544893973288,1.8835716534083689,0.7392647430200332,5.850839807401051,0.3437334286453357,0.3425747842365638,0.4650969258823136,136.0,122.0,104.0,1.36,1.22,1.04,20.16516232672684,19.484018099442068,19.90938943214188,2.0556325060671714,0.0418585469934119,mouse655957far408,0.2122412241224122,0.6278127812781279,0.4385238523852387,0
mouse655957,far,421,0.0752585250774386,0.0374816212884892,0.0259334602419114,5.112250962670874,6.2387056069291535,6.280836118364058,0.4180182472967195,0.2835688340788648,0.4481203968995876,60.0,332.0,127.0,0.6,3.3200000000000003,1.27,20.16516232672684,19.484018099442068,19.90938943214188,2.0556325060671714,0.0371813673311335,mouse655957far421,0.1830783078307831,0.6016201620162017,0.3442844284428443,0
mouse655957,far,416,0.0665069576898916,0.016455484467109,0.0102275710552834,5.968993118716812,2.8177877147452417,6.198649372207845,0.3677514341403907,0.2063149034250203,0.3635088683228814,158.0,650.0,140.0,1.58,6.5,1.4000000000000001,20.16516232672684,19.484018099442068,19.90938943214188,2.0556325060671714,0.0747422094447935,mouse655957far416,0.1590459045904591,0.8781278127812782,0.4082808280828086,0
mouse655957,far,418,0.0214014457793061,0.1236870935335211,0.0121361983409009,5.34900177103804,0.3855377475368521,1.8972670124579518,0.2271538316813841,0.3442362032436313,0.2131413714570132,659.0,313.0,461.0,6.59,3.13,4.61,20.26165423174337,19.745467482663287,19.850201923539,2.0582152462752776,0.0211134825437093,mouse655957far418,0.2168316831683168,0.6180918091809181,0.3774977497749777,0
mouse655957,far,422,0.0509981378687029,0.0535119917768563,0.0393917989491151,3.0541190879597746,3.0352925952787184,4.458624685834528,0.4302093696824079,0.3934900672186198,0.3748049218879762,119.0,81.0,152.0,1.19,0.81,1.52,20.158728282254017,19.354086291995344,19.64454736708803,2.0582152462752776,0.0590869981963606,mouse655957far422,0.2125112511251126,0.6132313231323132,0.394779477947795,0
mouse655957,far,684,0.0311863923097348,0.009997768987251,0.0784992530580758,4.1130190665966895,0.9864237260506998,6.087155968031117,0.2310702529919587,0.1477031299233001,0.2028624107085984,743.0,1137.0,615.0,7.43,11.370000000000001,6.15,20.158728282254017,19.354086291995344,19.64454736708803,2.0582152462752776,0.0293932704074945,mouse655957far684,0.2387038703870386,0.6062106210621063,0.3893789378937896,0
mouse655957,far,423,0.015856359459998998,0.0102587943050802,0.0709234838473321,4.9769388255488485,1.2681428480245138,2.4376438939730085,0.3222657662165926,0.2575143255305337,0.3471321143673594,169.0,376.0,251.0,1.69,3.7600000000000002,2.5100000000000002,20.158728282254017,19.354086291995344,19.64454736708803,2.0582152462752776,0.0462031291015444,mouse655957far423,0.2373537353735374,0.632943294329433,0.3645364536453644,0
mouse655957,far,426,0.0224831709666823,0.0439722391573259,0.1130311852844386,3.613844433386526,4.27526467464681,4.810789469656081,0.355479625571016,0.3400975749927152,0.4399744414735399,181.0,109.0,189.0,1.81,1.09,1.8900000000000001,20.22694467869829,19.787228485489766,19.74374367354954,2.061098008344096,0.0370666185874795,mouse655957far426,0.1801080108010802,0.5802880288028803,0.2908190819081908,0
mouse655957,far,428,0.0619682479283154,0.0877467424987945,0.0222608154339363,5.442484885869349,4.5348273392079665,1.8036793016778063,0.2191386625495543,0.2414871741074096,0.2161533495535542,662.0,410.0,597.0,6.62,4.1,5.97,20.22694467869829,19.787228485489766,19.74374367354954,2.061098008344096,0.0261077523261389,mouse655957far428,0.1547254725472547,0.5773177317731774,0.3129612961296131,0
mouse655957,far,430,0.0696085154208911,0.0756594115590795,0.0263935752219326,2.856930796669705,6.03343015512711,3.5932545798824944,0.3383956523243085,0.3774678691678338,0.3015755340844024,362.0,228.0,195.0,3.62,2.2800000000000002,1.95,20.064933866937736,19.415185144065315,19.642110565175678,2.061098008344096,0.0239100456033735,mouse655957far430,0.1776777677767776,0.7134113411341134,0.3491449144914492,0
mouse655957,far,433,0.0328611561383552,0.0244105274103616,0.074101111421988,2.057987320804493,1.3118369006032888,2.249902411397441,0.2046043167439207,0.2041306508753253,0.2237681180276488,595.0,676.0,532.0,5.95,6.76,5.32,20.42431787594205,20.0365199201392,19.84594574772346,2.0642795353343018,0.0158927551160909,mouse655957far433,0.1379837983798381,0.6102610261026103,0.2848784878487849,0
mouse655957,far,434,0.0252682030126059,0.0443070882074353,0.0491074627064493,1.9285596209551028,0.3720698493896649,2.228627388572504,0.1617019216557653,0.1854055495664498,0.2021421007809807,1012.0,931.0,880.0,10.120000000000001,9.31,8.8,19.91503742523211,19.283423393576108,19.282618398378087,2.0642795353343018,0.0181951026852855,mouse655957far434,0.2405940594059405,0.6099909990999101,0.3799279927992801,0
mouse655957,far,688,0.0226309379782162,0.0774193122231044,0.0754350223528613,0.2590692301648324,3.4827026559161287,3.7087194283223788,0.3713404502116954,0.3440140858865513,0.3676338688810877,94.0,130.0,147.0,0.9400000000000001,1.3,1.47,19.91503742523211,19.283423393576108,19.282618398378087,2.0642795353343018,0.0499873577833689,mouse655957far688,0.2268226822682267,0.56003600360036,0.3531953195319532,0
mouse655957,far,689,0.0410964532927005,0.0688576366147245,0.0422979190568105,2.2472243999231734,3.5583700173000423,2.6401760361336386,0.3395035487256416,0.2277436734879656,0.2445994193086372,243.0,436.0,362.0,2.43,4.36,3.62,19.91503742523211,19.283423393576108,19.282618398378087,2.0642795353343018,0.036625292189853,mouse655957far689,0.2341134113411341,0.6475247524752477,0.3610261026102611,0
mouse655957,far,437,0.0194306174968493,0.0052125525051185,0.0237429353600855,3.885535212348048,1.5894490549744704,4.804029727360385,0.1165868333797932,0.115674485650488,0.1209943517236066,2583.0,2687.0,2104.0,25.830000000000002,26.87,21.04,20.179365651754924,20.058706564756648,19.46963949913612,2.0642795353343018,0.0240959502129528,mouse655957far437,0.1895589558955895,0.4744374437443744,0.3216021602160217,0
mouse655957,far,447,0.0555316238601373,0.035990292141987,0.0135377949687233,1.7763680521888596,4.853101564777329,3.5472414497585665,0.2470072585868366,0.2183927008248137,0.2725815303633106,361.0,460.0,506.0,3.61,4.6000000000000005,5.0600000000000005,20.179365651754924,20.058706564756648,19.46963949913612,2.0642795353343018,0.0380552638998188,mouse655957far447,0.3056705670567057,0.7026102610261028,0.4026102610261027,0
mouse655957,far,443,0.043995531542235,0.0097087870241692,0.0521401744459029,5.940405635368572,4.820803643447482,0.5701350901215707,0.2016843754107893,0.1975374676456237,0.2279419653336613,913.0,855.0,802.0,9.13,8.55,8.02,20.14837039086084,19.744563215956443,19.345936313606398,2.050762053481584,0.015643977859915,mouse655957far443,0.1968496849684968,0.5821782178217823,0.3305130513051306,0
mouse655957,far,441,0.0911102921075703,0.0750255195438822,0.0532274746242599,3.8772200292701,4.239946433651365,3.3459877022576867,0.3373215431478201,0.3202217443260821,0.2471232608912121,196.0,228.0,346.0,1.96,2.2800000000000002,3.46,20.14837039086084,19.744563215956443,19.345936313606398,2.050762053481584,0.0441889084638207,mouse655957far441,0.2095409540954095,0.5486948694869488,0.4128712871287131,0
mouse655957,far,442,0.0351740369376082,0.0389192654844013,0.030188550560699,2.7819029039056287,2.201823318517215,1.0715176456246842,0.2178301389594808,0.1675728933216654,0.1987681577587842,859.0,993.0,779.0,8.59,9.93,7.79,20.14837039086084,19.744563215956443,19.345936313606398,2.050762053481584,0.0296624330135531,mouse655957far442,0.1871287128712871,0.5694869486948696,0.3472547254725473,0
mouse655957,far,444,0.0309033168388359,0.0587995721178076,0.0659121070090383,3.1765435644713365,5.827413825339235,3.0733942276507595,0.2300035264270372,0.3026034239646701,0.2842086196012028,386.0,430.0,381.0,3.86,4.3,3.81,20.14837039086084,19.744563215956443,19.345936313606398,2.050762053481584,0.0499441466892233,mouse655957far444,0.2751575157515752,0.6974797479747976,0.3639963996399639,0
mouse655957,far,445,0.0263212770580816,0.0433202473462885,0.046187653545513005,0.0937463782354459,0.9477946893684616,3.1101249145685093,0.1947093629368911,0.2151081868521101,0.2214810029532845,711.0,745.0,630.0,7.11,7.45,6.3,20.14837039086084,19.744563215956443,19.345936313606398,2.050762053481584,0.0307427567537945,mouse655957far445,0.2427542754275428,0.7212421242124214,0.3237623762376237,0
mouse655957,far,438,0.0085087774730939,0.0113142321737397,0.0187033543260296,6.0054255536969885,5.980961108168482,2.3885323817501125,0.1131757064687663,0.1012863526126502,0.1251944041964623,2210.0,2529.0,1803.0,22.1,25.29,18.03,20.320169782670536,20.025566328368946,19.549197990518092,2.050762053481584,0.0337385795476597,mouse655957far438,0.2165616561656165,0.6297029702970298,0.4080108010801079,0
mouse655957,far,446,0.0976519939935056,0.0364937289539677,0.0593594070152667,4.201762273797634,4.250672104198143,5.3741615066064,0.4255302717892001,0.3841216049128609,0.4077800877423555,120.0,109.0,108.0,1.2,1.09,1.08,20.320169782670536,20.025566328368946,19.549197990518092,2.050762053481584,0.0104317371877749,mouse655957far446,0.1506750675067507,0.5832583258325833,0.3172817281728173,0
mouse655957,far,448,0.0456202761097939,0.0254043643914731,0.0642632998025699,3.445697960958564,0.7424807226252607,5.8071412271702485,0.2788801202971051,0.2282004532674727,0.3033777181854607,363.0,398.0,254.0,3.63,3.98,2.54,20.320169782670536,20.025566328368946,19.549197990518092,2.050762053481584,0.0610347710297508,mouse655957far448,0.1358235823582358,0.7023402340234025,0.4574257425742573,0
mouse655957,far,455,0.0532648636863865,0.0524049813579266,0.0344046436980241,2.6395570807278883,3.7234980632826664,4.193330733318882,0.2056508211011924,0.2131187938146919,0.1523928743321958,732.0,894.0,842.0,7.32,8.94,8.42,20.320169782670536,20.025566328368946,19.549197990518092,2.050762053481584,0.0320406394810458,mouse655957far455,0.1636363636363635,0.6718271827182719,0.3548154815481547,0
mouse655957,far,454,0.0314196119778244,0.0226855461985843,0.0371767855952558,0.4691397279635846,2.174248431832915,5.966251649467111,0.1451629342318114,0.2103892363153753,0.1728625432521915,943.0,1046.0,871.0,9.43,10.46,8.71,20.00306603055024,19.8174486154318,19.472779235350338,2.054872258803452,0.0552542096131147,mouse655957far454,0.23006300630063,0.6126912691269126,0.3715571557155716,0
mouse655957,far,463,0.0560379525567122,0.0261121101400376,0.0218857858021208,0.04723145723319099,5.6336977081973485,3.6315385729560856,0.2242048312865465,0.2272161809973662,0.1701520772901984,803.0,680.0,850.0,8.03,6.8,8.5,19.951198399886923,19.652318773377498,19.2877949288469,2.0727397328174133,0.0145222841296432,mouse655957far463,0.2154815481548155,0.5910891089108912,0.3718271827182718,0
mouse655957,far,694,0.0843329287162046,0.0425414378993707,0.0461651977279831,2.292653778701753,0.7778912121339875,3.261258028635488,0.3254094874895504,0.4533653421589977,0.337541018541058,225.0,78.0,162.0,2.25,0.78,1.62,19.951198399886923,19.652318773377498,19.2877949288469,2.0727397328174133,0.024802786954307002,mouse655957far694,0.1828082808280828,0.6351035103510353,0.3602160216021602,0
mouse655957,far,460,0.0576244745989943,0.0316628131849616,0.0424899117033615,0.8602656647635257,5.642304432251017,4.955537635678823,0.2153614212461328,0.1185419910388307,0.1899744310861566,861.0,1752.0,1035.0,8.61,17.52,10.35,20.044132063039207,19.914332349242386,19.502425225056374,2.0727397328174133,0.0414700905301986,mouse655957far460,0.1450045004500449,0.2886588658865886,0.1917191719171918,1
mouse655957,far,459,0.0319381754722129,0.0065249568639903,0.0120103033074581,4.1914137444666135,4.280911131186846,5.2246204334981385,0.1506106913144605,0.1130500642920495,0.1325328132887621,1475.0,1554.0,1518.0,14.75,15.540000000000001,15.18,20.044132063039207,19.914332349242386,19.502425225056374,2.0727397328174133,0.0143631110099616,mouse655957far459,0.2211521152115212,0.6450945094509452,0.3226822682268225,0
mouse655957,far,458,0.0055866977009406,0.024880454091557005,0.0324629823532372,6.130075134547597,5.694372556106459,5.809638296280197,0.1397558139469696,0.1329998334327008,0.1369065604152285,2042.0,2266.0,1752.0,20.42,22.66,17.52,19.892055170725804,19.46040936897109,19.012296104666973,2.0727397328174133,0.0196132572240343,mouse655957far458,0.2017101710171017,0.5154815481548156,0.3394239423942395,0
mouse655957,far,462,0.0515138980937852,0.0414339522594859,0.0166303076776708,1.9629047743429882,4.490458386341269,5.7513135193824745,0.269540351910022,0.2209647050788129,0.2124673492236007,249.0,565.0,926.0,2.49,5.65,9.26,19.955675815419237,19.623942077675444,19.10511910673488,2.0774082410542234,0.0385515943265764,mouse655957far462,0.2289828982898289,0.5716471647164718,0.3850585058505851,0
mouse655957,far,464,0.0212343905923127,0.0593707902949362,0.0909038457915148,1.7733151472157296,6.0540802190176715,4.735417890366931,0.2424604228381112,0.2316840450858212,0.2844487487903501,453.0,473.0,382.0,4.53,4.73,3.8200000000000003,19.955675815419237,19.623942077675444,19.10511910673488,2.0774082410542234,0.0149046852519514,mouse655957far464,0.1776777677767776,0.5616561656165616,0.3202520252025203,0
mouse655957,far,465,0.0330334237016673,0.0334480823433782,0.0546998095745833,3.913761628757297,5.0457225496836795,4.749798202501072,0.1856341587076093,0.1604849331053432,0.2066354647183891,1120.0,1252.0,565.0,11.200000000000001,12.52,5.65,19.955675815419237,19.623942077675444,19.10511910673488,2.0774082410542234,0.0194334282818564,mouse655957far465,0.1377137713771378,0.2362736273627363,0.1952295229522952,1
mouse655957,far,466,0.0680543744868368,0.0386824713433692,0.0221942790668642,1.8241551581809288,4.865502258433113,4.863439779378789,0.4391932753347392,0.3887221895853754,0.2956106409187065,98.0,185.0,204.0,0.98,1.85,2.04,19.955675815419237,19.623942077675444,19.10511910673488,2.0774082410542234,0.0302052022340647,mouse655957far466,0.2154815481548155,0.6564356435643565,0.4371737173717375,0
mouse655957,far,467,0.0824788948587413,0.0544660819893014,0.0847833494574994,0.8385540801643834,4.8408496689832266,2.003170822567554,0.2788641867935403,0.2073818310398238,0.4043766188399962,383.0,568.0,375.0,3.83,5.68,3.75,19.955675815419237,19.623942077675444,19.10511910673488,2.0774082410542234,0.0366455012299328,mouse655957far467,0.2044104410441044,0.6045904590459048,0.3715571557155716,0
mouse655957,far,469,0.0851122804912066,0.0415508102402343,0.1246439372924074,2.9016340591460823,5.295955015088305,6.126336723547173,0.4525121476751204,0.4599573246685577,0.559286249439648,67.0,57.0,65.0,0.67,0.5700000000000001,0.65,19.981449952139442,19.833840297120467,19.360711488982943,2.08236644229588,0.0624886442803131,mouse655957far469,0.1479747974797479,0.4493249324932493,0.4647164716471648,0
mouse655957,far,472,0.0228969747978252,0.0614799867716208,0.0569717016669216,5.834251180539005,5.268634817537244,5.629172415107421,0.1608151669218047,0.1771574334607437,0.2593561003405573,1200.0,931.0,802.0,12.0,9.31,8.02,19.951370984356302,19.74045483473596,19.0679518211731,2.08236644229588,0.0317720306175849,mouse655957far472,0.2395139513951396,0.5797479747974799,0.3626462646264627,0
mouse655957,far,473,0.0294960675251607,0.0404298708726993,0.0161322260909086,6.039664133969058,1.883691290219396,0.3590275283540131,0.4453818887066761,0.3610763242989489,0.2346520357963392,122.0,196.0,279.0,1.22,1.96,2.79,19.951370984356302,19.74045483473596,19.0679518211731,2.08236644229588,0.0672233848768098,mouse655957far473,0.1798379837983799,0.7320432043204322,0.4547254725472546,0
mouse655957,far,474,0.0213916973010873,0.0510902031723283,0.04550372368737,0.8951410794034065,2.927203722261746,0.1895753806688419,0.2160335098538596,0.3469834968419836,0.2176726663063108,500.0,491.0,479.0,5.0,4.91,4.79,20.195659552379663,19.94342317011608,19.38058609685245,2.0876122724299164,0.0206859073211193,mouse655957far474,0.2527452745274529,0.6561656165616564,0.4163816381638164,0
mouse655957,far,476,0.0242066850464194,0.0623189320994803,0.0791815862901224,2.0920260918391334,1.0835589245733837,4.702276248755107,0.3177268783813097,0.2871285247035581,0.2332864970678147,197.0,316.0,769.0,1.97,3.16,7.69,20.195659552379663,19.94342317011608,19.38058609685245,2.0876122724299164,0.035222167481919,mouse655957far476,0.1930693069306931,0.5851485148514852,0.3486048604860488,0
mouse655957,far,478,0.0465279184119333,0.0834064314820763,0.0564636503903005,5.086416162423628,4.989190627986465,4.982058615976358,0.2753352141908534,0.2801319571399134,0.2651902483764751,527.0,288.0,224.0,5.2700000000000005,2.88,2.24,20.111145864813487,20.37792207924076,19.304930017292907,2.0673050089428027,0.0186739309658785,mouse655957far478,0.1450045004500451,0.6232223222322234,0.6718271827182719,0
mouse655957,far,495,0.0249738127372755,0.0087437686355007,0.0120427867458324,4.475728110491938,5.100899512748387,4.312761431695979,0.1614939607768638,0.1120673489157544,0.1375145892861488,2020.0,2264.0,1496.0,20.2,22.64,14.96,20.738870105667765,21.708640816753206,20.19381382801605,2.111575241377868,0.0207508950106715,mouse655957far495,0.1752475247524753,0.3494149414941494,0.2643564356435643,1
mouse655957,far,348,0.025020427946081003,0.0494755279545446,0.0372612312365065,1.7639697346368586,3.1567663709777976,2.347529155884496,0.2748928960372652,0.2489279079436526,0.3779722809043876,203.0,305.0,87.0,2.0300000000000002,3.0500000000000003,0.87,20.65682183143803,20.036383120095454,20.16088026397845,2.0208290377961218,0.0223985726602731,mouse655957far348,0.1539153915391539,0.6456345634563457,0.2738073807380738,0
mouse655957,far,755,0.1115260228009461,0.0272153500359086,0.2133902937019849,2.2189676287517406,0.0473279889183524,3.0150754958835733,0.440685181443758,0.3685852416642339,0.5625337823516503,85.0,142.0,44.0,0.85,1.42,0.44,20.414899255957398,19.916503149108404,19.929235936367213,2.033930923114155,0.0445897247553512,mouse655957far755,0.2303330333033303,0.6756075607560758,0.3696669666966697,0
mouse655957,far,395,0.0465553912978537,0.2069692563090668,0.1490698882426724,4.138153545024805,1.0411461946541791,2.108954216002368,0.4173470722635385,0.5676079060050813,0.4951267939311275,61.0,55.0,65.0,0.61,0.55,0.65,20.187268197313262,19.427708753908288,20.077265087323642,2.0350061424968717,0.0596916563304543,mouse655957far395,0.2149414941494148,0.6726372637263728,0.38883888388838894,0
mouse655957,far,424,0.0793988115884642,0.0856755866736904,0.0556449151490153,0.8599379506223753,2.5447465313257744,2.366248456459206,0.4532281540576824,0.4008727318752084,0.4381239310968952,71.0,92.0,84.0,0.71,0.92,0.84,20.064933866937736,19.415185144065315,19.642110565175678,2.061098008344096,0.0643987237244091,mouse655957far424,0.1830783078307831,0.7668766876687672,0.3966696669666968,0
mouse655957,far,690,0.1471151066620667,0.0515028113750218,0.0776966351922727,4.919189334322488,3.317411328930338,2.848316506067893,0.488669406389132,0.4147526491133764,0.4272767194347858,84.0,106.0,58.0,0.84,1.06,0.58,20.14837039086084,19.744563215956443,19.345936313606398,2.050762053481584,0.0337589263557636,mouse655957far690,0.2411341134113411,0.628892889288929,0.4598559855985599,0
mouse655957,far,456,0.1121405738685537,0.1025111307509256,0.0438045507617581,4.841548117983504,4.114083361682094,0.9447064977818901,0.4573773566587868,0.4526364450143039,0.3957831942211172,94.0,53.0,102.0,0.9400000000000001,0.53,1.02,19.951198399886923,19.652318773377498,19.2877949288469,2.0727397328174133,0.0589325266989838,mouse655957far456,0.2913591359135914,0.7161116111611163,0.3731773177317733,0
mouse657902,far,24,0.0069311381385835,0.0150911331024191,0.0193326056530292,4.2881267725665,0.3330631058788121,5.7928433765330025,0.1112538051541612,0.1445495076307949,0.0948976335001081,2369.0,2562.0,3599.0,23.69,25.62,35.99,25.862973708046578,24.796170535185023,24.485605417745518,2.532414855429497,0.0737619547563128,mouse657902far24,0.06804680468046799,0.1609360936093609,0.0807380738073807,1
mouse657902,far,22,0.0077322644498898,0.0939501770450994,0.017225636243792,5.117701832643354,3.9800847873102208,3.4658008859588967,0.2141077814943514,0.3233582757938081,0.2647910433655645,422.0,249.0,322.0,4.22,2.49,3.22,25.862973708046578,24.796170535185023,24.485605417745518,2.532414855429497,0.0197674751968131,mouse657902far22,0.1803780378037804,0.6923492349234924,0.3105310531053106,0
mouse657902,far,23,0.043840664253695996,0.0303742496862113,0.0206460345574381,4.095294967191109,5.587941776393945,6.194605812676178,0.2317865529030375,0.2284439760974486,0.2723005054545681,845.0,569.0,570.0,8.45,5.69,5.7,25.260442423261036,23.96317411560423,23.841331943371763,2.532414855429497,0.0241237284013081,mouse657902far23,0.1892889288928894,0.6534653465346535,0.2900090009000902,0
mouse657902,far,25,0.0292407548275874,0.0041776961203101,0.0285324668922797,5.346822268422017,3.079451719431812,3.1479057963754786,0.1479643121778095,0.1515463134415599,0.18789620663585302,1007.0,933.0,943.0,10.07,9.33,9.43,25.260442423261036,23.96317411560423,23.841331943371763,2.532414855429497,0.0160014000224106,mouse657902far25,0.1288028802880287,0.2503150315031504,0.22790279027902802,1
mouse657902,far,27,0.0231533220273389,0.0191605611008509,0.0078212503681067,1.843249587243031,4.226545929828958,2.2418161779194703,0.1882575283289371,0.21910130860335897,0.1693302366903204,772.0,530.0,571.0,7.72,5.3,5.71,24.81491334901208,23.93880671245764,23.641579659074782,2.5122201336666343,0.0936300913301942,mouse657902far27,0.3437443744374437,0.6326732673267327,0.3542754275427543,0
mouse657902,far,31,0.037261752344985,0.0650005296168216,0.0113861961271915,5.489309207467835,0.6214562289216877,2.8932358328243013,0.2155967190446646,0.2483573481926723,0.1514208948797482,746.0,591.0,669.0,7.46,5.91,6.69,25.474541887339697,24.571211186555253,24.143054823634124,2.5113492389550287,0.0161854222068863,mouse657902far31,0.1765976597659766,0.5921692169216923,0.297029702970297,0
mouse657902,far,34,0.0206245977712611,0.0306631184197549,0.0070698024161765,4.431112467114731,2.6485311530504463,5.130927719561553,0.1600840082317632,0.1843489289455776,0.1656196930309328,1160.0,1152.0,1144.0,11.6,11.52,11.44,25.10392034144459,24.616371785229674,23.56909376850524,2.5107269863527577,0.0190368536214987,mouse657902far34,0.2011701170117011,0.6720972097209722,0.3675067506750674,0
mouse657902,far,35,0.1108122194991916,0.0498253386815725,0.0590075421524605,0.2031194181557866,2.796051530319985,0.5429658530204022,0.39608167891085605,0.3367345266309478,0.3455865980018653,130.0,132.0,144.0,1.3,1.32,1.44,25.40095390882433,24.557438588319712,23.968033349326287,2.510353560755935,0.0905159792336945,mouse657902far35,0.1968496849684968,0.6750675067506752,0.3126912691269125,0
mouse657902,far,239,0.1845332100242501,0.0947453971546199,0.0767315917327134,1.0424668884096615,1.4500577666501389,3.7466381121857886,0.506673216548685,0.3462519864407528,0.3908695773925352,83.0,136.0,112.0,0.8300000000000001,1.36,1.12,25.40095390882433,24.557438588319712,23.968033349326287,2.510353560755935,0.0447150409753677,mouse657902far239,0.1760576057605761,0.6159315931593159,0.3121512151215122,0
mouse657902,far,250,0.0403217703473367,0.0318699620249454,0.0282883014872714,0.6701983092872886,4.442718764045838,2.1545206809286714,0.2044127052318653,0.1493800058781075,0.1910546047106889,548.0,970.0,694.0,5.48,9.700000000000001,6.94,25.40095390882433,24.557438588319712,23.968033349326287,2.510353560755935,0.0313149329431503,mouse657902far250,0.1976597659765977,0.6191719171917193,0.2505850585058506,0
mouse657902,far,191,0.0190968194006683,0.0391429141109236,0.0060488482440100005,5.663936925887231,4.246138527912965,3.947956146514074,0.223529198992659,0.2012318541582536,0.1909255005093789,629.0,463.0,692.0,6.29,4.63,6.92,24.80933328807995,24.409317937294222,23.487391407647962,2.510353560755935,0.0281784781355331,mouse657902far191,0.1601260126012601,0.6224122412241224,0.3024302430243026,0
mouse657902,far,38,0.0884725034061035,0.1169632242248193,0.0755849048809187,5.641048221436808,3.259226625877732,4.549414567953021,0.4248583722560669,0.4414404227232368,0.380759476420396,76.0,71.0,96.0,0.76,0.71,0.96,24.89275892797422,24.631095836870657,23.50925663864437,2.492614089665707,0.05946874627859901,mouse657902far38,0.2203420342034203,0.8808280828082808,0.37290729072907297,0
mouse657902,far,39,0.04383261912118601,0.0254896710663725,0.0682373405018294,5.6494463469730105,2.0124627884149686,1.4719945664648535,0.2191980790341122,0.1809406274617624,0.2525644962004406,548.0,600.0,801.0,5.48,6.0,8.01,25.303117820809522,24.996780084824003,23.8220289722438,2.492739456902787,0.0106148224341053,mouse657902far39,0.17200720072007197,0.5937893789378939,0.2767776777677768,0
mouse657902,far,41,0.0341205869293851,0.0226476674090569,0.0111620237909139,4.605055370623816,4.406116924642847,0.509405470692462,0.1550258494395852,0.1389850681964183,0.1256016375416341,1429.0,1049.0,1623.0,14.290000000000001,10.49,16.23,24.6679683060688,24.709713903001646,23.348517989321287,2.492739456902787,0.0302935105592178,mouse657902far41,0.1639063906390639,0.5873087308730875,0.295139513951395,0
mouse657902,far,192,0.0445731799331267,0.0138865109952352,0.0034390596230629996,1.5523257984039296,0.1785144282037659,5.198261060430578,0.159533831018492,0.1786710330022038,0.1319864115041561,1592.0,1623.0,2083.0,15.92,16.23,20.830000000000002,24.6679683060688,24.709713903001646,23.348517989321287,2.492739456902787,0.0171261407056859,mouse657902far192,0.1517551755175518,0.2891989198919892,0.2346534653465346,1
mouse657902,far,43,0.0302532863444528,0.016588986114623002,0.0048174506188365,5.856887005068223,6.1202082839240575,4.277107042463984,0.1091976553153699,0.1300237541713555,0.1003909651363038,3101.0,2744.0,3023.0,31.01,27.44,30.23,24.911111504634427,24.99412317087925,23.461807311872093,2.492739456902787,0.0141082420707874,mouse657902far43,0.1371737173717372,0.253015301530153,0.2397839783978398,1
mouse657902,far,193,0.1559128139896599,0.0749095296985789,0.0551212186075066,4.441336963571875,2.609364960820303,0.3913691118223346,0.4735433084999911,0.4255628007505472,0.3904621260695963,88.0,60.0,183.0,0.88,0.6,1.83,25.1975436886488,25.151022404127172,23.64295536846529,2.4931155207892,0.0921941585483531,mouse657902far193,0.1738973897389739,0.5905490549054907,0.2554455445544554,0
mouse657902,far,47,0.0114264082628721,0.0259141939305128,0.0069023199354565,1.3179857269608488,5.192013321770709,5.896820858824728,0.1004059863996249,0.1327427646315382,0.0782138218895396,4076.0,3164.0,3843.0,40.76,31.64,38.43,24.80475888114777,25.120088424459052,23.42202327792978,2.4937421679075005,0.0290744798430856,mouse657902far47,0.1747074707470747,0.2592259225922593,0.2411341134113411,1
mouse657902,far,240,0.0666485472215428,0.1051832770712562,0.1292404422989596,1.1823965447189462,0.0914530967504112,2.885980052936616,0.3498060929915667,0.4215803406263833,0.4042013632170066,155.0,97.0,141.0,1.55,0.97,1.41,24.88554356794413,25.1648205241965,23.429318283350142,2.494619209418544,0.0423637762812232,mouse657902far240,0.2341134113411341,0.8233123312331234,0.5206120612061208,0
mouse657902,far,56,0.038905437643628,0.0547529490198116,0.0517042523469635,2.323522249979643,5.691039112087867,0.8395572374729098,0.1798127578168864,0.2905779861879898,0.2265716689399935,535.0,259.0,503.0,5.3500000000000005,2.59,5.03,24.916355171350627,25.227233881578808,23.491991018790674,2.478280654001883,0.0380147503349367,mouse657902far56,0.2095409540954096,0.7495949594959498,0.4914491449144916,0
mouse657902,far,49,0.0393139196466467,0.0228964109604195,0.020690790460211002,0.4110519471665412,1.0197579024709051,4.431634973332345,0.2091784442459634,0.2672807907419637,0.2295841341447019,718.0,422.0,595.0,7.18,4.22,5.95,24.916355171350627,25.227233881578808,23.491991018790674,2.478280654001883,0.0574274632079898,mouse657902far49,0.1822682268226823,0.8052205220522054,0.4117911791179117,0
mouse657902,far,53,0.0207698434911912,0.0098336129815364,0.023010274000707997,1.5876483679052016,3.0520588660920387,4.41919641669444,0.151337095630524,0.1174725805561673,0.160919556468581,1309.0,1249.0,1528.0,13.09,12.49,15.280000000000001,24.916355171350627,25.227233881578808,23.491991018790674,2.478280654001883,0.0101229933496299,mouse657902far53,0.1401440144014402,0.7036903690369039,0.3899189918991897,0
mouse657902,far,195,0.0172351598164172,0.0593630337545067,0.0582684462717993,3.3377100645235225,4.6835676530422905,4.899478825113615,0.2502372595960644,0.3097100881889104,0.33976692647386203,216.0,154.0,94.0,2.16,1.54,0.9400000000000001,24.910108225285835,25.284749142068964,23.53852283182352,2.478280654001883,0.0500137813362628,mouse657902far195,0.1857785778577857,0.6742574257425743,0.3024302430243025,0
mouse657902,far,55,0.041903844597256004,0.0253986600038447,0.1610814421929212,4.375005658141198,4.444950080512181,4.7613151999864485,0.3208081768512944,0.3532078102614203,0.5015920313059576,150.0,137.0,61.0,1.5,1.37,0.61,24.910108225285835,25.284749142068964,23.53852283182352,2.478280654001883,0.0293339006040555,mouse657902far55,0.1709270927092708,0.6972097209720973,0.295949594959496,0
mouse657902,far,54,0.0762904668031851,0.0655757749743152,0.1213748650454743,2.443699766571568,2.801807267483796,0.9974643389350346,0.3530628088734746,0.3964125327815251,0.4363239553656031,203.0,117.0,144.0,2.0300000000000002,1.17,1.44,24.910108225285835,25.284749142068964,23.53852283182352,2.478280654001883,0.0808579236397091,mouse657902far54,0.1782178217821781,0.6472547254725473,0.3648064806480647,0
mouse657902,far,57,0.0248556416840667,0.0838358012662473,0.0219494115130472,0.3223500973342266,3.0134676863129086,4.657929394611473,0.2119665403173437,0.2704853158199065,0.2690785827604662,521.0,455.0,527.0,5.21,4.55,5.2700000000000005,24.98136454106648,25.55838009242491,23.67838519223241,2.478280654001883,0.0290910124681965,mouse657902far57,0.1644464446444644,0.7236723672367238,0.3507650765076507,0
mouse657902,far,59,0.0250952924353149,0.1273029743041367,0.0271439945086254,2.3678223073518025,4.757513772704517,2.677207045475731,0.4223435960030913,0.3601774485988409,0.3289151415832284,79.0,113.0,105.0,0.79,1.1300000000000001,1.05,25.191480702909196,25.754995419169017,23.7020118283367,2.4796673163954885,0.0696818181623547,mouse657902far59,0.1617461746174617,0.6189018901890191,0.2513951395139515,0
mouse657902,far,60,0.0223822996710179,0.0756174663855566,0.0749498566153717,4.964455121356204,1.0110042470337264,5.917276793168327,0.1718772887251888,0.2370916563913368,0.1995400576417826,676.0,776.0,659.0,6.76,7.76,6.59,24.832699184619297,25.80027856979661,23.607345821638642,2.4796673163954885,0.0170925278964957,mouse657902far60,0.2022502250225023,0.7161116111611162,0.3224122412241225,0
mouse657902,far,62,0.0129112569388564,0.0130425304751829,0.0125276892652361,0.6871758881514933,0.7814344681039431,1.581450954839645,0.0702197383580708,0.0765435956772443,0.0669181522138812,6460.0,5721.0,6468.0,64.6,57.21,64.68,25.219984463864442,26.021622565102195,23.689723340045287,2.4992498874662377,0.019573197720832,mouse657902far62,0.1371737173717372,0.2360036003600359,0.2214221422142215,1
mouse657902,far,63,0.0474026594749455,0.0599645445456097,0.0432474652003553,5.949437867259392,5.3046070922212865,6.0652803127118435,0.2615458732501212,0.3108401679047121,0.2291606706472362,433.0,329.0,387.0,4.33,3.29,3.87,25.12732714293918,26.4015582651481,23.769264987758287,2.4992498874662377,0.0277833844441202,mouse657902far63,0.1757875787578757,0.594869486948695,0.2927092709270926,0
mouse657902,far,69,0.0176548587790019,0.0334520848704694,0.0103048316623571,2.2145396866948093,2.673520914067045,0.7944904462330289,0.1369101414380263,0.1535158988757835,0.1376105644502635,1763.0,1263.0,1826.0,17.63,12.63,18.26,25.08657296937228,26.53809581649322,23.69969349007409,2.5011247469888422,0.0338973759272439,mouse657902far69,0.2373537353735374,0.5530153015301531,0.40990099009901004,0
mouse657902,far,68,0.0327765578612532,0.0562395901761957,0.0447188404575474,5.6668887207623575,3.1823797930148814,3.26861480063538,0.1650379764498554,0.29642802184585104,0.2173638088546622,760.0,501.0,739.0,7.6000000000000005,5.01,7.390000000000001,25.08657296937228,26.53809581649322,23.69969349007409,2.5011247469888422,0.0321206485624122,mouse657902far68,0.1639063906390639,0.8373537353735375,0.4868586858685869,0
mouse657902,far,71,0.0933685396157126,0.0704519349408643,0.0253046251541252,5.1457557659939015,3.48694526980112,2.3105191314079234,0.395765024818529,0.3265086034515862,0.3263195861917187,230.0,364.0,161.0,2.3000000000000003,3.64,1.61,24.816759007281327,26.92719523458287,23.61468966597465,2.5032478902417954,0.0426761634936858,mouse657902far71,0.20900090009000896,0.645904590459046,0.3450945094509451,0
mouse657902,far,72,0.008378208225164,0.0180956269571419,0.0252535613250953,5.3644077025395855,0.1259829721508681,6.200646466254259,0.1407542705032105,0.1344523328495688,0.1498707085385205,2131.0,2085.0,1994.0,21.31,20.85,19.94,24.816759007281327,26.92719523458287,23.61468966597465,2.5032478902417954,0.029301008836961,mouse657902far72,0.1547254725472547,0.2910891089108911,0.3051305130513052,1
mouse657902,far,73,0.0102045022885095,0.0449686896368555,0.010019679710203,6.168412742090324,1.5448699784640707,4.4743499342892905,0.1854103242880728,0.1971409569602564,0.199957052093922,802.0,684.0,745.0,8.02,6.84,7.45,24.94889315754095,27.535860336706875,23.94415047675014,2.488473427625861,0.0245560792312876,mouse657902far73,0.2071107110711071,0.7420342034203421,0.4393339333933393,0
mouse657902,far,76,0.0648689599808471,0.0826024560346141,0.1695699971121433,0.2507906299140133,4.752537893823313,4.892364067738078,0.36170421594941105,0.4662423189965721,0.4778168083087625,118.0,113.0,74.0,1.18,1.1300000000000001,0.74,24.951995678508407,27.691844270157226,23.8149276827204,2.488473427625861,0.0482769588125257,mouse657902far76,0.1917191719171918,0.6823582358235826,0.445004500450045,0
mouse657902,far,81,0.0255883276198257,0.0229837608198206,0.0435900323766959,0.5763299570297742,5.696580475600452,2.3714348857679006,0.1275091680944822,0.1628620966441703,0.2177121171082238,1183.0,826.0,744.0,11.83,8.26,7.44,25.393248107083288,28.74376341128243,24.17875334150247,2.493992782667985,0.0243320180976835,mouse657902far81,0.1914491449144915,0.8657065706570658,0.3920792079207923,0
mouse657902,far,79,0.014437857167585999,0.035437537096675,0.0145656545266742,5.433080839328131,0.8328348361569898,1.013863110009218,0.1270664333351123,0.1827064338456341,0.1333269246929911,1393.0,1157.0,1472.0,13.93,11.57,14.72,25.393248107083288,28.74376341128243,24.17875334150247,2.493992782667985,0.0166710938785906,mouse657902far79,0.1331233123312332,0.2503150315031504,0.2192619261926192,1
mouse657902,far,82,0.0165504595894046,0.0282895161794853,0.0338087224618476,3.822753071205328,0.400093666555005,0.9333327690111591,0.1479286333099833,0.1433520650374862,0.1724582302528066,1442.0,1632.0,1609.0,14.42,16.32,16.09,25.163951342904955,28.813373743121826,24.23391739768355,2.493992782667985,0.0175079822557163,mouse657902far82,0.2214221422142215,0.6396939693969398,0.3837083708370835,0
mouse657902,far,190,0.0774927167381777,0.0431864223006691,0.1148468241554998,1.9040246439794404,3.9876314605256082,0.823369088125981,0.393200183146998,0.4654677517723423,0.5575126822902678,130.0,78.0,86.0,1.3,0.78,0.86,25.40095390882433,24.557438588319712,23.968033349326287,2.510353560755935,0.0576177116245876,mouse657902far190,0.1879387938793879,0.5702970297029705,0.3043204320432042,0
mouse657902,far,67,0.0770591644715598,0.009918241883703001,0.1447038457005461,2.105610407147001,0.1391962509255838,0.0186859330990656,0.3253641571038287,0.4322063139824857,0.4616084277252931,172.0,82.0,88.0,1.72,0.8200000000000001,0.88,25.10291696964895,26.273294226053068,23.82722844299137,2.5011247469888422,0.062745119374366,mouse657902far67,0.1722772277227722,0.6675067506750676,0.2897389738973899,0
mouse657904,far,245,0.1505853912007095,0.0520058349607956,0.1180771378131434,5.807032718925656,5.716892474703816,0.6125558598088803,0.4392182873040866,0.173703551220613,0.3934259161947046,59.0,1045.0,182.0,0.59,10.450000000000001,1.82,14.402298646183347,16.817118888531148,15.047881347414375,2.6100766272276377,0.0609497956076536,mouse657904far245,0.2211521152115211,0.5848784878487849,0.3920792079207923,0
mouse657904,far,260,0.1177883456754826,0.0391254846832818,0.0510779275902673,1.281157802164704,0.9745266814460488,2.2018159133086144,0.3067663927927526,0.1882248826676493,0.2470597635118902,427.0,1001.0,508.0,4.2700000000000005,10.01,5.08,14.005752676821803,15.690183056831913,14.525544823526726,2.5579532833888896,0.037252114999865,mouse657904far260,0.2732673267326733,0.6099909990999101,0.34887488748874895,0
